index,rtt_ns,server_latency_ns,addr
0,30955,8,0xc168440
1,29909,8,0xc204180
2,29474,8,0xc29fec0
3,27851,8,0xc33bc00
4,29327,8,0xc3d7940
5,29718,8,0xc473680
6,30308,8,0xc50f3c0
7,28295,8,0xc5ab100
8,30190,8,0xc646e40
9,30838,8,0xc6e2b80
10,29845,8,0xc77e8c0
11,28475,8,0xc81a600
12,29648,8,0xc8b6340
13,31028,8,0xc952080
14,29087,8,0xc9eddc0
15,28888,8,0xca89b00
16,29979,8,0xcb25840
17,31130,8,0xcbc1580
18,29334,8,0xcc5d2c0
19,28289,8,0xccf9000
20,30301,8,0xcd94d40
21,30014,8,0xce30a80
22,28931,8,0xcecc7c0
23,28063,8,0xcf68500
24,30593,8,0xd004240
25,30837,8,0xd09ff80
26,29207,8,0xd13bcc0
27,29304,8,0xd1d7a00
28,30775,8,0xd273740
29,30293,8,0xd30f480
30,28936,8,0xd3ab1c0
31,28723,8,0xd446f00
32,29798,8,0xd4e2c40
33,30458,8,0xd57e980
34,29487,8,0xd61a6c0
35,28234,8,0xd6b6400
36,31028,8,0xd752140
37,30833,8,0xd7ede80
38,29183,8,0xd889bc0
39,28311,8,0xd925900
40,30951,8,0xd9c1640
41,31017,8,0xda5d380
42,29174,8,0xdaf90c0
43,28481,8,0xdb94e00
44,30808,8,0xdc30b40
45,30336,8,0xdccc880
46,29850,8,0xdd685c0
47,28017,8,0xde04300
48,28791,8,0xdea0040
49,29419,8,0xdf3bd80
50,27482,8,0xdfd7ac0
51,27540,8,0xe073800
52,29782,8,0xe10f540
53,29438,8,0xe1ab280
54,27478,8,0xe246fc0
55,26262,8,0xe2e2d00
56,39955,8,0xe37ea40
57,40140,8,0xe41a780
58,32882,8,0xe4b64c0
59,32709,8,0xe552200
60,28982,8,0xe5edf40
61,28872,8,0xe689c80
62,27347,8,0xe7259c0
63,27724,8,0xe7c1700
64,29247,8,0xe85d440
65,28321,8,0xe8f9180
66,27364,8,0xe994ec0
67,28091,8,0xea30c00
68,29794,8,0xeacc940
69,28469,8,0xeb68680
70,27922,8,0xec043c0
71,27638,8,0xeca0100
72,28626,8,0xed3be40
73,28966,8,0xedd7b80
74,27734,8,0xee738c0
75,26211,8,0xef0f600
76,28248,8,0xefab340
77,28766,8,0xf047080
78,27524,8,0xf0e2dc0
79,27497,8,0xf17eb00
80,29508,8,0xf21a840
81,28020,8,0xf2b6580
82,27461,8,0xf3522c0
83,26225,8,0xf3ee000
84,27803,8,0xf489d40
85,28084,8,0xf525a80
86,28187,8,0xf5c17c0
87,27762,8,0xf65d500
88,27545,8,0xf6f9240
89,29125,8,0xf794f80
90,27682,8,0xf830cc0
91,28002,8,0xf8cca00
92,28171,8,0xf968740
93,28465,8,0xfa04480
94,27985,8,0xfaa01c0
95,27861,8,0xfb3bf00
96,28945,8,0xfbd7c40
97,29032,8,0xfc73980
98,27738,8,0xfd0f6c0
99,27707,8,0xfdab400
100,29038,8,0xfe47140
101,28211,8,0xfee2e80
102,28083,8,0xff7ebc0
103,27086,8,0x1001a900
104,29475,8,0x100b6640
105,28527,8,0x10152380
106,27471,8,0x101ee0c0
107,27353,8,0x10289e00
108,27848,8,0x10325b40
109,29114,8,0x103c1880
110,27699,8,0x1045d5c0
111,27106,8,0x104f9300
112,28648,8,0x10595040
113,29046,8,0x10630d80
114,27879,8,0x106ccac0
115,26521,8,0x10768800
116,31490,8,0x10804540
117,28963,8,0x108a0280
118,27992,8,0x1093bfc0
119,27203,8,0x109d7d00
120,68607,8,0x10a73a40
121,35718,8,0x10b0f780
122,146352,8,0x10bab4c0
123,34331,8,0x10c47200
124,28969,8,0x10ce2f40
125,27530,8,0x10d7ec80
126,37051,8,0x10e1a9c0
127,29248,8,0x10eb6700
128,27753,8,0x10f52440
129,27737,8,0x10fee180
130,31666,8,0x11089ec0
131,29365,8,0x11125c00
132,28056,8,0x111c1940
133,27409,8,0x1125d680
134,30426,8,0x112f93c0
135,28298,8,0x11395100
136,27576,8,0x11430e40
137,27790,8,0x114ccb80
138,30041,8,0x115688c0
139,28438,8,0x11604600
140,27862,8,0x116a0340
141,27701,8,0x1173c080
142,29151,8,0x117d7dc0
143,29186,8,0x11873b00
144,28521,8,0x1190f840
145,27551,8,0x119ab580
146,29159,8,0x11a472c0
147,28972,8,0x11ae3000
148,28141,8,0x11b7ed40
149,27685,8,0x11c1aa80
150,31538,8,0x11cb67c0
151,28895,8,0x11d52500
152,29421,8,0x11dee240
153,27093,8,0x11e89f80
154,29506,8,0x11f25cc0
155,29558,8,0x11fc1a00
156,27413,8,0x1205d740
157,26366,8,0x120f9480
158,29034,8,0x121951c0
159,29257,8,0x12230f00
160,28395,8,0x122ccc40
161,27745,8,0x12368980
162,29315,8,0x124046c0
163,29178,8,0x124a0400
164,28683,8,0x1253c140
165,26930,8,0x125d7e80
166,29102,8,0x12673bc0
167,29163,8,0x1270f900
168,27057,8,0x127ab640
169,27152,8,0x12847380
170,29371,8,0x128e30c0
171,28999,8,0x1297ee00
172,27833,8,0x12a1ab40
173,27732,8,0x12ab6880
174,29798,8,0x12b525c0
175,28810,8,0x12bee300
176,28053,8,0x12c8a040
177,27085,8,0x12d25d80
178,30453,8,0x12dc1ac0
179,29411,8,0x12e5d800
180,28009,8,0x12ef9540
181,26565,8,0x12f95280
182,31121,8,0x13030fc0
183,29132,8,0x130ccd00
184,37529,8,0x13168a40
185,38371,8,0x13204780
186,47753,8,0x132a04c0
187,35576,8,0x1333c200
188,27569,8,0x133d7f40
189,26838,8,0x13473c80
190,29103,8,0x1350f9c0
191,28234,8,0x135ab700
192,27592,8,0x13647440
193,28133,8,0x136e3180
194,30913,8,0x1377eec0
195,29621,8,0x1381ac00
196,28060,8,0x138b6940
197,27346,8,0x13952680
198,29842,8,0x139ee3c0
199,28944,8,0x13a8a100
200,27809,8,0x13b25e40
201,27861,8,0x13bc1b80
202,29080,8,0x13c5d8c0
203,29137,8,0x13cf9600
204,28031,8,0x13d95340
205,27242,8,0x13e31080
206,30369,8,0x13eccdc0
207,28355,8,0x13f68b00
208,27934,8,0x14004840
209,28091,8,0x140a0580
210,30626,8,0x1413c2c0
211,29075,8,0x141d8000
212,28651,8,0x14273d40
213,27549,8,0x1430fa80
214,29982,8,0x143ab7c0
215,28919,8,0x14447500
216,28391,8,0x144e3240
217,28382,8,0x1457ef80
218,28959,8,0x1461acc0
219,28182,8,0x146b6a00
220,27640,8,0x14752740
221,28036,8,0x147ee480
222,29509,8,0x1488a1c0
223,28258,8,0x14925f00
224,28702,8,0x149c1c40
225,27169,8,0x14a5d980
226,29889,8,0x14af96c0
227,28142,8,0x14b95400
228,27828,8,0x14c31140
229,27731,8,0x14ccce80
230,29053,8,0x14d68bc0
231,27648,8,0x14e04900
232,27804,8,0x14ea0640
233,27878,8,0x14f3c380
234,28968,8,0x14fd80c0
235,28291,8,0x15073e00
236,34798,8,0x1510fb40
237,27586,8,0x151ab880
238,29237,8,0x152475c0
239,28083,8,0x152e3300
240,27560,8,0x1537f040
241,28332,8,0x1541ad80
242,31963,8,0x154b6ac0
243,28688,8,0x15552800
244,28595,8,0x155ee540
245,27636,8,0x1568a280
246,31391,8,0x15725fc0
247,29706,8,0x157c1d00
248,33113,8,0x1585da40
249,32197,8,0x158f9780
250,36163,8,0x159954c0
251,34355,8,0x15a31200
252,28557,8,0x15accf40
253,27539,8,0x15b68c80
254,28934,8,0x15c049c0
255,29549,8,0x15ca0700
256,28461,8,0x15d3c440
257,27590,8,0x15dd8180
258,29981,8,0x15e73ec0
259,29903,8,0x15f0fc00
260,27545,8,0x15fab940
261,26914,8,0x16047680
262,29193,8,0x160e33c0
263,29679,8,0x1617f100
264,28485,8,0x1621ae40
265,27847,8,0x162b6b80
266,28489,8,0x163528c0
267,29311,8,0x163ee600
268,27897,8,0x1648a340
269,27200,8,0x16526080
270,29066,8,0x165c1dc0
271,29584,8,0x1665db00
272,27283,8,0x166f9840
273,27401,8,0x16795580
274,29846,8,0x168312c0
275,29652,8,0x168cd000
276,27771,8,0x16968d40
277,26917,8,0x16a04a80
278,28879,8,0x16aa07c0
279,30063,8,0x16b3c500
280,28056,8,0x16bd8240
281,27605,8,0x16c73f80
282,30284,8,0x16d0fcc0
283,29092,8,0x16daba00
284,27516,8,0x16e47740
285,27466,8,0x16ee3480
286,29436,8,0x16f7f1c0
287,29234,8,0x1701af00
288,27207,8,0x170b6c40
289,27545,8,0x17152980
290,30000,8,0x171ee6c0
291,30081,8,0x1728a400
292,28100,8,0x17326140
293,27854,8,0x173c1e80
294,28667,8,0x1745dbc0
295,28642,8,0x174f9900
296,27011,8,0x17595640
297,27355,8,0x17631380
298,29512,8,0x176cd0c0
299,28653,8,0x17768e00
300,28246,8,0x17804b40
301,27244,8,0x178a0880
302,28929,8,0x1793c5c0
303,27830,8,0x179d8300
304,28122,8,0x17a74040
305,28109,8,0x17b0fd80
306,29500,8,0x17babac0
307,29106,8,0x17c47800
308,28005,8,0x17ce3540
309,27483,8,0x17d7f280
310,30304,8,0x17e1afc0
311,29149,8,0x17eb6d00
312,32396,8,0x17f52a40
313,33772,8,0x17fee780
314,35493,8,0x1808a4c0
315,34930,8,0x18126200
316,29086,8,0x181c1f40
317,27425,8,0x1825dc80
318,29488,8,0x182f99c0
319,28668,8,0x18395700
320,29876,8,0x18431440
321,28095,8,0x184cd180
322,30610,8,0x18568ec0
323,28778,8,0x18604c00
324,28390,8,0x186a0940
325,27805,8,0x1873c680
326,28582,8,0x187d83c0
327,29567,8,0x18874100
328,28430,8,0x1890fe40
329,28291,8,0x189abb80
330,28265,8,0x18a478c0
331,28925,8,0x18ae3600
332,28323,8,0x18b7f340
333,27020,8,0x18c1b080
334,29118,8,0x18cb6dc0
335,28576,8,0x18d52b00
336,27861,8,0x18dee840
337,27285,8,0x18e8a580
338,29589,8,0x18f262c0
339,29810,8,0x18fc2000
340,28809,8,0x1905dd40
341,27097,8,0x190f9a80
342,28611,8,0x191957c0
343,29913,8,0x19231500
344,27828,8,0x192cd240
345,27452,8,0x19368f80
346,29049,8,0x19404cc0
347,29813,8,0x194a0a00
348,28400,8,0x1953c740
349,27728,8,0x195d8480
350,28813,8,0x196741c0
351,29223,8,0x1970ff00
352,27444,8,0x197abc40
353,27677,8,0x19847980
354,30431,8,0x198e36c0
355,29457,8,0x1997f400
356,28146,8,0x19a1b140
357,27778,8,0x19ab6e80
358,28835,8,0x19b52bc0
359,30109,8,0x19bee900
360,28008,8,0x19c8a640
361,28330,8,0x19d26380
362,28683,8,0x19dc20c0
363,29416,8,0x19e5de00
364,27503,8,0x19ef9b40
365,26088,8,0x19f95880
366,28430,8,0x1a0315c0
367,28531,8,0x1a0cd300
368,27088,8,0x1a169040
369,27687,8,0x1a204d80
370,35123,8,0x1a2a0ac0
371,30615,8,0x1a33c800
372,27881,8,0x1a3d8540
373,28170,8,0x1a474280
374,29590,8,0x1a50ffc0
375,29517,8,0x1a5abd00
376,33515,8,0x1a647a40
377,33304,8,0x1a6e3780
378,34567,8,0x1a77f4c0
379,35064,8,0x1a81b200
380,28992,8,0x1a8b6f40
381,27239,8,0x1a952c80
382,29753,8,0x1a9ee9c0
383,28987,8,0x1aa8a700
384,28330,8,0x1ab26440
385,28731,8,0x1abc2180
386,31014,8,0x1ac5dec0
387,28971,8,0x1acf9c00
388,27433,8,0x1ad95940
389,27617,8,0x1ae31680
390,29206,8,0x1aecd3c0
391,29324,8,0x1af69100
392,27407,8,0x1b004e40
393,28041,8,0x1b0a0b80
394,30282,8,0x1b13c8c0
395,29314,8,0x1b1d8600
396,28206,8,0x1b274340
397,27369,8,0x1b310080
398,29250,8,0x1b3abdc0
399,29583,8,0x1b447b00
400,27933,8,0x1b4e3840
401,27885,8,0x1b57f580
402,29782,8,0x1b61b2c0
403,28419,8,0x1b6b7000
404,27650,8,0x1b752d40
405,28621,8,0x1b7eea80
406,28803,8,0x1b88a7c0
407,28437,8,0x1b926500
408,28468,8,0x1b9c2240
409,27528,8,0x1ba5df80
410,28478,8,0x1baf9cc0
411,28400,8,0x1bb95a00
412,28201,8,0x1bc31740
413,27514,8,0x1bccd480
414,29020,8,0x1bd691c0
415,28957,8,0x1be04f00
416,28926,8,0x1bea0c40
417,27489,8,0x1bf3c980
418,29643,8,0x1bfd86c0
419,28908,8,0x1c074400
420,28162,8,0x1c110140
421,27933,8,0x1c1abe80
422,28734,8,0x1c247bc0
423,28269,8,0x1c2e3900
424,28350,8,0x1c37f640
425,27824,8,0x1c41b380
426,28889,8,0x1c4b70c0
427,28722,8,0x1c552e00
428,28027,8,0x1c5eeb40
429,27420,8,0x1c68a880
430,29817,8,0x1c7265c0
431,29657,8,0x1c7c2300
432,28033,8,0x1c85e040
433,27602,8,0x1c8f9d80
434,29618,8,0x1c995ac0
435,28805,8,0x1ca31800
436,29125,8,0x1cacd540
437,27296,8,0x1cb69280
438,28871,8,0x1cc04fc0
439,29784,8,0x1cca0d00
440,33513,8,0x1cd3ca40
441,32493,8,0x1cdd8780
442,33922,8,0x1ce744c0
443,39313,8,0x1cf10200
444,28338,8,0x1cfabf40
445,27704,8,0x1d047c80
446,33783,8,0x1d0e39c0
447,28770,8,0x1d17f700
448,28789,8,0x1d21b440
449,27522,8,0x1d2b7180
450,28882,8,0x1d352ec0
451,28491,8,0x1d3eec00
452,28065,8,0x1d48a940
453,27173,8,0x1d526680
454,28773,8,0x1d5c23c0
455,28145,8,0x1d65e100
456,29233,8,0x1d6f9e40
457,28005,8,0x1d795b80
458,29100,8,0x1d8318c0
459,27982,8,0x1d8cd600
460,28673,8,0x1d969340
461,27231,8,0x1da05080
462,30322,8,0x1daa0dc0
463,27946,8,0x1db3cb00
464,28201,8,0x1dbd8840
465,27587,8,0x1dc74580
466,29732,8,0x1dd102c0
467,28808,8,0x1ddac000
468,28215,8,0x1de47d40
469,27381,8,0x1dee3a80
470,29553,8,0x1df7f7c0
471,27700,8,0x1e01b500
472,28049,8,0x1e0b7240
473,27683,8,0x1e152f80
474,28311,8,0x1e1eecc0
475,28679,8,0x1e28aa00
476,27973,8,0x1e326740
477,27881,8,0x1e3c2480
478,28606,8,0x1e45e1c0
479,28589,8,0x1e4f9f00
480,27874,8,0x1e595c40
481,27745,8,0x1e631980
482,28702,8,0x1e6cd6c0
483,28038,8,0x1e769400
484,28663,8,0x1e805140
485,29184,8,0x1e8a0e80
486,28044,8,0x1e93cbc0
487,28583,8,0x1e9d8900
488,27901,8,0x1ea74640
489,27718,8,0x1eb10380
490,28923,8,0x1ebac0c0
491,28433,8,0x1ec47e00
492,27726,8,0x1ece3b40
493,28408,8,0x1ed7f880
494,28824,8,0x1ee1b5c0
495,27978,8,0x1eeb7300
496,28522,8,0x1ef53040
497,28240,8,0x1efeed80
498,29019,8,0x1f08aac0
499,26799,8,0x1f126800
500,28315,8,0x1f1c2540
501,27463,8,0x1f25e280
502,29447,8,0x1f2f9fc0
503,28061,8,0x1f395d00
504,41676,8,0x1f431a40
505,35133,8,0x1f4cd780
506,34443,8,0x1f5694c0
507,33193,8,0x1f605200
508,28893,8,0x1f6a0f40
509,29172,8,0x1f73cc80
510,29184,8,0x1f7d89c0
511,27850,8,0x1f874700
512,28502,8,0x1f910440
513,28550,8,0x1f9ac180
514,28616,8,0x1fa47ec0
515,28268,8,0x1fae3c00
516,29084,8,0x1fb7f940
517,28976,8,0x1fc1b680
518,28469,8,0x1fcb73c0
519,27598,8,0x1fd53100
520,29145,8,0x1fdeee40
521,28727,8,0x1fe8ab80
522,29316,8,0x1ff268c0
523,27914,8,0x1ffc2600
524,29625,8,0x2005e340
525,28053,8,0x200fa080
526,29807,8,0x20195dc0
527,28509,8,0x20231b00
528,28090,8,0x202cd840
529,27792,8,0x20369580
530,28445,8,0x204052c0
531,28550,8,0x204a1000
532,28673,8,0x2053cd40
533,27660,8,0x205d8a80
534,29046,8,0x206747c0
535,28062,8,0x20710500
536,28765,8,0x207ac240
537,27984,8,0x20847f80
538,28488,8,0x208e3cc0
539,29446,8,0x2097fa00
540,29046,8,0x20a1b740
541,28311,8,0x20ab7480
542,28359,8,0x20b531c0
543,27031,8,0x20beef00
544,27412,8,0x20c8ac40
545,26804,8,0x20d26980
546,29796,8,0x20dc26c0
547,27523,8,0x20e5e400
548,28404,8,0x20efa140
549,28167,8,0x20f95e80
550,29022,8,0x21031bc0
551,28195,8,0x210cd900
552,27741,8,0x21169640
553,27363,8,0x21205380
554,28497,8,0x212a10c0
555,28779,8,0x2133ce00
556,28167,8,0x213d8b40
557,28262,8,0x21474880
558,28200,8,0x215105c0
559,28170,8,0x215ac300
560,27353,8,0x21648040
561,28041,8,0x216e3d80
562,29368,8,0x2177fac0
563,28560,8,0x2181b800
564,28715,8,0x218b7540
565,27068,8,0x21953280
566,29238,8,0x219eefc0
567,27953,8,0x21a8ad00
568,33350,8,0x21b26a40
569,31976,8,0x21bc2780
570,33796,8,0x21c5e4c0
571,32750,8,0x21cfa200
572,28558,8,0x21d95f40
573,28829,8,0x21e31c80
574,29047,8,0x21ecd9c0
575,27719,8,0x21f69700
576,28466,8,0x22005440
577,27759,8,0x220a1180
578,30192,8,0x2213cec0
579,28385,8,0x221d8c00
580,28330,8,0x22274940
581,28267,8,0x22310680
582,29423,8,0x223ac3c0
583,28140,8,0x22448100
584,28694,8,0x224e3e40
585,28718,8,0x2257fb80
586,29615,8,0x2261b8c0
587,27927,8,0x226b7600
588,27648,8,0x22753340
589,28981,8,0x227ef080
590,30292,8,0x2288adc0
591,28716,8,0x22926b00
592,27374,8,0x229c2840
593,28483,8,0x22a5e580
594,28154,8,0x22afa2c0
595,29042,8,0x22b96000
596,28427,8,0x22c31d40
597,28362,8,0x22ccda80
598,28370,8,0x22d697c0
599,27701,8,0x22e05500
600,27913,8,0x22ea1240
601,28629,8,0x22f3cf80
602,28886,8,0x22fd8cc0
603,28467,8,0x23074a00
604,28125,8,0x23110740
605,28148,8,0x231ac480
606,28025,8,0x232481c0
607,27984,8,0x232e3f00
608,29049,8,0x2337fc40
609,29269,8,0x2341b980
610,28601,8,0x234b76c0
611,27743,8,0x23553400
612,27991,8,0x235ef140
613,27672,8,0x2368ae80
614,28125,8,0x23726bc0
615,27157,8,0x237c2900
616,28824,8,0x2385e640
617,28434,8,0x238fa380
618,29240,8,0x239960c0
619,28838,8,0x23a31e00
620,29357,8,0x23acdb40
621,28268,8,0x23b69880
622,28207,8,0x23c055c0
623,28044,8,0x23ca1300
624,27912,8,0x23d3d040
625,28279,8,0x23dd8d80
626,28154,8,0x23e74ac0
627,28430,8,0x23f10800
628,27915,8,0x23fac540
629,27885,8,0x24048280
630,27705,8,0x240e3fc0
631,28764,8,0x2417fd00
632,33314,8,0x2421ba40
633,33458,8,0x242b7780
634,33261,8,0x243534c0
635,34997,8,0x243ef200
636,28330,8,0x2448af40
637,27903,8,0x24526c80
638,28512,8,0x245c29c0
639,33923,8,0x2465e700
640,29503,8,0x246fa440
641,27820,8,0x24796180
642,28734,8,0x24831ec0
643,28638,8,0x248cdc00
644,28253,8,0x24969940
645,28221,8,0x24a05680
646,28245,8,0x24aa13c0
647,27997,8,0x24b3d100
648,28750,8,0x24bd8e40
649,28686,8,0x24c74b80
650,28660,8,0x24d108c0
651,28458,8,0x24dac600
652,28166,8,0x24e48340
653,27988,8,0x24ee4080
654,28664,8,0x24f7fdc0
655,28527,8,0x2501bb00
656,28975,8,0x250b7840
657,27922,8,0x25153580
658,29518,8,0x251ef2c0
659,28046,8,0x2528b000
660,28830,8,0x25326d40
661,28671,8,0x253c2a80
662,28936,8,0x2545e7c0
663,28589,8,0x254fa500
664,28581,8,0x25596240
665,28564,8,0x25631f80
666,28958,8,0x256cdcc0
667,28851,8,0x25769a00
668,29459,8,0x25805740
669,28299,8,0x258a1480
670,29403,8,0x2593d1c0
671,28204,8,0x259d8f00
672,28308,8,0x25a74c40
673,28245,8,0x25b10980
674,29268,8,0x25bac6c0
675,28044,8,0x25c48400
676,28050,8,0x25ce4140
677,29160,8,0x25d7fe80
678,29076,8,0x25e1bbc0
679,28159,8,0x25eb7900
680,28482,8,0x25f53640
681,28068,8,0x25fef380
682,28770,8,0x2608b0c0
683,28327,8,0x26126e00
684,28654,8,0x261c2b40
685,29220,8,0x2625e880
686,28327,8,0x262fa5c0
687,28331,8,0x26396300
688,29652,8,0x26432040
689,28175,8,0x264cdd80
690,28343,8,0x26569ac0
691,28135,8,0x26605800
692,28566,8,0x266a1540
693,28450,8,0x2673d280
694,28507,8,0x267d8fc0
695,27824,8,0x26874d00
696,34067,8,0x26910a40
697,33641,8,0x269ac780
698,33893,8,0x26a484c0
699,36014,8,0x26ae4200
700,28938,8,0x26b7ff40
701,28865,8,0x26c1bc80
702,28661,8,0x26cb79c0
703,28544,8,0x26d53700
704,29413,8,0x26def440
705,28367,8,0x26e8b180
706,29846,8,0x26f26ec0
707,27963,8,0x26fc2c00
708,29308,8,0x2705e940
709,28570,8,0x270fa680
710,28573,8,0x271963c0
711,28295,8,0x27232100
712,28396,8,0x272cde40
713,28688,8,0x27369b80
714,29478,8,0x274058c0
715,28539,8,0x274a1600
716,29119,8,0x2753d340
717,28502,8,0x275d9080
718,28463,8,0x27674dc0
719,28672,8,0x27710b00
720,28760,8,0x277ac840
721,28313,8,0x27848580
722,28870,8,0x278e42c0
723,28976,8,0x27980000
724,27993,8,0x27a1bd40
725,29269,8,0x27ab7a80
726,28617,8,0x27b537c0
727,28675,8,0x27bef500
728,27853,8,0x27c8b240
729,27944,8,0x27d26f80
730,28388,8,0x27dc2cc0
731,28606,8,0x27e5ea00
732,28377,8,0x27efa740
733,28585,8,0x27f96480
734,29161,8,0x280321c0
735,28160,8,0x280cdf00
736,28655,8,0x28169c40
737,29246,8,0x28205980
738,29275,8,0x282a16c0
739,28584,8,0x2833d400
740,28098,8,0x283d9140
741,27594,8,0x28474e80
742,28545,8,0x28510bc0
743,29310,8,0x285ac900
744,28065,8,0x28648640
745,28422,8,0x286e4380
746,29868,8,0x287800c0
747,28935,8,0x2881be00
748,28123,8,0x288b7b40
749,28919,8,0x28953880
750,28871,8,0x289ef5c0
751,27906,8,0x28a8b300
752,29163,8,0x28b27040
753,28685,8,0x28bc2d80
754,29758,8,0x28c5eac0
755,28189,8,0x28cfa800
756,28794,8,0x28d96540
757,28198,8,0x28e32280
758,28963,8,0x28ecdfc0
759,27881,8,0x28f69d00
760,34042,8,0x29005a40
761,33933,8,0x290a1780
762,33624,8,0x2913d4c0
763,33103,8,0x291d9200
764,29298,8,0x29274f40
765,27965,8,0x29310c80
766,28906,8,0x293ac9c0
767,28397,8,0x29448700
768,29115,8,0x294e4440
769,29261,8,0x29580180
770,29762,8,0x2961bec0
771,27919,8,0x296b7c00
772,29150,8,0x29753940
773,37027,8,0x297ef680
774,29060,8,0x2988b3c0
775,27341,8,0x29927100
776,28865,8,0x299c2e40
777,29029,8,0x29a5eb80
778,29138,8,0x29afa8c0
779,28041,8,0x29b96600
780,28717,8,0x29c32340
781,27935,8,0x29cce080
782,27935,8,0x29d69dc0
783,28093,8,0x29e05b00
784,29991,8,0x29ea1840
785,29214,8,0x29f3d580
786,29821,8,0x29fd92c0
787,29092,8,0x2a075000
788,29906,8,0x2a110d40
789,28269,8,0x2a1aca80
790,28949,8,0x2a2487c0
791,28200,8,0x2a2e4500
792,30004,8,0x2a380240
793,29133,8,0x2a41bf80
794,28786,8,0x2a4b7cc0
795,28700,8,0x2a553a00
796,29143,8,0x2a5ef740
797,28694,8,0x2a68b480
798,29014,8,0x2a7271c0
799,27825,8,0x2a7c2f00
800,30324,8,0x2a85ec40
801,36806,8,0x2a8fa980
802,26133,8,0x2a9966c0
803,25430,8,0x2aa32400
804,25853,8,0x2aace140
805,25037,8,0x2ab69e80
806,25356,8,0x2ac05bc0
807,26032,8,0x2aca1900
808,25736,8,0x2ad3d640
809,25605,8,0x2add9380
810,26108,8,0x2ae750c0
811,25380,8,0x2af10e00
812,25574,8,0x2afacb40
813,25275,8,0x2b048880
814,25374,8,0x2b0e45c0
815,24933,8,0x2b180300
816,25715,8,0x2b21c040
817,25577,8,0x2b2b7d80
818,24905,8,0x2b353ac0
819,25753,8,0x2b3ef800
820,25771,8,0x2b48b540
821,25110,8,0x2b527280
822,25222,8,0x2b5c2fc0
823,25548,8,0x2b65ed00
824,29450,8,0x2b6faa40
825,29349,8,0x2b796780
826,28655,8,0x2b8324c0
827,29518,8,0x2b8ce200
828,25119,8,0x2b969f40
829,25244,8,0x2ba05c80
830,25979,8,0x2baa19c0
831,26271,8,0x2bb3d700
832,25729,8,0x2bbd9440
833,24617,8,0x2bc75180
834,26559,8,0x2bd10ec0
835,25443,8,0x2bdacc00
836,25427,8,0x2be48940
837,25019,8,0x2bee4680
838,25534,8,0x2bf803c0
839,24929,8,0x2c01c100
840,25553,8,0x2c0b7e40
841,25725,8,0x2c153b80
842,25870,8,0x2c1ef8c0
843,24914,8,0x2c28b600
844,25448,8,0x2c327340
845,25395,8,0x2c3c3080
846,25654,8,0x2c45edc0
847,25360,8,0x2c4fab00
848,27476,8,0x2c596840
849,25660,8,0x2c632580
850,26104,8,0x2c6ce2c0
851,24857,8,0x2c76a000
852,25413,8,0x2c805d40
853,25297,8,0x2c8a1a80
854,25370,8,0x2c93d7c0
855,24968,8,0x2c9d9500
856,25261,8,0x2ca75240
857,25698,8,0x2cb10f80
858,26809,8,0x2cbaccc0
859,25454,8,0x2cc48a00
860,25944,8,0x2cce4740
861,26345,8,0x2cd80480
862,25199,8,0x2ce1c1c0
863,24860,8,0x2ceb7f00
864,25809,8,0x2cf53c40
865,26094,8,0x2cfef980
866,26076,8,0x2d08b6c0
867,24972,8,0x2d127400
868,25672,8,0x2d1c3140
869,25163,8,0x2d25ee80
870,26451,8,0x2d2fabc0
871,25171,8,0x2d396900
872,26586,8,0x2d432640
873,25666,8,0x2d4ce380
874,26519,8,0x2d56a0c0
875,24792,8,0x2d605e00
876,26520,8,0x2d6a1b40
877,25256,8,0x2d73d880
878,25895,8,0x2d7d95c0
879,25427,8,0x2d875300
880,26451,8,0x2d911040
881,25598,8,0x2d9acd80
882,26298,8,0x2da48ac0
883,24646,8,0x2dae4800
884,27768,8,0x2db80540
885,25468,8,0x2dc1c280
886,26105,8,0x2dcb7fc0
887,24725,8,0x2dd53d00
888,31619,8,0x2ddefa40
889,29484,8,0x2de8b780
890,29615,8,0x2df274c0
891,29289,8,0x2dfc3200
892,26355,8,0x2e05ef40
893,25718,8,0x2e0fac80
894,26132,8,0x2e1969c0
895,25557,8,0x2e232700
896,26773,8,0x2e2ce440
897,25093,8,0x2e36a180
898,25178,8,0x2e405ec0
899,26307,8,0x2e4a1c00
900,24686,8,0x2e53d940
901,24756,8,0x2e5d9680
902,24840,8,0x2e6753c0
903,25221,8,0x2e711100
904,26264,8,0x2e7ace40
905,25029,8,0x2e848b80
906,25230,8,0x2e8e48c0
907,25586,8,0x2e980600
908,26058,8,0x2ea1c340
909,25379,8,0x2eab8080
910,26083,8,0x2eb53dc0
911,25777,8,0x2ebefb00
912,25833,8,0x2ec8b840
913,25585,8,0x2ed27580
914,26790,8,0x2edc32c0
915,25548,8,0x2ee5f000
916,25445,8,0x2eefad40
917,25933,8,0x2ef96a80
918,26731,8,0x2f0327c0
919,28764,8,0x2f0ce500
920,25623,8,0x2f16a240
921,26357,8,0x2f205f80
922,26618,8,0x2f2a1cc0
923,25645,8,0x2f33da00
924,24942,8,0x2f3d9740
925,24968,8,0x2f475480
926,25465,8,0x2f5111c0
927,26181,8,0x2f5acf00
928,25413,8,0x2f648c40
929,25615,8,0x2f6e4980
930,27472,8,0x2f7806c0
931,26302,8,0x2f81c400
932,25728,8,0x2f8b8140
933,25333,8,0x2f953e80
934,25023,8,0x2f9efbc0
935,26162,8,0x2fa8b900
936,25239,8,0x2fb27640
937,25855,8,0x2fbc3380
938,25830,8,0x2fc5f0c0
939,26064,8,0x2fcfae00
940,25244,8,0x2fd96b40
941,25670,8,0x2fe32880
942,25535,8,0x2fece5c0
943,26739,8,0x2ff6a300
944,25131,8,0x30006040
945,26648,8,0x300a1d80
946,26555,8,0x3013dac0
947,25745,8,0x301d9800
948,25265,8,0x30275540
949,25762,8,0x30311280
950,25781,8,0x303acfc0
951,26129,8,0x30448d00
952,30084,8,0x304e4a40
953,31083,8,0x30580780
954,32622,8,0x3061c4c0
955,29894,8,0x306b8200
956,25743,8,0x30753f40
957,26639,8,0x307efc80
958,26318,8,0x3088b9c0
959,26266,8,0x30927700
960,25359,8,0x309c3440
961,26110,8,0x30a5f180
962,26580,8,0x30afaec0
963,26870,8,0x30b96c00
964,25272,8,0x30c32940
965,26525,8,0x30cce680
966,25093,8,0x30d6a3c0
967,26323,8,0x30e06100
968,26722,8,0x30ea1e40
969,26683,8,0x30f3db80
970,25646,8,0x30fd98c0
971,26118,8,0x31075600
972,26136,8,0x31111340
973,25702,8,0x311ad080
974,25587,8,0x31248dc0
975,26240,8,0x312e4b00
976,26877,8,0x31380840
977,25657,8,0x3141c580
978,25689,8,0x314b82c0
979,25848,8,0x31554000
980,26594,8,0x315efd40
981,26199,8,0x3168ba80
982,25075,8,0x317277c0
983,25742,8,0x317c3500
984,25593,8,0x3185f240
985,25955,8,0x318faf80
986,25543,8,0x31996cc0
987,26419,8,0x31a32a00
988,25658,8,0x31ace740
989,25330,8,0x31b6a480
990,25125,8,0x31c061c0
991,25861,8,0x31ca1f00
992,25711,8,0x31d3dc40
993,25692,8,0x31dd9980
994,25938,8,0x31e756c0
995,26236,8,0x31f11400
996,24883,8,0x31fad140
997,26552,8,0x32048e80
998,25304,8,0x320e4bc0
999,26892,8,0x32180900
1000,25748,8,0x3221c640
1001,26513,8,0x322b8380
1002,26032,8,0x323540c0
1003,27383,8,0x323efe00
1004,26482,8,0x3248bb40
1005,26507,8,0x32527880
1006,25354,8,0x325c35c0
1007,27025,8,0x3265f300
1008,25197,8,0x326fb040
1009,26431,8,0x32796d80
1010,25819,8,0x32832ac0
1011,26862,8,0x328ce800
1012,25364,8,0x3296a540
1013,25523,8,0x32a06280
1014,27796,8,0x32aa1fc0
1015,27523,8,0x32b3dd00
1016,29378,8,0x32bd9a40
1017,30223,8,0x32c75780
1018,28770,8,0x32d114c0
1019,30046,8,0x32dad200
1020,26585,8,0x32e48f40
1021,25175,8,0x32ee4c80
1022,26874,8,0x32f809c0
1023,26561,8,0x3301c700
1024,25736,8,0x330b8440
1025,25555,8,0x33154180
1026,27226,8,0x331efec0
1027,26685,8,0x3328bc00
1028,25555,8,0x33327940
1029,25202,8,0x333c3680
1030,25606,8,0x3345f3c0
1031,25833,8,0x334fb100
1032,26002,8,0x33596e40
1033,25252,8,0x33632b80
1034,25990,8,0x336ce8c0
1035,26137,8,0x3376a600
1036,25493,8,0x33806340
1037,26120,8,0x338a2080
1038,25549,8,0x3393ddc0
1039,25659,8,0x339d9b00
1040,25325,8,0x33a75840
1041,25102,8,0x33b11580
1042,26272,8,0x33bad2c0
1043,26070,8,0x33c49000
1044,26573,8,0x33ce4d40
1045,25725,8,0x33d80a80
1046,26382,8,0x33e1c7c0
1047,25813,8,0x33eb8500
1048,25417,8,0x33f54240
1049,25043,8,0x33feff80
1050,25538,8,0x3408bcc0
1051,25929,8,0x34127a00
1052,25150,8,0x341c3740
1053,25596,8,0x3425f480
1054,26389,8,0x342fb1c0
1055,25878,8,0x34396f00
1056,25134,8,0x34432c40
1057,26106,8,0x344ce980
1058,26327,8,0x3456a6c0
1059,26108,8,0x34606400
1060,25872,8,0x346a2140
1061,26710,8,0x3473de80
1062,25972,8,0x347d9bc0
1063,26130,8,0x34875900
1064,26588,8,0x34911640
1065,25916,8,0x349ad380
1066,26192,8,0x34a490c0
1067,27599,8,0x34ae4e00
1068,25743,8,0x34b80b40
1069,25562,8,0x34c1c880
1070,25775,8,0x34cb85c0
1071,25522,8,0x34d54300
1072,25541,8,0x34df0040
1073,23967,8,0x34e8bd80
1074,24021,8,0x34f27ac0
1075,23270,8,0x34fc3800
1076,23637,8,0x3505f540
1077,24086,8,0x350fb280
1078,24807,8,0x35196fc0
1079,23855,8,0x35232d00
1080,27985,8,0x352cea40
1081,27771,8,0x3536a780
1082,28111,8,0x354064c0
1083,28955,8,0x354a2200
1084,24714,8,0x3553df40
1085,23813,8,0x355d9c80
1086,24496,8,0x356759c0
1087,24597,8,0x35711700
1088,24400,8,0x357ad440
1089,23235,8,0x35849180
1090,24990,8,0x358e4ec0
1091,24785,8,0x35980c00
1092,25115,8,0x35a1c940
1093,24011,8,0x35ab8680
1094,24496,8,0x35b543c0
1095,24318,8,0x35bf0100
1096,24347,8,0x35c8be40
1097,23404,8,0x35d27b80
1098,24820,8,0x35dc38c0
1099,23560,8,0x35e5f600
1100,25779,8,0x35efb340
1101,23835,8,0x35f97080
1102,24919,8,0x36032dc0
1103,24486,8,0x360ceb00
1104,24631,8,0x3616a840
1105,24106,8,0x36206580
1106,25333,8,0x362a22c0
1107,25068,8,0x3633e000
1108,24638,8,0x363d9d40
1109,24248,8,0x36475a80
1110,24954,8,0x365117c0
1111,24290,8,0x365ad500
1112,24461,8,0x36649240
1113,23700,8,0x366e4f80
1114,25632,8,0x36780cc0
1115,23913,8,0x3681ca00
1116,24174,8,0x368b8740
1117,23349,8,0x36954480
1118,25343,8,0x369f01c0
1119,24595,8,0x36a8bf00
1120,24490,8,0x36b27c40
1121,23928,8,0x36bc3980
1122,25747,8,0x36c5f6c0
1123,24607,8,0x36cfb400
1124,24291,8,0x36d97140
1125,24049,8,0x36e32e80
1126,24413,8,0x36ecebc0
1127,24771,8,0x36f6a900
1128,24791,8,0x37006640
1129,24285,8,0x370a2380
1130,25020,8,0x3713e0c0
1131,25263,8,0x371d9e00
1132,24761,8,0x37275b40
1133,24282,8,0x37311880
1134,24191,8,0x373ad5c0
1135,24455,8,0x37449300
1136,25076,8,0x374e5040
1137,24727,8,0x37580d80
1138,25263,8,0x3761cac0
1139,23822,8,0x376b8800
1140,24404,8,0x37754540
1141,24267,8,0x377f0280
1142,24531,8,0x3788bfc0
1143,24829,8,0x37927d00
1144,29195,8,0x379c3a40
1145,28284,8,0x37a5f780
1146,28783,8,0x37afb4c0
1147,27566,8,0x37b97200
1148,24000,8,0x37c32f40
1149,23961,8,0x37ccec80
1150,24569,8,0x37d6a9c0
1151,24278,8,0x37e06700
1152,25015,8,0x37ea2440
1153,24464,8,0x37f3e180
1154,26312,8,0x37fd9ec0
1155,24497,8,0x38075c00
1156,24296,8,0x38111940
1157,24414,8,0x381ad680
1158,24341,8,0x382493c0
1159,24378,8,0x382e5100
1160,25147,8,0x38380e40
1161,23712,8,0x3841cb80
1162,24198,8,0x384b88c0
1163,23630,8,0x38554600
1164,25411,8,0x385f0340
1165,23322,8,0x3868c080
1166,24479,8,0x38727dc0
1167,24464,8,0x387c3b00
1168,24079,8,0x3885f840
1169,24023,8,0x388fb580
1170,25294,8,0x389972c0
1171,24363,8,0x38a33000
1172,25163,8,0x38aced40
1173,23949,8,0x38b6aa80
1174,24734,8,0x38c067c0
1175,24632,8,0x38ca2500
1176,25174,8,0x38d3e240
1177,23978,8,0x38dd9f80
1178,24941,8,0x38e75cc0
1179,24805,8,0x38f11a00
1180,38359,8,0x38fad740
1181,21833,8,0x39049480
1182,22114,8,0x390e51c0
1183,22238,8,0x39180f00
1184,22137,8,0x3921cc40
1185,22394,8,0x392b8980
1186,22283,8,0x393546c0
1187,21806,8,0x393f0400
1188,22545,8,0x3948c140
1189,21182,8,0x39527e80
1190,22501,8,0x395c3bc0
1191,22551,8,0x3965f900
1192,22118,8,0x396fb640
1193,21557,8,0x39797380
1194,21992,8,0x398330c0
1195,22067,8,0x398cee00
1196,21991,8,0x3996ab40
1197,21633,8,0x39a06880
1198,22210,8,0x39aa25c0
1199,23792,8,0x39b3e300
1200,22534,8,0x39bda040
1201,21656,8,0x39c75d80
1202,22757,8,0x39d11ac0
1203,21902,8,0x39dad800
1204,21647,8,0x39e49540
1205,21452,8,0x39ee5280
1206,22455,8,0x39f80fc0
1207,22151,8,0x3a01cd00
1208,25077,8,0x3a0b8a40
1209,26735,8,0x3a154780
1210,26018,8,0x3a1f04c0
1211,25708,8,0x3a28c200
1212,22274,8,0x3a327f40
1213,21972,8,0x3a3c3c80
1214,22716,8,0x3a45f9c0
1215,22261,8,0x3a4fb700
1216,22144,8,0x3a597440
1217,22371,8,0x3a633180
1218,22796,8,0x3a6ceec0
1219,22238,8,0x3a76ac00
1220,22843,8,0x3a806940
1221,21664,8,0x3a8a2680
1222,22437,8,0x3a93e3c0
1223,22752,8,0x3a9da100
1224,22423,8,0x3aa75e40
1225,22617,8,0x3ab11b80
1226,22485,8,0x3abad8c0
1227,24531,8,0x3ac49600
1228,21410,8,0x3ace5340
1229,22446,8,0x3ad81080
1230,22826,8,0x3ae1cdc0
1231,21659,8,0x3aeb8b00
1232,22595,8,0x3af54840
1233,21734,8,0x3aff0580
1234,22312,8,0x3b08c2c0
1235,21648,8,0x3b128000
1236,23061,8,0x3b1c3d40
1237,21660,8,0x3b25fa80
1238,21782,8,0x3b2fb7c0
1239,21694,8,0x3b397500
1240,22054,8,0x3b433240
1241,21692,8,0x3b4cef80
1242,23318,8,0x3b56acc0
1243,22206,8,0x3b606a00
1244,22330,8,0x3b6a2740
1245,22571,8,0x3b73e480
1246,21724,8,0x3b7da1c0
1247,21128,8,0x3b875f00
1248,21812,8,0x3b911c40
1249,22501,8,0x3b9ad980
1250,23154,8,0x3ba496c0
1251,21138,8,0x3bae5400
1252,23069,8,0x3bb81140
1253,22303,8,0x3bc1ce80
1254,21919,8,0x3bcb8bc0
1255,21462,8,0x3bd54900
1256,22383,8,0x3bdf0640
1257,22340,8,0x3be8c380
1258,22590,8,0x3bf280c0
1259,21815,8,0x3bfc3e00
1260,22565,8,0x3c05fb40
1261,22120,8,0x3c0fb880
1262,21990,8,0x3c1975c0
1263,21689,8,0x3c233300
1264,22048,8,0x3c2cf040
1265,22280,8,0x3c36ad80
1266,22488,8,0x3c406ac0
1267,21682,8,0x3c4a2800
1268,22848,8,0x3c53e540
1269,21430,8,0x3c5da280
1270,22050,8,0x3c675fc0
1271,22588,8,0x3c711d00
1272,26282,8,0x3c7ada40
1273,30104,8,0x3c849780
1274,25831,8,0x3c8e54c0
1275,25908,8,0x3c981200
1276,22236,8,0x3ca1cf40
1277,21980,8,0x3cab8c80
1278,22585,8,0x3cb549c0
1279,22382,8,0x3cbf0700
1280,22507,8,0x3cc8c440
1281,22015,8,0x3cd28180
1282,22894,8,0x3cdc3ec0
1283,21699,8,0x3ce5fc00
1284,22796,8,0x3cefb940
1285,22370,8,0x3cf97680
1286,22614,8,0x3d0333c0
1287,21833,8,0x3d0cf100
1288,22322,8,0x3d16ae40
1289,21818,8,0x3d206b80
1290,22574,8,0x3d2a28c0
1291,23052,8,0x3d33e600
1292,22662,8,0x3d3da340
1293,22004,8,0x3d476080
1294,21727,8,0x3d511dc0
1295,22701,8,0x3d5adb00
1296,21836,8,0x3d649840
1297,40530,8,0x3d6e5580
1298,21966,8,0x3d7812c0
1299,21443,8,0x3d81d000
1300,20971,8,0x3d8b8d40
1301,21563,8,0x3d954a80
1302,21246,8,0x3d9f07c0
1303,21309,8,0x3da8c500
1304,20741,8,0x3db28240
1305,21362,8,0x3dbc3f80
1306,20796,8,0x3dc5fcc0
1307,20854,8,0x3dcfba00
1308,20695,8,0x3dd97740
1309,20257,8,0x3de33480
1310,21091,8,0x3decf1c0
1311,20870,8,0x3df6af00
1312,21347,8,0x3e006c40
1313,20905,8,0x3e0a2980
1314,21544,8,0x3e13e6c0
1315,21194,8,0x3e1da400
1316,21186,8,0x3e276140
1317,21512,8,0x3e311e80
1318,21444,8,0x3e3adbc0
1319,20697,8,0x3e449900
1320,20307,8,0x3e4e5640
1321,21744,8,0x3e581380
1322,21523,8,0x3e61d0c0
1323,20715,8,0x3e6b8e00
1324,20878,8,0x3e754b40
1325,21659,8,0x3e7f0880
1326,20694,8,0x3e88c5c0
1327,20977,8,0x3e928300
1328,21712,8,0x3e9c4040
1329,22199,8,0x3ea5fd80
1330,21439,8,0x3eafbac0
1331,21147,8,0x3eb97800
1332,20594,8,0x3ec33540
1333,21143,8,0x3eccf280
1334,21086,8,0x3ed6afc0
1335,21489,8,0x3ee06d00
1336,24762,8,0x3eea2a40
1337,24978,8,0x3ef3e780
1338,24892,8,0x3efda4c0
1339,24318,8,0x3f076200
1340,21401,8,0x3f111f40
1341,22102,8,0x3f1adc80
1342,21115,8,0x3f2499c0
1343,21727,8,0x3f2e5700
1344,21261,8,0x3f381440
1345,22493,8,0x3f41d180
1346,20626,8,0x3f4b8ec0
1347,21361,8,0x3f554c00
1348,21570,8,0x3f5f0940
1349,21201,8,0x3f68c680
1350,21102,8,0x3f7283c0
1351,21101,8,0x3f7c4100
1352,21465,8,0x3f85fe40
1353,21294,8,0x3f8fbb80
1354,20901,8,0x3f9978c0
1355,20481,8,0x3fa33600
1356,21537,8,0x3facf340
1357,21556,8,0x3fb6b080
1358,20971,8,0x3fc06dc0
1359,21164,8,0x3fca2b00
1360,21425,8,0x3fd3e840
1361,21598,8,0x3fdda580
1362,21186,8,0x3fe762c0
1363,22390,8,0x3ff12000
1364,21664,8,0x3ffadd40
1365,22909,8,0x49ac0
1366,22077,8,0xe5800
1367,21657,8,0x181540
1368,21465,8,0x21d280
1369,21916,8,0x2b8fc0
1370,21332,8,0x354d00
1371,21064,8,0x3f0a40
1372,22157,8,0x48c780
1373,21666,8,0x5284c0
1374,21583,8,0x5c4200
1375,21846,8,0x65ff40
1376,20860,8,0x6fbc80
1377,22136,8,0x7979c0
1378,21461,8,0x833700
1379,21689,8,0x8cf440
1380,21218,8,0x96b180
1381,21082,8,0xa06ec0
1382,20978,8,0xaa2c00
1383,21993,8,0xb3e940
1384,21191,8,0xbda680
1385,21364,8,0xc763c0
1386,21790,8,0xd12100
1387,21533,8,0xdade40
1388,20801,8,0xe49b80
1389,21219,8,0xee58c0
1390,21249,8,0xf81600
1391,21971,8,0x101d340
1392,21168,8,0x10b9080
1393,21554,8,0x1154dc0
1394,21206,8,0x11f0b00
1395,21534,8,0x128c840
1396,21745,8,0x1328580
1397,21475,8,0x13c42c0
1398,21514,8,0x1460000
1399,21293,8,0x14fbd40
1400,24614,8,0x1597a80
1401,24536,8,0x16337c0
1402,28539,8,0x16cf500
1403,24415,8,0x176b240
1404,21997,8,0x1806f80
1405,21996,8,0x18a2cc0
1406,21394,8,0x193ea00
1407,21378,8,0x19da740
1408,21321,8,0x1a76480
1409,21591,8,0x1b121c0
1410,21939,8,0x1badf00
1411,20941,8,0x1c49c40
1412,21853,8,0x1ce5980
1413,21628,8,0x1d816c0
1414,21053,8,0x1e1d400
1415,21129,8,0x1eb9140
1416,21042,8,0x1f54e80
1417,22508,8,0x1ff0bc0
1418,21140,8,0x208c900
1419,20856,8,0x2128640
1420,21173,8,0x21c4380
1421,21741,8,0x22600c0
1422,20655,8,0x22fbe00
1423,20516,8,0x2397b40
1424,21952,8,0x2433880
1425,21843,8,0x24cf5c0
1426,21621,8,0x256b300
1427,20895,8,0x2607040
1428,22005,8,0x26a2d80
1429,21803,8,0x273eac0
1430,21755,8,0x27da800
1431,21338,8,0x2876540
1432,22175,8,0x2912280
1433,21749,8,0x29adfc0
1434,21314,8,0x2a49d00
1435,21298,8,0x2ae5a40
1436,22552,8,0x2b81780
1437,21730,8,0x2c1d4c0
1438,20939,8,0x2cb9200
1439,21127,8,0x2d54f40
1440,22277,8,0x2df0c80
1441,21475,8,0x2e8c9c0
1442,21347,8,0x2f28700
1443,21371,8,0x2fc4440
1444,22204,8,0x3060180
1445,21763,8,0x30fbec0
1446,20511,8,0x3197c00
1447,21105,8,0x3233940
1448,21727,8,0x32cf680
1449,22014,8,0x336b3c0
1450,21997,8,0x3407100
1451,21828,8,0x34a2e40
1452,21226,8,0x353eb80
1453,21744,8,0x35da8c0
1454,21413,8,0x3676600
1455,21189,8,0x3712340
1456,21762,8,0x37ae080
1457,21507,8,0x3849dc0
1458,21599,8,0x38e5b00
1459,21894,8,0x3981840
1460,22196,8,0x3a1d580
1461,21705,8,0x3ab92c0
1462,21921,8,0x3b55000
1463,21295,8,0x3bf0d40
1464,27208,8,0x3c8ca80
1465,24201,8,0x3d287c0
1466,24243,8,0x3dc4500
1467,24632,8,0x3e60240
1468,21548,8,0x3efbf80
1469,20688,8,0x3f97cc0
1470,21940,8,0x4033a00
1471,21740,8,0x40cf740
1472,21626,8,0x416b480
1473,21444,8,0x42071c0
1474,21468,8,0x42a2f00
1475,22774,8,0x433ec40
1476,22280,8,0x43da980
1477,21246,8,0x44766c0
1478,21947,8,0x4512400
1479,21588,8,0x45ae140
1480,21254,8,0x4649e80
1481,21033,8,0x46e5bc0
1482,21823,8,0x4781900
1483,21965,8,0x481d640
1484,21084,8,0x48b9380
1485,20875,8,0x49550c0
1486,21557,8,0x49f0e00
1487,21665,8,0x4a8cb40
1488,22417,8,0x4b28880
1489,21136,8,0x4bc45c0
1490,21097,8,0x4c60300
1491,21766,8,0x4cfc040
1492,21564,8,0x4d97d80
1493,21933,8,0x4e33ac0
1494,21119,8,0x4ecf800
1495,22149,8,0x4f6b540
1496,21815,8,0x5007280
1497,21794,8,0x50a2fc0
1498,22288,8,0x513ed00
1499,21918,8,0x51daa40
1500,21102,8,0x5276780
1501,21070,8,0x53124c0
1502,21384,8,0x53ae200
1503,21669,8,0x5449f40
1504,22153,8,0x54e5c80
1505,23311,8,0x55819c0
1506,22006,8,0x561d700
1507,22433,8,0x56b9440
1508,22660,8,0x5755180
1509,21915,8,0x57f0ec0
1510,21498,8,0x588cc00
1511,21521,8,0x5928940
1512,22006,8,0x59c4680
1513,22712,8,0x5a603c0
1514,21606,8,0x5afc100
1515,20805,8,0x5b97e40
1516,22112,8,0x5c33b80
1517,21775,8,0x5ccf8c0
1518,21603,8,0x5d6b600
1519,21960,8,0x5e07340
1520,21966,8,0x5ea3080
1521,21729,8,0x5f3edc0
1522,21736,8,0x5fdab00
1523,21158,8,0x6076840
1524,22167,8,0x6112580
1525,21586,8,0x61ae2c0
1526,21664,8,0x624a000
1527,21516,8,0x62e5d40
1528,25382,8,0x6381a80
1529,25530,8,0x641d7c0
1530,25011,8,0x64b9500
1531,23939,8,0x6555240
1532,22599,8,0x65f0f80
1533,21123,8,0x668ccc0
1534,21122,8,0x6728a00
1535,22364,8,0x67c4740
1536,22673,8,0x6860480
1537,21604,8,0x68fc1c0
1538,21588,8,0x6997f00
1539,21588,8,0x6a33c40
1540,22573,8,0x6acf980
1541,22149,8,0x6b6b6c0
1542,21318,8,0x6c07400
1543,21677,8,0x6ca3140
1544,22257,8,0x6d3ee80
1545,21642,8,0x6ddabc0
1546,22126,8,0x6e76900
1547,21701,8,0x6f12640
1548,22028,8,0x6fae380
1549,21807,8,0x704a0c0
1550,22180,8,0x70e5e00
1551,22514,8,0x7181b40
1552,21609,8,0x721d880
1553,22389,8,0x72b95c0
1554,21961,8,0x7355300
1555,22702,8,0x73f1040
1556,22824,8,0x748cd80
1557,22030,8,0x7528ac0
1558,20937,8,0x75c4800
1559,22090,8,0x7660540
1560,22190,8,0x76fc280
1561,21484,8,0x7797fc0
1562,21343,8,0x7833d00
1563,22046,8,0x78cfa40
1564,21692,8,0x796b780
1565,21480,8,0x7a074c0
1566,21842,8,0x7aa3200
1567,21914,8,0x7b3ef40
1568,22029,8,0x7bdac80
1569,21653,8,0x7c769c0
1570,21227,8,0x7d12700
1571,21889,8,0x7dae440
1572,21816,8,0x7e4a180
1573,21217,8,0x7ee5ec0
1574,21271,8,0x7f81c00
1575,22739,8,0x801d940
1576,22045,8,0x80b9680
1577,22022,8,0x81553c0
1578,21497,8,0x81f1100
1579,25228,8,0x828ce40
1580,21683,8,0x8328b80
1581,21186,8,0x83c48c0
1582,22314,8,0x8460600
1583,21634,8,0x84fc340
1584,21898,8,0x8598080
1585,21432,8,0x8633dc0
1586,21859,8,0x86cfb00
1587,21617,8,0x876b840
1588,22646,8,0x8807580
1589,20881,8,0x88a32c0
1590,22364,8,0x893f000
1591,22858,8,0x89dad40
1592,25398,8,0x8a76a80
1593,24592,8,0x8b127c0
1594,24318,8,0x8bae500
1595,25055,8,0x8c4a240
1596,22819,8,0x8ce5f80
1597,22118,8,0x8d81cc0
1598,20915,8,0x8e1da00
1599,21280,8,0x8eb9740
1600,21244,8,0x8f55480
1601,22542,8,0x8ff11c0
1602,21593,8,0x908cf00
1603,22102,8,0x9128c40
1604,21534,8,0x91c4980
1605,21792,8,0x92606c0
1606,22102,8,0x92fc400
1607,36602,8,0x9398140
1608,19783,8,0x9433e80
1609,20149,8,0x94cfbc0
1610,20144,8,0x956b900
1611,21969,8,0x9607640
1612,20400,8,0x96a3380
1613,19965,8,0x973f0c0
1614,20501,8,0x97dae00
1615,20697,8,0x9876b40
1616,19830,8,0x9912880
1617,20875,8,0x99ae5c0
1618,19557,8,0x9a4a300
1619,20190,8,0x9ae6040
1620,22321,8,0x9b81d80
1621,20619,8,0x9c1dac0
1622,20821,8,0x9cb9800
1623,20477,8,0x9d55540
1624,20346,8,0x9df1280
1625,20164,8,0x9e8cfc0
1626,19881,8,0x9f28d00
1627,20756,8,0x9fc4a40
1628,20803,8,0xa060780
1629,20147,8,0xa0fc4c0
1630,19615,8,0xa198200
1631,20265,8,0xa233f40
1632,20024,8,0xa2cfc80
1633,20081,8,0xa36b9c0
1634,19564,8,0xa407700
1635,20618,8,0xa4a3440
1636,20220,8,0xa53f180
1637,19816,8,0xa5daec0
1638,19767,8,0xa676c00
1639,19734,8,0xa712940
1640,20385,8,0xa7ae680
1641,20523,8,0xa84a3c0
1642,20081,8,0xa8e6100
1643,20758,8,0xa981e40
1644,20634,8,0xaa1db80
1645,19425,8,0xaab98c0
1646,19586,8,0xab55600
1647,20439,8,0xabf1340
1648,20210,8,0xac8d080
1649,19536,8,0xad28dc0
1650,19508,8,0xadc4b00
1651,19921,8,0xae60840
1652,21266,8,0xaefc580
1653,19957,8,0xaf982c0
1654,20519,8,0xb034000
1655,19822,8,0xb0cfd40
1656,23019,8,0xb16ba80
1657,22236,8,0xb2077c0
1658,22581,8,0xb2a3500
1659,24962,8,0xb33f240
1660,20755,8,0xb3daf80
1661,20050,8,0xb476cc0
1662,20425,8,0xb512a00
1663,20182,8,0xb5ae740
1664,19549,8,0xb64a480
1665,19688,8,0xb6e61c0
1666,19457,8,0xb781f00
1667,20747,8,0xb81dc40
1668,20131,8,0xb8b9980
1669,20206,8,0xb9556c0
1670,20565,8,0xb9f1400
1671,20822,8,0xba8d140
1672,19872,8,0xbb28e80
1673,19952,8,0xbbc4bc0
1674,19994,8,0xbc60900
1675,20417,8,0xbcfc640
1676,20273,8,0xbd98380
1677,19493,8,0xbe340c0
1678,20818,8,0xbecfe00
1679,20259,8,0xbf6bb40
1680,20736,8,0xc007880
1681,19320,8,0xc0a35c0
1682,19764,8,0xc13f300
1683,19925,8,0xc1db040
1684,20702,8,0xc276d80
1685,20907,8,0xc312ac0
1686,20239,8,0xc3ae800
1687,19953,8,0xc44a540
1688,19546,8,0xc4e6280
1689,21405,8,0xc581fc0
1690,19647,8,0xc61dd00
1691,20472,8,0xc6b9a40
1692,20338,8,0xc755780
1693,21266,8,0xc7f14c0
1694,20230,8,0xc88d200
1695,20103,8,0xc928f40
1696,20229,8,0xc9c4c80
1697,20243,8,0xca609c0
1698,20174,8,0xcafc700
1699,20189,8,0xcb98440
1700,20197,8,0xcc34180
1701,19633,8,0xcccfec0
1702,19811,8,0xcd6bc00
1703,19911,8,0xce07940
1704,20235,8,0xcea3680
1705,20274,8,0xcf3f3c0
1706,20068,8,0xcfdb100
1707,20819,8,0xd076e40
1708,20201,8,0xd112b80
1709,20147,8,0xd1ae8c0
1710,19787,8,0xd24a600
1711,19898,8,0xd2e6340
1712,20401,8,0xd382080
1713,20220,8,0xd41ddc0
1714,19775,8,0xd4b9b00
1715,20176,8,0xd555840
1716,20247,8,0xd5f1580
1717,20203,8,0xd68d2c0
1718,20651,8,0xd729000
1719,19628,8,0xd7c4d40
1720,23199,8,0xd860a80
1721,22999,8,0xd8fc7c0
1722,23321,8,0xd998500
1723,22836,8,0xda34240
1724,20208,8,0xdacff80
1725,19869,8,0xdb6bcc0
1726,20475,8,0xdc07a00
1727,20447,8,0xdca3740
1728,20989,8,0xdd3f480
1729,20139,8,0xdddb1c0
1730,19692,8,0xde76f00
1731,20760,8,0xdf12c40
1732,21055,8,0xdfae980
1733,20427,8,0xe04a6c0
1734,20455,8,0xe0e6400
1735,20047,8,0xe182140
1736,20219,8,0xe21de80
1737,20308,8,0xe2b9bc0
1738,19836,8,0xe355900
1739,20612,8,0xe3f1640
1740,19571,8,0xe48d380
1741,19727,8,0xe5290c0
1742,38182,8,0xe5c4e00
1743,19717,8,0xe660b40
1744,19267,8,0xe6fc880
1745,19366,8,0xe7985c0
1746,19592,8,0xe834300
1747,20120,8,0xe8d0040
1748,19772,8,0xe96bd80
1749,19883,8,0xea07ac0
1750,18753,8,0xeaa3800
1751,19664,8,0xeb3f540
1752,19276,8,0xebdb280
1753,19270,8,0xec76fc0
1754,19258,8,0xed12d00
1755,19569,8,0xedaea40
1756,19458,8,0xee4a780
1757,18668,8,0xeee64c0
1758,19414,8,0xef82200
1759,20231,8,0xf01df40
1760,19291,8,0xf0b9c80
1761,19054,8,0xf1559c0
1762,19813,8,0xf1f1700
1763,19436,8,0xf28d440
1764,19843,8,0xf329180
1765,21443,8,0xf3c4ec0
1766,19756,8,0xf460c00
1767,19755,8,0xf4fc940
1768,18834,8,0xf598680
1769,20283,8,0xf6343c0
1770,20200,8,0xf6d0100
1771,19950,8,0xf76be40
1772,19276,8,0xf807b80
1773,19038,8,0xf8a38c0
1774,19422,8,0xf93f600
1775,67532,8,0xf9db340
1776,24560,8,0xfa77080
1777,20205,8,0xfb12dc0
1778,21421,8,0xfbaeb00
1779,19895,8,0xfc4a840
1780,20758,8,0xfce6580
1781,19959,8,0xfd822c0
1782,20534,8,0xfe1e000
1783,20765,8,0xfeb9d40
1784,23234,8,0xff55a80
1785,22899,8,0xfff17c0
1786,22505,8,0x1008d500
1787,22339,8,0x10129240
1788,20061,8,0x101c4f80
1789,19989,8,0x10260cc0
1790,20487,8,0x102fca00
1791,20212,8,0x10398740
1792,20034,8,0x10434480
1793,19881,8,0x104d01c0
1794,19898,8,0x1056bf00
1795,20257,8,0x10607c40
1796,19945,8,0x106a3980
1797,20521,8,0x1073f6c0
1798,20290,8,0x107db400
1799,21151,8,0x10877140
1800,20056,8,0x10912e80
1801,20938,8,0x109aebc0
1802,20084,8,0x10a4a900
1803,20859,8,0x10ae6640
1804,20172,8,0x10b82380
1805,20154,8,0x10c1e0c0
1806,20992,8,0x10cb9e00
1807,19823,8,0x10d55b40
1808,20784,8,0x10df1880
1809,21625,8,0x10e8d5c0
1810,20716,8,0x10f29300
1811,19791,8,0x10fc5040
1812,20494,8,0x11060d80
1813,20159,8,0x110fcac0
1814,20429,8,0x11198800
1815,20583,8,0x11234540
1816,20555,8,0x112d0280
1817,20618,8,0x1136bfc0
1818,20215,8,0x11407d00
1819,19950,8,0x114a3a40
1820,22057,8,0x1153f780
1821,19760,8,0x115db4c0
1822,19902,8,0x11677200
1823,20493,8,0x11712f40
1824,20947,8,0x117aec80
1825,20064,8,0x1184a9c0
1826,20210,8,0x118e6700
1827,20138,8,0x11982440
1828,20466,8,0x11a1e180
1829,20529,8,0x11ab9ec0
1830,20548,8,0x11b55c00
1831,20640,8,0x11bf1940
1832,19762,8,0x11c8d680
1833,20320,8,0x11d293c0
1834,19938,8,0x11dc5100
1835,20361,8,0x11e60e40
1836,20397,8,0x11efcb80
1837,20960,8,0x11f988c0
1838,20117,8,0x12034600
1839,20747,8,0x120d0340
1840,20101,8,0x1216c080
1841,19933,8,0x12207dc0
1842,20326,8,0x122a3b00
1843,20355,8,0x1233f840
1844,21472,8,0x123db580
1845,20433,8,0x124772c0
1846,20390,8,0x12513000
1847,21143,8,0x125aed40
1848,23469,8,0x1264aa80
1849,22948,8,0x126e67c0
1850,23541,8,0x12782500
1851,22987,8,0x1281e240
1852,20548,8,0x128b9f80
1853,20324,8,0x12955cc0
1854,20701,8,0x129f1a00
1855,20635,8,0x12a8d740
1856,21150,8,0x12b29480
1857,20377,8,0x12bc51c0
1858,20439,8,0x12c60f00
1859,21065,8,0x12cfcc40
1860,20245,8,0x12d98980
1861,20273,8,0x12e346c0
1862,20334,8,0x12ed0400
1863,20176,8,0x12f6c140
1864,20002,8,0x13007e80
1865,20055,8,0x130a3bc0
1866,20528,8,0x1313f900
1867,20372,8,0x131db640
1868,20295,8,0x13277380
1869,20350,8,0x133130c0
1870,20505,8,0x133aee00
1871,20420,8,0x1344ab40
1872,20646,8,0x134e6880
1873,19942,8,0x135825c0
1874,20766,8,0x1361e300
1875,20780,8,0x136ba040
1876,21122,8,0x13755d80
1877,20843,8,0x137f1ac0
1878,20185,8,0x1388d800
1879,20561,8,0x13929540
1880,20409,8,0x139c5280
1881,21113,8,0x13a60fc0
1882,20872,8,0x13afcd00
1883,20769,8,0x13b98a40
1884,20230,8,0x13c34780
1885,20767,8,0x13cd04c0
1886,20475,8,0x13d6c200
1887,20124,8,0x13e07f40
1888,20599,8,0x13ea3c80
1889,21123,8,0x13f3f9c0
1890,20174,8,0x13fdb700
1891,19944,8,0x14077440
1892,21316,8,0x14113180
1893,20405,8,0x141aeec0
1894,20400,8,0x1424ac00
1895,20680,8,0x142e6940
1896,19900,8,0x14382680
1897,20702,8,0x1441e3c0
1898,19803,8,0x144ba100
1899,20135,8,0x14555e40
1900,20691,8,0x145f1b80
1901,20457,8,0x1468d8c0
1902,19774,8,0x14729600
1903,20235,8,0x147c5340
1904,20346,8,0x14861080
1905,20243,8,0x148fcdc0
1906,20792,8,0x14998b00
1907,21021,8,0x14a34840
1908,20714,8,0x14ad0580
1909,20905,8,0x14b6c2c0
1910,20138,8,0x14c08000
1911,21034,8,0x14ca3d40
1912,24159,8,0x14d3fa80
1913,23048,8,0x14ddb7c0
1914,24516,8,0x14e77500
1915,23339,8,0x14f13240
1916,21186,8,0x14faef80
1917,21298,8,0x1504acc0
1918,20988,8,0x150e6a00
1919,20843,8,0x15182740
1920,20376,8,0x1521e480
1921,20551,8,0x152ba1c0
1922,20871,8,0x15355f00
1923,21043,8,0x153f1c40
1924,20825,8,0x1548d980
1925,20244,8,0x155296c0
1926,19853,8,0x155c5400
1927,20423,8,0x15661140
1928,21236,8,0x156fce80
1929,20469,8,0x15798bc0
1930,20681,8,0x15834900
1931,20964,8,0x158d0640
1932,20817,8,0x1596c380
1933,20798,8,0x15a080c0
1934,20248,8,0x15aa3e00
1935,20245,8,0x15b3fb40
1936,21267,8,0x15bdb880
1937,20896,8,0x15c775c0
1938,20562,8,0x15d13300
1939,20840,8,0x15daf040
1940,20437,8,0x15e4ad80
1941,20599,8,0x15ee6ac0
1942,20367,8,0x15f82800
1943,20189,8,0x1601e540
1944,20456,8,0x160ba280
1945,20967,8,0x16155fc0
1946,21275,8,0x161f1d00
1947,28528,8,0x1628da40
1948,19621,8,0x16329780
1949,20057,8,0x163c54c0
1950,20499,8,0x16461200
1951,20059,8,0x164fcf40
1952,20656,8,0x16598c80
1953,20636,8,0x166349c0
1954,20482,8,0x166d0700
1955,20224,8,0x1676c440
1956,20644,8,0x16808180
1957,19801,8,0x168a3ec0
1958,20447,8,0x1693fc00
1959,21030,8,0x169db940
1960,20682,8,0x16a77680
1961,20000,8,0x16b133c0
1962,20187,8,0x16baf100
1963,20282,8,0x16c4ae40
1964,20013,8,0x16ce6b80
1965,20507,8,0x16d828c0
1966,20393,8,0x16e1e600
1967,20988,8,0x16eba340
1968,20258,8,0x16f56080
1969,21064,8,0x16ff1dc0
1970,20773,8,0x1708db00
1971,20655,8,0x17129840
1972,20768,8,0x171c5580
1973,19962,8,0x172612c0
1974,20493,8,0x172fd000
1975,21025,8,0x17398d40
1976,23339,8,0x17434a80
1977,23132,8,0x174d07c0
1978,23798,8,0x1756c500
1979,22937,8,0x17608240
1980,20069,8,0x176a3f80
1981,20756,8,0x1773fcc0
1982,20798,8,0x177dba00
1983,20460,8,0x17877740
1984,20674,8,0x17913480
1985,21908,8,0x179af1c0
1986,20655,8,0x17a4af00
1987,19825,8,0x17ae6c40
1988,20570,8,0x17b82980
1989,20770,8,0x17c1e6c0
1990,19848,8,0x17cba400
1991,20467,8,0x17d56140
1992,20712,8,0x17df1e80
1993,20222,8,0x17e8dbc0
1994,20338,8,0x17f29900
1995,20854,8,0x17fc5640
1996,20989,8,0x18061380
1997,21253,8,0x180fd0c0
1998,20214,8,0x18198e00
1999,20420,8,0x18234b40
2000,21615,8,0x182d0880
2001,21366,8,0x1836c5c0
2002,20922,8,0x18408300
2003,20726,8,0x184a4040
2004,22060,8,0x1853fd80
2005,22008,8,0x185dbac0
2006,20143,8,0x18677800
2007,20735,8,0x18713540
2008,21005,8,0x187af280
2009,21590,8,0x1884afc0
2010,20654,8,0x188e6d00
2011,20471,8,0x18982a40
2012,20773,8,0x18a1e780
2013,20757,8,0x18aba4c0
2014,20536,8,0x18b56200
2015,21542,8,0x18bf1f40
2016,21027,8,0x18c8dc80
2017,20465,8,0x18d299c0
2018,20091,8,0x18dc5700
2019,20658,8,0x18e61440
2020,20371,8,0x18efd180
2021,20499,8,0x18f98ec0
2022,20091,8,0x19034c00
2023,20875,8,0x190d0940
2024,20646,8,0x1916c680
2025,20062,8,0x192083c0
2026,20430,8,0x192a4100
2027,21262,8,0x1933fe40
2028,20779,8,0x193dbb80
2029,20298,8,0x194778c0
2030,19687,8,0x19513600
2031,21190,8,0x195af340
2032,20352,8,0x1964b080
2033,20272,8,0x196e6dc0
2034,19938,8,0x19782b00
2035,20924,8,0x1981e840
2036,20233,8,0x198ba580
2037,19882,8,0x199562c0
2038,20311,8,0x199f2000
2039,20277,8,0x19a8dd40
2040,23061,8,0x19b29a80
2041,23315,8,0x19bc57c0
2042,22920,8,0x19c61500
2043,23389,8,0x19cfd240
2044,20354,8,0x19d98f80
2045,19847,8,0x19e34cc0
2046,20566,8,0x19ed0a00
2047,20523,8,0x19f6c740
2048,19918,8,0x1a008480
2049,20722,8,0x1a0a41c0
2050,21730,8,0x1a13ff00
2051,21608,8,0x1a1dbc40
2052,20579,8,0x1a277980
2053,20295,8,0x1a3136c0
2054,20518,8,0x1a3af400
2055,20190,8,0x1a44b140
2056,20075,8,0x1a4e6e80
2057,20371,8,0x1a582bc0
2058,20677,8,0x1a61e900
2059,20661,8,0x1a6ba640
2060,20193,8,0x1a756380
2061,20767,8,0x1a7f20c0
2062,20194,8,0x1a88de00
2063,20859,8,0x1a929b40
2064,19678,8,0x1a9c5880
2065,21220,8,0x1aa615c0
2066,20397,8,0x1aafd300
2067,20950,8,0x1ab99040
2068,20870,8,0x1ac34d80
2069,20210,8,0x1acd0ac0
2070,19964,8,0x1ad6c800
2071,20186,8,0x1ae08540
2072,20190,8,0x1aea4280
2073,21124,8,0x1af3ffc0
2074,20379,8,0x1afdbd00
2075,21212,8,0x1b077a40
2076,20257,8,0x1b113780
2077,20457,8,0x1b1af4c0
2078,19731,8,0x1b24b200
2079,19996,8,0x1b2e6f40
2080,20058,8,0x1b382c80
2081,20876,8,0x1b41e9c0
2082,20380,8,0x1b4ba700
2083,20033,8,0x1b556440
2084,32364,8,0x1b5f2180
2085,20183,8,0x1b68dec0
2086,19507,8,0x1b729c00
2087,20042,8,0x1b7c5940
2088,19750,8,0x1b861680
2089,20114,8,0x1b8fd3c0
2090,19251,8,0x1b999100
2091,19566,8,0x1ba34e40
2092,19141,8,0x1bad0b80
2093,19545,8,0x1bb6c8c0
2094,18923,8,0x1bc08600
2095,19438,8,0x1bca4340
2096,18107,8,0x1bd40080
2097,18394,8,0x1bddbdc0
2098,18341,8,0x1be77b00
2099,18453,8,0x1bf13840
2100,19370,8,0x1bfaf580
2101,17985,8,0x1c04b2c0
2102,17195,8,0x1c0e7000
2103,17743,8,0x1c182d40
2104,20653,8,0x1c21ea80
2105,21453,8,0x1c2ba7c0
2106,19985,8,0x1c356500
2107,20300,8,0x1c3f2240
2108,19056,8,0x1c48df80
2109,18280,8,0x1c529cc0
2110,17660,8,0x1c5c5a00
2111,18401,8,0x1c661740
2112,18290,8,0x1c6fd480
2113,18389,8,0x1c7991c0
2114,17581,8,0x1c834f00
2115,18045,8,0x1c8d0c40
2116,19601,8,0x1c96c980
2117,17534,8,0x1ca086c0
2118,16986,8,0x1caa4400
2119,18530,8,0x1cb40140
2120,18575,8,0x1cbdbe80
2121,18172,8,0x1cc77bc0
2122,17303,8,0x1cd13900
2123,18601,8,0x1cdaf640
2124,19171,8,0x1ce4b380
2125,18303,8,0x1cee70c0
2126,17411,8,0x1cf82e00
2127,18599,8,0x1d01eb40
2128,18467,8,0x1d0ba880
2129,18489,8,0x1d1565c0
2130,18340,8,0x1d1f2300
2131,19203,8,0x1d28e040
2132,18278,8,0x1d329d80
2133,18080,8,0x1d3c5ac0
2134,18449,8,0x1d461800
2135,18726,8,0x1d4fd540
2136,17537,8,0x1d599280
2137,15208,8,0x1d634fc0
2138,20132,8,0x1d6d0d00
2139,18118,8,0x1d76ca40
2140,17863,8,0x1d808780
2141,17659,8,0x1d8a44c0
2142,18411,8,0x1d940200
2143,18383,8,0x1d9dbf40
2144,17990,8,0x1da77c80
2145,18355,8,0x1db139c0
2146,18276,8,0x1dbaf700
2147,17994,8,0x1dc4b440
2148,17954,8,0x1dce7180
2149,18002,8,0x1dd82ec0
2150,18411,8,0x1de1ec00
2151,18704,8,0x1deba940
2152,17735,8,0x1df56680
2153,20674,8,0x1dff23c0
2154,18632,8,0x1e08e100
2155,18322,8,0x1e129e40
2156,18132,8,0x1e1c5b80
2157,18790,8,0x1e2618c0
2158,18375,8,0x1e2fd600
2159,19500,8,0x1e399340
2160,18558,8,0x1e435080
2161,18321,8,0x1e4d0dc0
2162,18233,8,0x1e56cb00
2163,18582,8,0x1e608840
2164,19017,8,0x1e6a4580
2165,18684,8,0x1e7402c0
2166,18566,8,0x1e7dc000
2167,18434,8,0x1e877d40
2168,20346,8,0x1e913a80
2169,22908,8,0x1e9af7c0
2170,21259,8,0x1ea4b500
2171,20620,8,0x1eae7240
2172,18503,8,0x1eb82f80
2173,18324,8,0x1ec1ecc0
2174,18557,8,0x1ecbaa00
2175,17893,8,0x1ed56740
2176,18490,8,0x1edf2480
2177,17725,8,0x1ee8e1c0
2178,18480,8,0x1ef29f00
2179,18522,8,0x1efc5c40
2180,18653,8,0x1f061980
2181,19108,8,0x1f0fd6c0
2182,18908,8,0x1f199400
2183,18310,8,0x1f235140
2184,18200,8,0x1f2d0e80
2185,18426,8,0x1f36cbc0
2186,18098,8,0x1f408900
2187,19204,8,0x1f4a4640
2188,18884,8,0x1f540380
2189,18431,8,0x1f5dc0c0
2190,17970,8,0x1f677e00
2191,18715,8,0x1f713b40
2192,18462,8,0x1f7af880
2193,18705,8,0x1f84b5c0
2194,17999,8,0x1f8e7300
2195,18645,8,0x1f983040
2196,19255,8,0x1fa1ed80
2197,18519,8,0x1fabaac0
2198,17626,8,0x1fb56800
2199,18206,8,0x1fbf2540
2200,18503,8,0x1fc8e280
2201,17939,8,0x1fd29fc0
2202,18063,8,0x1fdc5d00
2203,18563,8,0x1fe61a40
2204,18840,8,0x1fefd780
2205,18126,8,0x1ff994c0
2206,18400,8,0x20035200
2207,18951,8,0x200d0f40
2208,18142,8,0x2016cc80
2209,18606,8,0x202089c0
2210,18126,8,0x202a4700
2211,18598,8,0x20340440
2212,18366,8,0x203dc180
2213,18534,8,0x20477ec0
2214,17719,8,0x20513c00
2215,19168,8,0x205af940
2216,19416,8,0x2064b680
2217,17946,8,0x206e73c0
2218,18003,8,0x20783100
2219,18757,8,0x2081ee40
2220,18131,8,0x208bab80
2221,17914,8,0x209568c0
2222,17938,8,0x209f2600
2223,18714,8,0x20a8e340
2224,17748,8,0x20b2a080
2225,17654,8,0x20bc5dc0
2226,18190,8,0x20c61b00
2227,18785,8,0x20cfd840
2228,18421,8,0x20d99580
2229,18141,8,0x20e352c0
2230,18950,8,0x20ed1000
2231,18884,8,0x20f6cd40
2232,20246,8,0x21008a80
2233,21458,8,0x210a47c0
2234,20991,8,0x21140500
2235,21967,8,0x211dc240
2236,18440,8,0x21277f80
2237,18402,8,0x21313cc0
2238,18491,8,0x213afa00
2239,19017,8,0x2144b740
2240,18290,8,0x214e7480
2241,18169,8,0x215831c0
2242,35035,8,0x2161ef00
2243,17781,8,0x216bac40
2244,17540,8,0x21756980
2245,17997,8,0x217f26c0
2246,18158,8,0x2188e400
2247,17577,8,0x2192a140
2248,18069,8,0x219c5e80
2249,18176,8,0x21a61bc0
2250,17641,8,0x21afd900
2251,18532,8,0x21b99640
2252,17891,8,0x21c35380
2253,17920,8,0x21cd10c0
2254,17134,8,0x21d6ce00
2255,17917,8,0x21e08b40
2256,17929,8,0x21ea4880
2257,18030,8,0x21f405c0
2258,17564,8,0x21fdc300
2259,18422,8,0x22078040
2260,18159,8,0x22113d80
2261,18686,8,0x221afac0
2262,16950,8,0x2224b800
2263,17331,8,0x222e7540
2264,17178,8,0x22383280
2265,18806,8,0x2241efc0
2266,17697,8,0x224bad00
2267,17827,8,0x22556a40
2268,17921,8,0x225f2780
2269,18064,8,0x2268e4c0
2270,17447,8,0x2272a200
2271,18263,8,0x227c5f40
2272,18054,8,0x22861c80
2273,17797,8,0x228fd9c0
2274,18299,8,0x22999700
2275,17882,8,0x22a35440
2276,18826,8,0x22ad1180
2277,17708,8,0x22b6cec0
2278,17435,8,0x22c08c00
2279,18420,8,0x22ca4940
2280,17861,8,0x22d40680
2281,18036,8,0x22ddc3c0
2282,17448,8,0x22e78100
2283,17206,8,0x22f13e40
2284,17855,8,0x22fafb80
2285,17805,8,0x2304b8c0
2286,17259,8,0x230e7600
2287,18678,8,0x23183340
2288,17557,8,0x2321f080
2289,17243,8,0x232badc0
2290,17697,8,0x23356b00
2291,17828,8,0x233f2840
2292,17854,8,0x2348e580
2293,17383,8,0x2352a2c0
2294,17562,8,0x235c6000
2295,18338,8,0x23661d40
2296,25113,8,0x236fda80
2297,19929,8,0x237997c0
2298,20164,8,0x23835500
2299,20084,8,0x238d1240
2300,18355,8,0x2396cf80
2301,17658,8,0x23a08cc0
2302,17788,8,0x23aa4a00
2303,17992,8,0x23b40740
2304,18204,8,0x23bdc480
2305,17049,8,0x23c781c0
2306,17554,8,0x23d13f00
2307,18411,8,0x23dafc40
2308,18220,8,0x23e4b980
2309,17489,8,0x23ee76c0
2310,18112,8,0x23f83400
2311,18403,8,0x2401f140
2312,17711,8,0x240bae80
2313,17961,8,0x24156bc0
2314,17567,8,0x241f2900
2315,18308,8,0x2428e640
2316,18142,8,0x2432a380
2317,17586,8,0x243c60c0
2318,18513,8,0x24461e00
2319,17918,8,0x244fdb40
2320,17884,8,0x24599880
2321,17680,8,0x246355c0
2322,18472,8,0x246d1300
2323,17652,8,0x2476d040
2324,17800,8,0x24808d80
2325,18057,8,0x248a4ac0
2326,18093,8,0x24940800
2327,18446,8,0x249dc540
2328,17190,8,0x24a78280
2329,18697,8,0x24b13fc0
2330,17726,8,0x24bafd00
2331,18501,8,0x24c4ba40
2332,17566,8,0x24ce7780
2333,17923,8,0x24d834c0
2334,17395,8,0x24e1f200
2335,18232,8,0x24ebaf40
2336,17536,8,0x24f56c80
2337,18090,8,0x24ff29c0
2338,18010,8,0x2508e700
2339,18505,8,0x2512a440
2340,18429,8,0x251c6180
2341,18045,8,0x25261ec0
2342,18277,8,0x252fdc00
2343,18286,8,0x25399940
2344,23443,8,0x25435680
2345,18726,8,0x254d13c0
2346,18181,8,0x2556d100
2347,17445,8,0x25608e40
2348,18315,8,0x256a4b80
2349,17903,8,0x257408c0
2350,17655,8,0x257dc600
2351,18028,8,0x25878340
2352,17746,8,0x25914080
2353,18328,8,0x259afdc0
2354,17775,8,0x25a4bb00
2355,17658,8,0x25ae7840
2356,18025,8,0x25b83580
2357,17717,8,0x25c1f2c0
2358,17319,8,0x25cbb000
2359,17828,8,0x25d56d40
2360,20434,8,0x25df2a80
2361,19870,8,0x25e8e7c0
2362,19758,8,0x25f2a500
2363,20481,8,0x25fc6240
2364,18651,8,0x26061f80
2365,17226,8,0x260fdcc0
2366,17110,8,0x26199a00
2367,17838,8,0x26235740
2368,17911,8,0x262d1480
2369,17948,8,0x2636d1c0
2370,17425,8,0x26408f00
2371,18463,8,0x264a4c40
2372,17879,8,0x26540980
2373,17953,8,0x265dc6c0
2374,17794,8,0x26678400
2375,18244,8,0x26714140
2376,17998,8,0x267afe80
2377,18609,8,0x2684bbc0
2378,17120,8,0x268e7900
2379,17867,8,0x26983640
2380,18802,8,0x26a1f380
2381,18314,8,0x26abb0c0
2382,17847,8,0x26b56e00
2383,18185,8,0x26bf2b40
2384,18132,8,0x26c8e880
2385,17791,8,0x26d2a5c0
2386,17728,8,0x26dc6300
2387,18036,8,0x26e62040
2388,19114,8,0x26efdd80
2389,18212,8,0x26f99ac0
2390,18107,8,0x27035800
2391,17960,8,0x270d1540
2392,17830,8,0x2716d280
2393,17610,8,0x27208fc0
2394,18218,8,0x272a4d00
2395,18821,8,0x27340a40
2396,18773,8,0x273dc780
2397,17719,8,0x274784c0
2398,17356,8,0x27514200
2399,18940,8,0x275aff40
2400,18025,8,0x2764bc80
2401,18008,8,0x276e79c0
2402,17499,8,0x27783700
2403,18453,8,0x2781f440
2404,18453,8,0x278bb180
2405,17532,8,0x27956ec0
2406,17445,8,0x279f2c00
2407,18077,8,0x27a8e940
2408,18273,8,0x27b2a680
2409,17235,8,0x27bc63c0
2410,17643,8,0x27c62100
2411,18302,8,0x27cfde40
2412,18326,8,0x27d99b80
2413,18156,8,0x27e358c0
2414,18021,8,0x27ed1600
2415,18089,8,0x27f6d340
2416,17578,8,0x28009080
2417,17643,8,0x280a4dc0
2418,18595,8,0x28140b00
2419,18601,8,0x281dc840
2420,17927,8,0x28278580
2421,17860,8,0x283142c0
2422,17899,8,0x283b0000
2423,17858,8,0x2844bd40
2424,21986,8,0x284e7a80
2425,20502,8,0x285837c0
2426,20420,8,0x2861f500
2427,21673,8,0x286bb240
2428,17802,8,0x28756f80
2429,21994,8,0x287f2cc0
2430,18227,8,0x2888ea00
2431,18346,8,0x2892a740
2432,17767,8,0x289c6480
2433,18375,8,0x28a621c0
2434,18339,8,0x28afdf00
2435,18245,8,0x28b99c40
2436,17864,8,0x28c35980
2437,18162,8,0x28cd16c0
2438,18189,8,0x28d6d400
2439,18185,8,0x28e09140
2440,17208,8,0x28ea4e80
2441,18733,8,0x28f40bc0
2442,18160,8,0x28fdc900
2443,18566,8,0x29078640
2444,17858,8,0x29114380
2445,18710,8,0x291b00c0
2446,17747,8,0x2924be00
2447,18205,8,0x292e7b40
2448,17813,8,0x29383880
2449,18825,8,0x2941f5c0
2450,18824,8,0x294bb300
2451,17905,8,0x29557040
2452,18958,8,0x295f2d80
2453,18535,8,0x2968eac0
2454,17683,8,0x2972a800
2455,17987,8,0x297c6540
2456,17858,8,0x29862280
2457,18715,8,0x298fdfc0
2458,18378,8,0x29999d00
2459,17424,8,0x29a35a40
2460,17859,8,0x29ad1780
2461,17951,8,0x29b6d4c0
2462,17066,8,0x29c09200
2463,17285,8,0x29ca4f40
2464,17842,8,0x29d40c80
2465,18279,8,0x29ddc9c0
2466,18045,8,0x29e78700
2467,18208,8,0x29f14440
2468,18418,8,0x29fb0180
2469,18098,8,0x2a04bec0
2470,17308,8,0x2a0e7c00
2471,17769,8,0x2a183940
2472,18879,8,0x2a21f680
2473,18443,8,0x2a2bb3c0
2474,17567,8,0x2a357100
2475,18250,8,0x2a3f2e40
2476,18100,8,0x2a48eb80
2477,17906,8,0x2a52a8c0
2478,17552,8,0x2a5c6600
2479,17826,8,0x2a662340
2480,17815,8,0x2a6fe080
2481,18278,8,0x2a799dc0
2482,17856,8,0x2a835b00
2483,18768,8,0x2a8d1840
2484,18361,8,0x2a96d580
2485,18536,8,0x2aa092c0
2486,17241,8,0x2aaa5000
2487,18156,8,0x2ab40d40
2488,20492,8,0x2abdca80
2489,21333,8,0x2ac787c0
2490,19966,8,0x2ad14500
2491,21930,8,0x2adb0240
2492,18337,8,0x2ae4bf80
2493,17895,8,0x2aee7cc0
2494,17633,8,0x2af83a00
2495,18040,8,0x2b01f740
2496,17988,8,0x2b0bb480
2497,17655,8,0x2b1571c0
2498,17612,8,0x2b1f2f00
2499,18270,8,0x2b28ec40
2500,18492,8,0x2b32a980
2501,17914,8,0x2b3c66c0
2502,17826,8,0x2b462400
2503,19612,8,0x2b4fe140
2504,18235,8,0x2b599e80
2505,17905,8,0x2b635bc0
2506,18122,8,0x2b6d1900
2507,18274,8,0x2b76d640
2508,18534,8,0x2b809380
2509,17868,8,0x2b8a50c0
2510,18174,8,0x2b940e00
2511,18258,8,0x2b9dcb40
2512,17743,8,0x2ba78880
2513,18416,8,0x2bb145c0
2514,17846,8,0x2bbb0300
2515,18142,8,0x2bc4c040
2516,18616,8,0x2bce7d80
2517,17607,8,0x2bd83ac0
2518,18162,8,0x2be1f800
2519,18168,8,0x2bebb540
2520,17826,8,0x2bf57280
2521,18903,8,0x2bff2fc0
2522,18600,8,0x2c08ed00
2523,18447,8,0x2c12aa40
2524,17789,8,0x2c1c6780
2525,18531,8,0x2c2624c0
2526,18919,8,0x2c2fe200
2527,18673,8,0x2c399f40
2528,17661,8,0x2c435c80
2529,18503,8,0x2c4d19c0
2530,17895,8,0x2c56d700
2531,18402,8,0x2c609440
2532,18037,8,0x2c6a5180
2533,19255,8,0x2c740ec0
2534,18160,8,0x2c7dcc00
2535,18367,8,0x2c878940
2536,17703,8,0x2c914680
2537,18409,8,0x2c9b03c0
2538,18183,8,0x2ca4c100
2539,18170,8,0x2cae7e40
2540,17808,8,0x2cb83b80
2541,18173,8,0x2cc1f8c0
2542,19131,8,0x2ccbb600
2543,18202,8,0x2cd57340
2544,17902,8,0x2cdf3080
2545,18345,8,0x2ce8edc0
2546,17823,8,0x2cf2ab00
2547,19176,8,0x2cfc6840
2548,17897,8,0x2d062580
2549,18202,8,0x2d0fe2c0
2550,18075,8,0x2d19a000
2551,17868,8,0x2d235d40
2552,20215,8,0x2d2d1a80
2553,20463,8,0x2d36d7c0
2554,20352,8,0x2d409500
2555,19531,8,0x2d4a5240
2556,18453,8,0x2d540f80
2557,18493,8,0x2d5dccc0
2558,18810,8,0x2d678a00
2559,18116,8,0x2d714740
2560,18595,8,0x2d7b0480
2561,17657,8,0x2d84c1c0
2562,18295,8,0x2d8e7f00
2563,17942,8,0x2d983c40
2564,18362,8,0x2da1f980
2565,18401,8,0x2dabb6c0
2566,18422,8,0x2db57400
2567,17898,8,0x2dbf3140
2568,18140,8,0x2dc8ee80
2569,18096,8,0x2dd2abc0
2570,18113,8,0x2ddc6900
2571,18196,8,0x2de62640
2572,19147,8,0x2defe380
2573,18062,8,0x2df9a0c0
2574,18458,8,0x2e035e00
2575,18082,8,0x2e0d1b40
2576,18591,8,0x2e16d880
2577,18009,8,0x2e2095c0
2578,17800,8,0x2e2a5300
2579,19163,8,0x2e341040
2580,18939,8,0x2e3dcd80
2581,17988,8,0x2e478ac0
2582,18042,8,0x2e514800
2583,18375,8,0x2e5b0540
2584,19008,8,0x2e64c280
2585,18336,8,0x2e6e7fc0
2586,17936,8,0x2e783d00
2587,18449,8,0x2e81fa40
2588,18676,8,0x2e8bb780
2589,17707,8,0x2e9574c0
2590,18516,8,0x2e9f3200
2591,18241,8,0x2ea8ef40
2592,19145,8,0x2eb2ac80
2593,18753,8,0x2ebc69c0
2594,18137,8,0x2ec62700
2595,18742,8,0x2ecfe440
2596,19621,8,0x2ed9a180
2597,18233,8,0x2ee35ec0
2598,18430,8,0x2eed1c00
2599,18392,8,0x2ef6d940
2600,18100,8,0x2f009680
2601,18314,8,0x2f0a53c0
2602,30908,8,0x2f141100
2603,16757,8,0x2f1dce40
2604,16997,8,0x2f278b80
2605,16277,8,0x2f3148c0
2606,17005,8,0x2f3b0600
2607,16564,8,0x2f44c340
2608,16717,8,0x2f4e8080
2609,17201,8,0x2f583dc0
2610,17137,8,0x2f61fb00
2611,16503,8,0x2f6bb840
2612,16330,8,0x2f757580
2613,16541,8,0x2f7f32c0
2614,16735,8,0x2f88f000
2615,16306,8,0x2f92ad40
2616,18791,8,0x2f9c6a80
2617,18783,8,0x2fa627c0
2618,19520,8,0x2fafe500
2619,19800,8,0x2fb9a240
2620,17018,8,0x2fc35f80
2621,17168,8,0x2fcd1cc0
2622,17196,8,0x2fd6da00
2623,16233,8,0x2fe09740
2624,16263,8,0x2fea5480
2625,18153,8,0x2ff411c0
2626,17211,8,0x2ffdcf00
2627,17086,8,0x30078c40
2628,17064,8,0x30114980
2629,16290,8,0x301b06c0
2630,16245,8,0x3024c400
2631,15525,8,0x302e8140
2632,16916,8,0x30383e80
2633,16725,8,0x3041fbc0
2634,17627,8,0x304bb900
2635,16517,8,0x30557640
2636,16681,8,0x305f3380
2637,16663,8,0x3068f0c0
2638,16787,8,0x3072ae00
2639,16570,8,0x307c6b40
2640,16489,8,0x30862880
2641,16668,8,0x308fe5c0
2642,17535,8,0x3099a300
2643,16160,8,0x30a36040
2644,17545,8,0x30ad1d80
2645,16020,8,0x30b6dac0
2646,16130,8,0x30c09800
2647,17600,8,0x30ca5540
2648,16773,8,0x30d41280
2649,17228,8,0x30ddcfc0
2650,16966,8,0x30e78d00
2651,17669,8,0x30f14a40
2652,17730,8,0x30fb0780
2653,16686,8,0x3104c4c0
2654,16392,8,0x310e8200
2655,16539,8,0x31183f40
2656,16687,8,0x3121fc80
2657,16803,8,0x312bb9c0
2658,16728,8,0x31357700
2659,17233,8,0x313f3440
2660,17266,8,0x3148f180
2661,16235,8,0x3152aec0
2662,16439,8,0x315c6c00
2663,16363,8,0x31662940
2664,16783,8,0x316fe680
2665,16614,8,0x3179a3c0
2666,16259,8,0x31836100
2667,16517,8,0x318d1e40
2668,16730,8,0x3196db80
2669,16801,8,0x31a098c0
2670,15959,8,0x31aa5600
2671,17040,8,0x31b41340
2672,16964,8,0x31bdd080
2673,17018,8,0x31c78dc0
2674,16389,8,0x31d14b00
2675,17069,8,0x31db0840
2676,17635,8,0x31e4c580
2677,16851,8,0x31ee82c0
2678,16701,8,0x31f84000
2679,16634,8,0x3201fd40
2680,18672,8,0x320bba80
2681,18343,8,0x321577c0
2682,18767,8,0x321f3500
2683,18713,8,0x3228f240
2684,17686,8,0x3232af80
2685,16545,8,0x323c6cc0
2686,17039,8,0x32462a00
2687,16930,8,0x324fe740
2688,17059,8,0x3259a480
2689,16735,8,0x326361c0
2690,17097,8,0x326d1f00
2691,16951,8,0x3276dc40
2692,16519,8,0x32809980
2693,16479,8,0x328a56c0
2694,16813,8,0x32941400
2695,16568,8,0x329dd140
2696,16564,8,0x32a78e80
2697,16801,8,0x32b14bc0
2698,16482,8,0x32bb0900
2699,17590,8,0x32c4c640
2700,17191,8,0x32ce8380
2701,16156,8,0x32d840c0
2702,16741,8,0x32e1fe00
2703,17433,8,0x32ebbb40
2704,16533,8,0x32f57880
2705,17145,8,0x32ff35c0
2706,17640,8,0x3308f300
2707,16625,8,0x3312b040
2708,16887,8,0x331c6d80
2709,16396,8,0x33262ac0
2710,16866,8,0x332fe800
2711,16368,8,0x3339a540
2712,17131,8,0x33436280
2713,17549,8,0x334d1fc0
2714,16688,8,0x3356dd00
2715,16845,8,0x33609a40
2716,16568,8,0x336a5780
2717,16662,8,0x337414c0
2718,17383,8,0x337dd200
2719,16785,8,0x33878f40
2720,16695,8,0x33914c80
2721,16896,8,0x339b09c0
2722,16228,8,0x33a4c700
2723,16177,8,0x33ae8440
2724,16888,8,0x33b84180
2725,16361,8,0x33c1fec0
2726,16899,8,0x33cbbc00
2727,16053,8,0x33d57940
2728,17396,8,0x33df3680
2729,16449,8,0x33e8f3c0
2730,16912,8,0x33f2b100
2731,16660,8,0x33fc6e40
2732,16431,8,0x34062b80
2733,17002,8,0x340fe8c0
2734,16613,8,0x3419a600
2735,16679,8,0x34236340
2736,16769,8,0x342d2080
2737,17617,8,0x3436ddc0
2738,16863,8,0x34409b00
2739,16484,8,0x344a5840
2740,18030,8,0x34541580
2741,16893,8,0x345dd2c0
2742,16843,8,0x34679000
2743,16199,8,0x34714d40
2744,19306,8,0x347b0a80
2745,18966,8,0x3484c7c0
2746,18686,8,0x348e8500
2747,18891,8,0x34984240
2748,16907,8,0x34a1ff80
2749,17084,8,0x34abbcc0
2750,16440,8,0x34b57a00
2751,16435,8,0x34bf3740
2752,17198,8,0x34c8f480
2753,16691,8,0x34d2b1c0
2754,16125,8,0x34dc6f00
2755,16681,8,0x34e62c40
2756,17103,8,0x34efe980
2757,17118,8,0x34f9a6c0
2758,16162,8,0x35036400
2759,16788,8,0x350d2140
2760,16836,8,0x3516de80
2761,16607,8,0x35209bc0
2762,33554,8,0x352a5900
2763,16437,8,0x35341640
2764,16321,8,0x353dd380
2765,16390,8,0x354790c0
2766,16159,8,0x35514e00
2767,17129,8,0x355b0b40
2768,16616,8,0x3564c880
2769,15731,8,0x356e85c0
2770,16300,8,0x35784300
2771,16611,8,0x35820040
2772,16769,8,0x358bbd80
2773,15993,8,0x35957ac0
2774,20539,8,0x359f3800
2775,16247,8,0x35a8f540
2776,16388,8,0x35b2b280
2777,15908,8,0x35bc6fc0
2778,15949,8,0x35c62d00
2779,16365,8,0x35cfea40
2780,17504,8,0x35d9a780
2781,16052,8,0x35e364c0
2782,16043,8,0x35ed2200
2783,16718,8,0x35f6df40
2784,16551,8,0x36009c80
2785,15907,8,0x360a59c0
2786,16195,8,0x36141700
2787,16187,8,0x361dd440
2788,16216,8,0x36279180
2789,15914,8,0x36314ec0
2790,16557,8,0x363b0c00
2791,16377,8,0x3644c940
2792,16239,8,0x364e8680
2793,16335,8,0x365843c0
2794,16256,8,0x36620100
2795,16281,8,0x366bbe40
2796,16058,8,0x36757b80
2797,15924,8,0x367f38c0
2798,16159,8,0x3688f600
2799,16366,8,0x3692b340
2800,16179,8,0x369c7080
2801,15991,8,0x36a62dc0
2802,16954,8,0x36afeb00
2803,16192,8,0x36b9a840
2804,16618,8,0x36c36580
2805,15689,8,0x36cd22c0
2806,16934,8,0x36d6e000
2807,15892,8,0x36e09d40
2808,18569,8,0x36ea5a80
2809,18003,8,0x36f417c0
2810,18418,8,0x36fdd500
2811,18213,8,0x37079240
2812,16378,8,0x37114f80
2813,16248,8,0x371b0cc0
2814,16527,8,0x3724ca00
2815,15980,8,0x372e8740
2816,16589,8,0x37384480
2817,16550,8,0x374201c0
2818,16325,8,0x374bbf00
2819,16299,8,0x37557c40
2820,16110,8,0x375f3980
2821,16048,8,0x3768f6c0
2822,16026,8,0x3772b400
2823,16465,8,0x377c7140
2824,15985,8,0x37862e80
2825,16472,8,0x378febc0
2826,16576,8,0x3799a900
2827,16164,8,0x37a36640
2828,16255,8,0x37ad2380
2829,16408,8,0x37b6e0c0
2830,16474,8,0x37c09e00
2831,16191,8,0x37ca5b40
2832,17314,8,0x37d41880
2833,16315,8,0x37ddd5c0
2834,16266,8,0x37e79300
2835,16028,8,0x37f15040
2836,17329,8,0x37fb0d80
2837,15748,8,0x3804cac0
2838,16525,8,0x380e8800
2839,16039,8,0x38184540
2840,16329,8,0x38220280
2841,16921,8,0x382bbfc0
2842,16041,8,0x38357d00
2843,15986,8,0x383f3a40
2844,15994,8,0x3848f780
2845,16457,8,0x3852b4c0
2846,15975,8,0x385c7200
2847,15897,8,0x38662f40
2848,16050,8,0x386fec80
2849,16603,8,0x3879a9c0
2850,16117,8,0x38836700
2851,15991,8,0x388d2440
2852,16802,8,0x3896e180
2853,15713,8,0x38a09ec0
2854,16016,8,0x38aa5c00
2855,16451,8,0x38b41940
2856,17062,8,0x38bdd680
2857,16153,8,0x38c793c0
2858,16026,8,0x38d15100
2859,16569,8,0x38db0e40
2860,16097,8,0x38e4cb80
2861,15819,8,0x38ee88c0
2862,16233,8,0x38f84600
2863,16774,8,0x39020340
2864,16945,8,0x390bc080
2865,15731,8,0x39157dc0
2866,16114,8,0x391f3b00
2867,16240,8,0x3928f840
2868,16689,8,0x3932b580
2869,15916,8,0x393c72c0
2870,15603,8,0x39463000
2871,17153,8,0x394fed40
2872,18729,8,0x3959aa80
2873,18758,8,0x396367c0
2874,19345,8,0x396d2500
2875,18788,8,0x3976e240
2876,16534,8,0x39809f80
2877,15763,8,0x398a5cc0
2878,16413,8,0x39941a00
2879,16826,8,0x399dd740
2880,16243,8,0x39a79480
2881,16011,8,0x39b151c0
2882,15783,8,0x39bb0f00
2883,15990,8,0x39c4cc40
2884,17097,8,0x39ce8980
2885,16445,8,0x39d846c0
2886,16422,8,0x39e20400
2887,17287,8,0x39ebc140
2888,16247,8,0x39f57e80
2889,16234,8,0x39ff3bc0
2890,16975,8,0x3a08f900
2891,16476,8,0x3a12b640
2892,17336,8,0x3a1c7380
2893,16033,8,0x3a2630c0
2894,17285,8,0x3a2fee00
2895,17378,8,0x3a39ab40
2896,17241,8,0x3a436880
2897,16425,8,0x3a4d25c0
2898,16192,8,0x3a56e300
2899,16951,8,0x3a60a040
2900,16422,8,0x3a6a5d80
2901,16435,8,0x3a741ac0
2902,16214,8,0x3a7dd800
2903,16482,8,0x3a879540
2904,16079,8,0x3a915280
2905,16575,8,0x3a9b0fc0
2906,16527,8,0x3aa4cd00
2907,16589,8,0x3aae8a40
2908,16745,8,0x3ab84780
2909,16457,8,0x3ac204c0
2910,16588,8,0x3acbc200
2911,16882,8,0x3ad57f40
2912,16557,8,0x3adf3c80
2913,16702,8,0x3ae8f9c0
2914,16412,8,0x3af2b700
2915,16194,8,0x3afc7440
2916,16247,8,0x3b063180
2917,17076,8,0x3b0feec0
2918,16314,8,0x3b19ac00
2919,16940,8,0x3b236940
2920,15760,8,0x3b2d2680
2921,16799,8,0x3b36e3c0
2922,16425,8,0x3b40a100
2923,16410,8,0x3b4a5e40
2924,15939,8,0x3b541b80
2925,16239,8,0x3b5dd8c0
2926,16753,8,0x3b679600
2927,16586,8,0x3b715340
2928,16816,8,0x3b7b1080
2929,16503,8,0x3b84cdc0
2930,16359,8,0x3b8e8b00
2931,16144,8,0x3b984840
2932,16988,8,0x3ba20580
2933,16009,8,0x3babc2c0
2934,16556,8,0x3bb58000
2935,16504,8,0x3bbf3d40
2936,19041,8,0x3bc8fa80
2937,18565,8,0x3bd2b7c0
2938,18296,8,0x3bdc7500
2939,18362,8,0x3be63240
2940,16914,8,0x3befef80
2941,17726,8,0x3bf9acc0
2942,17131,8,0x3c036a00
2943,17129,8,0x3c0d2740
2944,16287,8,0x3c16e480
2945,16313,8,0x3c20a1c0
2946,16854,8,0x3c2a5f00
2947,17545,8,0x3c341c40
2948,16933,8,0x3c3dd980
2949,16348,8,0x3c4796c0
2950,15853,8,0x3c515400
2951,16641,8,0x3c5b1140
2952,16975,8,0x3c64ce80
2953,16355,8,0x3c6e8bc0
2954,16266,8,0x3c784900
2955,17462,8,0x3c820640
2956,17141,8,0x3c8bc380
2957,16521,8,0x3c9580c0
2958,16673,8,0x3c9f3e00
2959,16754,8,0x3ca8fb40
2960,16452,8,0x3cb2b880
2961,16975,8,0x3cbc75c0
2962,16412,8,0x3cc63300
2963,17136,8,0x3ccff040
2964,17170,8,0x3cd9ad80
2965,16151,8,0x3ce36ac0
2966,16658,8,0x3ced2800
2967,16462,8,0x3cf6e540
2968,16164,8,0x3d00a280
2969,16864,8,0x3d0a5fc0
2970,17116,8,0x3d141d00
2971,16642,8,0x3d1dda40
2972,16599,8,0x3d279780
2973,16579,8,0x3d3154c0
2974,16578,8,0x3d3b1200
2975,16689,8,0x3d44cf40
2976,16563,8,0x3d4e8c80
2977,16155,8,0x3d5849c0
2978,16048,8,0x3d620700
2979,16829,8,0x3d6bc440
2980,16688,8,0x3d758180
2981,16496,8,0x3d7f3ec0
2982,16957,8,0x3d88fc00
2983,17079,8,0x3d92b940
2984,15968,8,0x3d9c7680
2985,15898,8,0x3da633c0
2986,16239,8,0x3daff100
2987,16773,8,0x3db9ae40
2988,16482,8,0x3dc36b80
2989,16365,8,0x3dcd28c0
2990,15981,8,0x3dd6e600
2991,16202,8,0x3de0a340
2992,16420,8,0x3dea6080
2993,16221,8,0x3df41dc0
2994,16415,8,0x3dfddb00
2995,17097,8,0x3e079840
2996,16476,8,0x3e115580
2997,16080,8,0x3e1b12c0
2998,15959,8,0x3e24d000
2999,16415,8,0x3e2e8d40
3000,18777,8,0x3e384a80
3001,18782,8,0x3e4207c0
3002,18321,8,0x3e4bc500
3003,18666,8,0x3e558240
3004,16884,8,0x3e5f3f80
3005,20981,8,0x3e68fcc0
3006,15924,8,0x3e72ba00
3007,16111,8,0x3e7c7740
3008,16248,8,0x3e863480
3009,16794,8,0x3e8ff1c0
3010,17347,8,0x3e99af00
3011,16199,8,0x3ea36c40
3012,16097,8,0x3ead2980
3013,16440,8,0x3eb6e6c0
3014,15788,8,0x3ec0a400
3015,16515,8,0x3eca6140
3016,16883,8,0x3ed41e80
3017,16953,8,0x3edddbc0
3018,17154,8,0x3ee79900
3019,16355,8,0x3ef15640
3020,16832,8,0x3efb1380
3021,17180,8,0x3f04d0c0
3022,16095,8,0x3f0e8e00
3023,16546,8,0x3f184b40
3024,17027,8,0x3f220880
3025,16653,8,0x3f2bc5c0
3026,16317,8,0x3f358300
3027,16599,8,0x3f3f4040
3028,16891,8,0x3f48fd80
3029,16866,8,0x3f52bac0
3030,15816,8,0x3f5c7800
3031,16381,8,0x3f663540
3032,17147,8,0x3f6ff280
3033,17649,8,0x3f79afc0
3034,16884,8,0x3f836d00
3035,16580,8,0x3f8d2a40
3036,17933,8,0x3f96e780
3037,16979,8,0x3fa0a4c0
3038,16252,8,0x3faa6200
3039,16681,8,0x3fb41f40
3040,16553,8,0x3fbddc80
3041,17144,8,0x3fc799c0
3042,16234,8,0x3fd15700
3043,16974,8,0x3fdb1440
3044,16185,8,0x3fe4d180
3045,17046,8,0x3fee8ec0
3046,16133,8,0x3ff84c00
3047,17625,8,0x20980
3048,17234,8,0xbc6c0
3049,16339,8,0x158400
3050,17550,8,0x1f4140
3051,17274,8,0x28fe80
3052,16504,8,0x32bbc0
3053,16782,8,0x3c7900
3054,16726,8,0x463640
3055,17013,8,0x4ff380
3056,17214,8,0x59b0c0
3057,16651,8,0x636e00
3058,16460,8,0x6d2b40
3059,16759,8,0x76e880
3060,16363,8,0x80a5c0
3061,16331,8,0x8a6300
3062,16355,8,0x942040
3063,17322,8,0x9ddd80
3064,18713,8,0xa79ac0
3065,18151,8,0xb15800
3066,19019,8,0xbb1540
3067,18986,8,0xc4d280
3068,16841,8,0xce8fc0
3069,16446,8,0xd84d00
3070,16812,8,0xe20a40
3071,16858,8,0xebc780
3072,16637,8,0xf584c0
3073,16847,8,0xff4200
3074,16859,8,0x108ff40
3075,17206,8,0x112bc80
3076,16371,8,0x11c79c0
3077,16657,8,0x1263700
3078,17003,8,0x12ff440
3079,17410,8,0x139b180
3080,17038,8,0x1436ec0
3081,17494,8,0x14d2c00
3082,16900,8,0x156e940
3083,16991,8,0x160a680
3084,16337,8,0x16a63c0
3085,16305,8,0x1742100
3086,17827,8,0x17dde40
3087,17125,8,0x1879b80
3088,17048,8,0x19158c0
3089,17005,8,0x19b1600
3090,16681,8,0x1a4d340
3091,16977,8,0x1ae9080
3092,16952,8,0x1b84dc0
3093,16478,8,0x1c20b00
3094,16988,8,0x1cbc840
3095,16157,8,0x1d58580
3096,17122,8,0x1df42c0
3097,16810,8,0x1e90000
3098,16705,8,0x1f2bd40
3099,16623,8,0x1fc7a80
3100,16807,8,0x20637c0
3101,16800,8,0x20ff500
3102,17220,8,0x219b240
3103,16715,8,0x2236f80
3104,16527,8,0x22d2cc0
3105,17767,8,0x236ea00
3106,16505,8,0x240a740
3107,16077,8,0x24a6480
3108,16535,8,0x25421c0
3109,16583,8,0x25ddf00
3110,17032,8,0x2679c40
3111,16377,8,0x2715980
3112,17228,8,0x27b16c0
3113,16654,8,0x284d400
3114,17110,8,0x28e9140
3115,16629,8,0x2984e80
3116,17809,8,0x2a20bc0
3117,16687,8,0x2abc900
3118,16816,8,0x2b58640
3119,16654,8,0x2bf4380
3120,15900,8,0x2c900c0
3121,15825,8,0x2d2be00
3122,15540,8,0x2dc7b40
3123,15403,8,0x2e63880
3124,15752,8,0x2eff5c0
3125,15301,8,0x2f9b300
3126,16149,8,0x3037040
3127,15827,8,0x30d2d80
3128,18150,8,0x316eac0
3129,18632,8,0x320a800
3130,17510,8,0x32a6540
3131,17567,8,0x3342280
3132,16545,8,0x33ddfc0
3133,15076,8,0x3479d00
3134,15815,8,0x3515a40
3135,15727,8,0x35b1780
3136,15527,8,0x364d4c0
3137,14914,8,0x36e9200
3138,16006,8,0x3784f40
3139,15774,8,0x3820c80
3140,16116,8,0x38bc9c0
3141,14816,8,0x3958700
3142,15696,8,0x39f4440
3143,15795,8,0x3a90180
3144,15973,8,0x3b2bec0
3145,15113,8,0x3bc7c00
3146,17051,8,0x3c63940
3147,15795,8,0x3cff680
3148,16253,8,0x3d9b3c0
3149,16079,8,0x3e37100
3150,15074,8,0x3ed2e40
3151,15329,8,0x3f6eb80
3152,15874,8,0x400a8c0
3153,15685,8,0x40a6600
3154,15067,8,0x4142340
3155,15425,8,0x41de080
3156,15892,8,0x4279dc0
3157,15017,8,0x4315b00
3158,16063,8,0x43b1840
3159,15400,8,0x444d580
3160,15340,8,0x44e92c0
3161,14856,8,0x4585000
3162,16238,8,0x4620d40
3163,15189,8,0x46bca80
3164,15525,8,0x47587c0
3165,26018,8,0x47f4500
3166,14716,8,0x4890240
3167,14194,8,0x492bf80
3168,14078,8,0x49c7cc0
3169,13793,8,0x4a63a00
3170,14723,8,0x4aff740
3171,14768,8,0x4b9b480
3172,14748,8,0x4c371c0
3173,13931,8,0x4cd2f00
3174,15157,8,0x4d6ec40
3175,14475,8,0x4e0a980
3176,14581,8,0x4ea66c0
3177,14207,8,0x4f42400
3178,15359,8,0x4fde140
3179,14515,8,0x5079e80
3180,14595,8,0x5115bc0
3181,14826,8,0x51b1900
3182,14509,8,0x524d640
3183,13999,8,0x52e9380
3184,14087,8,0x53850c0
3185,13927,8,0x5420e00
3186,14433,8,0x54bcb40
3187,14153,8,0x5558880
3188,14245,8,0x55f45c0
3189,14286,8,0x5690300
3190,14208,8,0x572c040
3191,14479,8,0x57c7d80
3192,15948,8,0x5863ac0
3193,16285,8,0x58ff800
3194,16893,8,0x599b540
3195,16247,8,0x5a37280
3196,14519,8,0x5ad2fc0
3197,14961,8,0x5b6ed00
3198,14839,8,0x5c0aa40
3199,13844,8,0x5ca6780
3200,14127,8,0x5d424c0
3201,13704,8,0x5dde200
3202,14625,8,0x5e79f40
3203,14595,8,0x5f15c80
3204,14567,8,0x5fb19c0
3205,14230,8,0x604d700
3206,14682,8,0x60e9440
3207,14724,8,0x6185180
3208,14632,8,0x6220ec0
3209,15690,8,0x62bcc00
3210,14986,8,0x6358940
3211,14154,8,0x63f4680
3212,14505,8,0x64903c0
3213,13755,8,0x652c100
3214,14906,8,0x65c7e40
3215,13870,8,0x6663b80
3216,15273,8,0x66ff8c0
3217,14031,8,0x679b600
3218,14418,8,0x6837340
3219,14519,8,0x68d3080
3220,14626,8,0x696edc0
3221,14109,8,0x6a0ab00
3222,14621,8,0x6aa6840
3223,13803,8,0x6b42580
3224,14679,8,0x6bde2c0
3225,14282,8,0x6c7a000
3226,14801,8,0x6d15d40
3227,14920,8,0x6db1a80
3228,14728,8,0x6e4d7c0
3229,14036,8,0x6ee9500
3230,15198,8,0x6f85240
3231,15282,8,0x7020f80
3232,14459,8,0x70bccc0
3233,14002,8,0x7158a00
3234,14466,8,0x71f4740
3235,13702,8,0x7290480
3236,14066,8,0x732c1c0
3237,14433,8,0x73c7f00
3238,14489,8,0x7463c40
3239,14066,8,0x74ff980
3240,14859,8,0x759b6c0
3241,13846,8,0x7637400
3242,14308,8,0x76d3140
3243,14742,8,0x776ee80
3244,14793,8,0x780abc0
3245,13857,8,0x78a6900
3246,14358,8,0x7942640
3247,45373,8,0x79de380
3248,15006,8,0x7a7a0c0
3249,13896,8,0x7b15e00
3250,14260,8,0x7bb1b40
3251,14575,8,0x7c4d880
3252,14302,8,0x7ce95c0
3253,14245,8,0x7d85300
3254,14628,8,0x7e21040
3255,14840,8,0x7ebcd80
3256,16412,8,0x7f58ac0
3257,16173,8,0x7ff4800
3258,16211,8,0x8090540
3259,20584,8,0x812c280
3260,15006,8,0x81c7fc0
3261,14144,8,0x8263d00
3262,15162,8,0x82ffa40
3263,14922,8,0x839b780
3264,14585,8,0x84374c0
3265,14704,8,0x84d3200
3266,15278,8,0x856ef40
3267,14609,8,0x860ac80
3268,14616,8,0x86a69c0
3269,13802,8,0x8742700
3270,15228,8,0x87de440
3271,14713,8,0x887a180
3272,14175,8,0x8915ec0
3273,14744,8,0x89b1c00
3274,14356,8,0x8a4d940
3275,14280,8,0x8ae9680
3276,14605,8,0x8b853c0
3277,13994,8,0x8c21100
3278,14676,8,0x8cbce40
3279,14626,8,0x8d58b80
3280,15248,8,0x8df48c0
3281,14151,8,0x8e90600
3282,14714,8,0x8f2c340
3283,14992,8,0x8fc8080
3284,14904,8,0x9063dc0
3285,15080,8,0x90ffb00
3286,14354,8,0x919b840
3287,14589,8,0x9237580
3288,14436,8,0x92d32c0
3289,14945,8,0x936f000
3290,14818,8,0x940ad40
3291,14125,8,0x94a6a80
3292,14470,8,0x95427c0
3293,15040,8,0x95de500
3294,15151,8,0x967a240
3295,15283,8,0x9715f80
3296,14882,8,0x97b1cc0
3297,14482,8,0x984da00
3298,14731,8,0x98e9740
3299,14466,8,0x9985480
3300,14819,8,0x9a211c0
3301,14445,8,0x9abcf00
3302,14873,8,0x9b58c40
3303,14800,8,0x9bf4980
3304,14897,8,0x9c906c0
3305,14694,8,0x9d2c400
3306,14352,8,0x9dc8140
3307,14389,8,0x9e63e80
3308,15489,8,0x9effbc0
3309,15487,8,0x9f9b900
3310,14586,8,0xa037640
3311,14731,8,0xa0d3380
3312,14875,8,0xa16f0c0
3313,14438,8,0xa20ae00
3314,14508,8,0xa2a6b40
3315,13947,8,0xa342880
3316,14979,8,0xa3de5c0
3317,14701,8,0xa47a300
3318,14396,8,0xa516040
3319,14679,8,0xa5b1d80
3320,17192,8,0xa64dac0
3321,16959,8,0xa6e9800
3322,16254,8,0xa785540
3323,16512,8,0xa821280
3324,14661,8,0xa8bcfc0
3325,13858,8,0xa958d00
3326,14353,8,0xa9f4a40
3327,14717,8,0xaa90780
3328,15445,8,0xab2c4c0
3329,14126,8,0xabc8200
3330,14162,8,0xac63f40
3331,15042,8,0xacffc80
3332,14291,8,0xad9b9c0
3333,14281,8,0xae37700
3334,14550,8,0xaed3440
3335,14437,8,0xaf6f180
3336,14837,8,0xb00aec0
3337,14297,8,0xb0a6c00
3338,14473,8,0xb142940
3339,14492,8,0xb1de680
3340,14633,8,0xb27a3c0
3341,14583,8,0xb316100
3342,14598,8,0xb3b1e40
3343,14347,8,0xb44db80
3344,13894,8,0xb4e98c0
3345,14451,8,0xb585600
3346,14553,8,0xb621340
3347,14132,8,0xb6bd080
3348,14248,8,0xb758dc0
3349,14363,8,0xb7f4b00
3350,14863,8,0xb890840
3351,14265,8,0xb92c580
3352,14215,8,0xb9c82c0
3353,13938,8,0xba64000
3354,15370,8,0xbaffd40
3355,14685,8,0xbb9ba80
3356,14769,8,0xbc377c0
3357,14178,8,0xbcd3500
3358,15082,8,0xbd6f240
3359,14696,8,0xbe0af80
3360,15040,8,0xbea6cc0
3361,13793,8,0xbf42a00
3362,15287,8,0xbfde740
3363,14541,8,0xc07a480
3364,14751,8,0xc1161c0
3365,14678,8,0xc1b1f00
3366,15183,8,0xc24dc40
3367,14581,8,0xc2e9980
3368,14223,8,0xc3856c0
3369,14453,8,0xc421400
3370,15174,8,0xc4bd140
3371,14523,8,0xc558e80
3372,14623,8,0xc5f4bc0
3373,15365,8,0xc690900
3374,15389,8,0xc72c640
3375,14533,8,0xc7c8380
3376,14656,8,0xc8640c0
3377,15153,8,0xc8ffe00
3378,14815,8,0xc99bb40
3379,14516,8,0xca37880
3380,30982,8,0xcad35c0
3381,14346,8,0xcb6f300
3382,14555,8,0xcc0b040
3383,13992,8,0xcca6d80
3384,16796,8,0xcd42ac0
3385,15689,8,0xcdde800
3386,16008,8,0xce7a540
3387,15389,8,0xcf16280
3388,14865,8,0xcfb1fc0
3389,13709,8,0xd04dd00
3390,14507,8,0xd0e9a40
3391,13788,8,0xd185780
3392,14661,8,0xd2214c0
3393,14141,8,0xd2bd200
3394,13943,8,0xd358f40
3395,13964,8,0xd3f4c80
3396,14231,8,0xd4909c0
3397,14241,8,0xd52c700
3398,13914,8,0xd5c8440
3399,14190,8,0xd664180
3400,14926,8,0xd6ffec0
3401,14640,8,0xd79bc00
3402,13976,8,0xd837940
3403,14017,8,0xd8d3680
3404,14112,8,0xd96f3c0
3405,13965,8,0xda0b100
3406,13746,8,0xdaa6e40
3407,13810,8,0xdb42b80
3408,14503,8,0xdbde8c0
3409,14381,8,0xdc7a600
3410,14143,8,0xdd16340
3411,13840,8,0xddb2080
3412,14546,8,0xde4ddc0
3413,13648,8,0xdee9b00
3414,13844,8,0xdf85840
3415,14651,8,0xe021580
3416,14632,8,0xe0bd2c0
3417,14013,8,0xe159000
3418,14381,8,0xe1f4d40
3419,14015,8,0xe290a80
3420,14072,8,0xe32c7c0
3421,13909,8,0xe3c8500
3422,14107,8,0xe464240
3423,14665,8,0xe4fff80
3424,14585,8,0xe59bcc0
3425,13946,8,0xe637a00
3426,13870,8,0xe6d3740
3427,15013,8,0xe76f480
3428,13791,8,0xe80b1c0
3429,14020,8,0xe8a6f00
3430,14193,8,0xe942c40
3431,14032,8,0xe9de980
3432,14168,8,0xea7a6c0
3433,14702,8,0xeb16400
3434,14654,8,0xebb2140
3435,14305,8,0xec4de80
3436,13792,8,0xece9bc0
3437,14259,8,0xed85900
3438,14468,8,0xee21640
3439,14187,8,0xeebd380
3440,13715,8,0xef590c0
3441,13835,8,0xeff4e00
3442,14663,8,0xf090b40
3443,14089,8,0xf12c880
3444,14029,8,0xf1c85c0
3445,13988,8,0xf264300
3446,14776,8,0xf300040
3447,14041,8,0xf39bd80
3448,16444,8,0xf437ac0
3449,16140,8,0xf4d3800
3450,16702,8,0xf56f540
3451,16005,8,0xf60b280
3452,14409,8,0xf6a6fc0
3453,13967,8,0xf742d00
3454,14903,8,0xf7dea40
3455,14094,8,0xf87a780
3456,14042,8,0xf9164c0
3457,13595,8,0xf9b2200
3458,14578,8,0xfa4df40
3459,14184,8,0xfae9c80
3460,14292,8,0xfb859c0
3461,14470,8,0xfc21700
3462,14665,8,0xfcbd440
3463,13966,8,0xfd59180
3464,14140,8,0xfdf4ec0
3465,14132,8,0xfe90c00
3466,14721,8,0xff2c940
3467,15071,8,0xffc8680
3468,14734,8,0x100643c0
3469,14324,8,0x10100100
3470,14415,8,0x1019be40
3471,14186,8,0x10237b80
3472,13873,8,0x102d38c0
3473,14276,8,0x1036f600
3474,14740,8,0x1040b340
3475,14080,8,0x104a7080
3476,13902,8,0x10542dc0
3477,14972,8,0x105deb00
3478,14694,8,0x1067a840
3479,14697,8,0x10716580
3480,13881,8,0x107b22c0
3481,14550,8,0x1084e000
3482,13789,8,0x108e9d40
3483,13638,8,0x10985a80
3484,14393,8,0x10a217c0
3485,13938,8,0x10abd500
3486,14339,8,0x10b59240
3487,14173,8,0x10bf4f80
3488,13639,8,0x10c90cc0
3489,14357,8,0x10d2ca00
3490,14227,8,0x10dc8740
3491,14113,8,0x10e64480
3492,14197,8,0x10f001c0
3493,14293,8,0x10f9bf00
3494,14337,8,0x11037c40
3495,14218,8,0x110d3980
3496,14567,8,0x1116f6c0
3497,14217,8,0x1120b400
3498,13986,8,0x112a7140
3499,14331,8,0x11342e80
3500,14469,8,0x113debc0
3501,13823,8,0x1147a900
3502,13735,8,0x11516640
3503,14016,8,0x115b2380
3504,14254,8,0x1164e0c0
3505,13713,8,0x116e9e00
3506,13598,8,0x11785b40
3507,14571,8,0x11821880
3508,17625,8,0x118bd5c0
3509,14221,8,0x11959300
3510,13860,8,0x119f5040
3511,14600,8,0x11a90d80
3512,16744,8,0x11b2cac0
3513,73034,8,0x11bc8800
3514,17998,8,0x11c64540
3515,16517,8,0x11d00280
3516,15058,8,0x11d9bfc0
3517,26160,8,0x11e37d00
3518,16354,8,0x11ed3a40
3519,14735,8,0x11f6f780
3520,14185,8,0x1200b4c0
3521,23806,8,0x120a7200
3522,15509,8,0x12142f40
3523,15022,8,0x121dec80
3524,14242,8,0x1227a9c0
3525,31158,8,0x12316700
3526,16560,8,0x123b2440
3527,14071,8,0x1244e180
3528,14008,8,0x124e9ec0
3529,25083,8,0x12585c00
3530,15934,8,0x12621940
3531,14248,8,0x126bd680
3532,14156,8,0x127593c0
3533,24656,8,0x127f5100
3534,15245,8,0x12890e40
3535,14485,8,0x1292cb80
3536,14329,8,0x129c88c0
3537,23843,8,0x12a64600
3538,14994,8,0x12b00340
3539,14510,8,0x12b9c080
3540,14154,8,0x12c37dc0
3541,22481,8,0x12cd3b00
3542,15172,8,0x12d6f840
3543,14206,8,0x12e0b580
3544,14398,8,0x12ea72c0
3545,22751,8,0x12f43000
3546,15654,8,0x12fded40
3547,14597,8,0x1307aa80
3548,13802,8,0x131167c0
3549,23947,8,0x131b2500
3550,14947,8,0x1324e240
3551,14331,8,0x132e9f80
3552,13757,8,0x13385cc0
3553,24237,8,0x13421a00
3554,15593,8,0x134bd740
3555,14177,8,0x13559480
3556,14346,8,0x135f51c0
3557,23840,8,0x13690f00
3558,16379,8,0x1372cc40
3559,14079,8,0x137c8980
3560,13926,8,0x138646c0
3561,23700,8,0x13900400
3562,15718,8,0x1399c140
3563,13960,8,0x13a37e80
3564,13902,8,0x13ad3bc0
3565,23791,8,0x13b6f900
3566,15282,8,0x13c0b640
3567,14296,8,0x13ca7380
3568,14102,8,0x13d430c0
3569,23390,8,0x13ddee00
3570,15427,8,0x13e7ab40
3571,14322,8,0x13f16880
3572,14408,8,0x13fb25c0
3573,23283,8,0x1404e300
3574,15248,8,0x140ea040
3575,14591,8,0x14185d80
3576,16562,8,0x14221ac0
3577,30536,8,0x142bd800
3578,18245,8,0x14359540
3579,16381,8,0x143f5280
3580,14996,8,0x14490fc0
3581,32255,8,0x1452cd00
3582,15267,8,0x145c8a40
3583,14234,8,0x14664780
3584,14405,8,0x147004c0
3585,24532,8,0x1479c200
3586,14919,8,0x14837f40
3587,13926,8,0x148d3c80
3588,14692,8,0x1496f9c0
3589,24082,8,0x14a0b700
3590,15059,8,0x14aa7440
3591,13984,8,0x14b43180
3592,14199,8,0x14bdeec0
3593,23221,8,0x14c7ac00
3594,14891,8,0x14d16940
3595,14205,8,0x14db2680
3596,14675,8,0x14e4e3c0
3597,23293,8,0x14eea100
3598,15265,8,0x14f85e40
3599,14381,8,0x15021b80
3600,14473,8,0x150bd8c0
3601,101042,8,0x15159600
3602,18648,8,0x151f5340
3603,21094,8,0x15291080
3604,18342,8,0x1532cdc0
3605,26966,8,0x153c8b00
3606,20053,8,0x15464840
3607,18638,8,0x15500580
3608,15344,8,0x1559c2c0
3609,24895,8,0x15638000
3610,18078,8,0x156d3d40
3611,15950,8,0x1576fa80
3612,16464,8,0x1580b7c0
3613,24393,8,0x158a7500
3614,17565,8,0x15943240
3615,17520,8,0x159def80
3616,17053,8,0x15a7acc0
3617,24767,8,0x15b16a00
3618,17437,8,0x15bb2740
3619,16522,8,0x15c4e480
3620,16480,8,0x15cea1c0
3621,25333,8,0x15d85f00
3622,17812,8,0x15e21c40
3623,16574,8,0x15ebd980
3624,16421,8,0x15f596c0
3625,24874,8,0x15ff5400
3626,17636,8,0x16091140
3627,17014,8,0x1612ce80
3628,16295,8,0x161c8bc0
3629,34501,8,0x16264900
3630,17812,8,0x16300640
3631,16562,8,0x1639c380
3632,16654,8,0x164380c0
3633,25169,8,0x164d3e00
3634,17231,8,0x1656fb40
3635,16448,8,0x1660b880
3636,16302,8,0x166a75c0
3637,25765,8,0x16743300
3638,17730,8,0x167df040
3639,16454,8,0x1687ad80
3640,19505,8,0x16916ac0
3641,31618,8,0x169b2800
3642,21243,8,0x16a4e540
3643,17984,8,0x16aea280
3644,17329,8,0x16b85fc0
3645,26257,8,0x16c21d00
3646,17945,8,0x16cbda40
3647,16470,8,0x16d59780
3648,16921,8,0x16df54c0
3649,24715,8,0x16e91200
3650,17266,8,0x16f2cf40
3651,16548,8,0x16fc8c80
3652,17097,8,0x170649c0
3653,25648,8,0x17100700
3654,17708,8,0x1719c440
3655,16541,8,0x17238180
3656,16294,8,0x172d3ec0
3657,25404,8,0x1736fc00
3658,17325,8,0x1740b940
3659,16741,8,0x174a7680
3660,16119,8,0x175433c0
3661,25135,8,0x175df100
3662,17927,8,0x1767ae40
3663,16301,8,0x17716b80
3664,16827,8,0x177b28c0
3665,25540,8,0x1784e600
3666,17655,8,0x178ea340
3667,16423,8,0x17986080
3668,17233,8,0x17a21dc0
3669,25371,8,0x17abdb00
3670,17642,8,0x17b59840
3671,20805,8,0x17bf5580
3672,16860,8,0x17c912c0
3673,24661,8,0x17d2d000
3674,16808,8,0x17dc8d40
3675,16439,8,0x17e64a80
3676,17511,8,0x17f007c0
3677,30257,8,0x17f9c500
3678,17953,8,0x18038240
3679,16533,8,0x180d3f80
3680,16475,8,0x1816fcc0
3681,46640,8,0x1820ba00
3682,18108,8,0x182a7740
3683,15813,8,0x18343480
3684,16598,8,0x183df1c0
3685,25889,8,0x1847af00
3686,18185,8,0x18516c40
3687,16587,8,0x185b2980
3688,16929,8,0x1864e6c0
3689,25473,8,0x186ea400
3690,17384,8,0x18786140
3691,17847,8,0x18821e80
3692,16698,8,0x188bdbc0
3693,25344,8,0x18959900
3694,17264,8,0x189f5640
3695,17215,8,0x18a91380
3696,16595,8,0x18b2d0c0
3697,26482,8,0x18bc8e00
3698,17395,8,0x18c64b40
3699,16829,8,0x18d00880
3700,16192,8,0x18d9c5c0
3701,25839,8,0x18e38300
3702,17665,8,0x18ed4040
3703,16569,8,0x18f6fd80
3704,18615,8,0x1900bac0
3705,31223,8,0x190a7800
3706,20027,8,0x19143540
3707,21980,8,0x191df280
3708,17125,8,0x1927afc0
3709,26797,8,0x19316d00
3710,17554,8,0x193b2a40
3711,17305,8,0x1944e780
3712,16987,8,0x194ea4c0
3713,24887,8,0x19586200
3714,17917,8,0x19621f40
3715,17071,8,0x196bdc80
3716,16759,8,0x197599c0
3717,25509,8,0x197f5700
3718,18179,8,0x19891440
3719,16730,8,0x1992d180
3720,17517,8,0x199c8ec0
3721,24662,8,0x19a64c00
3722,17817,8,0x19b00940
3723,16888,8,0x19b9c680
3724,17685,8,0x19c383c0
3725,29067,8,0x19cd4100
3726,17535,8,0x19d6fe40
3727,17458,8,0x19e0bb80
3728,16768,8,0x19ea78c0
3729,25322,8,0x19f43600
3730,18009,8,0x19fdf340
3731,17594,8,0x1a07b080
3732,16817,8,0x1a116dc0
3733,24946,8,0x1a1b2b00
3734,17953,8,0x1a24e840
3735,16875,8,0x1a2ea580
3736,16264,8,0x1a3862c0
3737,24703,8,0x1a422000
3738,18062,8,0x1a4bdd40
3739,16504,8,0x1a559a80
3740,16514,8,0x1a5f57c0
3741,26038,8,0x1a691500
3742,18188,8,0x1a72d240
3743,16556,8,0x1a7c8f80
3744,16599,8,0x1a864cc0
3745,25430,8,0x1a900a00
3746,17165,8,0x1a99c740
3747,17339,8,0x1aa38480
3748,17546,8,0x1aad41c0
3749,26062,8,0x1ab6ff00
3750,18275,8,0x1ac0bc40
3751,26068,8,0x1aca7980
3752,17320,8,0x1ad436c0
3753,25430,8,0x1addf400
3754,17972,8,0x1ae7b140
3755,16445,8,0x1af16e80
3756,17227,8,0x1afb2bc0
3757,25884,8,0x1b04e900
3758,18140,8,0x1b0ea640
3759,16859,8,0x1b186380
3760,16794,8,0x1b2220c0
3761,25944,8,0x1b2bde00
3762,17830,8,0x1b359b40
3763,16694,8,0x1b3f5880
3764,17509,8,0x1b4915c0
3765,25385,8,0x1b52d300
3766,17744,8,0x1b5c9040
3767,16770,8,0x1b664d80
3768,19067,8,0x1b700ac0
3769,31490,8,0x1b79c800
3770,19728,8,0x1b838540
3771,18719,8,0x1b8d4280
3772,17627,8,0x1b96ffc0
3773,32461,8,0x1ba0bd00
3774,17615,8,0x1baa7a40
3775,16521,8,0x1bb43780
3776,17041,8,0x1bbdf4c0
3777,25737,8,0x1bc7b200
3778,17360,8,0x1bd16f40
3779,16906,8,0x1bdb2c80
3780,16936,8,0x1be4e9c0
3781,25070,8,0x1beea700
3782,17644,8,0x1bf86440
3783,16865,8,0x1c022180
3784,16762,8,0x1c0bdec0
3785,25439,8,0x1c159c00
3786,18281,8,0x1c1f5940
3787,17112,8,0x1c291680
3788,16950,8,0x1c32d3c0
3789,26975,8,0x1c3c9100
3790,17516,8,0x1c464e40
3791,17589,8,0x1c500b80
3792,17149,8,0x1c59c8c0
3793,25100,8,0x1c638600
3794,17152,8,0x1c6d4340
3795,17053,8,0x1c770080
3796,17325,8,0x1c80bdc0
3797,25724,8,0x1c8a7b00
3798,17555,8,0x1c943840
3799,17777,8,0x1c9df580
3800,17113,8,0x1ca7b2c0
3801,25692,8,0x1cb17000
3802,17825,8,0x1cbb2d40
3803,16793,8,0x1cc4ea80
3804,17205,8,0x1ccea7c0
3805,25030,8,0x1cd86500
3806,17818,8,0x1ce22240
3807,17292,8,0x1cebdf80
3808,16774,8,0x1cf59cc0
3809,25053,8,0x1cff5a00
3810,17893,8,0x1d091740
3811,17535,8,0x1d12d480
3812,16813,8,0x1d1c91c0
3813,25305,8,0x1d264f00
3814,18277,8,0x1d300c40
3815,17325,8,0x1d39c980
3816,17078,8,0x1d4386c0
3817,26029,8,0x1d4d4400
3818,17906,8,0x1d570140
3819,16958,8,0x1d60be80
3820,16451,8,0x1d6a7bc0
3821,29809,8,0x1d743900
3822,17919,8,0x1d7df640
3823,16968,8,0x1d87b380
3824,17316,8,0x1d9170c0
3825,27409,8,0x1d9b2e00
3826,17625,8,0x1da4eb40
3827,17313,8,0x1daea880
3828,16683,8,0x1db865c0
3829,25738,8,0x1dc22300
3830,18100,8,0x1dcbe040
3831,16842,8,0x1dd59d80
3832,18993,8,0x1ddf5ac0
3833,31698,8,0x1de91800
3834,20467,8,0x1df2d540
3835,18654,8,0x1dfc9280
3836,16978,8,0x1e064fc0
3837,26334,8,0x1e100d00
3838,18110,8,0x1e19ca40
3839,17389,8,0x1e238780
3840,17030,8,0x1e2d44c0
3841,25913,8,0x1e370200
3842,18147,8,0x1e40bf40
3843,16867,8,0x1e4a7c80
3844,16656,8,0x1e5439c0
3845,25055,8,0x1e5df700
3846,17872,8,0x1e67b440
3847,17416,8,0x1e717180
3848,17398,8,0x1e7b2ec0
3849,25321,8,0x1e84ec00
3850,18415,8,0x1e8ea940
3851,16461,8,0x1e986680
3852,18007,8,0x1ea223c0
3853,25712,8,0x1eabe100
3854,18689,8,0x1eb59e40
3855,17985,8,0x1ebf5b80
3856,18083,8,0x1ec918c0
3857,25137,8,0x1ed2d600
3858,17393,8,0x1edc9340
3859,16966,8,0x1ee65080
3860,17476,8,0x1ef00dc0
3861,25450,8,0x1ef9cb00
3862,17903,8,0x1f038840
3863,17318,8,0x1f0d4580
3864,17350,8,0x1f1702c0
3865,25346,8,0x1f20c000
3866,17825,8,0x1f2a7d40
3867,16871,8,0x1f343a80
3868,18125,8,0x1f3df7c0
3869,33092,8,0x1f47b500
3870,18230,8,0x1f517240
3871,17211,8,0x1f5b2f80
3872,17381,8,0x1f64ecc0
3873,27655,8,0x1f6eaa00
3874,17545,8,0x1f786740
3875,16904,8,0x1f822480
3876,18235,8,0x1f8be1c0
3877,25746,8,0x1f959f00
3878,17705,8,0x1f9f5c40
3879,17602,8,0x1fa91980
3880,17121,8,0x1fb2d6c0
3881,25484,8,0x1fbc9400
3882,17320,8,0x1fc65140
3883,17158,8,0x1fd00e80
3884,17366,8,0x1fd9cbc0
3885,24927,8,0x1fe38900
3886,18082,8,0x1fed4640
3887,17821,8,0x1ff70380
3888,17125,8,0x2000c0c0
3889,25135,8,0x200a7e00
3890,17685,8,0x20143b40
3891,17847,8,0x201df880
3892,17761,8,0x2027b5c0
3893,25769,8,0x20317300
3894,18145,8,0x203b3040
3895,18222,8,0x2044ed80
3896,19791,8,0x204eaac0
3897,31280,8,0x20586800
3898,20011,8,0x20622540
3899,19172,8,0x206be280
3900,18029,8,0x20759fc0
3901,34132,8,0x207f5d00
3902,18321,8,0x20891a40
3903,17552,8,0x2092d780
3904,16630,8,0x209c94c0
3905,24279,8,0x20a65200
3906,17527,8,0x20b00f40
3907,17012,8,0x20b9cc80
3908,17753,8,0x20c389c0
3909,25309,8,0x20cd4700
3910,18109,8,0x20d70440
3911,17146,8,0x20e0c180
3912,16812,8,0x20ea7ec0
3913,25176,8,0x20f43c00
3914,18529,8,0x20fdf940
3915,16811,8,0x2107b680
3916,17799,8,0x211173c0
3917,33464,8,0x211b3100
3918,18300,8,0x2124ee40
3919,17431,8,0x212eab80
3920,16876,8,0x213868c0
3921,26756,8,0x21422600
3922,18873,8,0x214be340
3923,17398,8,0x2155a080
3924,17420,8,0x215f5dc0
3925,26586,8,0x21691b00
3926,18240,8,0x2172d840
3927,16789,8,0x217c9580
3928,17053,8,0x218652c0
3929,25524,8,0x21901000
3930,18124,8,0x2199cd40
3931,17029,8,0x21a38a80
3932,16692,8,0x21ad47c0
3933,26398,8,0x21b70500
3934,18533,8,0x21c0c240
3935,17212,8,0x21ca7f80
3936,16861,8,0x21d43cc0
3937,25259,8,0x21ddfa00
3938,18108,8,0x21e7b740
3939,18256,8,0x21f17480
3940,17988,8,0x21fb31c0
3941,26124,8,0x2204ef00
3942,18533,8,0x220eac40
3943,17364,8,0x22186980
3944,17176,8,0x222226c0
3945,26258,8,0x222be400
3946,18815,8,0x2235a140
3947,17121,8,0x223f5e80
3948,17619,8,0x22491bc0
3949,25625,8,0x2252d900
3950,18198,8,0x225c9640
3951,17056,8,0x22665380
3952,17095,8,0x227010c0
3953,26111,8,0x2279ce00
3954,18605,8,0x22838b40
3955,16942,8,0x228d4880
3956,17040,8,0x229705c0
3957,25833,8,0x22a0c300
3958,17815,8,0x22aa8040
3959,17082,8,0x22b43d80
3960,19367,8,0x22bdfac0
3961,32161,8,0x22c7b800
3962,20754,8,0x22d17540
3963,18833,8,0x22db3280
3964,17561,8,0x22e4efc0
3965,34405,8,0x22eead00
3966,17965,8,0x22f86a40
3967,17608,8,0x23022780
3968,18372,8,0x230be4c0
3969,26279,8,0x2315a200
3970,17684,8,0x231f5f40
3971,17328,8,0x23291c80
3972,17541,8,0x2332d9c0
3973,24967,8,0x233c9700
3974,17990,8,0x23465440
3975,17485,8,0x23501180
3976,17099,8,0x2359cec0
3977,25309,8,0x23638c00
3978,17757,8,0x236d4940
3979,17423,8,0x23770680
3980,17162,8,0x2380c3c0
3981,25683,8,0x238a8100
3982,18445,8,0x23943e40
3983,17250,8,0x239dfb80
3984,17145,8,0x23a7b8c0
3985,25029,8,0x23b17600
3986,18069,8,0x23bb3340
3987,17225,8,0x23c4f080
3988,17412,8,0x23ceadc0
3989,25030,8,0x23d86b00
3990,18850,8,0x23e22840
3991,17774,8,0x23ebe580
3992,17455,8,0x23f5a2c0
3993,26412,8,0x23ff6000
3994,18695,8,0x24091d40
3995,17073,8,0x2412da80
3996,16677,8,0x241c97c0
3997,26655,8,0x24265500
3998,18492,8,0x24301240
3999,17139,8,0x2439cf80
4000,16975,8,0x24438cc0
4001,25271,8,0x244d4a00
4002,18374,8,0x24570740
4003,16942,8,0x2460c480
4004,17309,8,0x246a81c0
4005,25374,8,0x24743f00
4006,18691,8,0x247dfc40
4007,17244,8,0x2487b980
4008,17382,8,0x249176c0
4009,24659,8,0x249b3400
4010,18524,8,0x24a4f140
4011,17316,8,0x24aeae80
4012,17385,8,0x24b86bc0
4013,33038,8,0x24c22900
4014,18167,8,0x24cbe640
4015,17237,8,0x24d5a380
4016,16480,8,0x24df60c0
4017,27080,8,0x24e91e00
4018,18237,8,0x24f2db40
4019,18018,8,0x24fc9880
4020,17191,8,0x250655c0
4021,26406,8,0x25101300
4022,19247,8,0x2519d040
4023,17337,8,0x25238d80
4024,18302,8,0x252d4ac0
4025,31306,8,0x25370800
4026,20148,8,0x2540c540
4027,19291,8,0x254a8280
4028,17503,8,0x25543fc0
4029,26378,8,0x255dfd00
4030,18872,8,0x2567ba40
4031,17532,8,0x25717780
4032,17127,8,0x257b34c0
4033,26040,8,0x2584f200
4034,18334,8,0x258eaf40
4035,17309,8,0x25986c80
4036,17213,8,0x25a229c0
4037,25615,8,0x25abe700
4038,17905,8,0x25b5a440
4039,17542,8,0x25bf6180
4040,17847,8,0x25c91ec0
4041,26818,8,0x25d2dc00
4042,18000,8,0x25dc9940
4043,17717,8,0x25e65680
4044,18298,8,0x25f013c0
4045,26034,8,0x25f9d100
4046,17972,8,0x26038e40
4047,17474,8,0x260d4b80
4048,17699,8,0x261708c0
4049,27093,8,0x2620c600
4050,17948,8,0x262a8340
4051,17208,8,0x26344080
4052,17301,8,0x263dfdc0
4053,26248,8,0x2647bb00
4054,18174,8,0x26517840
4055,17802,8,0x265b3580
4056,17196,8,0x2664f2c0
4057,25320,8,0x266eb000
4058,17507,8,0x26786d40
4059,17279,8,0x26822a80
4060,17395,8,0x268be7c0
4061,34592,8,0x2695a500
4062,18974,8,0x269f6240
4063,18188,8,0x26a91f80
4064,17378,8,0x26b2dcc0
4065,26646,8,0x26bc9a00
4066,17881,8,0x26c65740
4067,17730,8,0x26d01480
4068,17624,8,0x26d9d1c0
4069,25652,8,0x26e38f00
4070,18761,8,0x26ed4c40
4071,17791,8,0x26f70980
4072,16942,8,0x2700c6c0
4073,26223,8,0x270a8400
4074,17613,8,0x27144140
4075,18141,8,0x271dfe80
4076,17758,8,0x2727bbc0
4077,25398,8,0x27317900
4078,19041,8,0x273b3640
4079,17790,8,0x2744f380
4080,17074,8,0x274eb0c0
4081,25559,8,0x27586e00
4082,18012,8,0x27622b40
4083,17059,8,0x276be880
4084,17828,8,0x2775a5c0
4085,25902,8,0x277f6300
4086,18247,8,0x27892040
4087,17484,8,0x2792dd80
4088,19276,8,0x279c9ac0
4089,36434,8,0x27a65800
4090,20981,8,0x27b01540
4091,24380,8,0x27b9d280
4092,17357,8,0x27c38fc0
4093,28469,8,0x27cd4d00
4094,18294,8,0x27d70a40
4095,17925,8,0x27e0c780
4096,18269,8,0x27ea84c0
4097,24760,8,0x27f44200
4098,18219,8,0x27fdff40
4099,17822,8,0x2807bc80
4100,17364,8,0x281179c0
4101,25926,8,0x281b3700
4102,18403,8,0x2824f440
4103,17338,8,0x282eb180
4104,17595,8,0x28386ec0
4105,25854,8,0x28422c00
4106,18456,8,0x284be940
4107,17143,8,0x2855a680
4108,18103,8,0x285f63c0
4109,29612,8,0x28692100
4110,18618,8,0x2872de40
4111,17850,8,0x287c9b80
4112,17341,8,0x288658c0
4113,25904,8,0x28901600
4114,18867,8,0x2899d340
4115,17172,8,0x28a39080
4116,17102,8,0x28ad4dc0
4117,26185,8,0x28b70b00
4118,18628,8,0x28c0c840
4119,17788,8,0x28ca8580
4120,16991,8,0x28d442c0
4121,25363,8,0x28de0000
4122,18204,8,0x28e7bd40
4123,17491,8,0x28f17a80
4124,17449,8,0x28fb37c0
4125,26029,8,0x2904f500
4126,18434,8,0x290eb240
4127,17442,8,0x29186f80
4128,16739,8,0x29222cc0
4129,25847,8,0x292bea00
4130,18453,8,0x2935a740
4131,18156,8,0x293f6480
4132,17018,8,0x294921c0
4133,25588,8,0x2952df00
4134,18132,8,0x295c9c40
4135,17437,8,0x29665980
4136,17533,8,0x297016c0
4137,25963,8,0x2979d400
4138,18210,8,0x29839140
4139,17430,8,0x298d4e80
4140,17563,8,0x29970bc0
4141,26574,8,0x29a0c900
4142,17963,8,0x29aa8640
4143,17358,8,0x29b44380
4144,15547,8,0x29be00c0
4145,24913,8,0x29c7be00
4146,16982,8,0x29d17b40
4147,16622,8,0x29db3880
4148,16056,8,0x29e4f5c0
4149,24257,8,0x29eeb300
4150,16475,8,0x29f87040
4151,15938,8,0x2a022d80
4152,18194,8,0x2a0beac0
4153,30266,8,0x2a15a800
4154,18924,8,0x2a1f6540
4155,17497,8,0x2a292280
4156,16444,8,0x2a32dfc0
4157,34200,8,0x2a3c9d00
4158,33445,8,0x2a465a40
4159,16316,8,0x2a501780
4160,16202,8,0x2a59d4c0
4161,25433,8,0x2a639200
4162,16913,8,0x2a6d4f40
4163,16616,8,0x2a770c80
4164,16164,8,0x2a80c9c0
4165,24586,8,0x2a8a8700
4166,17147,8,0x2a944440
4167,17012,8,0x2a9e0180
4168,16326,8,0x2aa7bec0
4169,24946,8,0x2ab17c00
4170,17775,8,0x2abb3940
4171,16613,8,0x2ac4f680
4172,16391,8,0x2aceb3c0
4173,24175,8,0x2ad87100
4174,17208,8,0x2ae22e40
4175,16339,8,0x2aebeb80
4176,16239,8,0x2af5a8c0
4177,24855,8,0x2aff6600
4178,17113,8,0x2b092340
4179,16337,8,0x2b12e080
4180,16806,8,0x2b1c9dc0
4181,24247,8,0x2b265b00
4182,17696,8,0x2b301840
4183,17298,8,0x2b39d580
4184,16409,8,0x2b4392c0
4185,24521,8,0x2b4d5000
4186,17061,8,0x2b570d40
4187,16391,8,0x2b60ca80
4188,15706,8,0x2b6a87c0
4189,24428,8,0x2b744500
4190,17740,8,0x2b7e0240
4191,16323,8,0x2b87bf80
4192,16710,8,0x2b917cc0
4193,25816,8,0x2b9b3a00
4194,17463,8,0x2ba4f740
4195,16763,8,0x2baeb480
4196,15958,8,0x2bb871c0
4197,24724,8,0x2bc22f00
4198,18414,8,0x2bcbec40
4199,16401,8,0x2bd5a980
4200,16063,8,0x2bdf66c0
4201,25000,8,0x2be92400
4202,17818,8,0x2bf2e140
4203,16691,8,0x2bfc9e80
4204,16401,8,0x2c065bc0
4205,29587,8,0x2c101900
4206,17951,8,0x2c19d640
4207,16300,8,0x2c239380
4208,15839,8,0x2c2d50c0
4209,27927,8,0x2c370e00
4210,17576,8,0x2c40cb40
4211,16563,8,0x2c4a8880
4212,16097,8,0x2c5445c0
4213,25217,8,0x2c5e0300
4214,18245,8,0x2c67c040
4215,16309,8,0x2c717d80
4216,18964,8,0x2c7b3ac0
4217,31250,8,0x2c84f800
4218,19917,8,0x2c8eb540
4219,18185,8,0x2c987280
4220,16796,8,0x2ca22fc0
4221,25934,8,0x2cabed00
4222,17835,8,0x2cb5aa40
4223,16774,8,0x2cbf6780
4224,15940,8,0x2cc924c0
4225,25015,8,0x2cd2e200
4226,17115,8,0x2cdc9f40
4227,16356,8,0x2ce65c80
4228,16921,8,0x2cf019c0
4229,24893,8,0x2cf9d700
4230,17183,8,0x2d039440
4231,16555,8,0x2d0d5180
4232,16217,8,0x2d170ec0
4233,24979,8,0x2d20cc00
4234,17787,8,0x2d2a8940
4235,16880,8,0x2d344680
4236,17204,8,0x2d3e03c0
4237,25074,8,0x2d47c100
4238,17857,8,0x2d517e40
4239,28079,8,0x2d5b3b80
4240,18377,8,0x2d64f8c0
4241,25078,8,0x2d6eb600
4242,18230,8,0x2d787340
4243,17586,8,0x2d823080
4244,17402,8,0x2d8bedc0
4245,25374,8,0x2d95ab00
4246,18949,8,0x2d9f6840
4247,16997,8,0x2da92580
4248,17242,8,0x2db2e2c0
4249,24593,8,0x2dbca000
4250,17474,8,0x2dc65d40
4251,17581,8,0x2dd01a80
4252,17199,8,0x2dd9d7c0
4253,24414,8,0x2de39500
4254,18089,8,0x2ded5240
4255,17128,8,0x2df70f80
4256,16734,8,0x2e00ccc0
4257,26548,8,0x2e0a8a00
4258,18128,8,0x2e144740
4259,17632,8,0x2e1e0480
4260,17553,8,0x2e27c1c0
4261,24060,8,0x2e317f00
4262,18299,8,0x2e3b3c40
4263,17607,8,0x2e44f980
4264,17483,8,0x2e4eb6c0
4265,23853,8,0x2e587400
4266,18360,8,0x2e623140
4267,17501,8,0x2e6bee80
4268,17364,8,0x2e75abc0
4269,24279,8,0x2e7f6900
4270,18875,8,0x2e892640
4271,17884,8,0x2e92e380
4272,16411,8,0x2e9ca0c0
4273,23946,8,0x2ea65e00
4274,18932,8,0x2eb01b40
4275,17309,8,0x2eb9d880
4276,17303,8,0x2ec395c0
4277,24628,8,0x2ecd5300
4278,18449,8,0x2ed71040
4279,17584,8,0x2ee0cd80
4280,19449,8,0x2eea8ac0
4281,29210,8,0x2ef44800
4282,24010,8,0x2efe0540
4283,19733,8,0x2f07c280
4284,17328,8,0x2f117fc0
4285,24149,8,0x2f1b3d00
4286,24439,8,0x2f24fa40
4287,17384,8,0x2f2eb780
4288,17106,8,0x2f3874c0
4289,25447,8,0x2f423200
4290,18411,8,0x2f4bef40
4291,17487,8,0x2f55ac80
4292,18616,8,0x2f5f69c0
4293,24319,8,0x2f692700
4294,18623,8,0x2f72e440
4295,16809,8,0x2f7ca180
4296,16895,8,0x2f865ec0
4297,26613,8,0x2f901c00
4298,18483,8,0x2f99d940
4299,17031,8,0x2fa39680
4300,17217,8,0x2fad53c0
4301,24732,8,0x2fb71100
4302,18569,8,0x2fc0ce40
4303,17122,8,0x2fca8b80
4304,16976,8,0x2fd448c0
4305,27395,8,0x2fde0600
4306,18648,8,0x2fe7c340
4307,17279,8,0x2ff18080
4308,17050,8,0x2ffb3dc0
4309,24660,8,0x3004fb00
4310,19072,8,0x300eb840
4311,17461,8,0x30187580
4312,16973,8,0x302232c0
4313,25027,8,0x302bf000
4314,18391,8,0x3035ad40
4315,17078,8,0x303f6a80
4316,17267,8,0x304927c0
4317,24934,8,0x3052e500
4318,18435,8,0x305ca240
4319,16922,8,0x30665f80
4320,18441,8,0x30701cc0
4321,26245,8,0x3079da00
4322,18137,8,0x30839740
4323,17354,8,0x308d5480
4324,17622,8,0x309711c0
4325,25267,8,0x30a0cf00
4326,18459,8,0x30aa8c40
4327,17122,8,0x30b44980
4328,17932,8,0x30be06c0
4329,25427,8,0x30c7c400
4330,17836,8,0x30d18140
4331,17538,8,0x30db3e80
4332,17437,8,0x30e4fbc0
4333,24800,8,0x30eeb900
4334,18059,8,0x30f87640
4335,17008,8,0x31023380
4336,17529,8,0x310bf0c0
4337,25294,8,0x3115ae00
4338,17862,8,0x311f6b40
4339,16870,8,0x31292880
4340,17801,8,0x3132e5c0
4341,24343,8,0x313ca300
4342,18767,8,0x31466040
4343,17633,8,0x31501d80
4344,19761,8,0x3159dac0
4345,31199,8,0x31639800
4346,20702,8,0x316d5540
4347,20428,8,0x31771280
4348,17892,8,0x3180cfc0
4349,25218,8,0x318a8d00
4350,18520,8,0x31944a40
4351,18158,8,0x319e0780
4352,17794,8,0x31a7c4c0
4353,28401,8,0x31b18200
4354,18309,8,0x31bb3f40
4355,16897,8,0x31c4fc80
4356,16865,8,0x31ceb9c0
4357,24080,8,0x31d87700
4358,18233,8,0x31e23440
4359,17753,8,0x31ebf180
4360,17311,8,0x31f5aec0
4361,24667,8,0x31ff6c00
4362,17797,8,0x32092940
4363,17180,8,0x3212e680
4364,17000,8,0x321ca3c0
4365,24902,8,0x32266100
4366,19753,8,0x32301e40
4367,17161,8,0x3239db80
4368,17061,8,0x324398c0
4369,24744,8,0x324d5600
4370,18548,8,0x32571340
4371,17677,8,0x3260d080
4372,17252,8,0x326a8dc0
4373,24531,8,0x32744b00
4374,18741,8,0x327e0840
4375,17753,8,0x3287c580
4376,16924,8,0x329182c0
4377,24627,8,0x329b4000
4378,18424,8,0x32a4fd40
4379,17399,8,0x32aeba80
4380,16984,8,0x32b877c0
4381,24861,8,0x32c23500
4382,18549,8,0x32cbf240
4383,17196,8,0x32d5af80
4384,17113,8,0x32df6cc0
4385,24330,8,0x32e92a00
4386,18143,8,0x32f2e740
4387,17286,8,0x32fca480
4388,17169,8,0x330661c0
4389,25286,8,0x33101f00
4390,18784,8,0x3319dc40
4391,17428,8,0x33239980
4392,17142,8,0x332d56c0
4393,25450,8,0x33371400
4394,19189,8,0x3340d140
4395,17091,8,0x334a8e80
4396,16689,8,0x33544bc0
4397,24853,8,0x335e0900
4398,19184,8,0x3367c640
4399,17742,8,0x33718380
4400,17267,8,0x337b40c0
4401,33634,8,0x3384fe00
4402,18862,8,0x338ebb40
4403,17504,8,0x33987880
4404,16675,8,0x33a235c0
4405,25527,8,0x33abf300
4406,18393,8,0x33b5b040
4407,17536,8,0x33bf6d80
4408,19799,8,0x33c92ac0
4409,32342,8,0x33d2e800
4410,21474,8,0x33dca540
4411,19339,8,0x33e66280
4412,18706,8,0x33f01fc0
4413,25180,8,0x33f9dd00
4414,17849,8,0x34039a40
4415,17091,8,0x340d5780
4416,17333,8,0x341714c0
4417,25648,8,0x3420d200
4418,18816,8,0x342a8f40
4419,18250,8,0x34344c80
4420,17333,8,0x343e09c0
4421,25094,8,0x3447c700
4422,18372,8,0x34518440
4423,16766,8,0x345b4180
4424,18363,8,0x3464fec0
4425,25535,8,0x346ebc00
4426,18113,8,0x34787940
4427,17075,8,0x34823680
4428,17687,8,0x348bf3c0
4429,25580,8,0x3495b100
4430,18614,8,0x349f6e40
4431,17142,8,0x34a92b80
4432,18258,8,0x34b2e8c0
4433,24457,8,0x34bca600
4434,18422,8,0x34c66340
4435,17614,8,0x34d02080
4436,17477,8,0x34d9ddc0
4437,25374,8,0x34e39b00
4438,18024,8,0x34ed5840
4439,17545,8,0x34f71580
4440,18011,8,0x3500d2c0
4441,25406,8,0x350a9000
4442,18467,8,0x35144d40
4443,17422,8,0x351e0a80
4444,17825,8,0x3527c7c0
4445,24472,8,0x35318500
4446,18378,8,0x353b4240
4447,17686,8,0x3544ff80
4448,17212,8,0x354ebcc0
4449,34238,8,0x35587a00
4450,18633,8,0x35623740
4451,17542,8,0x356bf480
4452,17479,8,0x3575b1c0
4453,25698,8,0x357f6f00
4454,18343,8,0x35892c40
4455,17778,8,0x3592e980
4456,17166,8,0x359ca6c0
4457,25332,8,0x35a66400
4458,18191,8,0x35b02140
4459,17594,8,0x35b9de80
4460,17290,8,0x35c39bc0
4461,24254,8,0x35cd5900
4462,18042,8,0x35d71640
4463,17556,8,0x35e0d380
4464,16953,8,0x35ea90c0
4465,24605,8,0x35f44e00
4466,18415,8,0x35fe0b40
4467,17556,8,0x3607c880
4468,17825,8,0x361185c0
4469,24677,8,0x361b4300
4470,18512,8,0x36250040
4471,18050,8,0x362ebd80
4472,19530,8,0x36387ac0
4473,30605,8,0x36423800
4474,21291,8,0x364bf540
4475,20108,8,0x3655b280
4476,17606,8,0x365f6fc0
4477,24873,8,0x36692d00
4478,18440,8,0x3672ea40
4479,17675,8,0x367ca780
4480,21218,8,0x368664c0
4481,29518,8,0x36902200
4482,18527,8,0x3699df40
4483,17952,8,0x36a39c80
4484,17259,8,0x36ad59c0
4485,25566,8,0x36b71700
4486,18585,8,0x36c0d440
4487,17250,8,0x36ca9180
4488,17609,8,0x36d44ec0
4489,24673,8,0x36de0c00
4490,18387,8,0x36e7c940
4491,17456,8,0x36f18680
4492,18666,8,0x36fb43c0
4493,24876,8,0x37050100
4494,19012,8,0x370ebe40
4495,16871,8,0x37187b80
4496,17324,8,0x372238c0
4497,34467,8,0x372bf600
4498,18944,8,0x3735b340
4499,17183,8,0x373f7080
4500,17597,8,0x37492dc0
4501,26212,8,0x3752eb00
4502,18647,8,0x375ca840
4503,17575,8,0x37666580
4504,17049,8,0x377022c0
4505,24985,8,0x3779e000
4506,18399,8,0x37839d40
4507,17350,8,0x378d5a80
4508,18179,8,0x379717c0
4509,24747,8,0x37a0d500
4510,18658,8,0x37aa9240
4511,17154,8,0x37b44f80
4512,17782,8,0x37be0cc0
4513,25075,8,0x37c7ca00
4514,18313,8,0x37d18740
4515,17681,8,0x37db4480
4516,17411,8,0x37e501c0
4517,24258,8,0x37eebf00
4518,18965,8,0x37f87c40
4519,17471,8,0x38023980
4520,17570,8,0x380bf6c0
4521,25757,8,0x3815b400
4522,18597,8,0x381f7140
4523,17661,8,0x38292e80
4524,18184,8,0x3832ebc0
4525,24413,8,0x383ca900
4526,18175,8,0x38466640
4527,16903,8,0x38502380
4528,17776,8,0x3859e0c0
4529,25011,8,0x38639e00
4530,18486,8,0x386d5b40
4531,17761,8,0x38771880
4532,17669,8,0x3880d5c0
4533,24450,8,0x388a9300
4534,18201,8,0x38945040
4535,17600,8,0x389e0d80
4536,21161,8,0x38a7cac0
4537,31029,8,0x38b18800
4538,21509,8,0x38bb4540
4539,23778,8,0x38c50280
4540,18021,8,0x38cebfc0
4541,24701,8,0x38d87d00
4542,18080,8,0x38e23a40
4543,18277,8,0x38ebf780
4544,17792,8,0x38f5b4c0
4545,31425,8,0x38ff7200
4546,18633,8,0x39092f40
4547,18355,8,0x3912ec80
4548,17813,8,0x391ca9c0
4549,25108,8,0x39266700
4550,18414,8,0x39302440
4551,17639,8,0x3939e180
4552,18126,8,0x39439ec0
4553,24586,8,0x394d5c00
4554,19325,8,0x39571940
4555,17663,8,0x3960d680
4556,17008,8,0x396a93c0
4557,24077,8,0x39745100
4558,18799,8,0x397e0e40
4559,17592,8,0x3987cb80
4560,18148,8,0x399188c0
4561,24686,8,0x399b4600
4562,18923,8,0x39a50340
4563,17862,8,0x39aec080
4564,17665,8,0x39b87dc0
4565,24189,8,0x39c23b00
4566,18897,8,0x39cbf840
4567,17417,8,0x39d5b580
4568,17886,8,0x39df72c0
4569,25252,8,0x39e93000
4570,18777,8,0x39f2ed40
4571,18086,8,0x39fcaa80
4572,17941,8,0x3a0667c0
4573,24380,8,0x3a102500
4574,19098,8,0x3a19e240
4575,17645,8,0x3a239f80
4576,17435,8,0x3a2d5cc0
4577,25344,8,0x3a371a00
4578,19444,8,0x3a40d740
4579,17577,8,0x3a4a9480
4580,17527,8,0x3a5451c0
4581,24640,8,0x3a5e0f00
4582,19420,8,0x3a67cc40
4583,17551,8,0x3a718980
4584,17723,8,0x3a7b46c0
4585,25146,8,0x3a850400
4586,18582,8,0x3a8ec140
4587,17535,8,0x3a987e80
4588,17542,8,0x3aa23bc0
4589,24674,8,0x3aabf900
4590,19151,8,0x3ab5b640
4591,17078,8,0x3abf7380
4592,17811,8,0x3ac930c0
4593,33422,8,0x3ad2ee00
4594,18596,8,0x3adcab40
4595,17572,8,0x3ae66880
4596,17795,8,0x3af025c0
4597,25639,8,0x3af9e300
4598,19722,8,0x3b03a040
4599,17011,8,0x3b0d5d80
4600,21233,8,0x3b171ac0
4601,31617,8,0x3b20d800
4602,22747,8,0x3b2a9540
4603,19659,8,0x3b345280
4604,18254,8,0x3b3e0fc0
4605,25477,8,0x3b47cd00
4606,18258,8,0x3b518a40
4607,17446,8,0x3b5b4780
4608,18340,8,0x3b6504c0
4609,26137,8,0x3b6ec200
4610,18606,8,0x3b787f40
4611,17311,8,0x3b823c80
4612,18535,8,0x3b8bf9c0
4613,24459,8,0x3b95b700
4614,18797,8,0x3b9f7440
4615,17272,8,0x3ba93180
4616,17495,8,0x3bb2eec0
4617,24997,8,0x3bbcac00
4618,18863,8,0x3bc66940
4619,17866,8,0x3bd02680
4620,18289,8,0x3bd9e3c0
4621,24291,8,0x3be3a100
4622,18924,8,0x3bed5e40
4623,17744,8,0x3bf71b80
4624,18084,8,0x3c00d8c0
4625,24641,8,0x3c0a9600
4626,18115,8,0x3c145340
4627,17726,8,0x3c1e1080
4628,18047,8,0x3c27cdc0
4629,42895,8,0x3c318b00
4630,19697,8,0x3c3b4840
4631,18900,8,0x3c450580
4632,18524,8,0x3c4ec2c0
4633,25348,8,0x3c588000
4634,19298,8,0x3c623d40
4635,18646,8,0x3c6bfa80
4636,18216,8,0x3c75b7c0
4637,26620,8,0x3c7f7500
4638,19582,8,0x3c893240
4639,18528,8,0x3c92ef80
4640,18575,8,0x3c9cacc0
4641,28896,8,0x3ca66a00
4642,19150,8,0x3cb02740
4643,18928,8,0x3cb9e480
4644,19195,8,0x3cc3a1c0
4645,25364,8,0x3ccd5f00
4646,20042,8,0x3cd71c40
4647,18505,8,0x3ce0d980
4648,19142,8,0x3cea96c0
4649,26539,8,0x3cf45400
4650,19688,8,0x3cfe1140
4651,18631,8,0x3d07ce80
4652,18831,8,0x3d118bc0
4653,24745,8,0x3d1b4900
4654,19603,8,0x3d250640
4655,18092,8,0x3d2ec380
4656,18470,8,0x3d3880c0
4657,26109,8,0x3d423e00
4658,19281,8,0x3d4bfb40
4659,19303,8,0x3d55b880
4660,18553,8,0x3d5f75c0
4661,25594,8,0x3d693300
4662,19644,8,0x3d72f040
4663,18458,8,0x3d7cad80
4664,21260,8,0x3d866ac0
4665,31780,8,0x3d902800
4666,22648,8,0x3d99e540
4667,21603,8,0x3da3a280
4668,18402,8,0x3dad5fc0
4669,39774,8,0x3db71d00
4670,19880,8,0x3dc0da40
4671,17687,8,0x3dca9780
4672,17858,8,0x3dd454c0
4673,26371,8,0x3dde1200
4674,19992,8,0x3de7cf40
4675,18009,8,0x3df18c80
4676,18941,8,0x3dfb49c0
4677,25686,8,0x3e050700
4678,19975,8,0x3e0ec440
4679,18390,8,0x3e188180
4680,18396,8,0x3e223ec0
4681,26121,8,0x3e2bfc00
4682,19389,8,0x3e35b940
4683,18058,8,0x3e3f7680
4684,18940,8,0x3e4933c0
4685,36101,8,0x3e52f100
4686,19183,8,0x3e5cae40
4687,18322,8,0x3e666b80
4688,18503,8,0x3e7028c0
4689,26920,8,0x3e79e600
4690,19518,8,0x3e83a340
4691,18986,8,0x3e8d6080
4692,19321,8,0x3e971dc0
4693,25582,8,0x3ea0db00
4694,19896,8,0x3eaa9840
4695,18994,8,0x3eb45580
4696,18521,8,0x3ebe12c0
4697,26781,8,0x3ec7d000
4698,18948,8,0x3ed18d40
4699,18177,8,0x3edb4a80
4700,18686,8,0x3ee507c0
4701,25435,8,0x3eeec500
4702,18883,8,0x3ef88240
4703,18568,8,0x3f023f80
4704,19306,8,0x3f0bfcc0
4705,25942,8,0x3f15ba00
4706,19395,8,0x3f1f7740
4707,18508,8,0x3f293480
4708,18398,8,0x3f32f1c0
4709,26729,8,0x3f3caf00
4710,19225,8,0x3f466c40
4711,18170,8,0x3f502980
4712,18672,8,0x3f59e6c0
4713,25922,8,0x3f63a400
4714,19527,8,0x3f6d6140
4715,22893,8,0x3f771e80
4716,18435,8,0x3f80dbc0
4717,25039,8,0x3f8a9900
4718,19603,8,0x3f945640
4719,32897,8,0x3f9e1380
4720,19793,8,0x3fa7d0c0
4721,25229,8,0x3fb18e00
4722,21046,8,0x3fbb4b40
4723,20209,8,0x3fc50880
4724,20534,8,0x3fcec5c0
4725,25233,8,0x3fd88300
4726,20963,8,0x3fe24040
4727,20088,8,0x3febfd80
4728,23641,8,0x3ff5bac0
4729,41820,8,0x3fff7800
4730,22406,8,0x93580
4731,24648,8,0x12f2c0
4732,20064,8,0x1cb000
4733,23729,8,0x266d40
4734,18808,8,0x302a80
4735,20438,8,0x39e7c0
4736,19862,8,0x43a500
4737,22053,8,0x4d6240
4738,21091,8,0x571f80
4739,20549,8,0x60dcc0
4740,19581,8,0x6a9a00
4741,22139,8,0x745740
4742,21111,8,0x7e1480
4743,20353,8,0x87d1c0
4744,17689,8,0x918f00
4745,22381,8,0x9b4c40
4746,21293,8,0xa50980
4747,20158,8,0xaec6c0
4748,17757,8,0xb88400
4749,22259,8,0xc24140
4750,21142,8,0xcbfe80
4751,20541,8,0xd5bbc0
4752,17407,8,0xdf7900
4753,22001,8,0xe93640
4754,20622,8,0xf2f380
4755,20587,8,0xfcb0c0
4756,17732,8,0x1066e00
4757,21479,8,0x1102b40
4758,20493,8,0x119e880
4759,20259,8,0x123a5c0
4760,18088,8,0x12d6300
4761,22229,8,0x1372040
4762,21215,8,0x140dd80
4763,20347,8,0x14a9ac0
4764,17748,8,0x1545800
4765,25423,8,0x15e1540
4766,21806,8,0x167d280
4767,17950,8,0x1718fc0
4768,17715,8,0x17b4d00
4769,25769,8,0x1850a40
4770,20840,8,0x18ec780
4771,18070,8,0x19884c0
4772,17669,8,0x1a24200
4773,25756,8,0x1abff40
4774,20831,8,0x1b5bc80
4775,18563,8,0x1bf79c0
4776,17776,8,0x1c93700
4777,28270,8,0x1d2f440
4778,20771,8,0x1dcb180
4779,18332,8,0x1e66ec0
4780,17699,8,0x1f02c00
4781,24819,8,0x1f9e940
4782,20617,8,0x203a680
4783,18058,8,0x20d63c0
4784,17685,8,0x2172100
4785,25863,8,0x220de40
4786,21036,8,0x22a9b80
4787,18142,8,0x23458c0
4788,19956,8,0x23e1600
4789,26043,8,0x247d340
4790,18477,8,0x2519080
4791,18554,8,0x25b4dc0
4792,23745,8,0x2650b00
4793,32076,8,0x26ec840
4794,21901,8,0x2788580
4795,21644,8,0x28242c0
4796,20434,8,0x28c0000
4797,25385,8,0x295bd40
4798,18582,8,0x29f7a80
4799,18518,8,0x2a937c0
4800,19872,8,0x2b2f500
4801,25404,8,0x2bcb240
4802,18475,8,0x2c66f80
4803,18693,8,0x2d02cc0
4804,20393,8,0x2d9ea00
4805,25000,8,0x2e3a740
4806,18287,8,0x2ed6480
4807,17728,8,0x2f721c0
4808,20502,8,0x300df00
4809,25292,8,0x30a9c40
4810,18512,8,0x3145980
4811,20517,8,0x31e16c0
4812,20593,8,0x327d400
4813,21913,8,0x3319140
4814,18815,8,0x33b4e80
4815,20241,8,0x3450bc0
4816,19914,8,0x34ec900
4817,21681,8,0x3588640
4818,19072,8,0x3624380
4819,20002,8,0x36c00c0
4820,20317,8,0x375be00
4821,26585,8,0x37f7b40
4822,18527,8,0x3893880
4823,21072,8,0x392f5c0
4824,19877,8,0x39cb300
4825,24431,8,0x3a67040
4826,18617,8,0x3b02d80
4827,20231,8,0x3b9eac0
4828,20567,8,0x3c3a800
4829,22513,8,0x3cd6540
4830,18471,8,0x3d72280
4831,20660,8,0x3e0dfc0
4832,20898,8,0x3ea9d00
4833,22339,8,0x3f45a40
4834,21269,8,0x3fe1780
4835,20271,8,0x407d4c0
4836,18263,8,0x4119200
4837,21693,8,0x41b4f40
4838,21760,8,0x4250c80
4839,19948,8,0x42ec9c0
4840,17477,8,0x4388700
4841,23028,8,0x4424440
4842,20550,8,0x44c0180
4843,20067,8,0x455bec0
4844,18001,8,0x45f7c00
4845,21799,8,0x4693940
4846,20816,8,0x472f680
4847,20450,8,0x47cb3c0
4848,18105,8,0x4867100
4849,21888,8,0x4902e40
4850,21668,8,0x499eb80
4851,20159,8,0x4a3a8c0
4852,20680,8,0x4ad6600
4853,27773,8,0x4b72340
4854,21365,8,0x4c0e080
4855,19519,8,0x4ca9dc0
4856,21677,8,0x4d45b00
4857,32223,8,0x4de1840
4858,25050,8,0x4e7d580
4859,21198,8,0x4f192c0
4860,18081,8,0x4fb5000
4861,24963,8,0x5050d40
4862,21498,8,0x50eca80
4863,18096,8,0x51887c0
4864,18141,8,0x5224500
4865,25496,8,0x52c0240
4866,21334,8,0x535bf80
4867,18437,8,0x53f7cc0
4868,17609,8,0x5493a00
4869,28020,8,0x552f740
4870,21981,8,0x55cb480
4871,17812,8,0x56671c0
4872,17497,8,0x5702f00
4873,25669,8,0x579ec40
4874,20871,8,0x583a980
4875,17698,8,0x58d66c0
4876,17225,8,0x5972400
4877,24903,8,0x5a0e140
4878,20837,8,0x5aa9e80
4879,18533,8,0x5b45bc0
4880,19786,8,0x5be1900
4881,25313,8,0x5c7d640
4882,18564,8,0x5d19380
4883,17981,8,0x5db50c0
4884,20224,8,0x5e50e00
4885,25335,8,0x5eecb40
4886,18474,8,0x5f88880
4887,18311,8,0x60245c0
4888,20195,8,0x60c0300
4889,25904,8,0x615c040
4890,18648,8,0x61f7d80
4891,18106,8,0x6293ac0
4892,20616,8,0x632f800
4893,25079,8,0x63cb540
4894,18810,8,0x6467280
4895,17913,8,0x6502fc0
4896,19816,8,0x659ed00
4897,25756,8,0x663aa40
4898,19287,8,0x66d6780
4899,17618,8,0x67724c0
4900,20108,8,0x680e200
4901,24977,8,0x68a9f40
4902,18653,8,0x6945c80
4903,20555,8,0x69e19c0
4904,19909,8,0x6a7d700
4905,22187,8,0x6b19440
4906,18947,8,0x6bb5180
4907,20170,8,0x6c50ec0
4908,19784,8,0x6cecc00
4909,21866,8,0x6d88940
4910,18822,8,0x6e24680
4911,21026,8,0x6ec03c0
4912,19776,8,0x6f5c100
4913,22442,8,0x6ff7e40
4914,19244,8,0x7093b80
4915,20771,8,0x712f8c0
4916,20942,8,0x71cb600
4917,23677,8,0x7267340
4918,19544,8,0x7303080
4919,19776,8,0x739edc0
4920,23825,8,0x743ab00
4921,29033,8,0x74d6840
4922,24654,8,0x7572580
4923,23779,8,0x760e2c0
4924,20111,8,0x76aa000
4925,21870,8,0x7745d40
4926,21476,8,0x77e1a80
4927,20055,8,0x787d7c0
4928,17551,8,0x7919500
4929,21931,8,0x79b5240
4930,20864,8,0x7a50f80
4931,19972,8,0x7aeccc0
4932,17538,8,0x7b88a00
4933,21753,8,0x7c24740
4934,21206,8,0x7cc0480
4935,20218,8,0x7d5c1c0
4936,17052,8,0x7df7f00
4937,23059,8,0x7e93c40
4938,20791,8,0x7f2f980
4939,20365,8,0x7fcb6c0
4940,17705,8,0x8067400
4941,22731,8,0x8103140
4942,20572,8,0x819ee80
4943,20140,8,0x823abc0
4944,17812,8,0x82d6900
4945,21994,8,0x8372640
4946,20684,8,0x840e380
4947,19702,8,0x84aa0c0
4948,17653,8,0x8545e00
4949,25876,8,0x85e1b40
4950,21000,8,0x867d880
4951,18063,8,0x87195c0
4952,16985,8,0x87b5300
4953,25916,8,0x8851040
4954,20937,8,0x88ecd80
4955,17803,8,0x8988ac0
4956,17880,8,0x8a24800
4957,25437,8,0x8ac0540
4958,21191,8,0x8b5c280
4959,18389,8,0x8bf7fc0
4960,17473,8,0x8c93d00
4961,35196,8,0x8d2fa40
4962,21453,8,0x8dcb780
4963,17926,8,0x8e674c0
4964,17853,8,0x8f03200
4965,26515,8,0x8f9ef40
4966,21596,8,0x903ac80
4967,17995,8,0x90d69c0
4968,17416,8,0x9172700
4969,25821,8,0x920e440
4970,21821,8,0x92aa180
4971,17607,8,0x9345ec0
4972,20140,8,0x93e1c00
4973,26560,8,0x947d940
4974,18892,8,0x9519680
4975,18360,8,0x95b53c0
4976,20335,8,0x9651100
4977,25878,8,0x96ece40
4978,19240,8,0x9788b80
4979,18863,8,0x98248c0
4980,20472,8,0x98c0600
4981,25462,8,0x995c340
4982,18746,8,0x99f8080
4983,18840,8,0x9a93dc0
4984,23141,8,0x9b2fb00
4985,31769,8,0x9bcb840
4986,22487,8,0x9c67580
4987,21978,8,0x9d032c0
4988,20553,8,0x9d9f000
4989,24979,8,0x9e3ad40
4990,19112,8,0x9ed6a80
4991,18711,8,0x9f727c0
4992,20373,8,0xa00e500
4993,25513,8,0xa0aa240
4994,18563,8,0xa145f80
4995,20841,8,0xa1e1cc0
4996,20407,8,0xa27da00
4997,21913,8,0xa319740
4998,18820,8,0xa3b5480
4999,19837,8,0xa4511c0
5000,20353,8,0xa4ecf00
5001,22169,8,0xa588c40
5002,19116,8,0xa624980
5003,20697,8,0xa6c06c0
5004,21102,8,0xa75c400
5005,22481,8,0xa7f8140
5006,19123,8,0xa893e80
5007,20835,8,0xa92fbc0
5008,20027,8,0xa9cb900
5009,24483,8,0xaa67640
5010,19117,8,0xab03380
5011,20753,8,0xab9f0c0
5012,20045,8,0xac3ae00
5013,21833,8,0xacd6b40
5014,18998,8,0xad72880
5015,20479,8,0xae0e5c0
5016,19944,8,0xaeaa300
5017,22439,8,0xaf46040
5018,21885,8,0xafe1d80
5019,20716,8,0xb07dac0
5020,18041,8,0xb119800
5021,22404,8,0xb1b5540
5022,21782,8,0xb251280
5023,20578,8,0xb2ecfc0
5024,18578,8,0xb388d00
5025,22640,8,0xb424a40
5026,21615,8,0xb4c0780
5027,20788,8,0xb55c4c0
5028,18138,8,0xb5f8200
5029,21934,8,0xb693f40
5030,21497,8,0xb72fc80
5031,19815,8,0xb7cb9c0
5032,17974,8,0xb867700
5033,23067,8,0xb903440
5034,21106,8,0xb99f180
5035,20390,8,0xba3aec0
5036,18054,8,0xbad6c00
5037,30564,8,0xbb72940
5038,21569,8,0xbc0e680
5039,19994,8,0xbcaa3c0
5040,18479,8,0xbd46100
5041,27023,8,0xbde1e40
5042,21576,8,0xbe7db80
5043,20071,8,0xbf198c0
5044,17765,8,0xbfb5600
5045,26183,8,0xc051340
5046,21397,8,0xc0ed080
5047,17964,8,0xc188dc0
5048,21515,8,0xc224b00
5049,35534,8,0xc2c0840
5050,24848,8,0xc35c580
5051,21939,8,0xc3f82c0
5052,17490,8,0xc494000
5053,28197,8,0xc52fd40
5054,20938,8,0xc5cba80
5055,18169,8,0xc6677c0
5056,18102,8,0xc703500
5057,25935,8,0xc79f240
5058,21328,8,0xc83af80
5059,18305,8,0xc8d6cc0
5060,17893,8,0xc972a00
5061,25046,8,0xca0e740
5062,20959,8,0xcaaa480
5063,18610,8,0xcb461c0
5064,20313,8,0xcbe1f00
5065,26093,8,0xcc7dc40
5066,21614,8,0xcd19980
5067,18395,8,0xcdb56c0
5068,19636,8,0xce51400
5069,25822,8,0xceed140
5070,19050,8,0xcf88e80
5071,17931,8,0xd024bc0
5072,20493,8,0xd0c0900
5073,25747,8,0xd15c640
5074,19212,8,0xd1f8380
5075,18747,8,0xd2940c0
5076,20702,8,0xd32fe00
5077,26431,8,0xd3cbb40
5078,18644,8,0xd467880
5079,18135,8,0xd5035c0
5080,20423,8,0xd59f300
5081,26570,8,0xd63b040
5082,19082,8,0xd6d6d80
5083,18296,8,0xd772ac0
5084,20277,8,0xd80e800
5085,24829,8,0xd8aa540
5086,18606,8,0xd946280
5087,20823,8,0xd9e1fc0
5088,19727,8,0xda7dd00
5089,25687,8,0xdb19a40
5090,19483,8,0xdbb5780
5091,20805,8,0xdc514c0
5092,20210,8,0xdced200
5093,22521,8,0xdd88f40
5094,18785,8,0xde24c80
5095,20251,8,0xdec09c0
5096,20293,8,0xdf5c700
5097,29496,8,0xdff8440
5098,19053,8,0xe094180
5099,38185,8,0xe12fec0
5100,21380,8,0xe1cbc00
5101,23824,8,0xe267940
5102,20207,8,0xe303680
5103,21236,8,0xe39f3c0
5104,21451,8,0xe43b100
5105,23584,8,0xe4d6e40
5106,19767,8,0xe572b80
5107,21652,8,0xe60e8c0
5108,20263,8,0xe6aa600
5109,22787,8,0xe746340
5110,20028,8,0xe7e2080
5111,21448,8,0xe87ddc0
5112,24042,8,0xe919b00
5113,30798,8,0xe9b5840
5114,25309,8,0xea51580
5115,23825,8,0xeaed2c0
5116,19273,8,0xeb89000
5117,23294,8,0xec24d40
5118,22865,8,0xecc0a80
5119,21439,8,0xed5c7c0
5120,18505,8,0xedf8500
5121,23524,8,0xee94240
5122,22269,8,0xef2ff80
5123,20979,8,0xefcbcc0
5124,19048,8,0xf067a00
5125,23561,8,0xf103740
5126,21922,8,0xf19f480
5127,20805,8,0xf23b1c0
5128,18960,8,0xf2d6f00
5129,23385,8,0xf372c40
5130,22518,8,0xf40e980
5131,20864,8,0xf4aa6c0
5132,19785,8,0xf546400
5133,23076,8,0xf5e2140
5134,23002,8,0xf67de80
5135,20730,8,0xf719bc0
5136,18997,8,0xf7b5900
5137,26490,8,0xf851640
5138,22741,8,0xf8ed380
5139,18979,8,0xf9890c0
5140,18311,8,0xfa24e00
5141,34609,8,0xfac0b40
5142,22381,8,0xfb5c880
5143,19282,8,0xfbf85c0
5144,18668,8,0xfc94300
5145,27032,8,0xfd30040
5146,22876,8,0xfdcbd80
5147,19001,8,0xfe67ac0
5148,18803,8,0xff03800
5149,26122,8,0xff9f540
5150,22712,8,0x1003b280
5151,18779,8,0x100d6fc0
5152,18541,8,0x10172d00
5153,26417,8,0x1020ea40
5154,21902,8,0x102aa780
5155,19233,8,0x103464c0
5156,18455,8,0x103e2200
5157,27065,8,0x1047df40
5158,21754,8,0x10519c80
5159,18866,8,0x105b59c0
5160,21172,8,0x10651700
5161,26757,8,0x106ed440
5162,19483,8,0x10789180
5163,18845,8,0x10824ec0
5164,21705,8,0x108c0c00
5165,26666,8,0x1095c940
5166,20347,8,0x109f8680
5167,19214,8,0x10a943c0
5168,19908,8,0x10b30100
5169,25097,8,0x10bcbe40
5170,18717,8,0x10c67b80
5171,24702,8,0x10d038c0
5172,20159,8,0x10d9f600
5173,25545,8,0x10e3b340
5174,18899,8,0x10ed7080
5175,18286,8,0x10f72dc0
5176,24015,8,0x1100eb00
5177,32105,8,0x110aa840
5178,23068,8,0x11146580
5179,22063,8,0x111e22c0
5180,21473,8,0x1127e000
5181,25631,8,0x11319d40
5182,19102,8,0x113b5a80
5183,20622,8,0x114517c0
5184,21575,8,0x114ed500
5185,28400,8,0x11589240
5186,19519,8,0x11624f80
5187,21052,8,0x116c0cc0
5188,20948,8,0x1175ca00
5189,22134,8,0x117f8740
5190,19274,8,0x11894480
5191,20645,8,0x119301c0
5192,21356,8,0x119cbf00
5193,21693,8,0x11a67c40
5194,19193,8,0x11b03980
5195,20703,8,0x11b9f6c0
5196,20705,8,0x11c3b400
5197,21904,8,0x11cd7140
5198,18908,8,0x11d72e80
5199,20718,8,0x11e0ebc0
5200,21234,8,0x11eaa900
5201,21873,8,0x11f46640
5202,19058,8,0x11fe2380
5203,21282,8,0x1207e0c0
5204,21006,8,0x12119e00
5205,22068,8,0x121b5b40
5206,21389,8,0x12251880
5207,20526,8,0x122ed5c0
5208,18179,8,0x12389300
5209,21772,8,0x12425040
5210,22035,8,0x124c0d80
5211,21191,8,0x1255cac0
5212,18336,8,0x125f8800
5213,22610,8,0x12694540
5214,22485,8,0x12730280
5215,25822,8,0x127cbfc0
5216,18636,8,0x12867d00
5217,23560,8,0x12903a40
5218,23533,8,0x1299f780
5219,21486,8,0x12a3b4c0
5220,19171,8,0x12ad7200
5221,21928,8,0x12b72f40
5222,21239,8,0x12c0ec80
5223,20873,8,0x12caa9c0
5224,18600,8,0x12d46700
5225,22329,8,0x12de2440
5226,22236,8,0x12e7e180
5227,20282,8,0x12f19ec0
5228,17754,8,0x12fb5c00
5229,29016,8,0x13051940
5230,21225,8,0x130ed680
5231,18934,8,0x131893c0
5232,18147,8,0x13225100
5233,28044,8,0x132c0e40
5234,21615,8,0x1335cb80
5235,18406,8,0x133f88c0
5236,18521,8,0x13494600
5237,26079,8,0x13530340
5238,21487,8,0x135cc080
5239,18247,8,0x13667dc0
5240,22348,8,0x13703b00
5241,32335,8,0x1379f840
5242,29103,8,0x1383b580
5243,22445,8,0x138d72c0
5244,18342,8,0x13973000
5245,25661,8,0x13a0ed40
5246,21678,8,0x13aaaa80
5247,18685,8,0x13b467c0
5248,18527,8,0x13be2500
5249,25734,8,0x13c7e240
5250,21522,8,0x13d19f80
5251,18189,8,0x13db5cc0
5252,20850,8,0x13e51a00
5253,25609,8,0x13eed740
5254,19243,8,0x13f89480
5255,18344,8,0x140251c0
5256,21537,8,0x140c0f00
5257,25619,8,0x1415cc40
5258,19033,8,0x141f8980
5259,18569,8,0x142946c0
5260,21237,8,0x14330400
5261,25646,8,0x143cc140
5262,18697,8,0x14467e80
5263,18650,8,0x14503bc0
5264,21824,8,0x1459f900
5265,25551,8,0x1463b640
5266,19043,8,0x146d7380
5267,18064,8,0x147730c0
5268,20824,8,0x1480ee00
5269,26049,8,0x148aab40
5270,19095,8,0x14946880
5271,18370,8,0x149e25c0
5272,21156,8,0x14a7e300
5273,25152,8,0x14b1a040
5274,19555,8,0x14bb5d80
5275,21458,8,0x14c51ac0
5276,21179,8,0x14ced800
5277,23597,8,0x14d89540
5278,19118,8,0x14e25280
5279,22021,8,0x14ec0fc0
5280,21545,8,0x14f5cd00
5281,22324,8,0x14ff8a40
5282,19460,8,0x15094780
5283,21064,8,0x151304c0
5284,21356,8,0x151cc200
5285,21791,8,0x15267f40
5286,19148,8,0x15303c80
5287,21592,8,0x1539f9c0
5288,21553,8,0x1543b700
5289,21447,8,0x154d7440
5290,19228,8,0x15573180
5291,21662,8,0x1560eec0
5292,20560,8,0x156aac00
5293,21578,8,0x15746940
5294,19344,8,0x157e2680
5295,20815,8,0x1587e3c0
5296,23323,8,0x1591a100
5297,22681,8,0x159b5e40
5298,21894,8,0x15a51b80
5299,21977,8,0x15aed8c0
5300,18458,8,0x15b89600
5301,21535,8,0x15c25340
5302,22830,8,0x15cc1080
5303,20951,8,0x15d5cdc0
5304,22083,8,0x15df8b00
5305,28391,8,0x15e94840
5306,26025,8,0x15f30580
5307,25220,8,0x15fcc2c0
5308,18912,8,0x16068000
5309,22039,8,0x16103d40
5310,22453,8,0x1619fa80
5311,21330,8,0x1623b7c0
5312,19096,8,0x162d7500
5313,22234,8,0x16373240
5314,21435,8,0x1640ef80
5315,21321,8,0x164aacc0
5316,18455,8,0x16546a00
5317,21341,8,0x165e2740
5318,21643,8,0x1667e480
5319,21682,8,0x1671a1c0
5320,18900,8,0x167b5f00
5321,27883,8,0x16851c40
5322,21888,8,0x168ed980
5323,18753,8,0x169896c0
5324,18027,8,0x16a25400
5325,25442,8,0x16ac1140
5326,22252,8,0x16b5ce80
5327,18772,8,0x16bf8bc0
5328,18667,8,0x16c94900
5329,25917,8,0x16d30640
5330,21906,8,0x16dcc380
5331,18829,8,0x16e680c0
5332,17859,8,0x16f03e00
5333,25067,8,0x16f9fb40
5334,23053,8,0x1703b880
5335,18393,8,0x170d75c0
5336,18664,8,0x17173300
5337,25596,8,0x1720f040
5338,22577,8,0x172aad80
5339,18557,8,0x17346ac0
5340,18250,8,0x173e2800
5341,25628,8,0x1747e540
5342,21697,8,0x1751a280
5343,18555,8,0x175b5fc0
5344,20862,8,0x17651d00
5345,26376,8,0x176eda40
5346,19136,8,0x17789780
5347,18573,8,0x178254c0
5348,21746,8,0x178c1200
5349,25251,8,0x1795cf40
5350,19193,8,0x179f8c80
5351,18436,8,0x17a949c0
5352,21511,8,0x17b30700
5353,26225,8,0x17bcc440
5354,19606,8,0x17c68180
5355,18523,8,0x17d03ec0
5356,20455,8,0x17d9fc00
5357,26294,8,0x17e3b940
5358,18957,8,0x17ed7680
5359,18417,8,0x17f733c0
5360,21106,8,0x1800f100
5361,26561,8,0x180aae40
5362,19198,8,0x18146b80
5363,18389,8,0x181e28c0
5364,20722,8,0x1827e600
5365,33697,8,0x1831a340
5366,19206,8,0x183b6080
5367,21099,8,0x18451dc0
5368,24508,8,0x184edb00
5369,34977,8,0x18589840
5370,23464,8,0x18625580
5371,25456,8,0x186c12c0
5372,20754,8,0x1875d000
5373,21821,8,0x187f8d40
5374,19050,8,0x18894a80
5375,21764,8,0x189307c0
5376,21144,8,0x189cc500
5377,22304,8,0x18a68240
5378,19710,8,0x18b03f80
5379,20868,8,0x18b9fcc0
5380,20968,8,0x18c3ba00
5381,21636,8,0x18cd7740
5382,19880,8,0x18d73480
5383,21266,8,0x18e0f1c0
5384,21243,8,0x18eaaf00
5385,22337,8,0x18f46c40
5386,19931,8,0x18fe2980
5387,21319,8,0x1907e6c0
5388,20794,8,0x1911a400
5389,21942,8,0x191b6140
5390,21877,8,0x19251e80
5391,20688,8,0x192edbc0
5392,21349,8,0x19389900
5393,22102,8,0x19425640
5394,25343,8,0x194c1380
5395,21822,8,0x1955d0c0
5396,111644,8,0x195f8e00
5397,25458,8,0x19694b40
5398,29472,8,0x19730880
5399,22944,8,0x197cc5c0
5400,22799,8,0x19868300
5401,24163,8,0x19904040
5402,23426,8,0x1999fd80
5403,22584,8,0x19a3bac0
5404,20688,8,0x19ad7800
5405,25505,8,0x19b73540
5406,23044,8,0x19c0f280
5407,22157,8,0x19caafc0
5408,19462,8,0x19d46d00
5409,25006,8,0x19de2a40
5410,24124,8,0x19e7e780
5411,22126,8,0x19f1a4c0
5412,20032,8,0x19fb6200
5413,26670,8,0x1a051f40
5414,23124,8,0x1a0edc80
5415,22173,8,0x1a1899c0
5416,19820,8,0x1a225700
5417,27042,8,0x1a2c1440
5418,22919,8,0x1a35d180
5419,19902,8,0x1a3f8ec0
5420,19295,8,0x1a494c00
5421,27496,8,0x1a530940
5422,23615,8,0x1a5cc680
5423,20862,8,0x1a6683c0
5424,19656,8,0x1a704100
5425,27507,8,0x1a79fe40
5426,24064,8,0x1a83bb80
5427,20331,8,0x1a8d78c0
5428,19468,8,0x1a973600
5429,26717,8,0x1aa0f340
5430,23533,8,0x1aaab080
5431,20200,8,0x1ab46dc0
5432,23504,8,0x1abe2b00
5433,33576,8,0x1ac7e840
5434,27068,8,0x1ad1a580
5435,24385,8,0x1adb62c0
5436,20392,8,0x1ae52000
5437,27203,8,0x1aeedd40
5438,22610,8,0x1af89a80
5439,19695,8,0x1b0257c0
5440,22281,8,0x1b0c1500
5441,26810,8,0x1b15d240
5442,20757,8,0x1b1f8f80
5443,20316,8,0x1b294cc0
5444,22663,8,0x1b330a00
5445,35501,8,0x1b3cc740
5446,21222,8,0x1b468480
5447,20419,8,0x1b5041c0
5448,22597,8,0x1b59ff00
5449,28942,8,0x1b63bc40
5450,21122,8,0x1b6d7980
5451,20483,8,0x1b7736c0
5452,22799,8,0x1b80f400
5453,26698,8,0x1b8ab140
5454,20791,8,0x1b946e80
5455,19961,8,0x1b9e2bc0
5456,22232,8,0x1ba7e900
5457,26578,8,0x1bb1a640
5458,20639,8,0x1bbb6380
5459,19660,8,0x1bc520c0
5460,23201,8,0x1bcede00
5461,25939,8,0x1bd89b40
5462,20660,8,0x1be25880
5463,22789,8,0x1bec15c0
5464,22944,8,0x1bf5d300
5465,23923,8,0x1bff9040
5466,21715,8,0x1c094d80
5467,22807,8,0x1c130ac0
5468,23475,8,0x1c1cc800
5469,23018,8,0x1c268540
5470,20677,8,0x1c304280
5471,22941,8,0x1c39ffc0
5472,23191,8,0x1c43bd00
5473,23764,8,0x1c4d7a40
5474,21104,8,0x1c573780
5475,22058,8,0x1c60f4c0
5476,22598,8,0x1c6ab200
5477,23305,8,0x1c746f40
5478,21250,8,0x1c7e2c80
5479,23066,8,0x1c87e9c0
5480,22304,8,0x1c91a700
5481,23609,8,0x1c9b6440
5482,21009,8,0x1ca52180
5483,22837,8,0x1caedec0
5484,22081,8,0x1cb89c00
5485,23277,8,0x1cc25940
5486,23663,8,0x1ccc1680
5487,23024,8,0x1cd5d3c0
5488,19988,8,0x1cdf9100
5489,25490,8,0x1ce94e40
5490,23948,8,0x1cf30b80
5491,23140,8,0x1cfcc8c0
5492,20108,8,0x1d068600
5493,23450,8,0x1d104340
5494,24092,8,0x1d1a0080
5495,23350,8,0x1d23bdc0
5496,23741,8,0x1d2d7b00
5497,31143,8,0x1d373840
5498,28357,8,0x1d40f580
5499,25995,8,0x1d4ab2c0
5500,20562,8,0x1d547000
5501,23917,8,0x1d5e2d40
5502,23923,8,0x1d67ea80
5503,22354,8,0x1d71a7c0
5504,19845,8,0x1d7b6500
5505,23835,8,0x1d852240
5506,24365,8,0x1d8edf80
5507,22426,8,0x1d989cc0
5508,20173,8,0x1da25a00
5509,27352,8,0x1dac1740
5510,23775,8,0x1db5d480
5511,19901,8,0x1dbf91c0
5512,20146,8,0x1dc94f00
5513,27639,8,0x1dd30c40
5514,42461,8,0x1ddcc980
5515,21574,8,0x1de686c0
5516,21369,8,0x1df04400
5517,29021,8,0x1dfa0140
5518,24538,8,0x1e03be80
5519,21018,8,0x1e0d7bc0
5520,20679,8,0x1e173900
5521,28696,8,0x1e20f640
5522,25121,8,0x1e2ab380
5523,20839,8,0x1e3470c0
5524,21366,8,0x1e3e2e00
5525,27899,8,0x1e47eb40
5526,23972,8,0x1e51a880
5527,20973,8,0x1e5b65c0
5528,21447,8,0x1e652300
5529,31157,8,0x1e6ee040
5530,24167,8,0x1e789d80
5531,21261,8,0x1e825ac0
5532,24131,8,0x1e8c1800
5533,29372,8,0x1e95d540
5534,21863,8,0x1e9f9280
5535,20931,8,0x1ea94fc0
5536,23099,8,0x1eb30d00
5537,27804,8,0x1ebcca40
5538,22301,8,0x1ec68780
5539,22626,8,0x1ed044c0
5540,23577,8,0x1eda0200
5541,27964,8,0x1ee3bf40
5542,21231,8,0x1eed7c80
5543,21691,8,0x1ef739c0
5544,23730,8,0x1f00f700
5545,28782,8,0x1f0ab440
5546,22326,8,0x1f147180
5547,21809,8,0x1f1e2ec0
5548,23408,8,0x1f27ec00
5549,27729,8,0x1f31a940
5550,22196,8,0x1f3b6680
5551,21245,8,0x1f4523c0
5552,24291,8,0x1f4ee100
5553,27660,8,0x1f589e40
5554,32555,8,0x1f625b80
5555,23849,8,0x1f6c18c0
5556,23866,8,0x1f75d600
5557,25157,8,0x1f7f9340
5558,21874,8,0x1f895080
5559,23668,8,0x1f930dc0
5560,27643,8,0x1f9ccb00
5561,30144,8,0x1fa68840
5562,27989,8,0x1fb04580
5563,26732,8,0x1fba02c0
5564,23964,8,0x1fc3c000
5565,24920,8,0x1fcd7d40
5566,22090,8,0x1fd73a80
5567,23991,8,0x1fe0f7c0
5568,23075,8,0x1feab500
5569,26284,8,0x1ff47240
5570,22173,8,0x1ffe2f80
5571,23128,8,0x2007ecc0
5572,24074,8,0x2011aa00
5573,24658,8,0x201b6740
5574,22015,8,0x20252480
5575,23959,8,0x202ee1c0
5576,22984,8,0x20389f00
5577,25191,8,0x20425c40
5578,25225,8,0x204c1980
5579,23552,8,0x2055d6c0
5580,21204,8,0x205f9400
5581,24236,8,0x20695140
5582,24319,8,0x20730e80
5583,23198,8,0x207ccbc0
5584,21287,8,0x20868900
5585,24725,8,0x20904640
5586,24960,8,0x209a0380
5587,23839,8,0x20a3c0c0
5588,20491,8,0x20ad7e00
5589,24261,8,0x20b73b40
5590,24240,8,0x20c0f880
5591,24443,8,0x20cab5c0
5592,20833,8,0x20d47300
5593,29158,8,0x20de3040
5594,26409,8,0x20e7ed80
5595,24683,8,0x20f1aac0
5596,21941,8,0x20fb6800
5597,24603,8,0x21052540
5598,26795,8,0x210ee280
5599,25089,8,0x21189fc0
5600,21936,8,0x21225d00
5601,29151,8,0x212c1a40
5602,26408,8,0x2135d780
5603,22067,8,0x213f94c0
5604,21862,8,0x21495200
5605,32732,8,0x21530f40
5606,25338,8,0x215ccc80
5607,22274,8,0x216689c0
5608,21334,8,0x21704700
5609,31107,8,0x217a0440
5610,25909,8,0x2183c180
5611,22598,8,0x218d7ec0
5612,22216,8,0x21973c00
5613,28205,8,0x21a0f940
5614,25895,8,0x21aab680
5615,22615,8,0x21b473c0
5616,22005,8,0x21be3100
5617,28887,8,0x21c7ee40
5618,26653,8,0x21d1ab80
5619,22725,8,0x21db68c0
5620,22092,8,0x21e52600
5621,27917,8,0x21eee340
5622,25475,8,0x21f8a080
5623,22280,8,0x22025dc0
5624,29074,8,0x220c1b00
5625,34514,8,0x2215d840
5626,28061,8,0x221f9580
5627,26170,8,0x222952c0
5628,25355,8,0x22331000
5629,28295,8,0x223ccd40
5630,23030,8,0x22468a80
5631,22586,8,0x225047c0
5632,25371,8,0x225a0500
5633,28445,8,0x2263c240
5634,22747,8,0x226d7f80
5635,22709,8,0x22773cc0
5636,24943,8,0x2280fa00
5637,28342,8,0x228ab740
5638,23242,8,0x22947480
5639,22531,8,0x229e31c0
5640,24287,8,0x22a7ef00
5641,28290,8,0x22b1ac40
5642,23338,8,0x22bb6980
5643,23160,8,0x22c526c0
5644,25221,8,0x22cee400
5645,29710,8,0x22d8a140
5646,23042,8,0x22e25e80
5647,25865,8,0x22ec1bc0
5648,24643,8,0x22f5d900
5649,25419,8,0x22ff9640
5650,23459,8,0x23095380
5651,25347,8,0x231310c0
5652,24768,8,0x231cce00
5653,24825,8,0x23268b40
5654,22783,8,0x23304880
5655,25188,8,0x233a05c0
5656,25074,8,0x2343c300
5657,24885,8,0x234d8040
5658,23137,8,0x23573d80
5659,25389,8,0x2360fac0
5660,25626,8,0x236ab800
5661,24744,8,0x23747540
5662,23023,8,0x237e3280
5663,25798,8,0x2387efc0
5664,25680,8,0x2391ad00
5665,25617,8,0x239b6a40
5666,23025,8,0x23a52780
5667,24995,8,0x23aee4c0
5668,24890,8,0x23b8a200
5669,25049,8,0x23c25f40
5670,25767,8,0x23cc1c80
5671,25337,8,0x23d5d9c0
5672,23339,8,0x23df9700
5673,24218,8,0x23e95440
5674,26110,8,0x23f31180
5675,24821,8,0x23fccec0
5676,22503,8,0x24068c00
5677,24384,8,0x24104940
5678,25671,8,0x241a0680
5679,25370,8,0x2423c3c0
5680,22468,8,0x242d8100
5681,25012,8,0x24373e40
5682,26306,8,0x2440fb80
5683,25138,8,0x244ab8c0
5684,22325,8,0x24547600
5685,26405,8,0x245e3340
5686,25592,8,0x2467f080
5687,24823,8,0x2471adc0
5688,26471,8,0x247b6b00
5689,31220,8,0x24852840
5690,31505,8,0x248ee580
5691,28768,8,0x2498a2c0
5692,23102,8,0x24a26000
5693,28913,8,0x24ac1d40
5694,26027,8,0x24b5da80
5695,22181,8,0x24bf97c0
5696,22479,8,0x24c95500
5697,28569,8,0x24d31240
5698,26076,8,0x24dccf80
5699,22376,8,0x24e68cc0
5700,22517,8,0x24f04a00
5701,28262,8,0x24fa0740
5702,26008,8,0x2503c480
5703,22572,8,0x250d81c0
5704,22260,8,0x25173f00
5705,28758,8,0x2520fc40
5706,26360,8,0x252ab980
5707,22090,8,0x253476c0
5708,26931,8,0x253e3400
5709,29111,8,0x2547f140
5710,26052,8,0x2551ae80
5711,22806,8,0x255b6bc0
5712,22013,8,0x25652900
5713,31331,8,0x256ee640
5714,27694,8,0x2578a380
5715,22349,8,0x258260c0
5716,25162,8,0x258c1e00
5717,29172,8,0x2595db40
5718,25739,8,0x259f9880
5719,22350,8,0x25a955c0
5720,24874,8,0x25b31300
5721,36933,8,0x25bcd040
5722,23238,8,0x25c68d80
5723,22538,8,0x25d04ac0
5724,25665,8,0x25da0800
5725,29297,8,0x25e3c540
5726,22970,8,0x25ed8280
5727,22739,8,0x25f73fc0
5728,25370,8,0x2600fd00
5729,28183,8,0x260aba40
5730,22991,8,0x26147780
5731,22957,8,0x261e34c0
5732,25791,8,0x2627f200
5733,28442,8,0x2631af40
5734,22953,8,0x263b6c80
5735,22897,8,0x264529c0
5736,24657,8,0x264ee700
5737,29576,8,0x2658a440
5738,22896,8,0x26626180
5739,24514,8,0x266c1ec0
5740,25551,8,0x2675dc00
5741,29016,8,0x267f9940
5742,22958,8,0x26895680
5743,25419,8,0x269313c0
5744,25931,8,0x269cd100
5745,25609,8,0x26a68e40
5746,23578,8,0x26b04b80
5747,24749,8,0x26ba08c0
5748,25539,8,0x26c3c600
5749,25146,8,0x26cd8340
5750,23421,8,0x26d74080
5751,26227,8,0x26e0fdc0
5752,29149,8,0x26eabb00
5753,32705,8,0x26f47840
5754,28413,8,0x26fe3580
5755,29823,8,0x2707f2c0
5756,25694,8,0x2711b000
5757,29979,8,0x271b6d40
5758,23601,8,0x27252a80
5759,26102,8,0x272ee7c0
5760,25521,8,0x2738a500
5761,26783,8,0x27426240
5762,27299,8,0x274c1f80
5763,25302,8,0x2755dcc0
5764,24528,8,0x275f9a00
5765,25149,8,0x27695740
5766,26897,8,0x27731480
5767,25549,8,0x277cd1c0
5768,23435,8,0x27868f00
5769,25182,8,0x27904c40
5770,25932,8,0x279a0980
5771,25715,8,0x27a3c6c0
5772,22991,8,0x27ad8400
5773,25288,8,0x27b74140
5774,25388,8,0x27c0fe80
5775,25108,8,0x27cabbc0
5776,22945,8,0x27d47900
5777,24722,8,0x27de3640
5778,26679,8,0x27e7f380
5779,25230,8,0x27f1b0c0
5780,22349,8,0x27fb6e00
5781,25320,8,0x28052b40
5782,26028,8,0x280ee880
5783,25404,8,0x2818a5c0
5784,22674,8,0x28226300
5785,24584,8,0x282c2040
5786,25973,8,0x2835dd80
5787,25129,8,0x283f9ac0
5788,22349,8,0x28495800
5789,28871,8,0x28531540
5790,26135,8,0x285cd280
5791,22722,8,0x28668fc0
5792,22648,8,0x28704d00
5793,28410,8,0x287a0a40
5794,26782,8,0x2883c780
5795,22595,8,0x288d84c0
5796,22096,8,0x28974200
5797,32747,8,0x28a0ff40
5798,26030,8,0x28aabc80
5799,22088,8,0x28b479c0
5800,22106,8,0x28be3700
5801,28890,8,0x28c7f440
5802,26500,8,0x28d1b180
5803,22499,8,0x28db6ec0
5804,22177,8,0x28e52c00
5805,28499,8,0x28eee940
5806,25630,8,0x28f8a680
5807,22842,8,0x290263c0
5808,22611,8,0x290c2100
5809,28227,8,0x2915de40
5810,26087,8,0x291f9b80
5811,22417,8,0x292958c0
5812,25677,8,0x29331600
5813,29041,8,0x293cd340
5814,23438,8,0x29469080
5815,47554,8,0x29504dc0
5816,46489,8,0x295a0b00
5817,34889,8,0x2963c840
5818,28777,8,0x296d8580
5819,45794,8,0x297742c0
5820,26227,8,0x29810000
5821,28551,8,0x298abd40
5822,23211,8,0x29947a80
5823,22493,8,0x299e37c0
5824,25490,8,0x29a7f500
5825,27789,8,0x29b1b240
5826,23065,8,0x29bb6f80
5827,22728,8,0x29c52cc0
5828,26227,8,0x29ceea00
5829,28934,8,0x29d8a740
5830,23545,8,0x29e26480
5831,22444,8,0x29ec21c0
5832,26077,8,0x29f5df00
5833,30876,8,0x29ff9c40
5834,23409,8,0x2a095980
5835,25712,8,0x2a1316c0
5836,24765,8,0x2a1cd400
5837,25174,8,0x2a269140
5838,23992,8,0x2a304e80
5839,25571,8,0x2a3a0bc0
5840,25629,8,0x2a43c900
5841,25336,8,0x2a4d8640
5842,23358,8,0x2a574380
5843,25499,8,0x2a6100c0
5844,25372,8,0x2a6abe00
5845,25090,8,0x2a747b40
5846,23309,8,0x2a7e3880
5847,25046,8,0x2a87f5c0
5848,25690,8,0x2a91b300
5849,25211,8,0x2a9b7040
5850,23608,8,0x2aa52d80
5851,25406,8,0x2aaeeac0
5852,25253,8,0x2ab8a800
5853,25787,8,0x2ac26540
5854,23402,8,0x2acc2280
5855,25896,8,0x2ad5dfc0
5856,25984,8,0x2adf9d00
5857,34395,8,0x2ae95a40
5858,27278,8,0x2af31780
5859,25691,8,0x2afcd4c0
5860,22662,8,0x2b069200
5861,25045,8,0x2b104f40
5862,26800,8,0x2b1a0c80
5863,25782,8,0x2b23c9c0
5864,22747,8,0x2b2d8700
5865,25193,8,0x2b374440
5866,26513,8,0x2b410180
5867,25103,8,0x2b4abec0
5868,22202,8,0x2b547c00
5869,25416,8,0x2b5e3940
5870,26698,8,0x2b67f680
5871,25106,8,0x2b71b3c0
5872,22188,8,0x2b7b7100
5873,26804,8,0x2b852e40
5874,27267,8,0x2b8eeb80
5875,25476,8,0x2b98a8c0
5876,22474,8,0x2ba26600
5877,24953,8,0x2bac2340
5878,25946,8,0x2bb5e080
5879,25513,8,0x2bbf9dc0
5880,26776,8,0x2bc95b00
5881,36091,8,0x2bd31840
5882,34676,8,0x2bdcd580
5883,31964,8,0x2be692c0
5884,22586,8,0x2bf05000
5885,28893,8,0x2bfa0d40
5886,27518,8,0x2c03ca80
5887,22894,8,0x2c0d87c0
5888,22298,8,0x2c174500
5889,29758,8,0x2c210240
5890,26675,8,0x2c2abf80
5891,22786,8,0x2c347cc0
5892,21470,8,0x2c3e3a00
5893,28700,8,0x2c47f740
5894,26997,8,0x2c51b480
5895,22361,8,0x2c5b71c0
5896,22729,8,0x2c652f00
5897,29053,8,0x2c6eec40
5898,27393,8,0x2c78a980
5899,23015,8,0x2c8266c0
5900,22218,8,0x2c8c2400
5901,28573,8,0x2c95e140
5902,27123,8,0x2c9f9e80
5903,23202,8,0x2ca95bc0
5904,25413,8,0x2cb31900
5905,28856,8,0x2cbcd640
5906,23759,8,0x2cc69380
5907,22783,8,0x2cd050c0
5908,25018,8,0x2cda0e00
5909,30695,8,0x2ce3cb40
5910,43876,8,0x2ced8880
5911,22891,8,0x2cf745c0
5912,26458,8,0x2d010300
5913,30287,8,0x2d0ac040
5914,24976,8,0x2d147d80
5915,23469,8,0x2d1e3ac0
5916,26506,8,0x2d27f800
5917,30281,8,0x2d31b540
5918,24418,8,0x2d3b7280
5919,24000,8,0x2d452fc0
5920,26191,8,0x2d4eed00
5921,29854,8,0x2d58aa40
5922,24849,8,0x2d626780
5923,24030,8,0x2d6c24c0
5924,26917,8,0x2d75e200
5925,29913,8,0x2d7f9f40
5926,24565,8,0x2d895c80
5927,26111,8,0x2d9319c0
5928,26532,8,0x2d9cd700
5929,26451,8,0x2da69440
5930,24711,8,0x2db05180
5931,26788,8,0x2dba0ec0
5932,26279,8,0x2dc3cc00
5933,26461,8,0x2dcd8940
5934,26085,8,0x2dd74680
5935,27670,8,0x2de103c0
5936,26225,8,0x2deac100
5937,26520,8,0x2df47e40
5938,25435,8,0x2dfe3b80
5939,26610,8,0x2e07f8c0
5940,26733,8,0x2e11b600
5941,26253,8,0x2e1b7340
5942,24667,8,0x2e253080
5943,26889,8,0x2e2eedc0
5944,30252,8,0x2e38ab00
5945,35694,8,0x2e426840
5946,30075,8,0x2e4c2580
5947,32271,8,0x2e55e2c0
5948,26764,8,0x2e5fa000
5949,27183,8,0x2e695d40
5950,26785,8,0x2e731a80
5951,26688,8,0x2e7cd7c0
5952,23410,8,0x2e869500
5953,26366,8,0x2e905240
5954,27495,8,0x2e9a0f80
5955,27276,8,0x2ea3ccc0
5956,23643,8,0x2ead8a00
5957,26027,8,0x2eb74740
5958,27913,8,0x2ec10480
5959,26311,8,0x2ecac1c0
5960,23334,8,0x2ed47f00
5961,26895,8,0x2ede3c40
5962,29215,8,0x2ee7f980
5963,27511,8,0x2ef1b6c0
5964,23438,8,0x2efb7400
5965,26313,8,0x2f053140
5966,28438,8,0x2f0eee80
5967,26881,8,0x2f18abc0
5968,22945,8,0x2f226900
5969,26625,8,0x2f2c2640
5970,28508,8,0x2f35e380
5971,27526,8,0x2f3fa0c0
5972,24136,8,0x2f495e00
5973,29784,8,0x2f531b40
5974,28072,8,0x2f5cd880
5975,23715,8,0x2f6695c0
5976,23310,8,0x2f705300
5977,30239,8,0x2f7a1040
5978,28738,8,0x2f83cd80
5979,24765,8,0x2f8d8ac0
5980,23920,8,0x2f974800
5981,32231,8,0x2fa10540
5982,28742,8,0x2faac280
5983,24117,8,0x2fb47fc0
5984,24375,8,0x2fbe3d00
5985,30230,8,0x2fc7fa40
5986,28564,8,0x2fd1b780
5987,24340,8,0x2fdb74c0
5988,23718,8,0x2fe53200
5989,30307,8,0x2feeef40
5990,27893,8,0x2ff8ac80
5991,23679,8,0x300269c0
5992,23557,8,0x300c2700
5993,30228,8,0x3015e440
5994,27682,8,0x301fa180
5995,23679,8,0x30295ec0
5996,25920,8,0x30331c00
5997,30031,8,0x303cd940
5998,24661,8,0x30469680
5999,24157,8,0x305053c0
6000,26922,8,0x305a1100
6001,30992,8,0x3063ce40
6002,24917,8,0x306d8b80
6003,27831,8,0x307748c0
6004,26394,8,0x30810600
6005,36514,8,0x308ac340
6006,24363,8,0x30948080
6007,23553,8,0x309e3dc0
6008,31952,8,0x30a7fb00
6009,40819,8,0x30b1b840
6010,30483,8,0x30bb7580
6011,28600,8,0x30c532c0
6012,27888,8,0x30cef000
6013,30507,8,0x30d8ad40
6014,25286,8,0x30e26a80
6015,24123,8,0x30ec27c0
6016,28068,8,0x30f5e500
6017,32937,8,0x30ffa240
6018,25328,8,0x31095f80
6019,27620,8,0x31131cc0
6020,28823,8,0x311cda00
6021,26201,8,0x31269740
6022,25346,8,0x31305480
6023,27375,8,0x313a11c0
6024,27729,8,0x3143cf00
6025,26639,8,0x314d8c40
6026,25209,8,0x31574980
6027,27966,8,0x316106c0
6028,28330,8,0x316ac400
6029,27056,8,0x31748140
6030,25654,8,0x317e3e80
6031,28125,8,0x3187fbc0
6032,28572,8,0x3191b900
6033,27467,8,0x319b7640
6034,25247,8,0x31a53380
6035,27690,8,0x31aef0c0
6036,28023,8,0x31b8ae00
6037,26974,8,0x31c26b40
6038,25809,8,0x31cc2880
6039,27121,8,0x31d5e5c0
6040,26969,8,0x31dfa300
6041,27133,8,0x31e96040
6042,28973,8,0x31f31d80
6043,27848,8,0x31fcdac0
6044,24901,8,0x32069800
6045,26685,8,0x32105540
6046,28583,8,0x321a1280
6047,27910,8,0x3223cfc0
6048,24465,8,0x322d8d00
6049,27276,8,0x32374a40
6050,28875,8,0x32410780
6051,27375,8,0x324ac4c0
6052,23744,8,0x32548200
6053,28226,8,0x325e3f40
6054,28413,8,0x3267fc80
6055,27273,8,0x3271b9c0
6056,24784,8,0x327b7700
6057,27018,8,0x32853440
6058,29038,8,0x328ef180
6059,27343,8,0x3298aec0
6060,24771,8,0x32a26c00
6061,27224,8,0x32ac2940
6062,28478,8,0x32b5e680
6063,27812,8,0x32bfa3c0
6064,25654,8,0x32c96100
6065,31782,8,0x32d31e40
6066,29040,8,0x32dcdb80
6067,27029,8,0x32e698c0
6068,24355,8,0x32f05600
6069,30749,8,0x32fa1340
6070,29243,8,0x3303d080
6071,24194,8,0x330d8dc0
6072,28590,8,0x33174b00
6073,38055,8,0x33210840
6074,33424,8,0x332ac580
6075,29292,8,0x333482c0
6076,25006,8,0x333e4000
6077,31928,8,0x3347fd40
6078,30036,8,0x3351ba80
6079,24666,8,0x335b77c0
6080,23944,8,0x33653500
6081,29897,8,0x336ef240
6082,28807,8,0x3378af80
6083,24608,8,0x33826cc0
6084,24501,8,0x338c2a00
6085,36024,8,0x3395e740
6086,28056,8,0x339fa480
6087,25081,8,0x33a961c0
6088,26937,8,0x33b31f00
6089,30438,8,0x33bcdc40
6090,27925,8,0x33c69980
6091,25282,8,0x33d056c0
6092,27411,8,0x33da1400
6093,30692,8,0x33e3d140
6094,25902,8,0x33ed8e80
6095,24652,8,0x33f74bc0
6096,28326,8,0x34010900
6097,30504,8,0x340ac640
6098,25525,8,0x34148380
6099,24565,8,0x341e40c0
6100,28278,8,0x3427fe00
6101,30247,8,0x3431bb40
6102,25741,8,0x343b7880
6103,24368,8,0x344535c0
6104,28191,8,0x344ef300
6105,30672,8,0x3458b040
6106,25540,8,0x34626d80
6107,24883,8,0x346c2ac0
6108,28094,8,0x3475e800
6109,29517,8,0x347fa540
6110,26025,8,0x34896280
6111,27680,8,0x34931fc0
6112,26979,8,0x349cdd00
6113,30296,8,0x34a69a40
6114,25821,8,0x34b05780
6115,27845,8,0x34ba14c0
6116,27912,8,0x34c3d200
6117,26852,8,0x34cd8f40
6118,25615,8,0x34d74c80
6119,27938,8,0x34e109c0
6120,27726,8,0x34eac700
6121,28991,8,0x34f48440
6122,25341,8,0x34fe4180
6123,27727,8,0x3507fec0
6124,27180,8,0x3511bc00
6125,26548,8,0x351b7940
6126,26365,8,0x35253680
6127,27542,8,0x352ef3c0
6128,26845,8,0x3538b100
6129,27034,8,0x35426e40
6130,26521,8,0x354c2b80
6131,27834,8,0x3555e8c0
6132,27767,8,0x355fa600
6133,27264,8,0x35696340
6134,25747,8,0x35732080
6135,26763,8,0x357cddc0
6136,32123,8,0x35869b00
6137,34114,8,0x35905840
6138,34121,8,0x359a1580
6139,31395,8,0x35a3d2c0
6140,25409,8,0x35ad9000
6141,27138,8,0x35b74d40
6142,33451,8,0x35c10a80
6143,26976,8,0x35cac7c0
6144,24810,8,0x35d48500
6145,28476,8,0x35de4240
6146,27776,8,0x35e7ff80
6147,26881,8,0x35f1bcc0
6148,24344,8,0x35fb7a00
6149,27315,8,0x36053740
6150,28317,8,0x360ef480
6151,27141,8,0x3618b1c0
6152,24791,8,0x36226f00
6153,27223,8,0x362c2c40
6154,29156,8,0x3635e980
6155,27326,8,0x363fa6c0
6156,25608,8,0x36496400
6157,28634,8,0x36532140
6158,28998,8,0x365cde80
6159,26876,8,0x36669bc0
6160,24686,8,0x36705900
6161,31315,8,0x367a1640
6162,28650,8,0x3683d380
6163,24341,8,0x368d90c0
6164,24898,8,0x36974e00
6165,29741,8,0x36a10b40
6166,28788,8,0x36aac880
6167,24490,8,0x36b485c0
6168,24934,8,0x36be4300
6169,30662,8,0x36c80040
6170,28721,8,0x36d1bd80
6171,24362,8,0x36db7ac0
6172,24090,8,0x36e53800
6173,31259,8,0x36eef540
6174,29104,8,0x36f8b280
6175,24844,8,0x37026fc0
6176,25038,8,0x370c2d00
6177,30529,8,0x3715ea40
6178,29698,8,0x371fa780
6179,24308,8,0x372964c0
6180,24893,8,0x37332200
6181,30297,8,0x373cdf40
6182,29371,8,0x37469c80
6183,24287,8,0x375059c0
6184,27937,8,0x375a1700
6185,30627,8,0x3763d440
6186,25737,8,0x376d9180
6187,24887,8,0x37774ec0
6188,28799,8,0x37810c00
6189,31395,8,0x378ac940
6190,26454,8,0x37948680
6191,24618,8,0x379e43c0
6192,26323,8,0x37a80100
6193,31493,8,0x37b1be40
6194,25656,8,0x37bb7b80
6195,23572,8,0x37c538c0
6196,25879,8,0x37cef600
6197,29909,8,0x37d8b340
6198,23824,8,0x37e27080
6199,22823,8,0x37ec2dc0
6200,30451,8,0x37f5eb00
6201,35481,8,0x37ffa840
6202,32811,8,0x38096580
6203,27932,8,0x381322c0
6204,27127,8,0x381ce000
6205,29155,8,0x38269d40
6206,23923,8,0x38305a80
6207,25990,8,0x383a17c0
6208,25941,8,0x3843d500
6209,25337,8,0x384d9240
6210,24526,8,0x38574f80
6211,26281,8,0x38610cc0
6212,26299,8,0x386aca00
6213,24801,8,0x38748740
6214,23253,8,0x387e4480
6215,25940,8,0x388801c0
6216,26021,8,0x3891bf00
6217,25600,8,0x389b7c40
6218,25014,8,0x38a53980
6219,25399,8,0x38aef6c0
6220,26073,8,0x38b8b400
6221,25102,8,0x38c27140
6222,23640,8,0x38cc2e80
6223,26474,8,0x38d5ebc0
6224,27337,8,0x38dfa900
6225,25606,8,0x38e96640
6226,24413,8,0x38f32380
6227,26630,8,0x38fce0c0
6228,25628,8,0x39069e00
6229,27523,8,0x39105b40
6230,27070,8,0x391a1880
6231,25034,8,0x3923d5c0
6232,23231,8,0x392d9300
6233,25260,8,0x39375040
6234,27193,8,0x39410d80
6235,26104,8,0x394acac0
6236,23775,8,0x39548800
6237,26010,8,0x395e4540
6238,27782,8,0x39680280
6239,26340,8,0x3971bfc0
6240,23625,8,0x397b7d00
6241,25280,8,0x39853a40
6242,27463,8,0x398ef780
6243,26165,8,0x3998b4c0
6244,24406,8,0x39a27200
6245,26254,8,0x39ac2f40
6246,27234,8,0x39b5ec80
6247,26824,8,0x39bfa9c0
6248,23799,8,0x39c96700
6249,25362,8,0x39d32440
6250,27755,8,0x39dce180
6251,26327,8,0x39e69ec0
6252,23818,8,0x39f05c00
6253,29779,8,0x39fa1940
6254,27281,8,0x3a03d680
6255,24091,8,0x3a0d93c0
6256,22726,8,0x3a175100
6257,29359,8,0x3a210e40
6258,27619,8,0x3a2acb80
6259,23649,8,0x3a3488c0
6260,22805,8,0x3a3e4600
6261,28747,8,0x3a480340
6262,27664,8,0x3a51c080
6263,23402,8,0x3a5b7dc0
6264,28258,8,0x3a653b00
6265,39758,8,0x3a6ef840
6266,33652,8,0x3a78b580
6267,28505,8,0x3a8272c0
6268,23640,8,0x3a8c3000
6269,30549,8,0x3a95ed40
6270,28825,8,0x3a9faa80
6271,23612,8,0x3aa967c0
6272,23051,8,0x3ab32500
6273,29806,8,0x3abce240
6274,26547,8,0x3ac69f80
6275,23753,8,0x3ad05cc0
6276,25773,8,0x3ada1a00
6277,29848,8,0x3ae3d740
6278,23938,8,0x3aed9480
6279,23308,8,0x3af751c0
6280,27056,8,0x3b010f00
6281,29583,8,0x3b0acc40
6282,24506,8,0x3b148980
6283,24005,8,0x3b1e46c0
6284,26610,8,0x3b280400
6285,29357,8,0x3b31c140
6286,24724,8,0x3b3b7e80
6287,27371,8,0x3b453bc0
6288,28140,8,0x3b4ef900
6289,30958,8,0x3b58b640
6290,24179,8,0x3b627380
6291,23390,8,0x3b6c30c0
6292,26103,8,0x3b75ee00
6293,29054,8,0x3b7fab40
6294,24117,8,0x3b896880
6295,23875,8,0x3b9325c0
6296,26462,8,0x3b9ce300
6297,29151,8,0x3ba6a040
6298,24875,8,0x3bb05d80
6299,27150,8,0x3bba1ac0
6300,26816,8,0x3bc3d800
6301,27210,8,0x3bcd9540
6302,24220,8,0x3bd75280
6303,28105,8,0x3be10fc0
6304,26296,8,0x3beacd00
6305,26599,8,0x3bf48a40
6306,25934,8,0x3bfe4780
6307,28280,8,0x3c0804c0
6308,26014,8,0x3c11c200
6309,25793,8,0x3c1b7f40
6310,24211,8,0x3c253c80
6311,26913,8,0x3c2ef9c0
6312,26097,8,0x3c38b700
6313,25834,8,0x3c427440
6314,24211,8,0x3c4c3180
6315,27320,8,0x3c55eec0
6316,26143,8,0x3c5fac00
6317,25298,8,0x3c696940
6318,24260,8,0x3c732680
6319,25919,8,0x3c7ce3c0
6320,26654,8,0x3c86a100
6321,25889,8,0x3c905e40
6322,27272,8,0x3c9a1b80
6323,27082,8,0x3ca3d8c0
6324,23303,8,0x3cad9600
6325,25121,8,0x3cb75340
6326,27334,8,0x3cc11080
6327,26232,8,0x3ccacdc0
6328,28116,8,0x3cd48b00
6329,32182,8,0x3cde4840
6330,31532,8,0x3ce80580
6331,46666,8,0x3cf1c2c0
6332,24481,8,0x3cfb8000
6333,25965,8,0x3d053d40
6334,28897,8,0x3d0efa80
6335,27746,8,0x3d18b7c0
6336,23721,8,0x3d227500
6337,27473,8,0x3d2c3240
6338,28244,8,0x3d35ef80
6339,27206,8,0x3d3facc0
6340,24146,8,0x3d496a00
6341,25748,8,0x3d532740
6342,27478,8,0x3d5ce480
6343,27364,8,0x3d66a1c0
6344,23637,8,0x3d705f00
6345,30165,8,0x3d7a1c40
6346,28028,8,0x3d83d980
6347,24473,8,0x3d8d96c0
6348,23754,8,0x3d975400
6349,29238,8,0x3da11140
6350,28198,8,0x3daace80
6351,24504,8,0x3db48bc0
6352,24395,8,0x3dbe4900
6353,30075,8,0x3dc80640
6354,29018,8,0x3dd1c380
6355,24253,8,0x3ddb80c0
6356,23643,8,0x3de53e00
6357,28857,8,0x3deefb40
6358,28711,8,0x3df8b880
6359,24340,8,0x3e0275c0
6360,23455,8,0x3e0c3300
6361,29738,8,0x3e15f040
6362,29296,8,0x3e1fad80
6363,24447,8,0x3e296ac0
6364,23825,8,0x3e332800
6365,28837,8,0x3e3ce540
6366,27471,8,0x3e46a280
6367,24538,8,0x3e505fc0
6368,28169,8,0x3e5a1d00
6369,29652,8,0x3e63da40
6370,25036,8,0x3e6d9780
6371,24461,8,0x3e7754c0
6372,27504,8,0x3e811200
6373,34591,8,0x3e8acf40
6374,25303,8,0x3e948c80
6375,24072,8,0x3e9e49c0
6376,28108,8,0x3ea80700
6377,29507,8,0x3eb1c440
6378,25904,8,0x3ebb8180
6379,25250,8,0x3ec53ec0
6380,27461,8,0x3ecefc00
6381,30156,8,0x3ed8b940
6382,25511,8,0x3ee27680
6383,24833,8,0x3eec33c0
6384,27428,8,0x3ef5f100
6385,30131,8,0x3effae40
6386,24738,8,0x3f096b80
6387,24291,8,0x3f1328c0
6388,27065,8,0x3f1ce600
6389,29395,8,0x3f26a340
6390,24633,8,0x3f306080
6391,28059,8,0x3f3a1dc0
6392,32737,8,0x3f43db00
6393,40337,8,0x3f4d9840
6394,30206,8,0x3f575580
6395,32593,8,0x3f6112c0
6396,28107,8,0x3f6ad000
6397,26020,8,0x3f748d40
6398,25167,8,0x3f7e4a80
6399,27144,8,0x3f8807c0
6400,27487,8,0x3f91c500
6401,25913,8,0x3f9b8240
6402,25145,8,0x3fa53f80
6403,27702,8,0x3faefcc0
6404,27250,8,0x3fb8ba00
6405,26790,8,0x3fc27740
6406,25167,8,0x3fcc3480
6407,27597,8,0x3fd5f1c0
6408,27957,8,0x3fdfaf00
6409,27906,8,0x3fe96c40
6410,24700,8,0x3ff32980
6411,27488,8,0x3ffce6c0
6412,27404,8,0x6a440
6413,26503,8,0x106180
6414,27986,8,0x1a1ec0
6415,27401,8,0x23dc00
6416,26425,8,0x2d9940
6417,26712,8,0x375680
6418,27408,8,0x4113c0
6419,27861,8,0x4ad100
6420,23913,8,0x548e40
6421,25729,8,0x5e4b80
6422,27957,8,0x6808c0
6423,26604,8,0x71c600
6424,23065,8,0x7b8340
6425,24980,8,0x854080
6426,28202,8,0x8efdc0
6427,26935,8,0x98bb00
6428,23812,8,0xa27840
6429,25679,8,0xac3580
6430,28146,8,0xb5f2c0
6431,36792,8,0xbfb000
6432,25107,8,0xc96d40
6433,26827,8,0xd32a80
6434,28308,8,0xdce7c0
6435,26889,8,0xe6a500
6436,24093,8,0xf06240
6437,29713,8,0xfa1f80
6438,28644,8,0x103dcc0
6439,27382,8,0x10d9a00
6440,23695,8,0x1175740
6441,29086,8,0x1211480
6442,29656,8,0x12ad1c0
6443,24769,8,0x1348f00
6444,23968,8,0x13e4c40
6445,31768,8,0x1480980
6446,28611,8,0x151c6c0
6447,24630,8,0x15b8400
6448,24274,8,0x1654140
6449,29943,8,0x16efe80
6450,35211,8,0x178bbc0
6451,24134,8,0x1827900
6452,24002,8,0x18c3640
6453,30111,8,0x195f380
6454,30063,8,0x19fb0c0
6455,24817,8,0x1a96e00
6456,30306,8,0x1b32b40
6457,35412,8,0x1bce880
6458,33516,8,0x1c6a5c0
6459,28946,8,0x1d06300
6460,24156,8,0x1da2040
6461,29577,8,0x1e3dd80
6462,28983,8,0x1ed9ac0
6463,25166,8,0x1f75800
6464,28060,8,0x2011540
6465,30447,8,0x20ad280
6466,25472,8,0x2148fc0
6467,24348,8,0x21e4d00
6468,28327,8,0x2280a40
6469,29528,8,0x231c780
6470,26650,8,0x23b84c0
6471,24414,8,0x2454200
6472,27849,8,0x24eff40
6473,28616,8,0x258bc80
6474,26233,8,0x26279c0
6475,24380,8,0x26c3700
6476,27799,8,0x275f440
6477,30470,8,0x27fb180
6478,25830,8,0x2896ec0
6479,23685,8,0x2932c00
6480,27548,8,0x29ce940
6481,31391,8,0x2a6a680
6482,25385,8,0x2b063c0
6483,24043,8,0x2ba2100
6484,27229,8,0x2c3de40
6485,28295,8,0x2cd9b80
6486,25405,8,0x2d758c0
6487,27233,8,0x2e11600
6488,27414,8,0x2ead340
6489,26926,8,0x2f49080
6490,25440,8,0x2fe4dc0
6491,27677,8,0x3080b00
6492,26878,8,0x311c840
6493,25847,8,0x31b8580
6494,24919,8,0x32542c0
6495,27949,8,0x32f0000
6496,27153,8,0x338bd40
6497,25620,8,0x3427a80
6498,25332,8,0x34c37c0
6499,27933,8,0x355f500
6500,26738,8,0x35fb240
6501,25672,8,0x3696f80
6502,26289,8,0x3732cc0
6503,27723,8,0x37cea00
6504,26654,8,0x386a740
6505,26217,8,0x3906480
6506,25030,8,0x39a21c0
6507,28768,8,0x3a3df00
6508,26191,8,0x3ad9c40
6509,26116,8,0x3b75980
6510,29153,8,0x3c116c0
6511,27161,8,0x3cad400
6512,23716,8,0x3d49140
6513,25845,8,0x3de4e80
6514,29123,8,0x3e80bc0
6515,27748,8,0x3f1c900
6516,24211,8,0x3fb8640
6517,27465,8,0x4054380
6518,28840,8,0x40f00c0
6519,28002,8,0x418be00
6520,29930,8,0x4227b40
6521,32519,8,0x42c3880
6522,36255,8,0x435f5c0
6523,33085,8,0x43fb300
6524,24503,8,0x4497040
6525,26219,8,0x4532d80
6526,28379,8,0x45ceac0
6527,27899,8,0x466a800
6528,24313,8,0x4706540
6529,26633,8,0x47a2280
6530,30006,8,0x483dfc0
6531,28786,8,0x48d9d00
6532,24144,8,0x4975a40
6533,30087,8,0x4a11780
6534,29361,8,0x4aad4c0
6535,24123,8,0x4b49200
6536,23984,8,0x4be4f40
6537,29118,8,0x4c80c80
6538,29175,8,0x4d1c9c0
6539,24879,8,0x4db8700
6540,23810,8,0x4e54440
6541,30161,8,0x4ef0180
6542,29055,8,0x4f8bec0
6543,24290,8,0x5027c00
6544,23988,8,0x50c3940
6545,29227,8,0x515f680
6546,29091,8,0x51fb3c0
6547,24541,8,0x5297100
6548,24066,8,0x5332e40
6549,34217,8,0x53ceb80
6550,29620,8,0x546a8c0
6551,23679,8,0x5506600
6552,24355,8,0x55a2340
6553,33828,8,0x563e080
6554,28621,8,0x56d9dc0
6555,24392,8,0x5775b00
6556,27442,8,0x5811840
6557,28969,8,0x58ad580
6558,25142,8,0x59492c0
6559,24098,8,0x59e5000
6560,26778,8,0x5a80d40
6561,29658,8,0x5b1ca80
6562,25455,8,0x5bb87c0
6563,24343,8,0x5c54500
6564,26382,8,0x5cf0240
6565,29777,8,0x5d8bf80
6566,25730,8,0x5e27cc0
6567,23935,8,0x5ec3a00
6568,27741,8,0x5f5f740
6569,30100,8,0x5ffb480
6570,25657,8,0x60971c0
6571,24693,8,0x6132f00
6572,27567,8,0x61cec40
6573,41849,8,0x626a980
6574,25967,8,0x63066c0
6575,24868,8,0x63a2400
6576,27658,8,0x643e140
6577,30033,8,0x64d9e80
6578,24653,8,0x6575bc0
6579,28066,8,0x6611900
6580,27414,8,0x66ad640
6581,25527,8,0x6749380
6582,25671,8,0x67e50c0
6583,28160,8,0x6880e00
6584,31778,8,0x691cb40
6585,42721,8,0x69b8880
6586,30434,8,0x6a545c0
6587,32324,8,0x6af0300
6588,27576,8,0x6b8c040
6589,28040,8,0x6c27d80
6590,24851,8,0x6cc3ac0
6591,27368,8,0x6d5f800
6592,27506,8,0x6dfb540
6593,25035,8,0x6e97280
6594,24999,8,0x6f32fc0
6595,27243,8,0x6fced00
6596,27982,8,0x706aa40
6597,26405,8,0x7106780
6598,24857,8,0x71a24c0
6599,28073,8,0x723e200
6600,27221,8,0x72d9f40
6601,26093,8,0x7375c80
6602,28625,8,0x74119c0
6603,26525,8,0x74ad700
6604,24817,8,0x7549440
6605,25768,8,0x75e5180
6606,28171,8,0x7680ec0
6607,28067,8,0x771cc00
6608,24029,8,0x77b8940
6609,25868,8,0x7854680
6610,28434,8,0x78f03c0
6611,27655,8,0x798c100
6612,24035,8,0x7a27e40
6613,25920,8,0x7ac3b80
6614,29132,8,0x7b5f8c0
6615,27867,8,0x7bfb600
6616,23623,8,0x7c97340
6617,25703,8,0x7d33080
6618,28657,8,0x7dcedc0
6619,28775,8,0x7e6ab00
6620,25568,8,0x7f06840
6621,28202,8,0x7fa2580
6622,28469,8,0x803e2c0
6623,27688,8,0x80da000
6624,24711,8,0x8175d40
6625,30222,8,0x8211a80
6626,28587,8,0x82ad7c0
6627,25409,8,0x8349500
6628,24066,8,0x83e5240
6629,29643,8,0x8480f80
6630,29221,8,0x851ccc0
6631,24902,8,0x85b8a00
6632,24339,8,0x8654740
6633,29769,8,0x86f0480
6634,29138,8,0x878c1c0
6635,24916,8,0x8827f00
6636,23716,8,0x88c3c40
6637,30664,8,0x895f980
6638,28862,8,0x89fb6c0
6639,24535,8,0x8a97400
6640,24330,8,0x8b33140
6641,31973,8,0x8bcee80
6642,29224,8,0x8c6abc0
6643,24875,8,0x8d06900
6644,24295,8,0x8da2640
6645,29876,8,0x8e3e380
6646,28494,8,0x8eda0c0
6647,24989,8,0x8f75e00
6648,31824,8,0x9011b40
6649,35510,8,0x90ad880
6650,30587,8,0x91495c0
6651,28610,8,0x91e5300
6652,28133,8,0x9281040
6653,29794,8,0x931cd80
6654,26309,8,0x93b8ac0
6655,23933,8,0x9454800
6656,27308,8,0x94f0540
6657,32213,8,0x958c280
6658,25497,8,0x9627fc0
6659,24268,8,0x96c3d00
6660,28070,8,0x975fa40
6661,30343,8,0x97fb780
6662,25788,8,0x98974c0
6663,24447,8,0x9933200
6664,27041,8,0x99cef40
6665,30923,8,0x9a6ac80
6666,26686,8,0x9b069c0
6667,24369,8,0x9ba2700
6668,27568,8,0x9c3e440
6669,29619,8,0x9cda180
6670,26239,8,0x9d75ec0
6671,27798,8,0x9e11c00
6672,27201,8,0x9ead940
6673,26583,8,0x9f49680
6674,25888,8,0x9fe53c0
6675,27828,8,0xa081100
6676,27881,8,0xa11ce40
6677,25810,8,0xa1b8b80
6678,25823,8,0xa2548c0
6679,28407,8,0xa2f0600
6680,26649,8,0xa38c340
6681,26795,8,0xa428080
6682,25878,8,0xa4c3dc0
6683,27377,8,0xa55fb00
6684,27483,8,0xa5fb840
6685,26295,8,0xa697580
6686,25809,8,0xa7332c0
6687,27967,8,0xa7cf000
6688,26502,8,0xa86ad40
6689,26111,8,0xa906a80
6690,26185,8,0xa9a27c0
6691,28397,8,0xaa3e500
6692,27304,8,0xaada240
6693,27968,8,0xab75f80
6694,30392,8,0xac11cc0
6695,27959,8,0xacada00
6696,23677,8,0xad49740
6697,26927,8,0xade5480
6698,29060,8,0xae811c0
6699,27154,8,0xaf1cf00
6700,24371,8,0xafb8c40
6701,26543,8,0xb054980
6702,28652,8,0xb0f06c0
6703,28028,8,0xb18c400
6704,23920,8,0xb228140
6705,26575,8,0xb2c3e80
6706,29252,8,0xb35fbc0
6707,27890,8,0xb3fb900
6708,24001,8,0xb497640
6709,26286,8,0xb533380
6710,28108,8,0xb5cf0c0
6711,27968,8,0xb66ae00
6712,29051,8,0xb706b40
6713,34216,8,0xb7a2880
6714,38841,8,0xb83e5c0
6715,33304,8,0xb8da300
6716,24621,8,0xb976040
6717,32200,8,0xba11d80
6718,28627,8,0xbaadac0
6719,23634,8,0xbb49800
6720,23680,8,0xbbe5540
6721,30300,8,0xbc81280
6722,29452,8,0xbd1cfc0
6723,24409,8,0xbdb8d00
6724,24295,8,0xbe54a40
6725,29714,8,0xbef0780
6726,28340,8,0xbf8c4c0
6727,24399,8,0xc028200
6728,23690,8,0xc0c3f40
6729,32191,8,0xc15fc80
6730,30102,8,0xc1fb9c0
6731,25467,8,0xc297700
6732,24400,8,0xc333440
6733,29328,8,0xc3cf180
6734,29153,8,0xc46aec0
6735,23798,8,0xc506c00
6736,24309,8,0xc5a2940
6737,29662,8,0xc63e680
6738,28925,8,0xc6da3c0
6739,25066,8,0xc776100
6740,27814,8,0xc811e40
6741,30568,8,0xc8adb80
6742,28276,8,0xc9498c0
6743,25050,8,0xc9e5600
6744,28485,8,0xca81340
6745,29659,8,0xcb1d080
6746,25570,8,0xcbb8dc0
6747,24542,8,0xcc54b00
6748,27847,8,0xccf0840
6749,30950,8,0xcd8c580
6750,25523,8,0xce282c0
6751,24876,8,0xcec4000
6752,28102,8,0xcf5fd40
6753,30648,8,0xcffba80
6754,26191,8,0xd0977c0
6755,25398,8,0xd133500
6756,27494,8,0xd1cf240
6757,29949,8,0xd26af80
6758,26427,8,0xd306cc0
6759,24709,8,0xd3a2a00
6760,27925,8,0xd43e740
6761,36220,8,0xd4da480
6762,25284,8,0xd5761c0
6763,28370,8,0xd611f00
6764,27864,8,0xd6adc40
6765,31552,8,0xd749980
6766,25743,8,0xd7e56c0
6767,29703,8,0xd881400
6768,27899,8,0xd91d140
6769,26309,8,0xd9b8e80
6770,25816,8,0xda54bc0
6771,28416,8,0xdaf0900
6772,27586,8,0xdb8c640
6773,25766,8,0xdc28380
6774,25709,8,0xdcc40c0
6775,28161,8,0xdd5fe00
6776,32484,8,0xddfbb40
6777,33229,8,0xde97880
6778,30663,8,0xdf335c0
6779,32042,8,0xdfcf300
6780,27226,8,0xe06b040
6781,25830,8,0xe106d80
6782,25233,8,0xe1a2ac0
6783,27456,8,0xe23e800
6784,27898,8,0xe2da540
6785,26945,8,0xe376280
6786,29240,8,0xe411fc0
6787,27669,8,0xe4add00
6788,27741,8,0xe549a40
6789,26290,8,0xe5e5780
6790,29496,8,0xe6814c0
6791,28368,8,0xe71d200
6792,25275,8,0xe7b8f40
6793,26719,8,0xe854c80
6794,29055,8,0xe8f09c0
6795,28750,8,0xe98c700
6796,24342,8,0xea28440
6797,27823,8,0xeac4180
6798,28763,8,0xeb5fec0
6799,27513,8,0xebfbc00
6800,25455,8,0xec97940
6801,26334,8,0xed33680
6802,29104,8,0xedcf3c0
6803,28340,8,0xee6b100
6804,24873,8,0xef06e40
6805,26069,8,0xefa2b80
6806,29071,8,0xf03e8c0
6807,27326,8,0xf0da600
6808,24273,8,0xf176340
6809,26222,8,0xf212080
6810,29315,8,0xf2addc0
6811,28092,8,0xf349b00
6812,24718,8,0xf3e5840
6813,30627,8,0xf481580
6814,29500,8,0xf51d2c0
6815,24765,8,0xf5b9000
6816,24687,8,0xf654d40
6817,29582,8,0xf6f0a80
6818,29381,8,0xf78c7c0
6819,24437,8,0xf828500
6820,24708,8,0xf8c4240
6821,30334,8,0xf95ff80
6822,28931,8,0xf9fbcc0
6823,24550,8,0xfa97a00
6824,24799,8,0xfb33740
6825,30056,8,0xfbcf480
6826,30008,8,0xfc6b1c0
6827,24779,8,0xfd06f00
6828,24839,8,0xfda2c40
6829,32029,8,0xfe3e980
6830,28918,8,0xfeda6c0
6831,25318,8,0xff76400
6832,24775,8,0x10012140
6833,32752,8,0x100ade80
6834,28534,8,0x10149bc0
6835,25547,8,0x101e5900
6836,27510,8,0x10281640
6837,29451,8,0x1031d380
6838,25661,8,0x103b90c0
6839,26108,8,0x10454e00
6840,34017,8,0x104f0b40
6841,35815,8,0x1058c880
6842,33311,8,0x106285c0
6843,29491,8,0x106c4300
6844,28146,8,0x10760040
6845,30646,8,0x107fbd80
6846,25157,8,0x10897ac0
6847,24491,8,0x10933800
6848,28465,8,0x109cf540
6849,30461,8,0x10a6b280
6850,26004,8,0x10b06fc0
6851,24647,8,0x10ba2d00
6852,28370,8,0x10c3ea40
6853,34169,8,0x10cda780
6854,26160,8,0x10d764c0
6855,25447,8,0x10e12200
6856,28917,8,0x10eadf40
6857,31289,8,0x10f49c80
6858,25363,8,0x10fe59c0
6859,28093,8,0x11081700
6860,28489,8,0x1111d440
6861,26880,8,0x111b9180
6862,25455,8,0x11254ec0
6863,28547,8,0x112f0c00
6864,28672,8,0x1138c940
6865,31038,8,0x11428680
6866,26063,8,0x114c43c0
6867,28339,8,0x11560100
6868,28856,8,0x115fbe40
6869,27782,8,0x11697b80
6870,26382,8,0x117338c0
6871,28589,8,0x117cf600
6872,28121,8,0x1186b340
6873,25972,8,0x11907080
6874,25792,8,0x119a2dc0
6875,29626,8,0x11a3eb00
6876,29174,8,0x11ada840
6877,26459,8,0x11b76580
6878,25969,8,0x11c122c0
6879,28092,8,0x11cae000
6880,27328,8,0x11d49d40
6881,26620,8,0x11de5a80
6882,29838,8,0x11e817c0
6883,27708,8,0x11f1d500
6884,24867,8,0x11fb9240
6885,26025,8,0x12054f80
6886,28060,8,0x120f0cc0
6887,27785,8,0x1218ca00
6888,25604,8,0x12228740
6889,26995,8,0x122c4480
6890,29023,8,0x123601c0
6891,28364,8,0x123fbf00
6892,25714,8,0x12497c40
6893,26865,8,0x12533980
6894,29335,8,0x125cf6c0
6895,28366,8,0x1266b400
6896,25052,8,0x12707140
6897,26943,8,0x127a2e80
6898,29586,8,0x1283ebc0
6899,28094,8,0x128da900
6900,25313,8,0x12976640
6901,34493,8,0x12a12380
6902,28903,8,0x12aae0c0
6903,27669,8,0x12b49e00
6904,30399,8,0x12be5b40
6905,38381,8,0x12c81880
6906,33894,8,0x12d1d5c0
6907,29750,8,0x12db9300
6908,24262,8,0x12e55040
6909,30890,8,0x12ef0d80
6910,29202,8,0x12f8cac0
6911,25877,8,0x13028800
6912,24743,8,0x130c4540
6913,29819,8,0x13160280
6914,29674,8,0x131fbfc0
6915,25545,8,0x13297d00
6916,24493,8,0x13333a40
6917,30584,8,0x133cf780
6918,28651,8,0x1346b4c0
6919,25346,8,0x13507200
6920,24839,8,0x135a2f40
6921,29857,8,0x1363ec80
6922,28879,8,0x136da9c0
6923,25910,8,0x13776700
6924,24165,8,0x13812440
6925,30413,8,0x138ae180
6926,28593,8,0x13949ec0
6927,25056,8,0x139e5c00
6928,28247,8,0x13a81940
6929,30212,8,0x13b1d680
6930,25689,8,0x13bb93c0
6931,25048,8,0x13c55100
6932,27997,8,0x13cf0e40
6933,30808,8,0x13d8cb80
6934,26438,8,0x13e288c0
6935,25385,8,0x13ec4600
6936,28573,8,0x13f60340
6937,33295,8,0x13ffc080
6938,26827,8,0x14097dc0
6939,25430,8,0x14133b00
6940,28323,8,0x141cf840
6941,30430,8,0x1426b580
6942,26240,8,0x143072c0
6943,24364,8,0x143a3000
6944,27746,8,0x1443ed40
6945,30173,8,0x144daa80
6946,26118,8,0x145767c0
6947,24670,8,0x14612500
6948,29163,8,0x146ae240
6949,30558,8,0x14749f80
6950,25314,8,0x147e5cc0
6951,29413,8,0x14881a00
6952,28151,8,0x1491d740
6953,27138,8,0x149b9480
6954,26405,8,0x14a551c0
6955,28120,8,0x14af0f00
6956,28290,8,0x14b8cc40
6957,26628,8,0x14c28980
6958,25876,8,0x14cc46c0
6959,28789,8,0x14d60400
6960,28311,8,0x14dfc140
6961,26172,8,0x14e97e80
6962,26250,8,0x14f33bc0
6963,28017,8,0x14fcf900
6964,27696,8,0x1506b640
6965,26624,8,0x15107380
6966,25760,8,0x151a30c0
6967,28386,8,0x1523ee00
6968,32709,8,0x152dab40
6969,39976,8,0x15376880
6970,31309,8,0x154125c0
6971,33468,8,0x154ae300
6972,28343,8,0x1554a040
6973,29249,8,0x155e5d80
6974,29511,8,0x15681ac0
6975,28367,8,0x1571d800
6976,24828,8,0x157b9540
6977,26410,8,0x15855280
6978,29268,8,0x158f0fc0
6979,28808,8,0x1598cd00
6980,24724,8,0x15a28a40
6981,26099,8,0x15ac4780
6982,29016,8,0x15b604c0
6983,28089,8,0x15bfc200
6984,25583,8,0x15c97f40
6985,26235,8,0x15d33c80
6986,29135,8,0x15dcf9c0
6987,27915,8,0x15e6b700
6988,24163,8,0x15f07440
6989,26192,8,0x15fa3180
6990,29095,8,0x1603eec0
6991,28957,8,0x160dac00
6992,29482,8,0x16176940
6993,29789,8,0x16212680
6994,29833,8,0x162ae3c0
6995,28097,8,0x1634a100
6996,24381,8,0x163e5e40
6997,31269,8,0x16481b80
6998,29369,8,0x1651d8c0
6999,25578,8,0x165b9600
7000,24917,8,0x16655340
7001,29821,8,0x166f1080
7002,30451,8,0x1678cdc0
7003,25397,8,0x16828b00
7004,24609,8,0x168c4840
7005,37199,8,0x16960580
7006,29218,8,0x169fc2c0
7007,25205,8,0x16a98000
7008,25064,8,0x16b33d40
7009,30941,8,0x16bcfa80
7010,29798,8,0x16c6b7c0
7011,24911,8,0x16d07500
7012,25034,8,0x16da3240
7013,30430,8,0x16e3ef80
7014,28844,8,0x16edacc0
7015,25022,8,0x16f76a00
7016,24829,8,0x17012740
7017,30264,8,0x170ae480
7018,29644,8,0x1714a1c0
7019,24686,8,0x171e5f00
7020,27727,8,0x17281c40
7021,29641,8,0x1731d980
7022,26166,8,0x173b96c0
7023,25603,8,0x17455400
7024,27955,8,0x174f1140
7025,29856,8,0x1758ce80
7026,26597,8,0x17628bc0
7027,24631,8,0x176c4900
7028,27383,8,0x17760640
7029,30426,8,0x177fc380
7030,25931,8,0x178980c0
7031,25041,8,0x17933e00
7032,33425,8,0x179cfb40
7033,36155,8,0x17a6b880
7034,31230,8,0x17b075c0
7035,30777,8,0x17ba3300
7036,28818,8,0x17c3f040
7037,30304,8,0x17cdad80
7038,26404,8,0x17d76ac0
7039,25498,8,0x17e12800
7040,28193,8,0x17eae540
7041,32750,8,0x17f4a280
7042,26163,8,0x17fe5fc0
7043,28240,8,0x18081d00
7044,28188,8,0x1811da40
7045,26795,8,0x181b9780
7046,25937,8,0x182554c0
7047,28092,8,0x182f1200
7048,27884,8,0x1838cf40
7049,26652,8,0x18428c80
7050,25996,8,0x184c49c0
7051,29295,8,0x18560700
7052,27956,8,0x185fc440
7053,26982,8,0x18698180
7054,25964,8,0x18733ec0
7055,28583,8,0x187cfc00
7056,27615,8,0x1886b940
7057,25885,8,0x18907680
7058,26227,8,0x189a33c0
7059,28185,8,0x18a3f100
7060,28994,8,0x18adae40
7061,26379,8,0x18b76b80
7062,26403,8,0x18c128c0
7063,28117,8,0x18cae600
7064,28199,8,0x18d4a340
7065,26805,8,0x18de6080
7066,28879,8,0x18e81dc0
7067,28834,8,0x18f1db00
7068,28108,8,0x18fb9840
7069,26929,8,0x19055580
7070,29504,8,0x190f12c0
7071,28462,8,0x1918d000
7072,25471,8,0x19228d40
7073,26663,8,0x192c4a80
7074,30018,8,0x193607c0
7075,28031,8,0x193fc500
7076,25040,8,0x19498240
7077,28286,8,0x19533f80
7078,29366,8,0x195cfcc0
7079,28102,8,0x1966ba00
7080,24126,8,0x19707740
7081,27038,8,0x197a3480
7082,29588,8,0x1983f1c0
7083,29161,8,0x198daf00
7084,24835,8,0x19976c40
7085,26995,8,0x19a12980
7086,29382,8,0x19aae6c0
7087,28576,8,0x19b4a400
7088,24934,8,0x19be6140
7089,30966,8,0x19c81e80
7090,30508,8,0x19d1dbc0
7091,27556,8,0x19db9900
7092,25119,8,0x19e55640
7093,30169,8,0x19ef1380
7094,29420,8,0x19f8d0c0
7095,26149,8,0x1a028e00
7096,29890,8,0x1a0c4b40
7097,36863,8,0x1a160880
7098,35246,8,0x1a1fc5c0
7099,29797,8,0x1a298300
7100,24442,8,0x1a334040
7101,30500,8,0x1a3cfd80
7102,30686,8,0x1a46bac0
7103,24811,8,0x1a507800
7104,24698,8,0x1a5a3540
7105,30513,8,0x1a63f280
7106,30361,8,0x1a6dafc0
7107,25751,8,0x1a776d00
7108,25076,8,0x1a812a40
7109,35280,8,0x1a8ae780
7110,29291,8,0x1a94a4c0
7111,25590,8,0x1a9e6200
7112,28557,8,0x1aa81f40
7113,30814,8,0x1ab1dc80
7114,29293,8,0x1abb99c0
7115,25514,8,0x1ac55700
7116,28399,8,0x1acf1440
7117,31753,8,0x1ad8d180
7118,26084,8,0x1ae28ec0
7119,24911,8,0x1aec4c00
7120,28660,8,0x1af60940
7121,30477,8,0x1affc680
7122,26416,8,0x1b0983c0
7123,24733,8,0x1b134100
7124,28447,8,0x1b1cfe40
7125,29905,8,0x1b26bb80
7126,26654,8,0x1b3078c0
7127,24785,8,0x1b3a3600
7128,28719,8,0x1b43f340
7129,29436,8,0x1b4db080
7130,31459,8,0x1b576dc0
7131,26118,8,0x1b612b00
7132,28547,8,0x1b6ae840
7133,31659,8,0x1b74a580
7134,25457,8,0x1b7e62c0
7135,24815,8,0x1b882000
7136,27776,8,0x1b91dd40
7137,29397,8,0x1b9b9a80
7138,26693,8,0x1ba557c0
7139,28236,8,0x1baf1500
7140,28472,8,0x1bb8d240
7141,26831,8,0x1bc28f80
7142,25959,8,0x1bcc4cc0
7143,29415,8,0x1bd60a00
7144,28092,8,0x1bdfc740
7145,28678,8,0x1be98480
7146,26747,8,0x1bf341c0
7147,28708,8,0x1bfcff00
7148,27791,8,0x1c06bc40
7149,27507,8,0x1c107980
7150,26106,8,0x1c1a36c0
7151,28415,8,0x1c23f400
7152,28141,8,0x1c2db140
7153,26232,8,0x1c376e80
7154,25997,8,0x1c412bc0
7155,28405,8,0x1c4ae900
7156,28504,8,0x1c54a640
7157,27164,8,0x1c5e6380
7158,26090,8,0x1c6820c0
7159,28230,8,0x1c71de00
7160,32590,8,0x1c7b9b40
7161,33296,8,0x1c855880
7162,37188,8,0x1c8f15c0
7163,32658,8,0x1c98d300
7164,25040,8,0x1ca29040
7165,27951,8,0x1cac4d80
7166,30048,8,0x1cb60ac0
7167,28150,8,0x1cbfc800
7168,25043,8,0x1cc98540
7169,26620,8,0x1cd34280
7170,30648,8,0x1cdcffc0
7171,29108,8,0x1ce6bd00
7172,25029,8,0x1cf07a40
7173,27149,8,0x1cfa3780
7174,29456,8,0x1d03f4c0
7175,27704,8,0x1d0db200
7176,25037,8,0x1d176f40
7177,34078,8,0x1d212c80
7178,29430,8,0x1d2ae9c0
7179,29675,8,0x1d34a700
7180,25427,8,0x1d3e6440
7181,28574,8,0x1d482180
7182,29715,8,0x1d51dec0
7183,28375,8,0x1d5b9c00
7184,24608,8,0x1d655940
7185,30482,8,0x1d6f1680
7186,29692,8,0x1d78d3c0
7187,25260,8,0x1d829100
7188,24307,8,0x1d8c4e40
7189,31588,8,0x1d960b80
7190,29272,8,0x1d9fc8c0
7191,26040,8,0x1da98600
7192,24683,8,0x1db34340
7193,30501,8,0x1dbd0080
7194,29790,8,0x1dc6bdc0
7195,25214,8,0x1dd07b00
7196,24892,8,0x1dda3840
7197,31643,8,0x1de3f580
7198,30273,8,0x1dedb2c0
7199,25441,8,0x1df77000
7200,24973,8,0x1e012d40
7201,30192,8,0x1e0aea80
7202,30333,8,0x1e14a7c0
7203,25500,8,0x1e1e6500
7204,24643,8,0x1e282240
7205,29944,8,0x1e31df80
7206,29263,8,0x1e3b9cc0
7207,25542,8,0x1e455a00
7208,28346,8,0x1e4f1740
7209,30042,8,0x1e58d480
7210,26220,8,0x1e6291c0
7211,25889,8,0x1e6c4f00
7212,28248,8,0x1e760c40
7213,32972,8,0x1e7fc980
7214,26389,8,0x1e8986c0
7215,25112,8,0x1e934400
7216,26890,8,0x1e9d0140
7217,28220,8,0x1ea6be80
7218,25333,8,0x1eb07bc0
7219,24316,8,0x1eba3900
7220,26338,8,0x1ec3f640
7221,28686,8,0x1ecdb380
7222,24626,8,0x1ed770c0
7223,23220,8,0x1ee12e00
7224,31654,8,0x1eeaeb40
7225,35617,8,0x1ef4a880
7226,30196,8,0x1efe65c0
7227,33834,8,0x1f082300
7228,27861,8,0x1f11e040
7229,29769,8,0x1f1b9d80
7230,24638,8,0x1f255ac0
7231,26489,8,0x1f2f1800
7232,27469,8,0x1f38d540
7233,24938,8,0x1f429280
7234,24869,8,0x1f4c4fc0
7235,27236,8,0x1f560d00
7236,27290,8,0x1f5fca40
7237,24982,8,0x1f698780
7238,24430,8,0x1f7344c0
7239,26280,8,0x1f7d0200
7240,26311,8,0x1f86bf40
7241,26000,8,0x1f907c80
7242,24704,8,0x1f9a39c0
7243,27333,8,0x1fa3f700
7244,26993,8,0x1fadb440
7245,25220,8,0x1fb77180
7246,25368,8,0x1fc12ec0
7247,26799,8,0x1fcaec00
7248,26548,8,0x1fd4a940
7249,27983,8,0x1fde6680
7250,25116,8,0x1fe823c0
7251,26901,8,0x1ff1e100
7252,26120,8,0x1ffb9e40
7253,24890,8,0x20055b80
7254,27381,8,0x200f18c0
7255,26819,8,0x2018d600
7256,23510,8,0x20229340
7257,25884,8,0x202c5080
7258,27473,8,0x20360dc0
7259,27223,8,0x203fcb00
7260,24085,8,0x20498840
7261,26450,8,0x20534580
7262,28272,8,0x205d02c0
7263,26792,8,0x2066c000
7264,23770,8,0x20707d40
7265,26247,8,0x207a3a80
7266,28942,8,0x2083f7c0
7267,26481,8,0x208db500
7268,23480,8,0x20977240
7269,24741,8,0x20a12f80
7270,28076,8,0x20aaecc0
7271,27059,8,0x20b4aa00
7272,25987,8,0x20be6740
7273,26195,8,0x20c82480
7274,27583,8,0x20d1e1c0
7275,26621,8,0x20db9f00
7276,23550,8,0x20e55c40
7277,31216,8,0x20ef1980
7278,27780,8,0x20f8d6c0
7279,23967,8,0x21029400
7280,23658,8,0x210c5140
7281,29726,8,0x21160e80
7282,27673,8,0x211fcbc0
7283,24315,8,0x21298900
7284,23838,8,0x21334640
7285,36195,8,0x213d0380
7286,29145,8,0x2146c0c0
7287,24753,8,0x21507e00
7288,28868,8,0x215a3b40
7289,35510,8,0x2163f880
7290,33586,8,0x216db5c0
7291,29207,8,0x21777300
7292,23446,8,0x21813040
7293,30338,8,0x218aed80
7294,28172,8,0x2194aac0
7295,24253,8,0x219e6800
7296,23184,8,0x21a82540
7297,29708,8,0x21b1e280
7298,27525,8,0x21bb9fc0
7299,24215,8,0x21c55d00
7300,26220,8,0x21cf1a40
7301,29038,8,0x21d8d780
7302,24682,8,0x21e294c0
7303,24072,8,0x21ec5200
7304,26862,8,0x21f60f40
7305,29367,8,0x21ffcc80
7306,24960,8,0x220989c0
7307,23725,8,0x22134700
7308,27670,8,0x221d0440
7309,29447,8,0x2226c180
7310,24698,8,0x22307ec0
7311,23853,8,0x223a3c00
7312,27149,8,0x2243f940
7313,28704,8,0x224db680
7314,25086,8,0x225773c0
7315,24155,8,0x22613100
7316,26476,8,0x226aee40
7317,28737,8,0x2274ab80
7318,24952,8,0x227e68c0
7319,23573,8,0x22882600
7320,26964,8,0x2291e340
7321,31830,8,0x229ba080
7322,24931,8,0x22a55dc0
7323,26748,8,0x22af1b00
7324,25999,8,0x22b8d840
7325,25395,8,0x22c29580
7326,25028,8,0x22cc52c0
7327,27623,8,0x22d61000
7328,26835,8,0x22dfcd40
7329,25463,8,0x22e98a80
7330,24162,8,0x22f347c0
7331,26691,8,0x22fd0500
7332,26825,8,0x2306c240
7333,25360,8,0x23107f80
7334,24945,8,0x231a3cc0
7335,29256,8,0x2323fa00
7336,26767,8,0x232db740
7337,26275,8,0x23377480
7338,24661,8,0x234131c0
7339,26826,8,0x234aef00
7340,26409,8,0x2354ac40
7341,26461,8,0x235e6980
7342,25829,8,0x236826c0
7343,27225,8,0x2371e400
7344,26412,8,0x237ba140
7345,25772,8,0x23855e80
7346,28310,8,0x238f1bc0
7347,26657,8,0x2398d900
7348,23812,8,0x23a29640
7349,25451,8,0x23ac5380
7350,28681,8,0x23b610c0
7351,27137,8,0x23bfce00
7352,28996,8,0x23c98b40
7353,31322,8,0x23d34880
7354,33805,8,0x23dd05c0
7355,31522,8,0x23e6c300
7356,24143,8,0x23f08040
7357,27813,8,0x23fa3d80
7358,28891,8,0x2403fac0
7359,26506,8,0x240db800
7360,23440,8,0x24177540
7361,25788,8,0x24213280
7362,28645,8,0x242aefc0
7363,27070,8,0x2434ad00
7364,23921,8,0x243e6a40
7365,25594,8,0x24482780
7366,28514,8,0x2451e4c0
7367,26658,8,0x245ba200
7368,23875,8,0x24655f40
7369,30022,8,0x246f1c80
7370,28331,8,0x2478d9c0
7371,24390,8,0x24829700
7372,23444,8,0x248c5440
7373,28381,8,0x24961180
7374,28652,8,0x249fcec0
7375,23832,8,0x24a98c00
7376,23596,8,0x24b34940
7377,29280,8,0x24bd0680
7378,27833,8,0x24c6c3c0
7379,24583,8,0x24d08100
7380,24264,8,0x24da3e40
7381,28792,8,0x24e3fb80
7382,28532,8,0x24edb8c0
7383,23249,8,0x24f77600
7384,24321,8,0x25013340
7385,28084,8,0x250af080
7386,28940,8,0x2514adc0
7387,24240,8,0x251e6b00
7388,23644,8,0x25282840
7389,28541,8,0x2531e580
7390,27636,8,0x253ba2c0
7391,24637,8,0x25456000
7392,26793,8,0x254f1d40
7393,37246,8,0x2558da80
7394,26044,8,0x256297c0
7395,24055,8,0x256c5500
7396,27172,8,0x25761240
7397,29397,8,0x257fcf80
7398,26154,8,0x25898cc0
7399,23788,8,0x25934a00
7400,26816,8,0x259d0740
7401,28847,8,0x25a6c480
7402,24781,8,0x25b081c0
7403,24054,8,0x25ba3f00
7404,28042,8,0x25c3fc40
7405,30463,8,0x25cdb980
7406,24470,8,0x25d776c0
7407,24711,8,0x25e13400
7408,27093,8,0x25eaf140
7409,29304,8,0x25f4ae80
7410,25368,8,0x25fe6bc0
7411,23719,8,0x26082900
7412,27540,8,0x2611e640
7413,30059,8,0x261ba380
7414,25391,8,0x262560c0
7415,26697,8,0x262f1e00
7416,37563,8,0x2638db40
7417,36428,8,0x26429880
7418,31541,8,0x264c55c0
7419,32449,8,0x26561300
7420,28026,8,0x265fd040
7421,27426,8,0x26698d80
7422,24978,8,0x26734ac0
7423,28007,8,0x267d0800
7424,27682,8,0x2686c540
7425,27345,8,0x26908280
7426,25431,8,0x269a3fc0
7427,27389,8,0x26a3fd00
7428,27885,8,0x26adba40
7429,27321,8,0x26b77780
7430,24664,8,0x26c134c0
7431,27317,8,0x26caf200
7432,27480,8,0x26d4af40
7433,25969,8,0x26de6c80
7434,25035,8,0x26e829c0
7435,27804,8,0x26f1e700
7436,27488,8,0x26fba440
7437,26385,8,0x27056180
7438,28087,8,0x270f1ec0
7439,26976,8,0x2718dc00
7440,26982,8,0x27229940
7441,25441,8,0x272c5680
7442,29208,8,0x273613c0
7443,26989,8,0x273fd100
7444,24734,8,0x27498e40
7445,25792,8,0x27534b80
7446,28285,8,0x275d08c0
7447,27842,8,0x2766c600
7448,23910,8,0x27708340
7449,26243,8,0x277a4080
7450,28884,8,0x2783fdc0
7451,26951,8,0x278dbb00
7452,23737,8,0x27977840
7453,25702,8,0x27a13580
7454,27287,8,0x27aaf2c0
7455,26932,8,0x27b4b000
7456,24211,8,0x27be6d40
7457,25588,8,0x27c82a80
7458,27914,8,0x27d1e7c0
7459,26937,8,0x27dba500
7460,24296,8,0x27e56240
7461,30048,8,0x27ef1f80
7462,28066,8,0x27f8dcc0
7463,27087,8,0x28029a00
7464,23523,8,0x280c5740
7465,31925,8,0x28161480
7466,28026,8,0x281fd1c0
7467,24613,8,0x28298f00
7468,24234,8,0x28334c40
7469,28318,8,0x283d0980
7470,28616,8,0x2846c6c0
7471,24064,8,0x28508400
7472,24627,8,0x285a4140
7473,29881,8,0x2863fe80
7474,28263,8,0x286dbbc0
7475,25262,8,0x28777900
7476,23779,8,0x28813640
7477,29061,8,0x288af380
7478,28704,8,0x2894b0c0
7479,24361,8,0x289e6e00
7480,29059,8,0x28a82b40
7481,35356,8,0x28b1e880
7482,36099,8,0x28bba5c0
7483,29862,8,0x28c56300
7484,23988,8,0x28cf2040
7485,29478,8,0x28d8dd80
7486,27692,8,0x28e29ac0
7487,24370,8,0x28ec5800
7488,27411,8,0x28f61540
7489,30252,8,0x28ffd280
7490,24349,8,0x29098fc0
7491,24343,8,0x29134d00
7492,27910,8,0x291d0a40
7493,29696,8,0x2926c780
7494,24920,8,0x293084c0
7495,23556,8,0x293a4200
7496,27084,8,0x2943ff40
7497,29708,8,0x294dbc80
7498,26418,8,0x295779c0
7499,23833,8,0x29613700
7500,27694,8,0x296af440
7501,31638,8,0x2974b180
7502,25177,8,0x297e6ec0
7503,24579,8,0x29882c00
7504,27795,8,0x2991e940
7505,28899,8,0x299ba680
7506,25090,8,0x29a563c0
7507,24520,8,0x29af2100
7508,26709,8,0x29b8de40
7509,28738,8,0x29c29b80
7510,25154,8,0x29cc58c0
7511,28356,8,0x29d61600
7512,26663,8,0x29dfd340
7513,25324,8,0x29e99080
7514,24887,8,0x29f34dc0
7515,27715,8,0x29fd0b00
7516,26839,8,0x2a06c840
7517,24956,8,0x2a108580
7518,24836,8,0x2a1a42c0
7519,27160,8,0x2a240000
7520,27333,8,0x2a2dbd40
7521,25649,8,0x2a377a80
7522,26075,8,0x2a4137c0
7523,27437,8,0x2a4af500
7524,26456,8,0x2a54b240
7525,26291,8,0x2a5e6f80
7526,25400,8,0x2a682cc0
7527,27253,8,0x2a71ea00
7528,27634,8,0x2a7ba740
7529,25665,8,0x2a856480
7530,25600,8,0x2a8f21c0
7531,27377,8,0x2a98df00
7532,26455,8,0x2aa29c40
7533,26153,8,0x2aac5980
7534,28287,8,0x2ab616c0
7535,28357,8,0x2abfd400
7536,24652,8,0x2ac99140
7537,27539,8,0x2ad34e80
7538,29259,8,0x2add0bc0
7539,27362,8,0x2ae6c900
7540,23463,8,0x2af08640
7541,25657,8,0x2afa4380
7542,29018,8,0x2b0400c0
7543,27033,8,0x2b0dbe00
7544,28977,8,0x2b177b40
7545,32901,8,0x2b213880
7546,34269,8,0x2b2af5c0
7547,31593,8,0x2b34b300
7548,24000,8,0x2b3e7040
7549,26122,8,0x2b482d80
7550,28567,8,0x2b51eac0
7551,27427,8,0x2b5ba800
7552,24660,8,0x2b656540
7553,25071,8,0x2b6f2280
7554,28355,8,0x2b78dfc0
7555,27558,8,0x2b829d00
7556,24197,8,0x2b8c5a40
7557,29549,8,0x2b961780
7558,29522,8,0x2b9fd4c0
7559,29671,8,0x2ba99200
7560,35702,8,0x2bb34f40
7561,24130,8,0x2bbd0c80
7562,29452,8,0x2bc6c9c0
7563,30027,8,0x2bd08700
7564,26470,8,0x2bda4440
7565,31108,8,0x2be40180
7566,29019,8,0x2bedbec0
7567,26672,8,0x2bf77c00
7568,25799,8,0x2c013940
7569,29840,8,0x2c0af680
7570,28303,8,0x2c14b3c0
7571,31713,8,0x2c1e7100
7572,25264,8,0x2c282e40
7573,30183,8,0x2c31eb80
7574,28750,8,0x2c3ba8c0
7575,26453,8,0x2c456600
7576,25308,8,0x2c4f2340
7577,30894,8,0x2c58e080
7578,28427,8,0x2c629dc0
7579,26698,8,0x2c6c5b00
7580,28559,8,0x2c761840
7581,29931,8,0x2c7fd580
7582,24443,8,0x2c8992c0
7583,26077,8,0x2c935000
7584,29063,8,0x2c9d0d40
7585,29755,8,0x2ca6ca80
7586,24726,8,0x2cb087c0
7587,26088,8,0x2cba4500
7588,28626,8,0x2cc40240
7589,30179,8,0x2ccdbf80
7590,24697,8,0x2cd77cc0
7591,25776,8,0x2ce13a00
7592,28662,8,0x2ceaf740
7593,29925,8,0x2cf4b480
7594,25110,8,0x2cfe71c0
7595,26703,8,0x2d082f00
7596,29034,8,0x2d11ec40
7597,30052,8,0x2d1ba980
7598,25122,8,0x2d2566c0
7599,27043,8,0x2d2f2400
7600,28375,8,0x2d38e140
7601,29079,8,0x2d429e80
7602,25867,8,0x2d4c5bc0
7603,30159,8,0x2d561900
7604,28913,8,0x2d5fd640
7605,32361,8,0x2d699380
7606,25298,8,0x2d7350c0
7607,40290,8,0x2d7d0e00
7608,28678,8,0x2d86cb40
7609,33311,8,0x2d908880
7610,31202,8,0x2d9a45c0
7611,30250,8,0x2da40300
7612,34634,8,0x2dadc040
7613,25755,8,0x2db77d80
7614,26606,8,0x2dc13ac0
7615,29561,8,0x2dcaf800
7616,29096,8,0x2dd4b540
7617,26044,8,0x2dde7280
7618,25443,8,0x2de82fc0
7619,29923,8,0x2df1ed00
7620,29333,8,0x2dfbaa40
7621,25843,8,0x2e056780
7622,25837,8,0x2e0f24c0
7623,29936,8,0x2e18e200
7624,27884,8,0x2e229f40
7625,26323,8,0x2e2c5c80
7626,29176,8,0x2e3619c0
7627,30752,8,0x2e3fd700
7628,25383,8,0x2e499440
7629,25793,8,0x2e535180
7630,28389,8,0x2e5d0ec0
7631,31034,8,0x2e66cc00
7632,26014,8,0x2e708940
7633,26551,8,0x2e7a4680
7634,29492,8,0x2e8403c0
7635,30155,8,0x2e8dc100
7636,24779,8,0x2e977e40
7637,25187,8,0x2ea13b80
7638,28746,8,0x2eaaf8c0
7639,40426,8,0x2eb4b600
7640,26103,8,0x2ebe7340
7641,26345,8,0x2ec83080
7642,28801,8,0x2ed1edc0
7643,30784,8,0x2edbab00
7644,25644,8,0x2ee56840
7645,26094,8,0x2eef2580
7646,28674,8,0x2ef8e2c0
7647,29769,8,0x2f02a000
7648,25083,8,0x2f0c5d40
7649,29194,8,0x2f161a80
7650,29272,8,0x2f1fd7c0
7651,25413,8,0x2f299500
7652,25805,8,0x2f335240
7653,29205,8,0x2f3d0f80
7654,28589,8,0x2f46ccc0
7655,26167,8,0x2f508a00
7656,26145,8,0x2f5a4740
7657,30820,8,0x2f640480
7658,28830,8,0x2f6dc1c0
7659,25990,8,0x2f777f00
7660,24900,8,0x2f813c40
7661,29589,8,0x2f8af980
7662,29001,8,0x2f94b6c0
7663,25958,8,0x2f9e7400
7664,25763,8,0x2fa83140
7665,29769,8,0x2fb1ee80
7666,28840,8,0x2fbbabc0
7667,25930,8,0x2fc56900
7668,25164,8,0x2fcf2640
7669,29889,8,0x2fd8e380
7670,28911,8,0x2fe2a0c0
7671,33080,8,0x2fec5e00
7672,28358,8,0x2ff61b40
7673,45523,8,0x2fffd880
7674,31333,8,0x300995c0
7675,26915,8,0x30135300
7676,33208,8,0x301d1040
7677,29568,8,0x3026cd80
7678,25352,8,0x30308ac0
7679,26215,8,0x303a4800
7680,29264,8,0x30440540
7681,30117,8,0x304dc280
7682,25545,8,0x30577fc0
7683,25994,8,0x30613d00
7684,28601,8,0x306afa40
7685,30361,8,0x3074b780
7686,25961,8,0x307e74c0
7687,26163,8,0x30883200
7688,28756,8,0x3091ef40
7689,30703,8,0x309bac80
7690,25392,8,0x30a569c0
7691,26651,8,0x30af2700
7692,28934,8,0x30b8e440
7693,29684,8,0x30c2a180
7694,26125,8,0x30cc5ec0
7695,34962,8,0x30d61c00
7696,30378,8,0x30dfd940
7697,26965,8,0x30e99680
7698,26221,8,0x30f353c0
7699,97051,8,0x30fd1100
7700,49840,8,0x3106ce40
7701,28299,8,0x31108b80
7702,27103,8,0x311a48c0
7703,30822,8,0x31240600
7704,28447,8,0x312dc340
7705,28247,8,0x31378080
7706,25270,8,0x31413dc0
7707,29884,8,0x314afb00
7708,28633,8,0x3154b840
7709,25987,8,0x315e7580
7710,25223,8,0x316832c0
7711,30021,8,0x3171f000
7712,28526,8,0x317bad40
7713,26095,8,0x31856a80
7714,25058,8,0x318f27c0
7715,30955,8,0x3198e500
7716,28902,8,0x31a2a240
7717,26072,8,0x31ac5f80
7718,28493,8,0x31b61cc0
7719,30275,8,0x31bfda00
7720,25666,8,0x31c99740
7721,26169,8,0x31d35480
7722,28543,8,0x31dd11c0
7723,29703,8,0x31e6cf00
7724,25517,8,0x31f08c40
7725,26209,8,0x31fa4980
7726,28440,8,0x320406c0
7727,29908,8,0x320dc400
7728,25545,8,0x32178140
7729,25781,8,0x32213e80
7730,28810,8,0x322afbc0
7731,29548,8,0x3234b900
7732,24799,8,0x323e7640
7733,26136,8,0x32483380
7734,28713,8,0x3251f0c0
7735,36366,8,0x325bae00
7736,25581,8,0x32656b40
7737,35185,8,0x326f2880
7738,34350,8,0x3278e5c0
7739,34212,8,0x3282a300
7740,30577,8,0x328c6040
7741,29279,8,0x32961d80
7742,29108,8,0x329fdac0
7743,26532,8,0x32a99800
7744,25387,8,0x32b35540
7745,29268,8,0x32bd1280
7746,28961,8,0x32c6cfc0
7747,26232,8,0x32d08d00
7748,25243,8,0x32da4a40
7749,30083,8,0x32e40780
7750,28795,8,0x32edc4c0
7751,26696,8,0x32f78200
7752,25505,8,0x33013f40
7753,29305,8,0x330afc80
7754,29690,8,0x3314b9c0
7755,26205,8,0x331e7700
7756,25652,8,0x33283440
7757,29371,8,0x3331f180
7758,29027,8,0x333baec0
7759,25877,8,0x33456c00
7760,25222,8,0x334f2940
7761,29503,8,0x3358e680
7762,27874,8,0x3362a3c0
7763,26396,8,0x336c6100
7764,28505,8,0x33761e40
7765,30062,8,0x337fdb80
7766,28853,8,0x338998c0
7767,26306,8,0x33935600
7768,28432,8,0x339d1340
7769,29597,8,0x33a6d080
7770,25503,8,0x33b08dc0
7771,26520,8,0x33ba4b00
7772,29184,8,0x33c40840
7773,43636,8,0x33cdc580
7774,26339,8,0x33d782c0
7775,27067,8,0x33e14000
7776,29502,8,0x33eafd40
7777,29711,8,0x33f4ba80
7778,26204,8,0x33fe77c0
7779,26008,8,0x34083500
7780,29655,8,0x3411f240
7781,29938,8,0x341baf80
7782,25945,8,0x34256cc0
7783,25956,8,0x342f2a00
7784,29987,8,0x3438e740
7785,29540,8,0x3442a480
7786,25917,8,0x344c61c0
7787,29736,8,0x34561f00
7788,29830,8,0x345fdc40
7789,29611,8,0x34699980
7790,26653,8,0x347356c0
7791,29910,8,0x347d1400
7792,30188,8,0x3486d140
7793,25696,8,0x34908e80
7794,25802,8,0x349a4bc0
7795,29794,8,0x34a40900
7796,29834,8,0x34adc640
7797,26530,8,0x34b78380
7798,26400,8,0x34c140c0
7799,36354,8,0x34cafe00
7800,29858,8,0x34d4bb40
7801,31668,8,0x34de7880
7802,31459,8,0x34e835c0
7803,29670,8,0x34f1f300
7804,34876,8,0x34fbb040
7805,35339,8,0x35056d80
7806,26916,8,0x350f2ac0
7807,30634,8,0x3518e800
7808,29502,8,0x3522a540
7809,26953,8,0x352c6280
7810,29859,8,0x35361fc0
7811,29328,8,0x353fdd00
7812,28985,8,0x35499a40
7813,26239,8,0x35535780
7814,30573,8,0x355d14c0
7815,29815,8,0x3566d200
7816,26228,8,0x35708f40
7817,27296,8,0x357a4c80
7818,29983,8,0x358409c0
7819,30604,8,0x358dc700
7820,26247,8,0x35978440
7821,27437,8,0x35a14180
7822,29055,8,0x35aafec0
7823,29693,8,0x35b4bc00
7824,26957,8,0x35be7940
7825,26200,8,0x35c83680
7826,29065,8,0x35d1f3c0
7827,38729,8,0x35dbb100
7828,26314,8,0x35e56e40
7829,26104,8,0x35ef2b80
7830,29642,8,0x35f8e8c0
7831,29256,8,0x3602a600
7832,26598,8,0x360c6340
7833,26631,8,0x36162080
7834,29768,8,0x361fddc0
7835,29817,8,0x36299b00
7836,26235,8,0x36335840
7837,31050,8,0x363d1580
7838,30316,8,0x3646d2c0
7839,31391,8,0x36509000
7840,26596,8,0x365a4d40
7841,30615,8,0x36640a80
7842,29807,8,0x366dc7c0
7843,26408,8,0x36778500
7844,25988,8,0x36814240
7845,30556,8,0x368aff80
7846,30345,8,0x3694bcc0
7847,26554,8,0x369e7a00
7848,26479,8,0x36a83740
7849,30046,8,0x36b1f480
7850,29826,8,0x36bbb1c0
7851,26770,8,0x36c56f00
7852,25719,8,0x36cf2c40
7853,30025,8,0x36d8e980
7854,29677,8,0x36e2a6c0
7855,26437,8,0x36ec6400
7856,27154,8,0x36f62140
7857,30124,8,0x36ffde80
7858,29691,8,0x37099bc0
7859,26055,8,0x37135900
7860,29708,8,0x371d1640
7861,29882,8,0x3726d380
7862,26025,8,0x373090c0
7863,32212,8,0x373a4e00
7864,29826,8,0x37440b40
7865,35222,8,0x374dc880
7866,31754,8,0x375785c0
7867,25913,8,0x37614300
7868,35789,8,0x376b0040
7869,30040,8,0x3774bd80
7870,26628,8,0x377e7ac0
7871,25894,8,0x37883800
7872,29004,8,0x3791f540
7873,33077,8,0x379bb280
7874,26168,8,0x37a56fc0
7875,26089,8,0x37af2d00
7876,28818,8,0x37b8ea40
7877,30747,8,0x37c2a780
7878,25837,8,0x37cc64c0
7879,26057,8,0x37d62200
7880,30194,8,0x37dfdf40
7881,29640,8,0x37e99c80
7882,26452,8,0x37f359c0
7883,29641,8,0x37fd1700
7884,30080,8,0x3806d440
7885,26498,8,0x38109180
7886,26218,8,0x381a4ec0
7887,30202,8,0x38240c00
7888,29785,8,0x382dc940
7889,26001,8,0x38378680
7890,26774,8,0x384143c0
7891,30413,8,0x384b0100
7892,31454,8,0x3854be40
7893,25920,8,0x385e7b80
7894,26351,8,0x386838c0
7895,30424,8,0x3871f600
7896,31083,8,0x387bb340
7897,26257,8,0x38857080
7898,26711,8,0x388f2dc0
7899,30176,8,0x3898eb00
7900,29895,8,0x38a2a840
7901,26958,8,0x38ac6580
7902,26708,8,0x38b622c0
7903,29665,8,0x38bfe000
7904,29190,8,0x38c99d40
7905,26230,8,0x38d35a80
7906,30613,8,0x38dd17c0
7907,33618,8,0x38e6d500
7908,26755,8,0x38f09240
7909,26635,8,0x38fa4f80
7910,30030,8,0x39040cc0
7911,29334,8,0x390dca00
7912,26253,8,0x39178740
7913,27192,8,0x39214480
7914,30005,8,0x392b01c0
7915,30610,8,0x3934bf00
7916,26201,8,0x393e7c40
7917,26482,8,0x39483980
7918,30041,8,0x3951f6c0
7919,30075,8,0x395bb400
7920,26535,8,0x39657140
7921,26541,8,0x396f2e80
7922,29750,8,0x3978ebc0
7923,29686,8,0x3982a900
7924,25622,8,0x398c6640
7925,26738,8,0x39962380
7926,29851,8,0x399fe0c0
7927,35990,8,0x39a99e00
7928,26645,8,0x39b35b40
7929,35236,8,0x39bd1880
7930,39101,8,0x39c6d5c0
7931,26228,8,0x39d09300
7932,32197,8,0x39da5040
7933,29651,8,0x39e40d80
7934,30119,8,0x39edcac0
7935,26777,8,0x39f78800
7936,26814,8,0x3a014540
7937,29808,8,0x3a0b0280
7938,30144,8,0x3a14bfc0
7939,28326,8,0x3a1e7d00
7940,26442,8,0x3a283a40
7941,32077,8,0x3a31f780
7942,29910,8,0x3a3bb4c0
7943,26215,8,0x3a457200
7944,26277,8,0x3a4f2f40
7945,30366,8,0x3a58ec80
7946,30317,8,0x3a62a9c0
7947,26742,8,0x3a6c6700
7948,27041,8,0x3a762440
7949,30396,8,0x3a7fe180
7950,30081,8,0x3a899ec0
7951,26629,8,0x3a935c00
7952,29437,8,0x3a9d1940
7953,29817,8,0x3aa6d680
7954,26608,8,0x3ab093c0
7955,26381,8,0x3aba5100
7956,30416,8,0x3ac40e40
7957,29803,8,0x3acdcb80
7958,26286,8,0x3ad788c0
7959,26232,8,0x3ae14600
7960,29730,8,0x3aeb0340
7961,30320,8,0x3af4c080
7962,35346,8,0x3afe7dc0
7963,27325,8,0x3b083b00
7964,29450,8,0x3b11f840
7965,30135,8,0x3b1bb580
7966,25397,8,0x3b2572c0
7967,26408,8,0x3b2f3000
7968,30114,8,0x3b38ed40
7969,30062,8,0x3b42aa80
7970,26549,8,0x3b4c67c0
7971,26346,8,0x3b562500
7972,30839,8,0x3b5fe240
7973,34227,8,0x3b699f80
7974,26419,8,0x3b735cc0
7975,31915,8,0x3b7d1a00
7976,29795,8,0x3b86d740
7977,26621,8,0x3b909480
7978,26411,8,0x3b9a51c0
7979,30677,8,0x3ba40f00
7980,29493,8,0x3badcc40
7981,26401,8,0x3bb78980
7982,26087,8,0x3bc146c0
7983,30725,8,0x3bcb0400
7984,30791,8,0x3bd4c140
7985,26450,8,0x3bde7e80
7986,27361,8,0x3be83bc0
7987,30409,8,0x3bf1f900
7988,29786,8,0x3bfbb640
7989,26646,8,0x3c057380
7990,25909,8,0x3c0f30c0
7991,35733,8,0x3c18ee00
7992,31162,8,0x3c22ab40
7993,32043,8,0x3c2c6880
7994,31900,8,0x3c3625c0
7995,30403,8,0x3c3fe300
7996,35487,8,0x3c49a040
7997,27115,8,0x3c535d80
7998,29642,8,0x3c5d1ac0
7999,30763,8,0x3c66d800
8000,26772,8,0x3c709540
8001,26546,8,0x3c7a5280
8002,30639,8,0x3c840fc0
8003,30689,8,0x3c8dcd00
8004,26655,8,0x3c978a40
8005,26478,8,0x3ca14780
8006,29553,8,0x3cab04c0
8007,34367,8,0x3cb4c200
8008,26234,8,0x3cbe7f40
8009,26222,8,0x3cc83c80
8010,30003,8,0x3cd1f9c0
8011,30555,8,0x3cdbb700
8012,27057,8,0x3ce57440
8013,27175,8,0x3cef3180
8014,30706,8,0x3cf8eec0
8015,30098,8,0x3d02ac00
8016,26318,8,0x3d0c6940
8017,27005,8,0x3d162680
8018,30066,8,0x3d1fe3c0
8019,30591,8,0x3d29a100
8020,26745,8,0x3d335e40
8021,29921,8,0x3d3d1b80
8022,30060,8,0x3d46d8c0
8023,26144,8,0x3d509600
8024,26290,8,0x3d5a5340
8025,30767,8,0x3d641080
8026,30309,8,0x3d6dcdc0
8027,26671,8,0x3d778b00
8028,26791,8,0x3d814840
8029,30113,8,0x3d8b0580
8030,30130,8,0x3d94c2c0
8031,26213,8,0x3d9e8000
8032,26364,8,0x3da83d40
8033,30489,8,0x3db1fa80
8034,30640,8,0x3dbbb7c0
8035,26042,8,0x3dc57500
8036,26804,8,0x3dcf3240
8037,30608,8,0x3dd8ef80
8038,30123,8,0x3de2acc0
8039,26414,8,0x3dec6a00
8040,26563,8,0x3df62740
8041,35520,8,0x3dffe480
8042,30466,8,0x3e09a1c0
8043,26634,8,0x3e135f00
8044,30413,8,0x3e1d1c40
8045,30457,8,0x3e26d980
8046,26559,8,0x3e3096c0
8047,26690,8,0x3e3a5400
8048,30524,8,0x3e441140
8049,30530,8,0x3e4dce80
8050,26357,8,0x3e578bc0
8051,25903,8,0x3e614900
8052,30299,8,0x3e6b0640
8053,30791,8,0x3e74c380
8054,26263,8,0x3e7e80c0
8055,33112,8,0x3e883e00
8056,30203,8,0x3e91fb40
8057,36359,8,0x3e9bb880
8058,31511,8,0x3ea575c0
8059,26978,8,0x3eaf3300
8060,34559,8,0x3eb8f040
8061,30795,8,0x3ec2ad80
8062,26919,8,0x3ecc6ac0
8063,26664,8,0x3ed62800
8064,29848,8,0x3edfe540
8065,29890,8,0x3ee9a280
8066,26351,8,0x3ef35fc0
8067,30214,8,0x3efd1d00
8068,30355,8,0x3f06da40
8069,26429,8,0x3f109780
8070,27433,8,0x3f1a54c0
8071,29087,8,0x3f241200
8072,31071,8,0x3f2dcf40
8073,31500,8,0x3f378c80
8074,26382,8,0x3f4149c0
8075,33326,8,0x3f4b0700
8076,30101,8,0x3f54c440
8077,26480,8,0x3f5e8180
8078,26244,8,0x3f683ec0
8079,30131,8,0x3f71fc00
8080,30708,8,0x3f7bb940
8081,26995,8,0x3f857680
8082,27075,8,0x3f8f33c0
8083,30673,8,0x3f98f100
8084,30981,8,0x3fa2ae40
8085,26608,8,0x3fac6b80
8086,26523,8,0x3fb628c0
8087,30943,8,0x3fbfe600
8088,30463,8,0x3fc9a340
8089,27229,8,0x3fd36080
8090,31238,8,0x3fdd1dc0
8091,31037,8,0x3fe6db00
8092,29824,8,0x3ff09840
8093,27618,8,0x3ffa5580
8094,31139,8,0x41300
8095,42514,8,0xdd040
8096,27417,8,0x178d80
8097,26598,8,0x214ac0
8098,31030,8,0x2b0800
8099,100799,8,0x34c540
8100,38197,8,0x3e8280
8101,37568,8,0x483fc0
8102,31762,8,0x51fd00
8103,39043,8,0x5bba40
8104,26421,8,0x657780
8105,27954,8,0x6f34c0
8106,30701,8,0x78f200
8107,31298,8,0x82af40
8108,26634,8,0x8c6c80
8109,27048,8,0x9629c0
8110,30482,8,0x9fe700
8111,30560,8,0xa9a440
8112,26889,8,0xb36180
8113,30930,8,0xbd1ec0
8114,30244,8,0xc6dc00
8115,29963,8,0xd09940
8116,26323,8,0xda5680
8117,30274,8,0xe413c0
8118,29349,8,0xedd100
8119,34491,8,0xf78e40
8120,26490,8,0x1014b80
8121,35638,8,0x10b08c0
8122,35547,8,0x114c600
8123,26953,8,0x11e8340
8124,32122,8,0x1284080
8125,30584,8,0x131fdc0
8126,31167,8,0x13bbb00
8127,27274,8,0x1457840
8128,26722,8,0x14f3580
8129,30379,8,0x158f2c0
8130,31370,8,0x162b000
8131,25756,8,0x16c6d40
8132,26288,8,0x1762a80
8133,30365,8,0x17fe7c0
8134,29646,8,0x189a500
8135,27316,8,0x1936240
8136,31360,8,0x19d1f80
8137,32705,8,0x1a6dcc0
8138,29903,8,0x1b09a00
8139,26471,8,0x1ba5740
8140,30704,8,0x1c41480
8141,30572,8,0x1cdd1c0
8142,26748,8,0x1d78f00
8143,27038,8,0x1e14c40
8144,29779,8,0x1eb0980
8145,30393,8,0x1f4c6c0
8146,26323,8,0x1fe8400
8147,26345,8,0x2084140
8148,30605,8,0x211fe80
8149,30947,8,0x21bbbc0
8150,26663,8,0x2257900
8151,26610,8,0x22f3640
8152,31628,8,0x238f380
8153,31922,8,0x242b0c0
8154,27107,8,0x24c6e00
8155,27147,8,0x2562b40
8156,30323,8,0x25fe880
8157,30662,8,0x269a5c0
8158,26808,8,0x2736300
8159,26724,8,0x27d2040
8160,29841,8,0x286dd80
8161,29751,8,0x2909ac0
8162,26522,8,0x29a5800
8163,30482,8,0x2a41540
8164,30604,8,0x2add280
8165,27215,8,0x2b78fc0
8166,27144,8,0x2c14d00
8167,30698,8,0x2cb0a40
8168,31033,8,0x2d4c780
8169,28344,8,0x2de84c0
8170,27496,8,0x2e84200
8171,31124,8,0x2f1ff40
8172,30924,8,0x2fbbc80
8173,27335,8,0x30579c0
8174,26764,8,0x30f3700
8175,29983,8,0x318f440
8176,30743,8,0x322b180
8177,26609,8,0x32c6ec0
8178,27278,8,0x3362c00
8179,30208,8,0x33fe940
8180,29361,8,0x349a680
8181,27117,8,0x35363c0
8182,26504,8,0x35d2100
8183,36395,8,0x366de40
8184,29613,8,0x3709b80
8185,32362,8,0x37a58c0
8186,35716,8,0x3841600
8187,30958,8,0x38dd340
8188,32542,8,0x3979080
8189,27850,8,0x3a14dc0
8190,36855,8,0x3ab0b00
8191,31295,8,0x3b4c840
8192,32127,8,0x3be8580
8193,26978,8,0x3c842c0
8194,31417,8,0x3d20000
8195,30599,8,0x3dbbd40
8196,26318,8,0x3e57a80
8197,27294,8,0x3ef37c0
8198,30559,8,0x3f8f500
8199,31343,8,0x402b240
8200,26986,8,0x40c6f80
8201,35072,8,0x4162cc0
8202,30336,8,0x41fea00
8203,30441,8,0x429a740
8204,27097,8,0x4336480
8205,26948,8,0x43d21c0
8206,30869,8,0x446df00
8207,30609,8,0x4509c40
8208,27160,8,0x45a5980
8209,30390,8,0x46416c0
8210,29936,8,0x46dd400
8211,26635,8,0x4779140
8212,26978,8,0x4814e80
8213,29903,8,0x48b0bc0
8214,30226,8,0x494c900
8215,26889,8,0x49e8640
8216,26955,8,0x4a84380
8217,30220,8,0x4b200c0
8218,29813,8,0x4bbbe00
8219,26592,8,0x4c57b40
8220,26412,8,0x4cf3880
8221,31223,8,0x4d8f5c0
8222,44463,8,0x4e2b300
8223,28004,8,0x4ec7040
8224,27077,8,0x4f62d80
8225,31702,8,0x4ffeac0
8226,29949,8,0x509a800
8227,26555,8,0x5136540
8228,26238,8,0x51d2280
8229,30921,8,0x526dfc0
8230,29623,8,0x5309d00
8231,26947,8,0x53a5a40
8232,30175,8,0x5441780
8233,33226,8,0x54dd4c0
8234,26961,8,0x5579200
8235,28124,8,0x5614f40
8236,30364,8,0x56b0c80
8237,31253,8,0x574c9c0
8238,27141,8,0x57e8700
8239,26740,8,0x5884440
8240,29299,8,0x5920180
8241,28855,8,0x59bbec0
8242,25382,8,0x5a57c00
8243,24710,8,0x5af3940
8244,28651,8,0x5b8f680
8245,28987,8,0x5c2b3c0
8246,25749,8,0x5cc7100
8247,35570,8,0x5d62e40
8248,29230,8,0x5dfeb80
8249,33718,8,0x5e9a8c0
8250,30678,8,0x5f36600
8251,25089,8,0x5fd2340
8252,33701,8,0x606e080
8253,28318,8,0x6109dc0
8254,25572,8,0x61a5b00
8255,29250,8,0x6241840
8256,28722,8,0x62dd580
8257,25173,8,0x63792c0
8258,24905,8,0x6415000
8259,29005,8,0x64b0d40
8260,29068,8,0x654ca80
8261,24682,8,0x65e87c0
8262,24728,8,0x6684500
8263,29577,8,0x6720240
8264,28916,8,0x67bbf80
8265,25581,8,0x6857cc0
8266,25218,8,0x68f3a00
8267,28397,8,0x698f740
8268,28530,8,0x6a2b480
8269,27360,8,0x6ac71c0
8270,25402,8,0x6b62f00
8271,29527,8,0x6bfec40
8272,28936,8,0x6c9a980
8273,25278,8,0x6d366c0
8274,25542,8,0x6dd2400
8275,28446,8,0x6e6e140
8276,28220,8,0x6f09e80
8277,25195,8,0x6fa5bc0
8278,29239,8,0x7041900
8279,29083,8,0x70dd640
8280,24512,8,0x7179380
8281,25418,8,0x72150c0
8282,28913,8,0x72b0e00
8283,28987,8,0x734cb40
8284,24917,8,0x73e8880
8285,26037,8,0x74845c0
8286,28679,8,0x7520300
8287,28794,8,0x75bc040
8288,25168,8,0x7657d80
8289,25735,8,0x76f3ac0
8290,28750,8,0x778f800
8291,28682,8,0x782b540
8292,24481,8,0x78c7280
8293,25651,8,0x7962fc0
8294,29861,8,0x79fed00
8295,29753,8,0x7a9aa40
8296,24814,8,0x7b36780
8297,25226,8,0x7bd24c0
8298,28226,8,0x7c6e200
8299,29229,8,0x7d09f40
8300,25122,8,0x7da5c80
8301,28616,8,0x7e419c0
8302,29600,8,0x7edd700
8303,25639,8,0x7f79440
8304,25219,8,0x8015180
8305,31284,8,0x80b0ec0
8306,34451,8,0x814cc00
8307,31215,8,0x81e8940
8308,25701,8,0x8284680
8309,30708,8,0x83203c0
8310,27768,8,0x83bc100
8311,31670,8,0x8457e40
8312,24167,8,0x84f3b80
8313,35762,8,0x858f8c0
8314,34388,8,0x862b600
8315,24472,8,0x86c7340
8316,29392,8,0x8763080
8317,29826,8,0x87fedc0
8318,29661,8,0x889ab00
8319,25162,8,0x8936840
8320,24203,8,0x89d2580
8321,29045,8,0x8a6e2c0
8322,28458,8,0x8b0a000
8323,24969,8,0x8ba5d40
8324,27851,8,0x8c41a80
8325,29149,8,0x8cdd7c0
8326,25664,8,0x8d79500
8327,24674,8,0x8e15240
8328,27501,8,0x8eb0f80
8329,28322,8,0x8f4ccc0
8330,24428,8,0x8fe8a00
8331,24252,8,0x9084740
8332,27568,8,0x9120480
8333,29742,8,0x91bc1c0
8334,25848,8,0x9257f00
8335,23663,8,0x92f3c40
8336,27955,8,0x938f980
8337,28791,8,0x942b6c0
8338,25305,8,0x94c7400
8339,24430,8,0x9563140
8340,28663,8,0x95fee80
8341,32182,8,0x969abc0
8342,25887,8,0x9736900
8343,24168,8,0x97d2640
8344,27450,8,0x986e380
8345,28696,8,0x990a0c0
8346,24916,8,0x99a5e00
8347,27634,8,0x9a41b40
8348,27434,8,0x9add880
8349,25685,8,0x9b795c0
8350,26384,8,0x9c15300
8351,27934,8,0x9cb1040
8352,27421,8,0x9d4cd80
8353,25225,8,0x9de8ac0
8354,25339,8,0x9e84800
8355,27354,8,0x9f20540
8356,27163,8,0x9fbc280
8357,25913,8,0xa057fc0
8358,25477,8,0xa0f3d00
8359,27683,8,0xa18fa40
8360,27413,8,0xa22b780
8361,25897,8,0xa2c74c0
8362,30760,8,0xa363200
8363,38958,8,0xa3fef40
8364,22267,8,0xa49ac80
8365,26608,8,0xa5369c0
8366,25784,8,0xa5d2700
8367,29741,8,0xa66e440
8368,30226,8,0xa70a180
8369,24851,8,0xa7a5ec0
8370,28508,8,0xa841c00
8371,29931,8,0xa8dd940
8372,25431,8,0xa979680
8373,27379,8,0xaa153c0
8374,42931,8,0xaab1100
8375,29183,8,0xab4ce40
8376,33690,8,0xabe8b80
8377,29921,8,0xac848c0
8378,28357,8,0xad20600
8379,28808,8,0xadbc340
8380,25287,8,0xae58080
8381,24531,8,0xaef3dc0
8382,27536,8,0xaf8fb00
8383,38241,8,0xb02b840
8384,25963,8,0xb0c7580
8385,24211,8,0xb1632c0
8386,28440,8,0xb1ff000
8387,29806,8,0xb29ad40
8388,25984,8,0xb336a80
8389,24551,8,0xb3d27c0
8390,27250,8,0xb46e500
8391,28466,8,0xb50a240
8392,25914,8,0xb5a5f80
8393,28863,8,0xb641cc0
8394,27720,8,0xb6dda00
8395,24992,8,0xb779740
8396,24984,8,0xb815480
8397,27700,8,0xb8b11c0
8398,27248,8,0xb94cf00
8399,25735,8,0xb9e8c40
8400,25526,8,0xba84980
8401,27677,8,0xbb206c0
8402,28406,8,0xbbbc400
8403,25627,8,0xbc58140
8404,26578,8,0xbcf3e80
8405,28981,8,0xbd8fbc0
8406,27673,8,0xbe2b900
8407,25657,8,0xbec7640
8408,30920,8,0xbf63380
8409,34257,8,0xbfff0c0
8410,28004,8,0xc09ae00
8411,25346,8,0xc136b40
8412,24998,8,0xc1d2880
8413,27989,8,0xc26e5c0
8414,27090,8,0xc30a300
8415,25702,8,0xc3a6040
8416,29046,8,0xc441d80
8417,27186,8,0xc4ddac0
8418,24560,8,0xc579800
8419,25618,8,0xc615540
8420,28544,8,0xc6b1280
8421,27586,8,0xc74cfc0
8422,24624,8,0xc7e8d00
8423,25385,8,0xc884a40
8424,29594,8,0xc920780
8425,28903,8,0xc9bc4c0
8426,24603,8,0xca58200
8427,25214,8,0xcaf3f40
8428,29433,8,0xcb8fc80
8429,27875,8,0xcc2b9c0
8430,24488,8,0xccc7700
8431,25719,8,0xcd63440
8432,28878,8,0xcdff180
8433,27983,8,0xce9aec0
8434,24370,8,0xcf36c00
8435,25750,8,0xcfd2940
8436,28907,8,0xd06e680
8437,27044,8,0xd10a3c0
8438,30164,8,0xd1a6100
8439,29602,8,0xd241e40
8440,33926,8,0xd2ddb80
8441,32259,8,0xd3798c0
8442,25215,8,0xd415600
8443,28926,8,0xd4b1340
8444,37750,8,0xd54d080
8445,25609,8,0xd5e8dc0
8446,23985,8,0xd684b00
8447,34418,8,0xd720840
8448,29823,8,0xd7bc580
8449,24855,8,0xd8582c0
8450,24723,8,0xd8f4000
8451,29371,8,0xd98fd40
8452,28689,8,0xda2ba80
8453,25099,8,0xdac77c0
8454,24177,8,0xdb63500
8455,28796,8,0xdbff240
8456,29999,8,0xdc9af80
8457,25642,8,0xdd36cc0
8458,24634,8,0xddd2a00
8459,29885,8,0xde6e740
8460,29143,8,0xdf0a480
8461,25455,8,0xdfa61c0
8462,27922,8,0xe041f00
8463,28708,8,0xe0ddc40
8464,28583,8,0xe179980
8465,24791,8,0xe2156c0
8466,28098,8,0xe2b1400
8467,29053,8,0xe34d140
8468,26059,8,0xe3e8e80
8469,24975,8,0xe484bc0
8470,28047,8,0xe520900
8471,29323,8,0xe5bc640
8472,26436,8,0xe658380
8473,24378,8,0xe6f40c0
8474,28717,8,0xe78fe00
8475,29048,8,0xe82bb40
8476,26470,8,0xe8c7880
8477,25464,8,0xe9635c0
8478,29328,8,0xe9ff300
8479,29755,8,0xea9b040
8480,27711,8,0xeb36d80
8481,24665,8,0xebd2ac0
8482,28450,8,0xec6e800
8483,28370,8,0xed0a540
8484,25307,8,0xeda6280
8485,28985,8,0xee41fc0
8486,28092,8,0xeeddd00
8487,29315,8,0xef79a40
8488,25775,8,0xf015780
8489,28974,8,0xf0b14c0
8490,27477,8,0xf14d200
8491,24927,8,0xf1e8f40
8492,26049,8,0xf284c80
8493,27838,8,0xf3209c0
8494,27157,8,0xf3bc700
8495,25961,8,0xf458440
8496,26045,8,0xf4f4180
8497,28090,8,0xf58fec0
8498,28053,8,0xf62bc00
8499,25194,8,0xf6c7940
8500,25913,8,0xf763680
8501,29223,8,0xf7ff3c0
8502,44888,8,0xf89b100
8503,25655,8,0xf936e40
8504,32657,8,0xf9d2b80
8505,32233,8,0xfa6e8c0
8506,27569,8,0xfb0a600
8507,26351,8,0xfba6340
8508,24788,8,0xfc42080
8509,28205,8,0xfcdddc0
8510,26976,8,0xfd79b00
8511,31803,8,0xfe15840
8512,29438,8,0xfeb1580
8513,36303,8,0xff4d2c0
8514,28100,8,0xffe9000
8515,26493,8,0x10084d40
8516,29444,8,0x10120a80
8517,27913,8,0x101bc7c0
8518,24065,8,0x10258500
8519,25845,8,0x102f4240
8520,29711,8,0x1038ff80
8521,28603,8,0x1042bcc0
8522,24811,8,0x104c7a00
8523,25408,8,0x10563740
8524,29307,8,0x105ff480
8525,28740,8,0x1069b1c0
8526,24727,8,0x10736f00
8527,25485,8,0x107d2c40
8528,29487,8,0x1086e980
8529,27637,8,0x1090a6c0
8530,24517,8,0x109a6400
8531,26382,8,0x10a42140
8532,28423,8,0x10adde80
8533,27973,8,0x10b79bc0
8534,24412,8,0x10c15900
8535,28664,8,0x10cb1640
8536,29251,8,0x10d4d380
8537,24776,8,0x10de90c0
8538,25102,8,0x10e84e00
8539,29316,8,0x10f20b40
8540,28469,8,0x10fbc880
8541,25004,8,0x110585c0
8542,24340,8,0x110f4300
8543,29372,8,0x11190040
8544,28794,8,0x1122bd80
8545,25181,8,0x112c7ac0
8546,25686,8,0x11363800
8547,29904,8,0x113ff540
8548,35730,8,0x1149b280
8549,30595,8,0x11536fc0
8550,24698,8,0x115d2d00
8551,29254,8,0x1166ea40
8552,30075,8,0x1170a780
8553,25091,8,0x117a64c0
8554,24890,8,0x11842200
8555,29175,8,0x118ddf40
8556,28732,8,0x11979c80
8557,25054,8,0x11a159c0
8558,27920,8,0x11ab1700
8559,30021,8,0x11b4d440
8560,25250,8,0x11be9180
8561,25900,8,0x11c84ec0
8562,29227,8,0x11d20c00
8563,29232,8,0x11dbc940
8564,26056,8,0x11e58680
8565,25172,8,0x11ef43c0
8566,34733,8,0x11f90100
8567,28806,8,0x1202be40
8568,31582,8,0x120c7b80
8569,30259,8,0x121638c0
8570,29215,8,0x121ff600
8571,29828,8,0x1229b340
8572,25524,8,0x12337080
8573,24508,8,0x123d2dc0
8574,27969,8,0x1246eb00
8575,35498,8,0x1250a840
8576,26147,8,0x125a6580
8577,24343,8,0x126422c0
8578,28735,8,0x126de000
8579,30042,8,0x12779d40
8580,25794,8,0x12815a80
8581,28742,8,0x128b17c0
8582,28560,8,0x1294d500
8583,25350,8,0x129e9240
8584,27620,8,0x12a84f80
8585,29104,8,0x12b20cc0
8586,28170,8,0x12bbca00
8587,25221,8,0x12c58740
8588,26433,8,0x12cf4480
8589,28503,8,0x12d901c0
8590,27128,8,0x12e2bf00
8591,25988,8,0x12ec7c40
8592,26372,8,0x12f63980
8593,28142,8,0x12fff6c0
8594,27801,8,0x1309b400
8595,25773,8,0x13137140
8596,25856,8,0x131d2e80
8597,28535,8,0x1326ebc0
8598,27731,8,0x1330a900
8599,25358,8,0x133a6640
8600,25933,8,0x13442380
8601,28903,8,0x134de0c0
8602,27128,8,0x13579e00
8603,25931,8,0x13615b40
8604,29888,8,0x136b1880
8605,28315,8,0x1374d5c0
8606,24927,8,0x137e9300
8607,25785,8,0x13885040
8608,29120,8,0x13920d80
8609,27325,8,0x139bcac0
8610,25342,8,0x13a58800
8611,25346,8,0x13af4540
8612,29311,8,0x13b90280
8613,28613,8,0x13c2bfc0
8614,24908,8,0x13cc7d00
8615,25866,8,0x13d63a40
8616,30122,8,0x13dff780
8617,28524,8,0x13e9b4c0
8618,28293,8,0x13f37200
8619,24871,8,0x13fd2f40
8620,32112,8,0x1406ec80
8621,27978,8,0x1410a9c0
8622,24050,8,0x141a6700
8623,25178,8,0x14242440
8624,29757,8,0x142de180
8625,27947,8,0x14379ec0
8626,25597,8,0x14415c00
8627,28906,8,0x144b1940
8628,29564,8,0x1454d680
8629,25348,8,0x145e93c0
8630,35484,8,0x14685100
8631,29366,8,0x14720e40
8632,36016,8,0x147bcb80
8633,30454,8,0x148588c0
8634,24853,8,0x148f4600
8635,28765,8,0x14990340
8636,30079,8,0x14a2c080
8637,25384,8,0x14ac7dc0
8638,24571,8,0x14b63b00
8639,34933,8,0x14bff840
8640,30101,8,0x14c9b580
8641,32319,8,0x14d372c0
8642,25426,8,0x14dd3000
8643,30098,8,0x14e6ed40
8644,29698,8,0x14f0aa80
8645,24978,8,0x14fa67c0
8646,24364,8,0x15042500
8647,29679,8,0x150de240
8648,29718,8,0x15179f80
8649,24787,8,0x15215cc0
8650,27855,8,0x152b1a00
8651,29002,8,0x1534d740
8652,25958,8,0x153e9480
8653,32253,8,0x154851c0
8654,34330,8,0x15520f00
8655,29142,8,0x155bcc40
8656,25922,8,0x15658980
8657,24446,8,0x156f46c0
8658,28447,8,0x15790400
8659,29230,8,0x1582c140
8660,26868,8,0x158c7e80
8661,25172,8,0x15963bc0
8662,28493,8,0x159ff900
8663,28935,8,0x15a9b640
8664,25951,8,0x15b37380
8665,24998,8,0x15bd30c0
8666,28767,8,0x15c6ee00
8667,29201,8,0x15d0ab40
8668,25587,8,0x15da6880
8669,25428,8,0x15e425c0
8670,28480,8,0x15ede300
8671,29313,8,0x15f7a040
8672,26505,8,0x16015d80
8673,28350,8,0x160b1ac0
8674,29078,8,0x1614d800
8675,25630,8,0x161e9540
8676,25331,8,0x16285280
8677,29005,8,0x16320fc0
8678,27847,8,0x163bcd00
8679,25476,8,0x16458a40
8680,25452,8,0x164f4780
8681,29510,8,0x165904c0
8682,27949,8,0x1662c200
8683,25474,8,0x166c7f40
8684,26604,8,0x16763c80
8685,29274,8,0x167ff9c0
8686,28344,8,0x1689b700
8687,26419,8,0x16937440
8688,31217,8,0x169d3180
8689,29405,8,0x16a6eec0
8690,28027,8,0x16b0ac00
8691,25453,8,0x16ba6940
8692,25496,8,0x16c42680
8693,27970,8,0x16cde3c0
8694,33408,8,0x16d7a100
8695,25908,8,0x16e15e40
8696,34833,8,0x16eb1b80
8697,33727,8,0x16f4d8c0
8698,25254,8,0x16fe9600
8699,25608,8,0x17085340
8700,29242,8,0x17121080
8701,28370,8,0x171bcdc0
8702,25232,8,0x17258b00
8703,31680,8,0x172f4840
8704,29570,8,0x17390580
8705,28934,8,0x1742c2c0
8706,24915,8,0x174c8000
8707,26705,8,0x17563d40
8708,29157,8,0x175ffa80
8709,28627,8,0x1769b7c0
8710,24734,8,0x17737500
8711,26253,8,0x177d3240
8712,29002,8,0x1786ef80
8713,28224,8,0x1790acc0
8714,24281,8,0x179a6a00
8715,26752,8,0x17a42740
8716,29202,8,0x17ade480
8717,28326,8,0x17b7a1c0
8718,25516,8,0x17c15f00
8719,29503,8,0x17cb1c40
8720,29868,8,0x17d4d980
8721,25947,8,0x17de96c0
8722,31208,8,0x17e85400
8723,29260,8,0x17f21140
8724,30779,8,0x17fbce80
8725,25610,8,0x18058bc0
8726,25446,8,0x180f4900
8727,29015,8,0x18190640
8728,30090,8,0x1822c380
8729,25889,8,0x182c80c0
8730,24764,8,0x18363e00
8731,29479,8,0x183ffb40
8732,29829,8,0x1849b880
8733,26323,8,0x185375c0
8734,24700,8,0x185d3300
8735,28838,8,0x1866f040
8736,29112,8,0x1870ad80
8737,25188,8,0x187a6ac0
8738,24693,8,0x18842800
8739,29849,8,0x188de540
8740,29214,8,0x1897a280
8741,25583,8,0x18a15fc0
8742,28760,8,0x18ab1d00
8743,30212,8,0x18b4da40
8744,25441,8,0x18be9780
8745,25110,8,0x18c854c0
8746,28542,8,0x18d21200
8747,28871,8,0x18dbcf40
8748,25518,8,0x18e58c80
8749,25125,8,0x18ef49c0
8750,28195,8,0x18f90700
8751,29694,8,0x1902c440
8752,26374,8,0x190c8180
8753,24913,8,0x19163ec0
8754,29901,8,0x191ffc00
8755,28732,8,0x1929b940
8756,26019,8,0x19337680
8757,30790,8,0x193d33c0
8758,39621,8,0x1946f100
8759,29130,8,0x1950ae40
8760,31316,8,0x195a6b80
8761,31322,8,0x196428c0
8762,28834,8,0x196de600
8763,29306,8,0x1977a340
8764,26224,8,0x19816080
8765,28944,8,0x198b1dc0
8766,29511,8,0x1994db00
8767,34040,8,0x199e9840
8768,25838,8,0x19a85580
8769,29548,8,0x19b212c0
8770,28694,8,0x19bbd000
8771,26120,8,0x19c58d40
8772,26333,8,0x19cf4a80
8773,29050,8,0x19d907c0
8774,27647,8,0x19e2c500
8775,26109,8,0x19ec8240
8776,25299,8,0x19f63f80
8777,30273,8,0x19fffcc0
8778,28367,8,0x1a09ba00
8779,33462,8,0x1a137740
8780,26583,8,0x1a1d3480
8781,28279,8,0x1a26f1c0
8782,27310,8,0x1a30af00
8783,25323,8,0x1a3a6c40
8784,25449,8,0x1a442980
8785,28246,8,0x1a4de6c0
8786,28187,8,0x1a57a400
8787,25815,8,0x1a616140
8788,29684,8,0x1a6b1e80
8789,28405,8,0x1a74dbc0
8790,27556,8,0x1a7e9900
8791,25748,8,0x1a885640
8792,33274,8,0x1a921380
8793,29276,8,0x1a9bd0c0
8794,24716,8,0x1aa58e00
8795,25871,8,0x1aaf4b40
8796,29329,8,0x1ab90880
8797,28530,8,0x1ac2c5c0
8798,24776,8,0x1acc8300
8799,25649,8,0x1ad64040
8800,29049,8,0x1adffd80
8801,28917,8,0x1ae9bac0
8802,24625,8,0x1af37800
8803,26301,8,0x1afd3540
8804,29154,8,0x1b06f280
8805,29352,8,0x1b10afc0
8806,25392,8,0x1b1a6d00
8807,26257,8,0x1b242a40
8808,30008,8,0x1b2de780
8809,29089,8,0x1b37a4c0
8810,24641,8,0x1b416200
8811,29646,8,0x1b4b1f40
8812,29897,8,0x1b54dc80
8813,28059,8,0x1b5e99c0
8814,25076,8,0x1b685700
8815,29879,8,0x1b721440
8816,30059,8,0x1b7bd180
8817,26193,8,0x1b858ec0
8818,25306,8,0x1b8f4c00
8819,29805,8,0x1b990940
8820,29919,8,0x1ba2c680
8821,25373,8,0x1bac83c0
8822,31171,8,0x1bb64100
8823,30528,8,0x1bbffe40
8824,35544,8,0x1bc9bb80
8825,32813,8,0x1bd378c0
8826,32604,8,0x1bdd3600
8827,29791,8,0x1be6f340
8828,31289,8,0x1bf0b080
8829,25733,8,0x1bfa6dc0
8830,24918,8,0x1c042b00
8831,34630,8,0x1c0de840
8832,29622,8,0x1c17a580
8833,24678,8,0x1c2162c0
8834,24835,8,0x1c2b2000
8835,29988,8,0x1c34dd40
8836,29290,8,0x1c3e9a80
8837,25354,8,0x1c4857c0
8838,28476,8,0x1c521500
8839,30074,8,0x1c5bd240
8840,25881,8,0x1c658f80
8841,25951,8,0x1c6f4cc0
8842,29042,8,0x1c790a00
8843,29574,8,0x1c82c740
8844,26721,8,0x1c8c8480
8845,24816,8,0x1c9641c0
8846,28484,8,0x1c9fff00
8847,30243,8,0x1ca9bc40
8848,26185,8,0x1cb37980
8849,24422,8,0x1cbd36c0
8850,27676,8,0x1cc6f400
8851,28990,8,0x1cd0b140
8852,25955,8,0x1cda6e80
8853,25184,8,0x1ce42bc0
8854,28269,8,0x1cede900
8855,28409,8,0x1cf7a640
8856,26124,8,0x1d016380
8857,25545,8,0x1d0b20c0
8858,27832,8,0x1d14de00
8859,28851,8,0x1d1e9b40
8860,34108,8,0x1d285880
8861,33297,8,0x1d3215c0
8862,28358,8,0x1d3bd300
8863,25723,8,0x1d459040
8864,26751,8,0x1d4f4d80
8865,29712,8,0x1d590ac0
8866,28278,8,0x1d62c800
8867,25311,8,0x1d6c8540
8868,26593,8,0x1d764280
8869,29449,8,0x1d7fffc0
8870,28310,8,0x1d89bd00
8871,25930,8,0x1d937a40
8872,26228,8,0x1d9d3780
8873,28232,8,0x1da6f4c0
8874,28424,8,0x1db0b200
8875,108743,8,0x1dba6f40
8876,39052,8,0x1dc42c80
8877,112539,8,0x1dcde9c0
8878,43142,8,0x1dd7a700
8879,35348,8,0x1de16440
8880,27507,8,0x1deb2180
8881,28681,8,0x1df4dec0
8882,28465,8,0x1dfe9c00
8883,26651,8,0x1e085940
8884,31137,8,0x1e121680
8885,29261,8,0x1e1bd3c0
8886,31526,8,0x1e259100
8887,26458,8,0x1e2f4e40
8888,40911,8,0x1e390b80
8889,34947,8,0x1e42c8c0
8890,25229,8,0x1e4c8600
8891,26125,8,0x1e564340
8892,30040,8,0x1e600080
8893,28689,8,0x1e69bdc0
8894,25162,8,0x1e737b00
8895,31164,8,0x1e7d3840
8896,29224,8,0x1e86f580
8897,28903,8,0x1e90b2c0
8898,25223,8,0x1e9a7000
8899,26881,8,0x1ea42d40
8900,29870,8,0x1eadea80
8901,28245,8,0x1eb7a7c0
8902,24882,8,0x1ec16500
8903,26227,8,0x1ecb2240
8904,29825,8,0x1ed4df80
8905,28286,8,0x1ede9cc0
8906,24818,8,0x1ee85a00
8907,29916,8,0x1ef21740
8908,30923,8,0x1efbd480
8909,25917,8,0x1f0591c0
8910,42711,8,0x1f0f4f00
8911,29559,8,0x1f190c40
8912,30977,8,0x1f22c980
8913,25023,8,0x1f2c86c0
8914,24313,8,0x1f364400
8915,31329,8,0x1f400140
8916,30575,8,0x1f49be80
8917,26872,8,0x1f537bc0
8918,25519,8,0x1f5d3900
8919,30772,8,0x1f66f640
8920,30543,8,0x1f70b380
8921,33122,8,0x1f7a70c0
8922,28111,8,0x1f842e00
8923,31434,8,0x1f8deb40
8924,31649,8,0x1f97a880
8925,26133,8,0x1fa165c0
8926,25116,8,0x1fab2300
8927,30393,8,0x1fb4e040
8928,29429,8,0x1fbe9d80
8929,26143,8,0x1fc85ac0
8930,28864,8,0x1fd21800
8931,31295,8,0x1fdbd540
8932,26559,8,0x1fe59280
8933,26273,8,0x1fef4fc0
8934,29146,8,0x1ff90d00
8935,31026,8,0x2002ca40
8936,26748,8,0x200c8780
8937,25400,8,0x201644c0
8938,28141,8,0x20200200
8939,29688,8,0x2029bf40
8940,26947,8,0x20337c80
8941,26057,8,0x203d39c0
8942,29430,8,0x2046f700
8943,30149,8,0x2050b440
8944,26124,8,0x205a7180
8945,26501,8,0x20642ec0
8946,29632,8,0x206dec00
8947,30292,8,0x2077a940
8948,26275,8,0x20816680
8949,25382,8,0x208b23c0
8950,38638,8,0x2094e100
8951,29848,8,0x209e9e40
8952,32397,8,0x20a85b80
8953,34746,8,0x20b218c0
8954,32008,8,0x20bbd600
8955,26383,8,0x20c59340
8956,27783,8,0x20cf5080
8957,30073,8,0x20d90dc0
8958,28733,8,0x20e2cb00
8959,32372,8,0x20ec8840
8960,26529,8,0x20f64580
8961,30469,8,0x210002c0
8962,28475,8,0x2109c000
8963,26300,8,0x21137d40
8964,26285,8,0x211d3a80
8965,29620,8,0x2126f7c0
8966,28120,8,0x2130b500
8967,25570,8,0x213a7240
8968,26461,8,0x21442f80
8969,29514,8,0x214decc0
8970,28765,8,0x2157aa00
8971,26177,8,0x21616740
8972,25894,8,0x216b2480
8973,28697,8,0x2174e1c0
8974,28556,8,0x217e9f00
8975,26616,8,0x21885c40
8976,29674,8,0x21921980
8977,28586,8,0x219bd6c0
8978,25955,8,0x21a59400
8979,25625,8,0x21af5140
8980,29561,8,0x21b90e80
8981,29194,8,0x21c2cbc0
8982,25037,8,0x21cc8900
8983,26204,8,0x21d64640
8984,30337,8,0x21e00380
8985,29451,8,0x21e9c0c0
8986,25359,8,0x21f37e00
8987,26473,8,0x21fd3b40
8988,29808,8,0x2206f880
8989,37960,8,0x2210b5c0
8990,28760,8,0x221a7300
8991,26616,8,0x22243040
8992,30987,8,0x222ded80
8993,29118,8,0x2237aac0
8994,25788,8,0x22416800
8995,26817,8,0x224b2540
8996,31961,8,0x2254e280
8997,28842,8,0x225e9fc0
8998,26396,8,0x22685d00
8999,30891,8,0x22721a40
9000,31281,8,0x227bd780
9001,26377,8,0x228594c0
9002,24991,8,0x228f5200
9003,30777,8,0x22990f40
9004,30138,8,0x22a2cc80
9005,26028,8,0x22ac89c0
9006,26028,8,0x22b64700
9007,30583,8,0x22c00440
9008,30367,8,0x22c9c180
9009,26730,8,0x22d37ec0
9010,25473,8,0x22dd3c00
9011,30204,8,0x22e6f940
9012,29631,8,0x22f0b680
9013,25919,8,0x22fa73c0
9014,31689,8,0x23043100
9015,31333,8,0x230dee40
9016,35768,8,0x2317ab80
9017,32398,8,0x232168c0
9018,25750,8,0x232b2600
9019,30701,8,0x2334e340
9020,31197,8,0x233ea080
9021,32912,8,0x23485dc0
9022,33693,8,0x23521b00
9023,35663,8,0x235bd840
9024,26625,8,0x23659580
9025,25802,8,0x236f52c0
9026,28565,8,0x23791000
9027,30480,8,0x2382cd40
9028,26807,8,0x238c8a80
9029,25995,8,0x239647c0
9030,28814,8,0x23a00500
9031,30009,8,0x23a9c240
9032,27219,8,0x23b37f80
9033,26268,8,0x23bd3cc0
9034,30355,8,0x23c6fa00
9035,30031,8,0x23d0b740
9036,26892,8,0x23da7480
9037,25940,8,0x23e431c0
9038,29456,8,0x23edef00
9039,29869,8,0x23f7ac40
9040,27053,8,0x24016980
9041,25723,8,0x240b26c0
9042,29151,8,0x2414e400
9043,36201,8,0x241ea140
9044,27924,8,0x24285e80
9045,28413,8,0x24321bc0
9046,29086,8,0x243bd900
9047,28266,8,0x24459640
9048,27294,8,0x244f5380
9049,28894,8,0x245910c0
9050,28894,8,0x2462ce00
9051,26157,8,0x246c8b40
9052,26913,8,0x24764880
9053,29335,8,0x248005c0
9054,28498,8,0x2489c300
9055,26163,8,0x24938040
9056,29362,8,0x249d3d80
9057,30191,8,0x24a6fac0
9058,28217,8,0x24b0b800
9059,25989,8,0x24ba7540
9060,27143,8,0x24c43280
9061,30390,8,0x24cdefc0
9062,29379,8,0x24d7ad00
9063,27081,8,0x24e16a40
9064,26846,8,0x24eb2780
9065,29441,8,0x24f4e4c0
9066,28880,8,0x24fea200
9067,26797,8,0x25085f40
9068,30172,8,0x25121c80
9069,29120,8,0x251bd9c0
9070,26200,8,0x25259700
9071,26889,8,0x252f5440
9072,29715,8,0x25391180
9073,30203,8,0x2542cec0
9074,24855,8,0x254c8c00
9075,26941,8,0x25564940
9076,30243,8,0x25600680
9077,28336,8,0x2569c3c0
9078,32308,8,0x25738100
9079,26192,8,0x257d3e40
9080,36065,8,0x2586fb80
9081,34616,8,0x2590b8c0
9082,26230,8,0x259a7600
9083,26431,8,0x25a43340
9084,30784,8,0x25adf080
9085,29588,8,0x25b7adc0
9086,25345,8,0x25c16b00
9087,32676,8,0x25cb2840
9088,31104,8,0x25d4e580
9089,39205,8,0x25dea2c0
9090,26556,8,0x25e86000
9091,30298,8,0x25f21d40
9092,30508,8,0x25fbda80
9093,26628,8,0x260597c0
9094,25405,8,0x260f5500
9095,29655,8,0x26191240
9096,29940,8,0x2622cf80
9097,26719,8,0x262c8cc0
9098,25652,8,0x26364a00
9099,30624,8,0x26400740
9100,30521,8,0x2649c480
9101,25942,8,0x265381c0
9102,24913,8,0x265d3f00
9103,30757,8,0x2666fc40
9104,31023,8,0x2670b980
9105,25927,8,0x267a76c0
9106,25483,8,0x26843400
9107,29851,8,0x268df140
9108,30587,8,0x2697ae80
9109,25488,8,0x26a16bc0
9110,25674,8,0x26ab2900
9111,30969,8,0x26b4e640
9112,30690,8,0x26bea380
9113,26399,8,0x26c860c0
9114,29231,8,0x26d21e00
9115,30342,8,0x26dbdb40
9116,29694,8,0x26e59880
9117,27320,8,0x26ef55c0
9118,30117,8,0x26f91300
9119,30711,8,0x2702d040
9120,27050,8,0x270c8d80
9121,25880,8,0x27164ac0
9122,30938,8,0x27200800
9123,30250,8,0x2729c540
9124,29230,8,0x27338280
9125,25980,8,0x273d3fc0
9126,29314,8,0x2746fd00
9127,29968,8,0x2750ba40
9128,27271,8,0x275a7780
9129,26001,8,0x276434c0
9130,29339,8,0x276df200
9131,30649,8,0x2777af40
9132,26835,8,0x27816c80
9133,26388,8,0x278b29c0
9134,29065,8,0x2794e700
9135,30880,8,0x279ea440
9136,26292,8,0x27a86180
9137,30547,8,0x27b21ec0
9138,30046,8,0x27bbdc00
9139,30034,8,0x27c59940
9140,27097,8,0x27cf5680
9141,30303,8,0x27d913c0
9142,34966,8,0x27e2d100
9143,27161,8,0x27ec8e40
9144,32057,8,0x27f64b80
9145,34581,8,0x280008c0
9146,28270,8,0x2809c600
9147,26502,8,0x28138340
9148,26882,8,0x281d4080
9149,30337,8,0x2826fdc0
9150,29991,8,0x2830bb00
9151,31971,8,0x283a7840
9152,26804,8,0x28443580
9153,29289,8,0x284df2c0
9154,29360,8,0x2857b000
9155,27347,8,0x28616d40
9156,33288,8,0x286b2a80
9157,33624,8,0x2874e7c0
9158,29353,8,0x287ea500
9159,27541,8,0x28886240
9160,30877,8,0x28921f80
9161,29268,8,0x289bdcc0
9162,28648,8,0x28a59a00
9163,27085,8,0x28af5740
9164,30276,8,0x28b91480
9165,29676,8,0x28c2d1c0
9166,25673,8,0x28cc8f00
9167,26377,8,0x28d64c40
9168,30409,8,0x28e00980
9169,29408,8,0x28e9c6c0
9170,24841,8,0x28f38400
9171,27122,8,0x28fd4140
9172,30608,8,0x2906fe80
9173,29065,8,0x2910bbc0
9174,25313,8,0x291a7900
9175,27177,8,0x29243640
9176,30265,8,0x292df380
9177,29254,8,0x2937b0c0
9178,29689,8,0x29416e00
9179,26549,8,0x294b2b40
9180,32080,8,0x2954e880
9181,28170,8,0x295ea5c0
9182,25973,8,0x29686300
9183,28612,8,0x29722040
9184,29840,8,0x297bdd80
9185,30622,8,0x29859ac0
9186,24988,8,0x298f5800
9187,31803,8,0x29991540
9188,31007,8,0x29a2d280
9189,30023,8,0x29ac8fc0
9190,32515,8,0x29b64d00
9191,31257,8,0x29c00a40
9192,31107,8,0x29c9c780
9193,25423,8,0x29d384c0
9194,25533,8,0x29dd4200
9195,31257,8,0x29e6ff40
9196,31393,8,0x29f0bc80
9197,26318,8,0x29fa79c0
9198,25614,8,0x2a043700
9199,31264,8,0x2a0df440
9200,30757,8,0x2a17b180
9201,26406,8,0x2a216ec0
9202,25643,8,0x2a2b2c00
9203,30274,8,0x2a34e940
9204,29931,8,0x2a3ea680
9205,25164,8,0x2a4863c0
9206,32580,8,0x2a522100
9207,31382,8,0x2a5bde40
9208,35936,8,0x2a659b80
9209,32282,8,0x2a6f58c0
9210,29555,8,0x2a791600
9211,30273,8,0x2a82d340
9212,27090,8,0x2a8c9080
9213,25852,8,0x2a964dc0
9214,29881,8,0x2aa00b00
9215,36132,8,0x2aa9c840
9216,26325,8,0x2ab38580
9217,25695,8,0x2abd42c0
9218,29980,8,0x2ac70000
9219,31677,8,0x2ad0bd40
9220,27507,8,0x2ada7a80
9221,25679,8,0x2ae437c0
9222,34037,8,0x2aedf500
9223,31350,8,0x2af7b240
9224,29340,8,0x2b016f80
9225,26556,8,0x2b0b2cc0
9226,30019,8,0x2b14ea00
9227,29979,8,0x2b1ea740
9228,27382,8,0x2b286480
9229,25841,8,0x2b3221c0
9230,29706,8,0x2b3bdf00
9231,30548,8,0x2b459c40
9232,32281,8,0x2b4f5980
9233,37654,8,0x2b5916c0
9234,37274,8,0x2b62d400
9235,26896,8,0x2b6c9140
9236,28429,8,0x2b764e80
9237,30113,8,0x2b800bc0
9238,28852,8,0x2b89c900
9239,27310,8,0x2b938640
9240,27213,8,0x2b9d4380
9241,29251,8,0x2ba700c0
9242,29663,8,0x2bb0be00
9243,26528,8,0x2bba7b40
9244,27494,8,0x2bc43880
9245,29804,8,0x2bcdf5c0
9246,29418,8,0x2bd7b300
9247,26921,8,0x2be17040
9248,26143,8,0x2beb2d80
9249,29295,8,0x2bf4eac0
9250,29528,8,0x2bfea800
9251,26779,8,0x2c086540
9252,26731,8,0x2c122280
9253,29677,8,0x2c1bdfc0
9254,29650,8,0x2c259d00
9255,27441,8,0x2c2f5a40
9256,44909,8,0x2c391780
9257,32399,8,0x2c42d4c0
9258,26702,8,0x2c4c9200
9259,26562,8,0x2c564f40
9260,29883,8,0x2c600c80
9261,29247,8,0x2c69c9c0
9262,25860,8,0x2c738700
9263,26864,8,0x2c7d4440
9264,28690,8,0x2c870180
9265,28063,8,0x2c90bec0
9266,24712,8,0x2c9a7c00
9267,25471,8,0x2ca43940
9268,28108,8,0x2cadf680
9269,27697,8,0x2cb7b3c0
9270,37156,8,0x2cc17100
9271,25017,8,0x2ccb2e40
9272,34488,8,0x2cd4eb80
9273,33421,8,0x2cdea8c0
9274,24819,8,0x2ce86600
9275,25748,8,0x2cf22340
9276,28724,8,0x2cfbe080
9277,27428,8,0x2d059dc0
9278,24539,8,0x2d0f5b00
9279,34724,8,0x2d191840
9280,29299,8,0x2d22d580
9281,24701,8,0x2d2c92c0
9282,24507,8,0x2d365000
9283,29179,8,0x2d400d40
9284,29008,8,0x2d49ca80
9285,24372,8,0x2d5387c0
9286,24493,8,0x2d5d4500
9287,29488,8,0x2d670240
9288,29120,8,0x2d70bf80
9289,25678,8,0x2d7a7cc0
9290,31191,8,0x2d843a00
9291,28869,8,0x2d8df740
9292,31138,8,0x2d97b480
9293,25112,8,0x2da171c0
9294,25818,8,0x2dab2f00
9295,28636,8,0x2db4ec40
9296,29614,8,0x2dbea980
9297,24416,8,0x2dc866c0
9298,24274,8,0x2dd22400
9299,28787,8,0x2ddbe140
9300,29550,8,0x2de59e80
9301,24828,8,0x2def5bc0
9302,27969,8,0x2df91900
9303,29560,8,0x2e02d640
9304,25363,8,0x2e0c9380
9305,24533,8,0x2e1650c0
9306,28178,8,0x2e200e00
9307,29435,8,0x2e29cb40
9308,25556,8,0x2e338880
9309,24411,8,0x2e3d45c0
9310,28674,8,0x2e470300
9311,29359,8,0x2e50c040
9312,25244,8,0x2e5a7d80
9313,34672,8,0x2e643ac0
9314,28730,8,0x2e6df800
9315,29147,8,0x2e77b540
9316,26125,8,0x2e817280
9317,23992,8,0x2e8b2fc0
9318,27870,8,0x2e94ed00
9319,30226,8,0x2e9eaa40
9320,25067,8,0x2ea86780
9321,24264,8,0x2eb224c0
9322,27958,8,0x2ebbe200
9323,28395,8,0x2ec59f40
9324,25699,8,0x2ecf5c80
9325,34471,8,0x2ed919c0
9326,33499,8,0x2ee2d700
9327,25458,8,0x2eec9440
9328,25087,8,0x2ef65180
9329,28401,8,0x2f000ec0
9330,28984,8,0x2f09cc00
9331,25084,8,0x2f138940
9332,25698,8,0x2f1d4680
9333,28172,8,0x2f2703c0
9334,33553,8,0x2f30c100
9335,25431,8,0x2f3a7e40
9336,31906,8,0x2f443b80
9337,33619,8,0x2f4df8c0
9338,28325,8,0x2f57b600
9339,24825,8,0x2f617340
9340,25378,8,0x2f6b3080
9341,27877,8,0x2f74edc0
9342,27595,8,0x2f7eab00
9343,35014,8,0x2f886840
9344,25759,8,0x2f922580
9345,28261,8,0x2f9be2c0
9346,28604,8,0x2fa5a000
9347,25852,8,0x2faf5d40
9348,29300,8,0x2fb91a80
9349,27632,8,0x2fc2d7c0
9350,24819,8,0x2fcc9500
9351,24962,8,0x2fd65240
9352,29250,8,0x2fe00f80
9353,27853,8,0x2fe9ccc0
9354,24200,8,0x2ff38a00
9355,24920,8,0x2ffd4740
9356,28988,8,0x30070480
9357,27624,8,0x3010c1c0
9358,24571,8,0x301a7f00
9359,25428,8,0x30243c40
9360,35945,8,0x302df980
9361,27966,8,0x3037b6c0
9362,23890,8,0x30417400
9363,24967,8,0x304b3140
9364,28612,8,0x3054ee80
9365,27933,8,0x305eabc0
9366,24641,8,0x30686900
9367,25473,8,0x30722640
9368,29923,8,0x307be380
9369,27702,8,0x3085a0c0
9370,24376,8,0x308f5e00
9371,29536,8,0x30991b40
9372,29382,8,0x30a2d880
9373,25660,8,0x30ac95c0
9374,24069,8,0x30b65300
9375,29767,8,0x30c01040
9376,29370,8,0x30c9cd80
9377,25157,8,0x30d38ac0
9378,24829,8,0x30dd4800
9379,28640,8,0x30e70540
9380,28762,8,0x30f0c280
9381,24871,8,0x30fa7fc0
9382,24618,8,0x31043d00
9383,28892,8,0x310dfa40
9384,29968,8,0x3117b780
9385,24801,8,0x312174c0
9386,24268,8,0x312b3200
9387,30398,8,0x3134ef40
9388,29021,8,0x313eac80
9389,25295,8,0x314869c0
9390,24114,8,0x31522700
9391,28826,8,0x315be440
9392,28481,8,0x3165a180
9393,24926,8,0x316f5ec0
9394,28727,8,0x31791c00
9395,28918,8,0x3182d940
9396,29013,8,0x318c9680
9397,25327,8,0x319653c0
9398,35032,8,0x31a01100
9399,30053,8,0x31a9ce40
9400,30943,8,0x31b38b80
9401,30477,8,0x31bd48c0
9402,28127,8,0x31c70600
9403,29347,8,0x31d0c340
9404,25544,8,0x31da8080
9405,25319,8,0x31e43dc0
9406,28841,8,0x31edfb00
9407,34823,8,0x31f7b840
9408,24969,8,0x32017580
9409,24698,8,0x320b32c0
9410,28932,8,0x3214f000
9411,29471,8,0x321ead40
9412,25924,8,0x32286a80
9413,24690,8,0x323227c0
9414,27963,8,0x323be500
9415,29782,8,0x3245a240
9416,26073,8,0x324f5f80
9417,28585,8,0x32591cc0
9418,28612,8,0x3262da00
9419,24941,8,0x326c9740
9420,25801,8,0x32765480
9421,28396,8,0x328011c0
9422,27823,8,0x3289cf00
9423,26057,8,0x32938c40
9424,25853,8,0x329d4980
9425,29065,8,0x32a706c0
9426,28354,8,0x32b0c400
9427,25349,8,0x32ba8140
9428,25490,8,0x32c43e80
9429,28561,8,0x32cdfbc0
9430,36209,8,0x32d7b900
9431,25483,8,0x32e17640
9432,27342,8,0x32eb3380
9433,28936,8,0x32f4f0c0
9434,28154,8,0x32feae00
9435,25868,8,0x33086b40
9436,25686,8,0x33122880
9437,28101,8,0x331be5c0
9438,27739,8,0x3325a300
9439,25685,8,0x332f6040
9440,29161,8,0x33391d80
9441,28840,8,0x3342dac0
9442,24269,8,0x334c9800
9443,25033,8,0x33565540
9444,29474,8,0x33601280
9445,28982,8,0x3369cfc0
9446,24692,8,0x33738d00
9447,25341,8,0x337d4a40
9448,30018,8,0x33870780
9449,29161,8,0x3390c4c0
9450,24981,8,0x339a8200
9451,24961,8,0x33a43f40
9452,29523,8,0x33adfc80
9453,39414,8,0x33b7b9c0
9454,25793,8,0x33c17700
9455,25962,8,0x33cb3440
9456,29792,8,0x33d4f180
9457,27774,8,0x33deaec0
9458,24796,8,0x33e86c00
9459,26009,8,0x33f22940
9460,29138,8,0x33fbe680
9461,28320,8,0x3405a3c0
9462,30860,8,0x340f6100
9463,30073,8,0x34191e40
9464,37336,8,0x3422db80
9465,41079,8,0x342c98c0
9466,25668,8,0x34365600
9467,29503,8,0x34401340
9468,29562,8,0x3449d080
9469,25229,8,0x34538dc0
9470,24062,8,0x345d4b00
9471,34761,8,0x34670840
9472,29848,8,0x3470c580
9473,25693,8,0x347a82c0
9474,24228,8,0x34844000
9475,29264,8,0x348dfd40
9476,30908,8,0x3497ba80
9477,26009,8,0x34a177c0
9478,24211,8,0x34ab3500
9479,28926,8,0x34b4f240
9480,29822,8,0x34beaf80
9481,25233,8,0x34c86cc0
9482,25302,8,0x34d22a00
9483,30384,8,0x34dbe740
9484,29392,8,0x34e5a480
9485,26119,8,0x34ef61c0
9486,27795,8,0x34f91f00
9487,29032,8,0x3502dc40
9488,29770,8,0x350c9980
9489,24895,8,0x351656c0
9490,28361,8,0x35201400
9491,29170,8,0x3529d140
9492,25326,8,0x35338e80
9493,24907,8,0x353d4bc0
9494,27354,8,0x35470900
9495,29574,8,0x3550c640
9496,26726,8,0x355a8380
9497,24729,8,0x356440c0
9498,29230,8,0x356dfe00
9499,30282,8,0x3577bb40
9500,28885,8,0x35817880
9501,25112,8,0x358b35c0
9502,28846,8,0x3594f300
9503,28954,8,0x359eb040
9504,25958,8,0x35a86d80
9505,25052,8,0x35b22ac0
9506,29066,8,0x35bbe800
9507,28562,8,0x35c5a540
9508,26188,8,0x35cf6280
9509,28548,8,0x35d91fc0
9510,28017,8,0x35e2dd00
9511,28305,8,0x35ec9a40
9512,25765,8,0x35f65780
9513,28823,8,0x360014c0
9514,28441,8,0x3609d200
9515,25585,8,0x36138f40
9516,25544,8,0x361d4c80
9517,28095,8,0x362709c0
9518,27952,8,0x3630c700
9519,25701,8,0x363a8440
9520,25807,8,0x36444180
9521,28146,8,0x364dfec0
9522,28003,8,0x3657bc00
9523,25603,8,0x36617940
9524,26224,8,0x366b3680
9525,28785,8,0x3674f3c0
9526,33980,8,0x367eb100
9527,25369,8,0x36886e40
9528,31188,8,0x36922b80
9529,33318,8,0x369be8c0
9530,27598,8,0x36a5a600
9531,26320,8,0x36af6340
9532,25344,8,0x36b92080
9533,29068,8,0x36c2ddc0
9534,35373,8,0x36cc9b00
9535,30699,8,0x36d65840
9536,30783,8,0x36e01580
9537,27969,8,0x36e9d2c0
9538,24035,8,0x36f39000
9539,25303,8,0x36fd4d40
9540,29374,8,0x37070a80
9541,28931,8,0x3710c7c0
9542,24233,8,0x371a8500
9543,25301,8,0x37244240
9544,30091,8,0x372dff80
9545,28417,8,0x3737bcc0
9546,24477,8,0x37417a00
9547,24582,8,0x374b3740
9548,29800,8,0x3754f480
9549,27819,8,0x375eb1c0
9550,24701,8,0x37686f00
9551,25305,8,0x37722c40
9552,29822,8,0x377be980
9553,28893,8,0x3785a6c0
9554,24442,8,0x378f6400
9555,25623,8,0x37992140
9556,30428,8,0x37a2de80
9557,27902,8,0x37ac9bc0
9558,24228,8,0x37b65900
9559,30190,8,0x37c01640
9560,30417,8,0x37c9d380
9561,24631,8,0x37d390c0
9562,24665,8,0x37dd4e00
9563,28475,8,0x37e70b40
9564,29965,8,0x37f0c880
9565,25318,8,0x37fa85c0
9566,23982,8,0x38044300
9567,30223,8,0x380e0040
9568,30273,8,0x3817bd80
9569,31011,8,0x38217ac0
9570,29291,8,0x382b3800
9571,28782,8,0x3834f540
9572,30131,8,0x383eb280
9573,25357,8,0x38486fc0
9574,24197,8,0x38522d00
9575,29104,8,0x385bea40
9576,30413,8,0x3865a780
9577,24653,8,0x386f64c0
9578,24477,8,0x38792200
9579,28935,8,0x3882df40
9580,29692,8,0x388c9c80
9581,25349,8,0x389659c0
9582,27733,8,0x38a01700
9583,29258,8,0x38a9d440
9584,26061,8,0x38b39180
9585,24830,8,0x38bd4ec0
9586,28372,8,0x38c70c00
9587,30002,8,0x38d0c940
9588,25931,8,0x38da8680
9589,24667,8,0x38e443c0
9590,39153,8,0x38ee0100
9591,29293,8,0x38f7be40
9592,44593,8,0x39017b80
9593,29611,8,0x390b38c0
9594,27623,8,0x3914f600
9595,29098,8,0x391eb340
9596,25993,8,0x39287080
9597,25730,8,0x39322dc0
9598,28378,8,0x393beb00
9599,34959,8,0x3945a840
9600,26631,8,0x394f6580
9601,25371,8,0x395922c0
9602,28280,8,0x3962e000
9603,30615,8,0x396c9d40
9604,29403,8,0x39765a80
9605,29941,8,0x398017c0
9606,28830,8,0x3989d500
9607,26382,8,0x39939240
9608,25936,8,0x399d4f80
9609,28562,8,0x39a70cc0
9610,28485,8,0x39b0ca00
9611,26023,8,0x39ba8740
9612,26104,8,0x39c44480
9613,28485,8,0x39ce01c0
9614,28032,8,0x39d7bf00
9615,25411,8,0x39e17c40
9616,26577,8,0x39eb3980
9617,28307,8,0x39f4f6c0
9618,29008,8,0x39feb400
9619,26490,8,0x3a087140
9620,25789,8,0x3a122e80
9621,28849,8,0x3a1bebc0
9622,28989,8,0x3a25a900
9623,26270,8,0x3a2f6640
9624,25601,8,0x3a392380
9625,29189,8,0x3a42e0c0
9626,27786,8,0x3a4c9e00
9627,26442,8,0x3a565b40
9628,30328,8,0x3a601880
9629,28625,8,0x3a69d5c0
9630,24000,8,0x3a739300
9631,26096,8,0x3a7d5040
9632,29659,8,0x3a870d80
9633,28164,8,0x3a90cac0
9634,24443,8,0x3a9a8800
9635,25789,8,0x3aa44540
9636,30570,8,0x3aae0280
9637,29080,8,0x3ab7bfc0
9638,29522,8,0x3ac17d00
9639,26116,8,0x3acb3a40
9640,32290,8,0x3ad4f780
9641,28359,8,0x3adeb4c0
9642,25107,8,0x3ae87200
9643,25769,8,0x3af22f40
9644,29273,8,0x3afbec80
9645,28982,8,0x3b05a9c0
9646,24155,8,0x3b0f6700
9647,26226,8,0x3b192440
9648,30132,8,0x3b22e180
9649,27625,8,0x3b2c9ec0
9650,24720,8,0x3b365c00
9651,29301,8,0x3b401940
9652,29791,8,0x3b49d680
9653,25433,8,0x3b5393c0
9654,30403,8,0x3b5d5100
9655,28996,8,0x3b670e40
9656,34626,8,0x3b70cb80
9657,29929,8,0x3b7a88c0
9658,24676,8,0x3b844600
9659,29198,8,0x3b8e0340
9660,30020,8,0x3b97c080
9661,25549,8,0x3ba17dc0
9662,24958,8,0x3bab3b00
9663,35067,8,0x3bb4f840
9664,29910,8,0x3bbeb580
9665,25530,8,0x3bc872c0
9666,24872,8,0x3bd23000
9667,29438,8,0x3bdbed40
9668,29743,8,0x3be5aa80
9669,25544,8,0x3bef67c0
9670,24638,8,0x3bf92500
9671,29645,8,0x3c02e240
9672,29262,8,0x3c0c9f80
9673,32130,8,0x3c165cc0
9674,30743,8,0x3c201a00
9675,29985,8,0x3c29d740
9676,26049,8,0x3c339480
9677,25342,8,0x3c3d51c0
9678,28155,8,0x3c470f00
9679,29899,8,0x3c50cc40
9680,27202,8,0x3c5a8980
9681,29781,8,0x3c6446c0
9682,28232,8,0x3c6e0400
9683,30272,8,0x3c77c140
9684,26336,8,0x3c817e80
9685,25876,8,0x3c8b3bc0
9686,27999,8,0x3c94f900
9687,29209,8,0x3c9eb640
9688,25489,8,0x3ca87380
9689,24952,8,0x3cb230c0
9690,28745,8,0x3cbbee00
9691,30636,8,0x3cc5ab40
9692,26171,8,0x3ccf6880
9693,25426,8,0x3cd925c0
9694,28818,8,0x3ce2e300
9695,29041,8,0x3ceca040
9696,26244,8,0x3cf65d80
9697,28738,8,0x3d001ac0
9698,28782,8,0x3d09d800
9699,25864,8,0x3d139540
9700,26492,8,0x3d1d5280
9701,28734,8,0x3d270fc0
9702,27679,8,0x3d30cd00
9703,25442,8,0x3d3a8a40
9704,26008,8,0x3d444780
9705,28046,8,0x3d4e04c0
9706,28085,8,0x3d57c200
9707,26059,8,0x3d617f40
9708,34484,8,0x3d6b3c80
9709,29661,8,0x3d74f9c0
9710,27969,8,0x3d7eb700
9711,27211,8,0x3d887440
9712,25593,8,0x3d923180
9713,28836,8,0x3d9beec0
9714,29381,8,0x3da5ac00
9715,26237,8,0x3daf6940
9716,26394,8,0x3db92680
9717,30000,8,0x3dc2e3c0
9718,35052,8,0x3dcca100
9719,26603,8,0x3dd65e40
9720,35208,8,0x3de01b80
9721,33903,8,0x3de9d8c0
9722,25675,8,0x3df39600
9723,26622,8,0x3dfd5340
9724,29613,8,0x3e071080
9725,29129,8,0x3e10cdc0
9726,24626,8,0x3e1a8b00
9727,31729,8,0x3e244840
9728,29348,8,0x3e2e0580
9729,34321,8,0x3e37c2c0
9730,27762,8,0x3e418000
9731,26774,8,0x3e4b3d40
9732,29989,8,0x3e54fa80
9733,27693,8,0x3e5eb7c0
9734,24260,8,0x3e687500
9735,25937,8,0x3e723240
9736,29687,8,0x3e7bef80
9737,27755,8,0x3e85acc0
9738,25577,8,0x3e8f6a00
9739,27298,8,0x3e992740
9740,29614,8,0x3ea2e480
9741,32377,8,0x3eaca1c0
9742,33105,8,0x3eb65f00
9743,31184,8,0x3ec01c40
9744,30888,8,0x3ec9d980
9745,24893,8,0x3ed396c0
9746,25055,8,0x3edd5400
9747,30746,8,0x3ee71140
9748,30503,8,0x3ef0ce80
9749,25761,8,0x3efa8bc0
9750,24529,8,0x3f044900
9751,29481,8,0x3f0e0640
9752,30783,8,0x3f17c380
9753,25350,8,0x3f2180c0
9754,25305,8,0x3f2b3e00
9755,30303,8,0x3f34fb40
9756,30601,8,0x3f3eb880
9757,25768,8,0x3f4875c0
9758,25248,8,0x3f523300
9759,29792,8,0x3f5bf040
9760,29993,8,0x3f65ad80
9761,25671,8,0x3f6f6ac0
9762,25931,8,0x3f792800
9763,29860,8,0x3f82e540
9764,29816,8,0x3f8ca280
9765,26162,8,0x3f965fc0
9766,28545,8,0x3fa01d00
9767,30521,8,0x3fa9da40
9768,27432,8,0x3fb39780
9769,25343,8,0x3fbd54c0
9770,29160,8,0x3fc71200
9771,30057,8,0x3fd0cf40
9772,27098,8,0x3fda8c80
9773,25556,8,0x3fe449c0
9774,30186,8,0x3fee0700
9775,30466,8,0x3ff7c440
9776,37155,8,0x181c0
9777,26380,8,0xb3f00
9778,30521,8,0x14fc40
9779,31901,8,0x1eb980
9780,26446,8,0x2876c0
9781,25254,8,0x323400
9782,34547,8,0x3bf140
9783,30256,8,0x45ae80
9784,32001,8,0x4f6bc0
9785,30737,8,0x592900
9786,28979,8,0x62e640
9787,29837,8,0x6ca380
9788,25522,8,0x7660c0
9789,28577,8,0x801e00
9790,28475,8,0x89db40
9791,40681,8,0x939880
9792,25819,8,0x9d55c0
9793,27912,8,0xa71300
9794,29428,8,0xb0d040
9795,26570,8,0xba8d80
9796,26468,8,0xc44ac0
9797,28888,8,0xce0800
9798,28131,8,0xd7c540
9799,25613,8,0xe18280
9800,26674,8,0xeb3fc0
9801,28424,8,0xf4fd00
9802,28434,8,0xfeba40
9803,25475,8,0x1087780
9804,25948,8,0x11234c0
9805,28647,8,0x11bf200
9806,28046,8,0x125af40
9807,25812,8,0x12f6c80
9808,27053,8,0x13929c0
9809,33425,8,0x142e700
9810,36842,8,0x14ca440
9811,26846,8,0x1566180
9812,30186,8,0x1601ec0
9813,29281,8,0x169dc00
9814,27191,8,0x1739940
9815,25904,8,0x17d5680
9816,30244,8,0x18713c0
9817,28901,8,0x190d100
9818,25012,8,0x19a8e40
9819,25980,8,0x1a44b80
9820,29606,8,0x1ae08c0
9821,29924,8,0x1b7c600
9822,25165,8,0x1c18340
9823,26274,8,0x1cb4080
9824,30273,8,0x1d4fdc0
9825,29035,8,0x1debb00
9826,24999,8,0x1e87840
9827,27368,8,0x1f23580
9828,30233,8,0x1fbf2c0
9829,28815,8,0x205b000
9830,25083,8,0x20f6d40
9831,25978,8,0x2192a80
9832,30083,8,0x222e7c0
9833,28253,8,0x22ca500
9834,25778,8,0x2366240
9835,30497,8,0x2401f80
9836,30388,8,0x249dcc0
9837,28315,8,0x2539a00
9838,25297,8,0x25d5740
9839,30032,8,0x2671480
9840,30146,8,0x270d1c0
9841,26070,8,0x27a8f00
9842,25116,8,0x2844c40
9843,31139,8,0x28e0980
9844,41410,8,0x297c6c0
9845,25608,8,0x2a18400
9846,31457,8,0x2ab4140
9847,29641,8,0x2b4fe80
9848,35091,8,0x2bebbc0
9849,29976,8,0x2c87900
9850,25748,8,0x2d23640
9851,29436,8,0x2dbf380
9852,30549,8,0x2e5b0c0
9853,25728,8,0x2ef6e00
9854,24462,8,0x2f92b40
9855,35838,8,0x302e880
9856,30045,8,0x30ca5c0
9857,25025,8,0x3166300
9858,24728,8,0x3202040
9859,30358,8,0x329dd80
9860,29451,8,0x3339ac0
9861,25917,8,0x33d5800
9862,28474,8,0x3471540
9863,30149,8,0x350d280
9864,26714,8,0x35a8fc0
9865,25231,8,0x3644d00
9866,38550,8,0x36e0a40
9867,30684,8,0x377c780
9868,26735,8,0x38184c0
9869,26047,8,0x38b4200
9870,29049,8,0x394ff40
9871,31333,8,0x39ebc80
9872,26741,8,0x3a879c0
9873,25355,8,0x3b23700
9874,29570,8,0x3bbf440
9875,31433,8,0x3c5b180
9876,26731,8,0x3cf6ec0
9877,33194,8,0x3d92c00
9878,31101,8,0x3e2e940
9879,30923,8,0x3eca680
9880,25388,8,0x3f663c0
9881,25031,8,0x4002100
9882,29427,8,0x409de40
9883,29633,8,0x4139b80
9884,26825,8,0x41d58c0
9885,28780,8,0x4271600
9886,28188,8,0x430d340
9887,26255,8,0x43a9080
9888,26955,8,0x4444dc0
9889,28832,8,0x44e0b00
9890,28049,8,0x457c840
9891,26618,8,0x4618580
9892,26230,8,0x46b42c0
9893,28759,8,0x4750000
9894,28807,8,0x47ebd40
9895,27289,8,0x4887a80
9896,26488,8,0x49237c0
9897,29190,8,0x49bf500
9898,29394,8,0x4a5b240
9899,26646,8,0x4af6f80
9900,27089,8,0x4b92cc0
9901,29206,8,0x4c2ea00
9902,28659,8,0x4cca740
9903,26907,8,0x4d66480
9904,26998,8,0x4e021c0
9905,29454,8,0x4e9df00
9906,29368,8,0x4f39c40
9907,26528,8,0x4fd5980
9908,30829,8,0x50716c0
9909,29289,8,0x510d400
9910,35505,8,0x51a9140
9911,26835,8,0x5244e80
9912,41733,8,0x52e0bc0
9913,33468,8,0x537c900
9914,26479,8,0x5418640
9915,25647,8,0x54b4380
9916,30065,8,0x55500c0
9917,27999,8,0x55ebe00
9918,25805,8,0x5687b40
9919,32501,8,0x5723880
9920,29878,8,0x57bf5c0
9921,28910,8,0x585b300
9922,25232,8,0x58f7040
9923,27526,8,0x5992d80
9924,30068,8,0x5a2eac0
9925,28064,8,0x5aca800
9926,25344,8,0x5b66540
9927,26465,8,0x5c02280
9928,31041,8,0x5c9dfc0
9929,29342,8,0x5d39d00
9930,25881,8,0x5dd5a40
9931,29445,8,0x5e71780
9932,30083,8,0x5f0d4c0
9933,26054,8,0x5fa9200
9934,24616,8,0x6044f40
9935,30105,8,0x60e0c80
9936,31117,8,0x617c9c0
9937,25773,8,0x6218700
9938,25655,8,0x62b4440
9939,30871,8,0x6350180
9940,31363,8,0x63ebec0
9941,25137,8,0x6487c00
9942,25281,8,0x6523940
9943,30759,8,0x65bf680
9944,31170,8,0x665b3c0
9945,32813,8,0x66f7100
9946,29392,8,0x6792e40
9947,29883,8,0x682eb80
9948,30167,8,0x68ca8c0
9949,25735,8,0x6966600
9950,25814,8,0x6a02340
9951,29675,8,0x6a9e080
9952,29816,8,0x6b39dc0
9953,25424,8,0x6bd5b00
9954,29542,8,0x6c71840
9955,30547,8,0x6d0d580
9956,26488,8,0x6da92c0
9957,25432,8,0x6e45000
9958,28557,8,0x6ee0d40
9959,30070,8,0x6f7ca80
9960,26968,8,0x70187c0
9961,25711,8,0x70b4500
9962,28519,8,0x7150240
9963,30706,8,0x71ebf80
9964,25973,8,0x7287cc0
9965,26055,8,0x7323a00
9966,29416,8,0x73bf740
9967,31257,8,0x745b480
9968,27018,8,0x74f71c0
9969,25943,8,0x7592f00
9970,30085,8,0x762ec40
9971,29715,8,0x76ca980
9972,26524,8,0x77666c0
9973,25715,8,0x7802400
9974,34588,8,0x789e140
9975,30346,8,0x7939e80
9976,32942,8,0x79d5bc0
9977,34920,8,0x7a71900
9978,30953,8,0x7b0d640
9979,27124,8,0x7ba9380
9980,29449,8,0x7c450c0
9981,29697,8,0x7ce0e00
9982,29791,8,0x7d7cb40
9983,31943,8,0x7e18880
9984,26815,8,0x7eb45c0
9985,29150,8,0x7f50300
9986,29399,8,0x7fec040
9987,27225,8,0x8087d80
9988,26492,8,0x8123ac0
9989,29444,8,0x81bf800
9990,28580,8,0x825b540
9991,26583,8,0x82f7280
9992,27827,8,0x8392fc0
9993,29436,8,0x842ed00
9994,28925,8,0x84caa40
9995,25507,8,0x8566780
9996,26854,8,0x86024c0
9997,29568,8,0x869e200
9998,28523,8,0x8739f40
9999,26660,8,0x87d5c80
10000,30545,8,0x88719c0
10001,38765,8,0x890d700
10002,26636,8,0x89a9440
10003,27629,8,0x8a45180
10004,30603,8,0x8ae0ec0
10005,29956,8,0x8b7cc00
10006,25235,8,0x8c18940
10007,26297,8,0x8cb4680
10008,29755,8,0x8d503c0
10009,29054,8,0x8dec100
10010,26023,8,0x8e87e40
10011,25876,8,0x8f23b80
10012,30822,8,0x8fbf8c0
10013,38775,8,0x905b600
10014,26215,8,0x90f7340
10015,26561,8,0x9193080
10016,30921,8,0x922edc0
10017,29358,8,0x92cab00
10018,25743,8,0x9366840
10019,25987,8,0x9402580
10020,30176,8,0x949e2c0
10021,28952,8,0x953a000
10022,25996,8,0x95d5d40
10023,29636,8,0x9671a80
10024,30547,8,0x970d7c0
10025,25852,8,0x97a9500
10026,26210,8,0x9845240
10027,30495,8,0x98e0f80
10028,30125,8,0x997ccc0
10029,26020,8,0x9a18a00
10030,25368,8,0x9ab4740
10031,31214,8,0x9b50480
10032,30637,8,0x9bec1c0
10033,25722,8,0x9c87f00
10034,25527,8,0x9d23c40
10035,31445,8,0x9dbf980
10036,29932,8,0x9e5b6c0
10037,25990,8,0x9ef7400
10038,32597,8,0x9f93140
10039,29508,8,0xa02ee80
10040,36238,8,0xa0cabc0
10041,30236,8,0xa166900
10042,25231,8,0xa202640
10043,29918,8,0xa29e380
10044,30056,8,0xa33a0c0
10045,26199,8,0xa3d5e00
10046,32760,8,0xa471b40
10047,37530,8,0xa50d880
10048,29928,8,0xa5a95c0
10049,25676,8,0xa645300
10050,30205,8,0xa6e1040
10051,31337,8,0xa77cd80
10052,26654,8,0xa818ac0
10053,24869,8,0xa8b4800
10054,28425,8,0xa950540
10055,29106,8,0xa9ec280
10056,26617,8,0xaa87fc0
10057,25465,8,0xab23d00
10058,28942,8,0xabbfa40
10059,30625,8,0xac5b780
10060,25708,8,0xacf74c0
10061,25415,8,0xad93200
10062,30026,8,0xae2ef40
10063,29917,8,0xaecac80
10064,27480,8,0xaf669c0
10065,25536,8,0xb002700
10066,29300,8,0xb09e440
10067,30175,8,0xb13a180
10068,27316,8,0xb1d5ec0
10069,28821,8,0xb271c00
10070,28694,8,0xb30d940
10071,27034,8,0xb3a9680
10072,26690,8,0xb4453c0
10073,30164,8,0xb4e1100
10074,29055,8,0xb57ce40
10075,26733,8,0xb618b80
10076,26374,8,0xb6b48c0
10077,29647,8,0xb750600
10078,28458,8,0xb7ec340
10079,26371,8,0xb888080
10080,31695,8,0xb923dc0
10081,35980,8,0xb9bfb00
10082,29948,8,0xba5b840
10083,25652,8,0xbaf7580
10084,27105,8,0xbb932c0
10085,28834,8,0xbc2f000
10086,29782,8,0xbccad40
10087,26579,8,0xbd66a80
10088,26878,8,0xbe027c0
10089,28997,8,0xbe9e500
10090,29080,8,0xbf3a240
10091,26750,8,0xbfd5f80
10092,30759,8,0xc071cc0
10093,29031,8,0xc10da00
10094,25527,8,0xc1a9740
10095,26682,8,0xc245480
10096,30533,8,0xc2e11c0
10097,28733,8,0xc37cf00
10098,26269,8,0xc418c40
10099,26314,8,0xc4b4980
10100,30071,8,0xc5506c0
10101,29043,8,0xc5ec400
10102,31615,8,0xc688140
10103,26786,8,0xc723e80
10104,35143,8,0xc7bfbc0
10105,35218,8,0xc85b900
10106,25574,8,0xc8f7640
10107,26344,8,0xc993380
10108,30269,8,0xca2f0c0
10109,29041,8,0xcacae00
10110,25370,8,0xcb66b40
10111,31651,8,0xcc02880
10112,29945,8,0xcc9e5c0
10113,29192,8,0xcd3a300
10114,32570,8,0xcdd6040
10115,31162,8,0xce71d80
10116,31505,8,0xcf0dac0
10117,26199,8,0xcfa9800
10118,24754,8,0xd045540
10119,29833,8,0xd0e1280
10120,30298,8,0xd17cfc0
10121,26975,8,0xd218d00
10122,25566,8,0xd2b4a40
10123,30557,8,0xd350780
10124,30602,8,0xd3ec4c0
10125,26023,8,0xd488200
10126,24964,8,0xd523f40
10127,30645,8,0xd5bfc80
10128,29877,8,0xd65b9c0
10129,26208,8,0xd6f7700
10130,25550,8,0xd793440
10131,30156,8,0xd82f180
10132,30808,8,0xd8caec0
10133,26013,8,0xd966c00
10134,25808,8,0xda02940
10135,31155,8,0xda9e680
10136,32806,8,0xdb3a3c0
10137,27635,8,0xdbd6100
10138,29391,8,0xdc71e40
10139,31160,8,0xdd0db80
10140,30106,8,0xdda98c0
10141,26030,8,0xde45600
10142,29684,8,0xdee1340
10143,30267,8,0xdf7d080
10144,26907,8,0xe018dc0
10145,25931,8,0xe0b4b00
10146,28884,8,0xe150840
10147,30130,8,0xe1ec580
10148,35624,8,0xe2882c0
10149,27342,8,0xe324000
10150,29604,8,0xe3bfd40
10151,29805,8,0xe45ba80
10152,27155,8,0xe4f77c0
10153,26338,8,0xe593500
10154,29810,8,0xe62f240
10155,30033,8,0xe6caf80
10156,26760,8,0xe766cc0
10157,26429,8,0xe802a00
10158,28737,8,0xe89e740
10159,30487,8,0xe93a480
10160,27030,8,0xe9d61c0
10161,30340,8,0xea71f00
10162,28934,8,0xeb0dc40
10163,30486,8,0xeba9980
10164,26964,8,0xec456c0
10165,29541,8,0xece1400
10166,34901,8,0xed7d140
10167,26246,8,0xee18e80
10168,32066,8,0xeeb4bc0
10169,33641,8,0xef50900
10170,28908,8,0xefec640
10171,25955,8,0xf088380
10172,26850,8,0xf1240c0
10173,29260,8,0xf1bfe00
10174,29116,8,0xf25bb40
10175,31761,8,0xf2f7880
10176,27004,8,0xf3935c0
10177,29118,8,0xf42f300
10178,29423,8,0xf4cb040
10179,27031,8,0xf566d80
10180,27133,8,0xf602ac0
10181,35309,8,0xf69e800
10182,33506,8,0xf73a540
10183,26386,8,0xf7d6280
10184,31593,8,0xf871fc0
10185,28610,8,0xf90dd00
10186,29100,8,0xf9a9a40
10187,26540,8,0xfa45780
10188,30205,8,0xfae14c0
10189,29171,8,0xfb7d200
10190,25259,8,0xfc18f40
10191,27198,8,0xfcb4c80
10192,31569,8,0xfd509c0
10193,29615,8,0xfdec700
10194,25740,8,0xfe88440
10195,27849,8,0xff24180
10196,30924,8,0xffbfec0
10197,28960,8,0x1005bc00
10198,26346,8,0x100f7940
10199,26590,8,0x10193680
10200,30783,8,0x1022f3c0
10201,29176,8,0x102cb100
10202,25210,8,0x10366e40
10203,26718,8,0x10402b80
10204,30300,8,0x1049e8c0
10205,29405,8,0x1053a600
10206,25671,8,0x105d6340
10207,26196,8,0x10672080
10208,31305,8,0x1070ddc0
10209,28591,8,0x107a9b00
10210,25355,8,0x10845840
10211,30743,8,0x108e1580
10212,31115,8,0x1097d2c0
10213,25806,8,0x10a19000
10214,26031,8,0x10ab4d40
10215,30672,8,0x10b50a80
10216,36362,8,0x10bec7c0
10217,26474,8,0x10c88500
10218,25451,8,0x10d24240
10219,30396,8,0x10dbff80
10220,31276,8,0x10e5bcc0
10221,26573,8,0x10ef7a00
10222,26247,8,0x10f93740
10223,30556,8,0x1102f480
10224,30907,8,0x110cb1c0
10225,26022,8,0x11166f00
10226,25629,8,0x11202c40
10227,30990,8,0x1129e980
10228,31556,8,0x1133a6c0
10229,25553,8,0x113d6400
10230,35606,8,0x11472140
10231,29857,8,0x1150de80
10232,35817,8,0x115a9bc0
10233,31930,8,0x11645900
10234,29988,8,0x116e1640
10235,31416,8,0x1177d380
10236,27143,8,0x118190c0
10237,26162,8,0x118b4e00
10238,28963,8,0x11950b40
10239,35096,8,0x119ec880
10240,26704,8,0x11a885c0
10241,25990,8,0x11b24300
10242,29749,8,0x11bc0040
10243,30510,8,0x11c5bd80
10244,27120,8,0x11cf7ac0
10245,26383,8,0x11d93800
10246,29003,8,0x11e2f540
10247,30465,8,0x11ecb280
10248,34177,8,0x11f66fc0
10249,29394,8,0x12002d00
10250,29726,8,0x1209ea40
10251,31247,8,0x1213a780
10252,27217,8,0x121d64c0
10253,26254,8,0x12272200
10254,28607,8,0x1230df40
10255,30824,8,0x123a9c80
10256,27813,8,0x124459c0
10257,29594,8,0x124e1700
10258,29126,8,0x1257d440
10259,27020,8,0x12619180
10260,26757,8,0x126b4ec0
10261,29040,8,0x12750c00
10262,29374,8,0x127ec940
10263,27033,8,0x12888680
10264,27490,8,0x129243c0
10265,29499,8,0x129c0100
10266,28580,8,0x12a5be40
10267,27220,8,0x12af7b80
10268,27845,8,0x12b938c0
10269,28985,8,0x12c2f600
10270,32973,8,0x12ccb340
10271,27183,8,0x12d67080
10272,29154,8,0x12e02dc0
10273,30554,8,0x12e9eb00
10274,29272,8,0x12f3a840
10275,28826,8,0x12fd6580
10276,26806,8,0x130722c0
10277,29053,8,0x1310e000
10278,29351,8,0x131a9d40
10279,28959,8,0x13245a80
10280,30551,8,0x132e17c0
10281,29886,8,0x1337d500
10282,33215,8,0x13419240
10283,27566,8,0x134b4f80
10284,31004,8,0x13550cc0
10285,29583,8,0x135eca00
10286,25434,8,0x13688740
10287,28445,8,0x13724480
10288,29500,8,0x137c01c0
10289,27097,8,0x1385bf00
10290,24255,8,0x138f7c40
10291,26410,8,0x13993980
10292,28313,8,0x13a2f6c0
10293,28409,8,0x13acb400
10294,31030,8,0x13b67140
10295,25789,8,0x13c02e80
10296,34112,8,0x13c9ebc0
10297,31901,8,0x13d3a900
10298,24367,8,0x13dd6640
10299,25447,8,0x13e72380
10300,29227,8,0x13f0e0c0
10301,27802,8,0x13fa9e00
10302,24116,8,0x14045b40
10303,38968,8,0x140e1880
10304,28986,8,0x1417d5c0
10305,24563,8,0x14219300
10306,23996,8,0x142b5040
10307,29969,8,0x14350d80
10308,29163,8,0x143ecac0
10309,23773,8,0x14488800
10310,23811,8,0x14524540
10311,29632,8,0x145c0280
10312,29205,8,0x1465bfc0
10313,24127,8,0x146f7d00
10314,23793,8,0x14793a40
10315,30289,8,0x1482f780
10316,35214,8,0x148cb4c0
10317,30718,8,0x14967200
10318,24407,8,0x14a02f40
10319,30211,8,0x14a9ec80
10320,29456,8,0x14b3a9c0
10321,25707,8,0x14bd6700
10322,24012,8,0x14c72440
10323,29835,8,0x14d0e180
10324,29180,8,0x14da9ec0
10325,24851,8,0x14e45c00
10326,29232,8,0x14ee1940
10327,30911,8,0x14f7d680
10328,25626,8,0x150193c0
10329,25029,8,0x150b5100
10330,27697,8,0x15150e40
10331,30125,8,0x151ecb80
10332,25398,8,0x152888c0
10333,24208,8,0x15324600
10334,28725,8,0x153c0340
10335,30431,8,0x1545c080
10336,25807,8,0x154f7dc0
10337,25120,8,0x15593b00
10338,27227,8,0x1562f840
10339,29349,8,0x156cb580
10340,25624,8,0x157672c0
10341,24198,8,0x15803000
10342,28235,8,0x1589ed40
10343,29361,8,0x1593aa80
10344,25335,8,0x159d67c0
10345,24147,8,0x15a72500
10346,27953,8,0x15b0e240
10347,29009,8,0x15ba9f80
10348,25422,8,0x15c45cc0
10349,28076,8,0x15ce1a00
10350,27435,8,0x15d7d740
10351,26333,8,0x15e19480
10352,33653,8,0x15eb51c0
10353,30179,8,0x15f50f00
10354,27731,8,0x15fecc40
10355,25902,8,0x16088980
10356,25490,8,0x161246c0
10357,27549,8,0x161c0400
10358,33606,8,0x1625c140
10359,25491,8,0x162f7e80
10360,30589,8,0x16393bc0
10361,33188,8,0x1642f900
10362,27072,8,0x164cb640
10363,25801,8,0x16567380
10364,25275,8,0x166030c0
10365,29033,8,0x1669ee00
10366,27708,8,0x1673ab40
10367,32237,8,0x167d6880
10368,25197,8,0x168725c0
10369,27449,8,0x1690e300
10370,28175,8,0x169aa040
10371,26634,8,0x16a45d80
10372,29479,8,0x16ae1ac0
10373,27948,8,0x16b7d800
10374,24224,8,0x16c19540
10375,25586,8,0x16cb5280
10376,29758,8,0x16d50fc0
10377,28402,8,0x16decd00
10378,24048,8,0x16e88a40
10379,25273,8,0x16f24780
10380,29579,8,0x16fc04c0
10381,27430,8,0x1705c200
10382,24928,8,0x170f7f40
10383,25408,8,0x17193c80
10384,29536,8,0x1722f9c0
10385,28702,8,0x172cb700
10386,28818,8,0x17367440
10387,25604,8,0x17403180
10388,31982,8,0x1749eec0
10389,26873,8,0x1753ac00
10390,24449,8,0x175d6940
10391,25354,8,0x17672680
10392,28639,8,0x1770e3c0
10393,27793,8,0x177aa100
10394,24551,8,0x17845e40
10395,29070,8,0x178e1b80
10396,29336,8,0x1797d8c0
10397,23767,8,0x17a19600
10398,24071,8,0x17ab5340
10399,28774,8,0x17b51080
10400,29144,8,0x17becdc0
10401,24212,8,0x17c88b00
10402,24108,8,0x17d24840
10403,29007,8,0x17dc0580
10404,29262,8,0x17e5c2c0
10405,24211,8,0x17ef8000
10406,24522,8,0x17f93d40
10407,28720,8,0x1802fa80
10408,29349,8,0x180cb7c0
10409,24734,8,0x18167500
10410,34655,8,0x18203240
10411,29326,8,0x1829ef80
10412,29762,8,0x1833acc0
10413,24436,8,0x183d6a00
10414,25246,8,0x18472740
10415,29331,8,0x1850e480
10416,28987,8,0x185aa1c0
10417,24109,8,0x18645f00
10418,27617,8,0x186e1c40
10419,29851,8,0x1877d980
10420,25145,8,0x188196c0
10421,23908,8,0x188b5400
10422,44966,8,0x18951140
10423,29105,8,0x189ece80
10424,33695,8,0x18a88bc0
10425,30228,8,0x18b24900
10426,28323,8,0x18bc0640
10427,30014,8,0x18c5c380
10428,25493,8,0x18cf80c0
10429,24667,8,0x18d93e00
10430,27911,8,0x18e2fb40
10431,35479,8,0x18ecb880
10432,25694,8,0x18f675c0
10433,24581,8,0x19003300
10434,28564,8,0x1909f040
10435,29503,8,0x1913ad80
10436,25773,8,0x191d6ac0
10437,24048,8,0x19272800
10438,28006,8,0x1930e540
10439,28775,8,0x193aa280
10440,25400,8,0x19445fc0
10441,27743,8,0x194e1d00
10442,28953,8,0x1957da40
10443,25536,8,0x19619780
10444,25398,8,0x196b54c0
10445,28042,8,0x19751200
10446,27739,8,0x197ecf40
10447,26230,8,0x19888c80
10448,25609,8,0x199249c0
10449,28118,8,0x199c0700
10450,29132,8,0x19a5c440
10451,26320,8,0x19af8180
10452,25180,8,0x19b93ec0
10453,27978,8,0x19c2fc00
10454,27902,8,0x19ccb940
10455,26216,8,0x19d67680
10456,26199,8,0x19e033c0
10457,36645,8,0x19e9f100
10458,30148,8,0x19f3ae40
10459,25570,8,0x19fd6b80
10460,25673,8,0x1a0728c0
10461,27704,8,0x1a10e600
10462,27213,8,0x1a1aa340
10463,26470,8,0x1a246080
10464,28463,8,0x1a2e1dc0
10465,28191,8,0x1a37db00
10466,28308,8,0x1a419840
10467,26224,8,0x1a4b5580
10468,28304,8,0x1a5512c0
10469,27978,8,0x1a5ed000
10470,24544,8,0x1a688d40
10471,25655,8,0x1a724a80
10472,28840,8,0x1a7c07c0
10473,28988,8,0x1a85c500
10474,24023,8,0x1a8f8240
10475,26189,8,0x1a993f80
10476,29332,8,0x1aa2fcc0
10477,27367,8,0x1aacba00
10478,25003,8,0x1ab67740
10479,26325,8,0x1ac03480
10480,29485,8,0x1ac9f1c0
10481,28721,8,0x1ad3af00
10482,24378,8,0x1add6c40
10483,24917,8,0x1ae72980
10484,29027,8,0x1af0e6c0
10485,27704,8,0x1afaa400
10486,31152,8,0x1b046140
10487,29688,8,0x1b0e1e80
10488,35516,8,0x1b17dbc0
10489,32823,8,0x1b219900
10490,24620,8,0x1b2b5640
10491,30038,8,0x1b351380
10492,35591,8,0x1b3ed0c0
10493,24968,8,0x1b488e00
10494,24789,8,0x1b524b40
10495,34935,8,0x1b5c0880
10496,29900,8,0x1b65c5c0
10497,24674,8,0x1b6f8300
10498,24894,8,0x1b794040
10499,29695,8,0x1b82fd80
10500,29297,8,0x1b8cbac0
10501,24245,8,0x1b967800
10502,24034,8,0x1ba03540
10503,29524,8,0x1ba9f280
10504,29547,8,0x1bb3afc0
10505,25474,8,0x1bbd6d00
10506,24434,8,0x1bc72a40
10507,30407,8,0x1bd0e780
10508,29481,8,0x1bdaa4c0
10509,24411,8,0x1be46200
10510,28008,8,0x1bee1f40
10511,28960,8,0x1bf7dc80
10512,29192,8,0x1c0199c0
10513,25106,8,0x1c0b5700
10514,27360,8,0x1c151440
10515,29792,8,0x1c1ed180
10516,26127,8,0x1c288ec0
10517,24695,8,0x1c324c00
10518,29485,8,0x1c3c0940
10519,29402,8,0x1c45c680
10520,25102,8,0x1c4f83c0
10521,25600,8,0x1c594100
10522,28349,8,0x1c62fe40
10523,29464,8,0x1c6cbb80
10524,26236,8,0x1c7678c0
10525,24509,8,0x1c803600
10526,30953,8,0x1c89f340
10527,30051,8,0x1c93b080
10528,27578,8,0x1c9d6dc0
10529,24322,8,0x1ca72b00
10530,28981,8,0x1cb0e840
10531,29130,8,0x1cbaa580
10532,25906,8,0x1cc462c0
10533,24327,8,0x1cce2000
10534,28307,8,0x1cd7dd40
10535,30021,8,0x1ce19a80
10536,25663,8,0x1ceb57c0
10537,28501,8,0x1cf51500
10538,27834,8,0x1cfed240
10539,25912,8,0x1d088f80
10540,25358,8,0x1d124cc0
10541,27835,8,0x1d1c0a00
10542,27694,8,0x1d25c740
10543,27110,8,0x1d2f8480
10544,26665,8,0x1d3941c0
10545,28483,8,0x1d42ff00
10546,28599,8,0x1d4cbc40
10547,25434,8,0x1d567980
10548,25506,8,0x1d6036c0
10549,28070,8,0x1d69f400
10550,46651,8,0x1d73b140
10551,25615,8,0x1d7d6e80
10552,91157,8,0x1d872bc0
10553,38320,8,0x1d90e900
10554,28105,8,0x1d9aa640
10555,26938,8,0x1da46380
10556,27045,8,0x1dae20c0
10557,28955,8,0x1db7de00
10558,34494,8,0x1dc19b40
10559,32246,8,0x1dcb5880
10560,31679,8,0x1dd515c0
10561,27293,8,0x1dded300
10562,25410,8,0x1de89040
10563,26081,8,0x1df24d80
10564,29860,8,0x1dfc0ac0
10565,28833,8,0x1e05c800
10566,24657,8,0x1e0f8540
10567,26315,8,0x1e194280
10568,29431,8,0x1e22ffc0
10569,27997,8,0x1e2cbd00
10570,24301,8,0x1e367a40
10571,26725,8,0x1e403780
10572,29950,8,0x1e49f4c0
10573,28712,8,0x1e53b200
10574,24985,8,0x1e5d6f40
10575,26632,8,0x1e672c80
10576,29923,8,0x1e70e9c0
10577,28397,8,0x1e7aa700
10578,25265,8,0x1e846440
10579,26092,8,0x1e8e2180
10580,29645,8,0x1e97dec0
10581,27670,8,0x1ea19c00
10582,24837,8,0x1eab5940
10583,30049,8,0x1eb51680
10584,29458,8,0x1ebed3c0
10585,24895,8,0x1ec89100
10586,24293,8,0x1ed24e40
10587,29326,8,0x1edc0b80
10588,30582,8,0x1ee5c8c0
10589,24901,8,0x1eef8600
10590,25018,8,0x1ef94340
10591,29801,8,0x1f030080
10592,30589,8,0x1f0cbdc0
10593,31778,8,0x1f167b00
10594,28912,8,0x1f203840
10595,29417,8,0x1f29f580
10596,30383,8,0x1f33b2c0
10597,25169,8,0x1f3d7000
10598,24825,8,0x1f472d40
10599,30323,8,0x1f50ea80
10600,29397,8,0x1f5aa7c0
10601,24923,8,0x1f646500
10602,24293,8,0x1f6e2240
10603,29618,8,0x1f77df80
10604,28772,8,0x1f819cc0
10605,24764,8,0x1f8b5a00
10606,27706,8,0x1f951740
10607,29780,8,0x1f9ed480
10608,26323,8,0x1fa891c0
10609,25328,8,0x1fb24f00
10610,28361,8,0x1fbc0c40
10611,29887,8,0x1fc5c980
10612,25747,8,0x1fcf86c0
10613,25514,8,0x1fd94400
10614,34215,8,0x1fe30140
10615,29869,8,0x1fecbe80
10616,30828,8,0x1ff67bc0
10617,29926,8,0x20003900
10618,28763,8,0x2009f640
10619,29936,8,0x2013b380
10620,26066,8,0x201d70c0
10621,25418,8,0x20272e00
10622,27966,8,0x2030eb40
10623,35833,8,0x203aa880
10624,26626,8,0x204465c0
10625,24623,8,0x204e2300
10626,28766,8,0x2057e040
10627,29805,8,0x20619d80
10628,35176,8,0x206b5ac0
10629,29425,8,0x20751800
10630,27694,8,0x207ed540
10631,26605,8,0x20889280
10632,26435,8,0x20924fc0
10633,28152,8,0x209c0d00
10634,27900,8,0x20a5ca40
10635,26109,8,0x20af8780
10636,25624,8,0x20b944c0
10637,28426,8,0x20c30200
10638,27777,8,0x20ccbf40
10639,25673,8,0x20d67c80
10640,26375,8,0x20e039c0
10641,27924,8,0x20e9f700
10642,28171,8,0x20f3b440
10643,26704,8,0x20fd7180
10644,26527,8,0x21072ec0
10645,28554,8,0x2110ec00
10646,27402,8,0x211aa940
10647,26612,8,0x21246680
10648,26061,8,0x212e23c0
10649,27870,8,0x2137e100
10650,28084,8,0x21419e40
10651,26339,8,0x214b5b80
10652,29403,8,0x215518c0
10653,27869,8,0x215ed600
10654,24293,8,0x21689340
10655,26063,8,0x21725080
10656,29939,8,0x217c0dc0
10657,27949,8,0x2185cb00
10658,24429,8,0x218f8840
10659,25553,8,0x21994580
10660,29444,8,0x21a302c0
10661,28986,8,0x21acc000
10662,24937,8,0x21b67d40
10663,26789,8,0x21c03a80
10664,32628,8,0x21c9f7c0
10665,28231,8,0x21d3b500
10666,25679,8,0x21dd7240
10667,25725,8,0x21e72f80
10668,29377,8,0x21f0ecc0
10669,27649,8,0x21faaa00
10670,24428,8,0x22046740
10671,27333,8,0x220e2480
10672,29716,8,0x2217e1c0
10673,27493,8,0x22219f00
10674,24745,8,0x222b5c40
10675,30489,8,0x22351980
10676,29638,8,0x223ed6c0
10677,25256,8,0x22489400
10678,31712,8,0x22525140
10679,30157,8,0x225c0e80
10680,34976,8,0x2265cbc0
10681,29765,8,0x226f8900
10682,24939,8,0x22794640
10683,29319,8,0x22830380
10684,29916,8,0x228cc0c0
10685,25485,8,0x22967e00
10686,35112,8,0x22a03b40
10687,36525,8,0x22a9f880
10688,29853,8,0x22b3b5c0
10689,24732,8,0x22bd7300
10690,24423,8,0x22c73040
10691,31424,8,0x22d0ed80
10692,29756,8,0x22daaac0
10693,24418,8,0x22e46800
10694,24222,8,0x22ee2540
10695,32025,8,0x22f7e280
10696,29547,8,0x23019fc0
10697,33197,8,0x230b5d00
10698,32619,8,0x23151a40
10699,30592,8,0x231ed780
10700,25928,8,0x232894c0
10701,24935,8,0x23325200
10702,28519,8,0x233c0f40
10703,30669,8,0x2345cc80
10704,26614,8,0x234f89c0
10705,25199,8,0x23594700
10706,29308,8,0x23630440
10707,30873,8,0x236cc180
10708,26408,8,0x23767ec0
10709,24764,8,0x23803c00
10710,28667,8,0x2389f940
10711,30066,8,0x2393b680
10712,26408,8,0x239d73c0
10713,24720,8,0x23a73100
10714,27895,8,0x23b0ee40
10715,30015,8,0x23baab80
10716,25441,8,0x23c468c0
10717,24765,8,0x23ce2600
10718,28239,8,0x23d7e340
10719,30013,8,0x23e1a080
10720,26392,8,0x23eb5dc0
10721,28963,8,0x23f51b00
10722,28103,8,0x23fed840
10723,26222,8,0x24089580
10724,26296,8,0x241252c0
10725,28321,8,0x241c1000
10726,28178,8,0x2425cd40
10727,26409,8,0x242f8a80
10728,26454,8,0x243947c0
10729,29077,8,0x24430500
10730,28012,8,0x244cc240
10731,26705,8,0x24567f80
10732,29676,8,0x24603cc0
10733,29360,8,0x2469fa00
10734,28281,8,0x2473b740
10735,26387,8,0x247d7480
10736,27229,8,0x248731c0
10737,29801,8,0x2490ef00
10738,27826,8,0x249aac40
10739,25699,8,0x24a46980
10740,26145,8,0x24ae26c0
10741,28749,8,0x24b7e400
10742,33833,8,0x24c1a140
10743,26776,8,0x24cb5e80
10744,34680,8,0x24d51bc0
10745,32843,8,0x24ded900
10746,24068,8,0x24e89640
10747,26639,8,0x24f25380
10748,32066,8,0x24fc10c0
10749,27947,8,0x2505ce00
10750,24310,8,0x250f8b40
10751,31327,8,0x25194880
10752,29671,8,0x252305c0
10753,26852,8,0x252cc300
10754,24476,8,0x25368040
10755,26026,8,0x25403d80
10756,29100,8,0x2549fac0
10757,29464,8,0x2553b800
10758,24727,8,0x255d7540
10759,25970,8,0x25673280
10760,29922,8,0x2570efc0
10761,28255,8,0x257aad00
10762,25170,8,0x25846a40
10763,26113,8,0x258e2780
10764,29997,8,0x2597e4c0
10765,30593,8,0x25a1a200
10766,32051,8,0x25ab5f40
10767,30134,8,0x25b51c80
10768,31907,8,0x25bed9c0
10769,25998,8,0x25c89700
10770,24786,8,0x25d25440
10771,30893,8,0x25dc1180
10772,30438,8,0x25e5cec0
10773,25291,8,0x25ef8c00
10774,24831,8,0x25f94940
10775,30011,8,0x26030680
10776,29443,8,0x260cc3c0
10777,25571,8,0x26168100
10778,24992,8,0x26203e40
10779,30144,8,0x2629fb80
10780,29990,8,0x2633b8c0
10781,26211,8,0x263d7600
10782,24837,8,0x26473340
10783,30789,8,0x2650f080
10784,29938,8,0x265aadc0
10785,24735,8,0x26646b00
10786,24648,8,0x266e2840
10787,30212,8,0x2677e580
10788,29348,8,0x2681a2c0
10789,25783,8,0x268b6000
10790,27898,8,0x26951d40
10791,30250,8,0x269eda80
10792,26054,8,0x26a897c0
10793,25387,8,0x26b25500
10794,29523,8,0x26bc1240
10795,29981,8,0x26c5cf80
10796,26049,8,0x26cf8cc0
10797,25664,8,0x26d94a00
10798,28310,8,0x26e30740
10799,31085,8,0x26ecc480
10800,32862,8,0x26f681c0
10801,30589,8,0x27003f00
10802,28310,8,0x2709fc40
10803,30075,8,0x2713b980
10804,26938,8,0x271d76c0
10805,26575,8,0x27273400
10806,34326,8,0x2730f140
10807,30356,8,0x273aae80
10808,31904,8,0x27446bc0
10809,30704,8,0x274e2900
10810,28200,8,0x2757e640
10811,29670,8,0x2761a380
10812,26253,8,0x276b60c0
10813,28549,8,0x27751e00
10814,28732,8,0x277edb40
10815,35246,8,0x27889880
10816,26992,8,0x279255c0
10817,28884,8,0x279c1300
10818,28680,8,0x27a5d040
10819,25743,8,0x27af8d80
10820,26037,8,0x27b94ac0
10821,29314,8,0x27c30800
10822,65395,8,0x27ccc540
10823,27008,8,0x27d68280
10824,26371,8,0x27e03fc0
10825,29925,8,0x27e9fd00
10826,28288,8,0x27f3ba40
10827,26743,8,0x27fd7780
10828,27003,8,0x280734c0
10829,28125,8,0x2810f200
10830,28473,8,0x281aaf40
10831,26462,8,0x28246c80
10832,25960,8,0x282e29c0
10833,37309,8,0x2837e700
10834,30868,8,0x2841a440
10835,26784,8,0x284b6180
10836,29429,8,0x28551ec0
10837,29402,8,0x285edc00
10838,28604,8,0x28689940
10839,26808,8,0x28725680
10840,29912,8,0x287c13c0
10841,29288,8,0x2885d100
10842,25577,8,0x288f8e40
10843,26820,8,0x28994b80
10844,29900,8,0x28a308c0
10845,28546,8,0x28acc600
10846,24774,8,0x28b68340
10847,26493,8,0x28c04080
10848,29747,8,0x28c9fdc0
10849,28590,8,0x28d3bb00
10850,25603,8,0x28dd7840
10851,26201,8,0x28e73580
10852,30108,8,0x28f0f2c0
10853,28898,8,0x28fab000
10854,25233,8,0x29046d40
10855,26804,8,0x290e2a80
10856,30752,8,0x2917e7c0
10857,29214,8,0x2921a500
10858,25153,8,0x292b6240
10859,30209,8,0x29351f80
10860,30836,8,0x293edcc0
10861,28044,8,0x29489a00
10862,25058,8,0x29525740
10863,30097,8,0x295c1480
10864,31735,8,0x2965d1c0
10865,25564,8,0x296f8f00
10866,25178,8,0x29794c40
10867,29809,8,0x29830980
10868,33501,8,0x298cc6c0
10869,25841,8,0x29968400
10870,36672,8,0x29a04140
10871,29925,8,0x29a9fe80
10872,36573,8,0x29b3bbc0
10873,31224,8,0x29bd7900
10874,25513,8,0x29c73640
10875,29658,8,0x29d0f380
10876,37864,8,0x29dab0c0
10877,32759,8,0x29e46e00
10878,26922,8,0x29ee2b40
10879,35794,8,0x29f7e880
10880,29988,8,0x2a01a5c0
10881,24996,8,0x2a0b6300
10882,25075,8,0x2a152040
10883,30284,8,0x2a1edd80
10884,29781,8,0x2a289ac0
10885,26265,8,0x2a325800
10886,28929,8,0x2a3c1540
10887,30409,8,0x2a45d280
10888,26305,8,0x2a4f8fc0
10889,25658,8,0x2a594d00
10890,28732,8,0x2a630a40
10891,30542,8,0x2a6cc780
10892,26451,8,0x2a7684c0
10893,25484,8,0x2a804200
10894,28918,8,0x2a89ff40
10895,30897,8,0x2a93bc80
10896,27006,8,0x2a9d79c0
10897,25387,8,0x2aa73700
10898,29680,8,0x2ab0f440
10899,30348,8,0x2abab180
10900,38175,8,0x2ac46ec0
10901,28914,8,0x2ace2c00
10902,29999,8,0x2ad7e940
10903,29545,8,0x2ae1a680
10904,26902,8,0x2aeb63c0
10905,25433,8,0x2af52100
10906,28913,8,0x2afede40
10907,29754,8,0x2b089b80
10908,26266,8,0x2b1258c0
10909,29967,8,0x2b1c1600
10910,28444,8,0x2b25d340
10911,26932,8,0x2b2f9080
10912,26993,8,0x2b394dc0
10913,28990,8,0x2b430b00
10914,28186,8,0x2b4cc840
10915,26900,8,0x2b568580
10916,26544,8,0x2b6042c0
10917,28740,8,0x2b6a0000
10918,28582,8,0x2b73bd40
10919,26591,8,0x2b7d7a80
10920,26565,8,0x2b8737c0
10921,29314,8,0x2b90f500
10922,29137,8,0x2b9ab240
10923,27392,8,0x2ba46f80
10924,27072,8,0x2bae2cc0
10925,29079,8,0x2bb7ea00
10926,27646,8,0x2bc1a740
10927,27573,8,0x2bcb6480
10928,26875,8,0x2bd521c0
10929,29660,8,0x2bdedf00
10930,27709,8,0x2be89c40
10931,27150,8,0x2bf25980
10932,30221,8,0x2bfc16c0
10933,29662,8,0x2c05d400
10934,41875,8,0x2c0f9140
10935,27017,8,0x2c194e80
10936,37808,8,0x2c230bc0
10937,34952,8,0x2c2cc900
10938,25615,8,0x2c368640
10939,26267,8,0x2c404380
10940,30244,8,0x2c4a00c0
10941,28867,8,0x2c53be00
10942,25202,8,0x2c5d7b40
10943,32542,8,0x2c673880
10944,30471,8,0x2c70f5c0
10945,29677,8,0x2c7ab300
10946,25939,8,0x2c847040
10947,26904,8,0x2c8e2d80
10948,30496,8,0x2c97eac0
10949,29885,8,0x2ca1a800
10950,24880,8,0x2cab6540
10951,26898,8,0x2cb52280
10952,31061,8,0x2cbedfc0
10953,29163,8,0x2cc89d00
10954,25371,8,0x2cd25a40
10955,30667,8,0x2cdc1780
10956,37057,8,0x2ce5d4c0
10957,25908,8,0x2cef9200
10958,26866,8,0x2cf94f40
10959,30723,8,0x2d030c80
10960,30499,8,0x2d0cc9c0
10961,26446,8,0x2d168700
10962,25289,8,0x2d204440
10963,31178,8,0x2d2a0180
10964,30533,8,0x2d33bec0
10965,25907,8,0x2d3d7c00
10966,24858,8,0x2d473940
10967,31163,8,0x2d50f680
10968,33035,8,0x2d5ab3c0
10969,26611,8,0x2d647100
10970,25224,8,0x2d6e2e40
10971,30531,8,0x2d77eb80
10972,30074,8,0x2d81a8c0
10973,26131,8,0x2d8b6600
10974,24962,8,0x2d952340
10975,30877,8,0x2d9ee080
10976,31044,8,0x2da89dc0
10977,25949,8,0x2db25b00
10978,30154,8,0x2dbc1840
10979,30613,8,0x2dc5d580
10980,27462,8,0x2dcf92c0
10981,26165,8,0x2dd95000
10982,28562,8,0x2de30d40
10983,31081,8,0x2decca80
10984,26272,8,0x2df687c0
10985,25408,8,0x2e004500
10986,30271,8,0x2e0a0240
10987,31095,8,0x2e13bf80
10988,27424,8,0x2e1d7cc0
10989,26207,8,0x2e273a00
10990,29541,8,0x2e30f740
10991,30544,8,0x2e3ab480
10992,27510,8,0x2e4471c0
10993,26036,8,0x2e4e2f00
10994,29304,8,0x2e57ec40
10995,30326,8,0x2e61a980
10996,26726,8,0x2e6b66c0
10997,26207,8,0x2e752400
10998,35395,8,0x2e7ee140
10999,30105,8,0x2e889e80
11000,32302,8,0x2e925bc0
11001,46001,8,0x2e9c1900
11002,29340,8,0x2ea5d640
11003,26539,8,0x2eaf9380
11004,27117,8,0x2eb950c0
11005,29887,8,0x2ec30e00
11006,30194,8,0x2ecccb40
11007,32508,8,0x2ed68880
11008,26989,8,0x2ee045c0
11009,29188,8,0x2eea0300
11010,30134,8,0x2ef3c040
11011,27408,8,0x2efd7d80
11012,26539,8,0x2f073ac0
11013,29666,8,0x2f10f800
11014,28730,8,0x2f1ab540
11015,26895,8,0x2f247280
11016,27328,8,0x2f2e2fc0
11017,30294,8,0x2f37ed00
11018,30098,8,0x2f41aa40
11019,26239,8,0x2f4b6780
11020,26685,8,0x2f5524c0
11021,29224,8,0x2f5ee200
11022,27921,8,0x2f689f40
11023,26343,8,0x2f725c80
11024,30617,8,0x2f7c19c0
11025,29111,8,0x2f85d700
11026,25261,8,0x2f8f9440
11027,26318,8,0x2f995180
11028,30313,8,0x2fa30ec0
11029,29618,8,0x2faccc00
11030,25587,8,0x2fb68940
11031,27130,8,0x2fc04680
11032,30253,8,0x2fca03c0
11033,30065,8,0x2fd3c100
11034,30021,8,0x2fdd7e40
11035,26764,8,0x2fe73b80
11036,32732,8,0x2ff0f8c0
11037,28882,8,0x2ffab600
11038,25959,8,0x30047340
11039,27568,8,0x300e3080
11040,30183,8,0x3017edc0
11041,28802,8,0x3021ab00
11042,25501,8,0x302b6840
11043,27330,8,0x30352580
11044,29866,8,0x303ee2c0
11045,28140,8,0x3048a000
11046,25888,8,0x30525d40
11047,29922,8,0x305c1a80
11048,29526,8,0x3065d7c0
11049,26176,8,0x306f9500
11050,25549,8,0x30795240
11051,30571,8,0x30830f80
11052,32309,8,0x308cccc0
11053,26492,8,0x30968a00
11054,25879,8,0x30a04740
11055,30838,8,0x30aa0480
11056,30602,8,0x30b3c1c0
11057,26203,8,0x30bd7f00
11058,25497,8,0x30c73c40
11059,30068,8,0x30d0f980
11060,30593,8,0x30dab6c0
11061,26121,8,0x30e47400
11062,31721,8,0x30ee3140
11063,30207,8,0x30f7ee80
11064,35645,8,0x3101abc0
11065,31102,8,0x310b6900
11066,25867,8,0x31152640
11067,30343,8,0x311ee380
11068,40618,8,0x3128a0c0
11069,26891,8,0x31325e00
11070,29892,8,0x313c1b40
11071,36083,8,0x3145d880
11072,26573,8,0x314f95c0
11073,26269,8,0x31595300
11074,30191,8,0x31631040
11075,30780,8,0x316ccd80
11076,26785,8,0x31768ac0
11077,26060,8,0x31804800
11078,29193,8,0x318a0540
11079,31009,8,0x3193c280
11080,25985,8,0x319d7fc0
11081,26202,8,0x31a73d00
11082,29412,8,0x31b0fa40
11083,30534,8,0x31bab780
11084,27149,8,0x31c474c0
11085,25345,8,0x31ce3200
11086,28951,8,0x31d7ef40
11087,30293,8,0x31e1ac80
11088,27485,8,0x31eb69c0
11089,26180,8,0x31f52700
11090,41109,8,0x31fee440
11091,30547,8,0x3208a180
11092,27310,8,0x32125ec0
11093,29693,8,0x321c1c00
11094,28301,8,0x3225d940
11095,28112,8,0x322f9680
11096,27651,8,0x323953c0
11097,29592,8,0x32431100
11098,29437,8,0x324cce40
11099,28603,8,0x32568b80
11100,27098,8,0x326048c0
11101,37473,8,0x326a0600
11102,31068,8,0x3273c340
11103,27625,8,0x327d8080
11104,27432,8,0x32873dc0
11105,28749,8,0x3290fb00
11106,29148,8,0x329ab840
11107,27274,8,0x32a47580
11108,26984,8,0x32ae32c0
11109,30497,8,0x32b7f000
11110,28356,8,0x32c1ad40
11111,27656,8,0x32cb6a80
11112,27166,8,0x32d527c0
11113,28904,8,0x32dee500
11114,28864,8,0x32e8a240
11115,27569,8,0x32f25f80
11116,31444,8,0x32fc1cc0
11117,29018,8,0x3305da00
11118,25371,8,0x330f9740
11119,26414,8,0x33195480
11120,30195,8,0x332311c0
11121,30214,8,0x332ccf00
11122,26367,8,0x33368c40
11123,26250,8,0x33404980
11124,30576,8,0x334a06c0
11125,29335,8,0x3353c400
11126,31779,8,0x335d8140
11127,26813,8,0x33673e80
11128,35159,8,0x3370fbc0
11129,34058,8,0x337ab900
11130,26031,8,0x33847640
11131,27023,8,0x338e3380
11132,31112,8,0x3397f0c0
11133,29681,8,0x33a1ae00
11134,27732,8,0x33ab6b40
11135,32355,8,0x33b52880
11136,33601,8,0x33bee5c0
11137,29024,8,0x33c8a300
11138,25638,8,0x33d26040
11139,31052,8,0x33dc1d80
11140,31035,8,0x33e5dac0
11141,26510,8,0x33ef9800
11142,24751,8,0x33f95540
11143,30525,8,0x34031280
11144,32417,8,0x340ccfc0
11145,26384,8,0x34168d00
11146,26022,8,0x34204a40
11147,30757,8,0x342a0780
11148,29873,8,0x3433c4c0
11149,26982,8,0x343d8200
11150,25484,8,0x34473f40
11151,29950,8,0x3450fc80
11152,30823,8,0x345ab9c0
11153,26300,8,0x34647700
11154,25841,8,0x346e3440
11155,30016,8,0x3477f180
11156,31091,8,0x3481aec0
11157,26174,8,0x348b6c00
11158,25003,8,0x34952940
11159,30297,8,0x349ee680
11160,29868,8,0x34a8a3c0
11161,26074,8,0x34b26100
11162,29582,8,0x34bc1e40
11163,30680,8,0x34c5db80
11164,31171,8,0x34cf98c0
11165,26535,8,0x34d95600
11166,28764,8,0x34e31340
11167,30420,8,0x34ecd080
11168,32395,8,0x34f68dc0
11169,31293,8,0x35004b00
11170,29996,8,0x350a0840
11171,30790,8,0x3513c580
11172,27466,8,0x351d82c0
11173,25856,8,0x35274000
11174,28163,8,0x3530fd40
11175,30485,8,0x353aba80
11176,27251,8,0x354477c0
11177,26207,8,0x354e3500
11178,28869,8,0x3557f240
11179,30410,8,0x3561af80
11180,28387,8,0x356b6cc0
11181,25228,8,0x35752a00
11182,28844,8,0x357ee740
11183,30901,8,0x3588a480
11184,27011,8,0x359261c0
11185,29491,8,0x359c1f00
11186,28690,8,0x35a5dc40
11187,30098,8,0x35af9980
11188,27311,8,0x35b956c0
11189,29473,8,0x35c31400
11190,38528,8,0x35ccd140
11191,27027,8,0x35d68e80
11192,33517,8,0x35e04bc0
11193,34651,8,0x35ea0900
11194,29817,8,0x35f3c640
11195,27294,8,0x35fd8380
11196,27047,8,0x360740c0
11197,29621,8,0x3610fe00
11198,29432,8,0x361abb40
11199,31413,8,0x36247880
11200,27495,8,0x362e35c0
11201,34133,8,0x3637f300
11202,35875,8,0x3641b040
11203,27769,8,0x364b6d80
11204,27137,8,0x36552ac0
11205,30652,8,0x365ee800
11206,28094,8,0x3668a540
11207,26449,8,0x36726280
11208,30159,8,0x367c1fc0
11209,28953,8,0x3685dd00
11210,28561,8,0x368f9a40
11211,27070,8,0x36995780
11212,31208,8,0x36a314c0
11213,28776,8,0x36acd200
11214,26420,8,0x36b68f40
11215,27050,8,0x36c04c80
11216,30321,8,0x36ca09c0
11217,29041,8,0x36d3c700
11218,26042,8,0x36dd8440
11219,26616,8,0x36e74180
11220,29959,8,0x36f0fec0
11221,29139,8,0x36fabc00
11222,25963,8,0x37047940
11223,32334,8,0x370e3680
11224,31983,8,0x3717f3c0
11225,29810,8,0x3721b100
11226,26174,8,0x372b6e40
11227,27254,8,0x37352b80
11228,31796,8,0x373ee8c0
11229,29433,8,0x3748a600
11230,25374,8,0x37526340
11231,26681,8,0x375c2080
11232,30721,8,0x3765ddc0
11233,29601,8,0x376f9b00
11234,27403,8,0x37795840
11235,30987,8,0x37831580
11236,33420,8,0x378cd2c0
11237,26923,8,0x37969000
11238,25662,8,0x37a04d40
11239,30541,8,0x37aa0a80
11240,31153,8,0x37b3c7c0
11241,26446,8,0x37bd8500
11242,25348,8,0x37c74240
11243,30799,8,0x37d0ff80
11244,31219,8,0x37dabcc0
11245,26437,8,0x37e47a00
11246,25398,8,0x37ee3740
11247,31149,8,0x37f7f480
11248,31511,8,0x3801b1c0
11249,26271,8,0x380b6f00
11250,25826,8,0x38152c40
11251,30530,8,0x381ee980
11252,30368,8,0x3828a6c0
11253,25917,8,0x38326400
11254,32280,8,0x383c2140
11255,31250,8,0x3845de80
11256,36523,8,0x384f9bc0
11257,30793,8,0x38595900
11258,29315,8,0x38631640
11259,31014,8,0x386cd380
11260,27563,8,0x387690c0
11261,26426,8,0x38804e00
11262,29379,8,0x388a0b40
11263,40164,8,0x3893c880
11264,27011,8,0x389d85c0
11265,26275,8,0x38a74300
11266,29499,8,0x38b10040
11267,30837,8,0x38babd80
11268,34435,8,0x38c47ac0
11269,27479,8,0x38ce3800
11270,30130,8,0x38d7f540
11271,30672,8,0x38e1b280
11272,26915,8,0x38eb6fc0
11273,25770,8,0x38f52d00
11274,29337,8,0x38feea40
11275,31131,8,0x3908a780
11276,27095,8,0x391264c0
11277,25637,8,0x391c2200
11278,29346,8,0x3925df40
11279,31303,8,0x392f9c80
11280,27400,8,0x393959c0
11281,28650,8,0x39431700
11282,28926,8,0x394cd440
11283,26951,8,0x39569180
11284,27326,8,0x39604ec0
11285,29078,8,0x396a0c00
11286,29235,8,0x3973c940
11287,27765,8,0x397d8680
11288,27168,8,0x398743c0
11289,28577,8,0x39910100
11290,28794,8,0x399abe40
11291,26802,8,0x39a47b80
11292,26906,8,0x39ae38c0
11293,30465,8,0x39b7f600
11294,28720,8,0x39c1b340
11295,26380,8,0x39cb7080
11296,27867,8,0x39d52dc0
11297,29600,8,0x39deeb00
11298,28835,8,0x39e8a840
11299,27132,8,0x39f26580
11300,27387,8,0x39fc22c0
11301,29839,8,0x3a05e000
11302,38282,8,0x3a0f9d40
11303,26969,8,0x3a195a80
11304,31733,8,0x3a2317c0
11305,29409,8,0x3a2cd500
11306,25365,8,0x3a369240
11307,27265,8,0x3a404f80
11308,30650,8,0x3a4a0cc0
11309,29390,8,0x3a53ca00
11310,25971,8,0x3a5d8740
11311,28035,8,0x3a674480
11312,29695,8,0x3a7101c0
11313,27613,8,0x3a7abf00
11314,24910,8,0x3a847c40
11315,25977,8,0x3a8e3980
11316,29239,8,0x3a97f6c0
11317,27774,8,0x3aa1b400
11318,29912,8,0x3aab7140
11319,25956,8,0x3ab52e80
11320,34878,8,0x3abeebc0
11321,33840,8,0x3ac8a900
11322,23736,8,0x3ad26640
11323,24937,8,0x3adc2380
11324,28900,8,0x3ae5e0c0
11325,27701,8,0x3aef9e00
11326,24409,8,0x3af95b40
11327,34431,8,0x3b031880
11328,29730,8,0x3b0cd5c0
11329,24354,8,0x3b169300
11330,23975,8,0x3b205040
11331,29806,8,0x3b2a0d80
11332,29950,8,0x3b33cac0
11333,24493,8,0x3b3d8800
11334,23843,8,0x3b474540
11335,29133,8,0x3b510280
11336,39766,8,0x3b5abfc0
11337,28125,8,0x3b647d00
11338,24666,8,0x3b6e3a40
11339,30078,8,0x3b77f780
11340,28752,8,0x3b81b4c0
11341,24663,8,0x3b8b7200
11342,23718,8,0x3b952f40
11343,29142,8,0x3b9eec80
11344,28717,8,0x3ba8a9c0
11345,24218,8,0x3bb26700
11346,23995,8,0x3bbc2440
11347,28837,8,0x3bc5e180
11348,28725,8,0x3bcf9ec0
11349,25247,8,0x3bd95c00
11350,27152,8,0x3be31940
11351,29981,8,0x3becd680
11352,25097,8,0x3bf693c0
11353,24667,8,0x3c005100
11354,27776,8,0x3c0a0e40
11355,28703,8,0x3c13cb80
11356,25089,8,0x3c1d88c0
11357,24833,8,0x3c274600
11358,27522,8,0x3c310340
11359,39810,8,0x3c3ac080
11360,26550,8,0x3c447dc0
11361,24505,8,0x3c4e3b00
11362,28465,8,0x3c57f840
11363,30184,8,0x3c61b580
11364,25437,8,0x3c6b72c0
11365,24365,8,0x3c753000
11366,28149,8,0x3c7eed40
11367,29130,8,0x3c88aa80
11368,26363,8,0x3c9267c0
11369,25006,8,0x3c9c2500
11370,26913,8,0x3ca5e240
11371,28151,8,0x3caf9f80
11372,27041,8,0x3cb95cc0
11373,28679,8,0x3cc31a00
11374,26967,8,0x3cccd740
11375,25953,8,0x3cd69480
11376,26390,8,0x3ce051c0
11377,27994,8,0x3cea0f00
11378,28211,8,0x3cf3cc40
11379,25761,8,0x3cfd8980
11380,25625,8,0x3d0746c0
11381,27836,8,0x3d110400
11382,33879,8,0x3d1ac140
11383,25797,8,0x3d247e80
11384,31105,8,0x3d2e3bc0
11385,33287,8,0x3d37f900
11386,29215,8,0x3d41b640
11387,25670,8,0x3d4b7380
11388,24764,8,0x3d5530c0
11389,27919,8,0x3d5eee00
11390,27536,8,0x3d68ab40
11391,31328,8,0x3d726880
11392,26055,8,0x3d7c25c0
11393,28238,8,0x3d85e300
11394,27755,8,0x3d8fa040
11395,26360,8,0x3d995d80
11396,28842,8,0x3da31ac0
11397,28465,8,0x3dacd800
11398,24171,8,0x3db69540
11399,25797,8,0x3dc05280
11400,29437,8,0x3dca0fc0
11401,28137,8,0x3dd3cd00
11402,25079,8,0x3ddd8a40
11403,25587,8,0x3de74780
11404,29248,8,0x3df104c0
11405,28175,8,0x3dfac200
11406,30884,8,0x3e047f40
11407,25958,8,0x3e0e3c80
11408,31161,8,0x3e17f9c0
11409,28060,8,0x3e21b700
11410,24794,8,0x3e2b7440
11411,25196,8,0x3e353180
11412,29137,8,0x3e3eeec0
11413,28206,8,0x3e48ac00
11414,23829,8,0x3e526940
11415,25974,8,0x3e5c2680
11416,28913,8,0x3e65e3c0
11417,27299,8,0x3e6fa100
11418,25079,8,0x3e795e40
11419,29094,8,0x3e831b80
11420,29883,8,0x3e8cd8c0
11421,25147,8,0x3e969600
11422,23432,8,0x3ea05340
11423,29862,8,0x3eaa1080
11424,29136,8,0x3eb3cdc0
11425,24752,8,0x3ebd8b00
11426,24688,8,0x3ec74840
11427,28904,8,0x3ed10580
11428,29340,8,0x3edac2c0
11429,25234,8,0x3ee48000
11430,24282,8,0x3eee3d40
11431,30094,8,0x3ef7fa80
11432,29717,8,0x3f01b7c0
11433,24097,8,0x3f0b7500
11434,24619,8,0x3f153240
11435,29395,8,0x3f1eef80
11436,30101,8,0x3f28acc0
11437,24807,8,0x3f326a00
11438,24860,8,0x3f3c2740
11439,29639,8,0x3f45e480
11440,28849,8,0x3f4fa1c0
11441,28500,8,0x3f595f00
11442,36957,8,0x3f631c40
11443,29639,8,0x3f6cd980
11444,26548,8,0x3f7696c0
11445,24843,8,0x3f805400
11446,33955,8,0x3f8a1140
11447,29752,8,0x3f93ce80
11448,31471,8,0x3f9d8bc0
11449,29952,8,0x3fa74900
11450,28795,8,0x3fb10640
11451,29544,8,0x3fbac380
11452,25595,8,0x3fc480c0
11453,24571,8,0x3fce3e00
11454,28655,8,0x3fd7fb40
11455,34583,8,0x3fe1b880
11456,25906,8,0x3feb75c0
11457,24872,8,0x3ff53300
11458,28780,8,0x3ffef040
11459,31054,8,0x8adc0
11460,26956,8,0x126b00
11461,25355,8,0x1c2840
11462,28017,8,0x25e580
11463,29711,8,0x2fa2c0
11464,26668,8,0x396000
11465,28146,8,0x431d40
11466,29443,8,0x4cda80
11467,25603,8,0x5697c0
11468,25472,8,0x605500
11469,28308,8,0x6a1240
11470,27938,8,0x73cf80
11471,25938,8,0x7d8cc0
11472,26823,8,0x874a00
11473,28052,8,0x910740
11474,28955,8,0x9ac480
11475,25653,8,0xa481c0
11476,34007,8,0xae3f00
11477,33031,8,0xb7fc40
11478,28634,8,0xc1b980
11479,26175,8,0xcb76c0
11480,25941,8,0xd53400
11481,27410,8,0xdef140
11482,28303,8,0xe8ae80
11483,25936,8,0xf26bc0
11484,26108,8,0xfc2900
11485,27337,8,0x105e640
11486,27173,8,0x10fa380
11487,25488,8,0x11960c0
11488,29704,8,0x1231e00
11489,27409,8,0x12cdb40
11490,28540,8,0x1369880
11491,25920,8,0x14055c0
11492,29343,8,0x14a1300
11493,28083,8,0x153d040
11494,24435,8,0x15d8d80
11495,26686,8,0x1674ac0
11496,29321,8,0x1710800
11497,27813,8,0x17ac540
11498,25295,8,0x1848280
11499,30372,8,0x18e3fc0
11500,31076,8,0x197fd00
11501,29125,8,0x1a1ba40
11502,24854,8,0x1ab7780
11503,26130,8,0x1b534c0
11504,29176,8,0x1bef200
11505,28287,8,0x1c8af40
11506,25334,8,0x1d26c80
11507,25677,8,0x1dc29c0
11508,29587,8,0x1e5e700
11509,27902,8,0x1efa440
11510,40354,8,0x1f96180
11511,30042,8,0x2031ec0
11512,38480,8,0x20cdc00
11513,32340,8,0x2169940
11514,26587,8,0x2205680
11515,29026,8,0x22a13c0
11516,29847,8,0x233d100
11517,25576,8,0x23d8e40
11518,25053,8,0x2474b80
11519,35506,8,0x25108c0
11520,29796,8,0x25ac600
11521,25180,8,0x2648340
11522,25762,8,0x26e4080
11523,29904,8,0x277fdc0
11524,29151,8,0x281bb00
11525,24990,8,0x28b7840
11526,24220,8,0x2953580
11527,29437,8,0x29ef2c0
11528,29231,8,0x2a8b000
11529,25222,8,0x2b26d40
11530,25634,8,0x2bc2a80
11531,29336,8,0x2c5e7c0
11532,28859,8,0x2cfa500
11533,25884,8,0x2d96240
11534,28488,8,0x2e31f80
11535,28830,8,0x2ecdcc0
11536,29601,8,0x2f69a00
11537,25125,8,0x3005740
11538,29774,8,0x30a1480
11539,28571,8,0x313d1c0
11540,26028,8,0x31d8f00
11541,24560,8,0x3274c40
11542,28046,8,0x3310980
11543,29078,8,0x33ac6c0
11544,30182,8,0x3448400
11545,32093,8,0x34e4140
11546,30188,8,0x357fe80
11547,29566,8,0x361bbc0
11548,25640,8,0x36b7900
11549,25583,8,0x3753640
11550,29160,8,0x37ef380
11551,29605,8,0x388b0c0
11552,25880,8,0x3926e00
11553,25074,8,0x39c2b40
11554,29541,8,0x3a5e880
11555,29243,8,0x3afa5c0
11556,25307,8,0x3b96300
11557,25117,8,0x3c32040
11558,28572,8,0x3ccdd80
11559,29115,8,0x3d69ac0
11560,25453,8,0x3e05800
11561,28216,8,0x3ea1540
11562,28542,8,0x3f3d280
11563,26099,8,0x3fd8fc0
11564,25637,8,0x4074d00
11565,29153,8,0x4110a40
11566,28594,8,0x41ac780
11567,25826,8,0x42484c0
11568,25290,8,0x42e4200
11569,28838,8,0x437ff40
11570,29946,8,0x441bc80
11571,25948,8,0x44b79c0
11572,25543,8,0x4553700
11573,28040,8,0x45ef440
11574,34402,8,0x468b180
11575,26156,8,0x4726ec0
11576,31340,8,0x47c2c00
11577,33594,8,0x485e940
11578,28833,8,0x48fa680
11579,26687,8,0x49963c0
11580,28035,8,0x4a32100
11581,28885,8,0x4acde40
11582,28022,8,0x4b69b80
11583,31258,8,0x4c058c0
11584,29546,8,0x4ca1600
11585,28410,8,0x4d3d340
11586,26578,8,0x4dd9080
11587,27053,8,0x4e74dc0
11588,30329,8,0x4f10b00
11589,27783,8,0x4fac840
11590,25697,8,0x5048580
11591,25870,8,0x50e42c0
11592,29828,8,0x5180000
11593,28044,8,0x521bd40
11594,26252,8,0x52b7a80
11595,26237,8,0x53537c0
11596,30973,8,0x53ef500
11597,28467,8,0x548b240
11598,25645,8,0x5526f80
11599,32094,8,0x55c2cc0
11600,29931,8,0x565ea00
11601,28628,8,0x56fa740
11602,26100,8,0x5796480
11603,27303,8,0x58321c0
11604,30367,8,0x58cdf00
11605,27746,8,0x5969c40
11606,25643,8,0x5a05980
11607,30937,8,0x5aa16c0
11608,30280,8,0x5b3d400
11609,24851,8,0x5bd9140
11610,26085,8,0x5c74e80
11611,29446,8,0x5d10bc0
11612,30327,8,0x5dac900
11613,30003,8,0x5e48640
11614,32611,8,0x5ee4380
11615,30640,8,0x5f800c0
11616,31642,8,0x601be00
11617,25454,8,0x60b7b40
11618,25953,8,0x6153880
11619,30311,8,0x61ef5c0
11620,29389,8,0x628b300
11621,25312,8,0x6327040
11622,26057,8,0x63c2d80
11623,29743,8,0x645eac0
11624,29208,8,0x64fa800
11625,24727,8,0x6596540
11626,26122,8,0x6632280
11627,29123,8,0x66cdfc0
11628,28803,8,0x6769d00
11629,25653,8,0x6805a40
11630,28889,8,0x68a1780
11631,29627,8,0x693d4c0
11632,25818,8,0x69d9200
11633,25181,8,0x6a74f40
11634,30132,8,0x6b10c80
11635,29966,8,0x6bac9c0
11636,37443,8,0x6c48700
11637,24910,8,0x6ce4440
11638,35420,8,0x6d80180
11639,31415,8,0x6e1bec0
11640,31523,8,0x6eb7c00
11641,30934,8,0x6f53940
11642,28723,8,0x6fef680
11643,29536,8,0x708b3c0
11644,26361,8,0x7127100
11645,25288,8,0x71c2e40
11646,29157,8,0x725eb80
11647,35844,8,0x72fa8c0
11648,27962,8,0x7396600
11649,25137,8,0x7432340
11650,29842,8,0x74ce080
11651,29695,8,0x7569dc0
11652,26013,8,0x7605b00
11653,28918,8,0x76a1840
11654,28502,8,0x773d580
11655,26478,8,0x77d92c0
11656,26531,8,0x7875000
11657,28117,8,0x7910d40
11658,29042,8,0x79aca80
11659,25800,8,0x7a487c0
11660,26522,8,0x7ae4500
11661,29159,8,0x7b80240
11662,28596,8,0x7c1bf80
11663,25804,8,0x7cb7cc0
11664,26277,8,0x7d53a00
11665,28357,8,0x7def740
11666,29421,8,0x7e8b480
11667,26214,8,0x7f271c0
11668,26141,8,0x7fc2f00
11669,29289,8,0x805ec40
11670,28910,8,0x80fa980
11671,26777,8,0x81966c0
11672,26136,8,0x8232400
11673,28268,8,0x82ce140
11674,28440,8,0x8369e80
11675,26132,8,0x8405bc0
11676,29679,8,0x84a1900
11677,29191,8,0x853d640
11678,25289,8,0x85d9380
11679,26456,8,0x86750c0
11680,29388,8,0x8710e00
11681,28955,8,0x87acb40
11682,34147,8,0x8848880
11683,26994,8,0x88e45c0
11684,30930,8,0x8980300
11685,28521,8,0x8a1c040
11686,25702,8,0x8ab7d80
11687,25658,8,0x8b53ac0
11688,28990,8,0x8bef800
11689,28389,8,0x8c8b540
11690,25525,8,0x8d27280
11691,25447,8,0x8dc2fc0
11692,28995,8,0x8e5ed00
11693,28590,8,0x8efaa40
11694,26065,8,0x8f96780
11695,26111,8,0x90324c0
11696,30167,8,0x90ce200
11697,28281,8,0x9169f40
11698,25537,8,0x9205c80
11699,30214,8,0x92a19c0
11700,30192,8,0x933d700
11701,25613,8,0x93d9440
11702,31843,8,0x9475180
11703,29799,8,0x9510ec0
11704,36317,8,0x95acc00
11705,30847,8,0x9648940
11706,25905,8,0x96e4680
11707,29213,8,0x97803c0
11708,29805,8,0x981c100
11709,24692,8,0x98b7e40
11710,24650,8,0x9953b80
11711,35478,8,0x99ef8c0
11712,29980,8,0x9a8b600
11713,26298,8,0x9b27340
11714,25494,8,0x9bc3080
11715,30567,8,0x9c5edc0
11716,38182,8,0x9cfab00
11717,25366,8,0x9d96840
11718,25174,8,0x9e32580
11719,29035,8,0x9ece2c0
11720,29732,8,0x9f6a000
11721,24587,8,0xa005d40
11722,29710,8,0xa0a1a80
11723,29975,8,0xa13d7c0
11724,26266,8,0xa1d9500
11725,25628,8,0xa275240
11726,28608,8,0xa310f80
11727,30698,8,0xa3accc0
11728,25727,8,0xa448a00
11729,25363,8,0xa4e4740
11730,30029,8,0xa580480
11731,30319,8,0xa61c1c0
11732,26316,8,0xa6b7f00
11733,25153,8,0xa753c40
11734,28711,8,0xa7ef980
11735,30080,8,0xa88b6c0
11736,26209,8,0xa927400
11737,25490,8,0xa9c3140
11738,29051,8,0xaa5ee80
11739,29991,8,0xaafabc0
11740,26820,8,0xab96900
11741,25907,8,0xac32640
11742,28877,8,0xacce380
11743,28728,8,0xad6a0c0
11744,26463,8,0xae05e00
11745,29672,8,0xaea1b40
11746,28969,8,0xaf3d880
11747,26343,8,0xafd95c0
11748,26102,8,0xb075300
11749,28860,8,0xb111040
11750,34266,8,0xb1acd80
11751,25978,8,0xb248ac0
11752,28301,8,0xb2e4800
11753,29412,8,0xb380540
11754,29262,8,0xb41c280
11755,26372,8,0xb4b7fc0
11756,26458,8,0xb553d00
11757,28985,8,0xb5efa40
11758,28728,8,0xb68b780
11759,26236,8,0xb7274c0
11760,26504,8,0xb7c3200
11761,29241,8,0xb85ef40
11762,29031,8,0xb8fac80
11763,26408,8,0xb9969c0
11764,26680,8,0xba32700
11765,28855,8,0xbace440
11766,34264,8,0xbb6a180
11767,26711,8,0xbc05ec0
11768,35110,8,0xbca1c00
11769,33625,8,0xbd3d940
11770,26023,8,0xbdd9680
11771,26024,8,0xbe753c0
11772,34077,8,0xbf11100
11773,30088,8,0xbface40
11774,25851,8,0xc048b80
11775,32803,8,0xc0e48c0
11776,30226,8,0xc180600
11777,27395,8,0xc21c340
11778,25805,8,0xc2b8080
11779,26438,8,0xc353dc0
11780,29917,8,0xc3efb00
11781,28427,8,0xc48b840
11782,25151,8,0xc527580
11783,26745,8,0xc5c32c0
11784,37614,8,0xc65f000
11785,33112,8,0xc6fad40
11786,25308,8,0xc796a80
11787,25898,8,0xc8327c0
11788,30300,8,0xc8ce500
11789,28363,8,0xc96a240
11790,25495,8,0xca05f80
11791,29804,8,0xcaa1cc0
11792,30044,8,0xcb3da00
11793,25520,8,0xcbd9740
11794,24809,8,0xcc75480
11795,30608,8,0xcd111c0
11796,30075,8,0xcdacf00
11797,25220,8,0xce48c40
11798,25595,8,0xcee4980
11799,30202,8,0xcf806c0
11800,29973,8,0xd01c400
11801,25388,8,0xd0b8140
11802,24956,8,0xd153e80
11803,29548,8,0xd1efbc0
11804,29392,8,0xd28b900
11805,26464,8,0xd327640
11806,25640,8,0xd3c3380
11807,29357,8,0xd45f0c0
11808,30627,8,0xd4fae00
11809,25276,8,0xd596b40
11810,25652,8,0xd632880
11811,29438,8,0xd6ce5c0
11812,28895,8,0xd76a300
11813,25665,8,0xd806040
11814,28436,8,0xd8a1d80
11815,30611,8,0xd93dac0
11816,26647,8,0xd9d9800
11817,25655,8,0xda75540
11818,29808,8,0xdb11280
11819,31645,8,0xdbacfc0
11820,27796,8,0xdc48d00
11821,25684,8,0xdce4a40
11822,29597,8,0xdd80780
11823,30727,8,0xde1c4c0
11824,27186,8,0xdeb8200
11825,25727,8,0xdf53f40
11826,29609,8,0xdfefc80
11827,29785,8,0xe08b9c0
11828,26024,8,0xe127700
11829,25893,8,0xe1c3440
11830,38301,8,0xe25f180
11831,30475,8,0xe2faec0
11832,32931,8,0xe396c00
11833,31478,8,0xe432940
11834,30624,8,0xe4ce680
11835,29528,8,0xe56a3c0
11836,26701,8,0xe606100
11837,29671,8,0xe6a1e40
11838,28611,8,0xe73db80
11839,34498,8,0xe7d98c0
11840,27219,8,0xe875600
11841,29561,8,0xe911340
11842,29278,8,0xe9ad080
11843,26882,8,0xea48dc0
11844,26684,8,0xeae4b00
11845,28860,8,0xeb80840
11846,28934,8,0xec1c580
11847,27179,8,0xecb82c0
11848,26721,8,0xed54000
11849,29363,8,0xedefd40
11850,28815,8,0xee8ba80
11851,25803,8,0xef277c0
11852,30908,8,0xefc3500
11853,36585,8,0xf05f240
11854,29128,8,0xf0faf80
11855,26742,8,0xf196cc0
11856,26038,8,0xf232a00
11857,29458,8,0xf2ce740
11858,29695,8,0xf36a480
11859,26249,8,0xf4061c0
11860,30419,8,0xf4a1f00
11861,28719,8,0xf53dc40
11862,28367,8,0xf5d9980
11863,26916,8,0xf6756c0
11864,29821,8,0xf711400
11865,28812,8,0xf7ad140
11866,26441,8,0xf848e80
11867,26672,8,0xf8e4bc0
11868,29848,8,0xf980900
11869,28348,8,0xfa1c640
11870,26135,8,0xfab8380
11871,26448,8,0xfb540c0
11872,29754,8,0xfbefe00
11873,28903,8,0xfc8bb40
11874,25943,8,0xfd27880
11875,26760,8,0xfdc35c0
11876,30369,8,0xfe5f300
11877,28345,8,0xfefb040
11878,26194,8,0xff96d80
11879,25974,8,0x10032ac0
11880,29061,8,0x100ce800
11881,27900,8,0x1016a540
11882,25570,8,0x10206280
11883,29475,8,0x102a1fc0
11884,29793,8,0x1033dd00
11885,28156,8,0x103d9a40
11886,30766,8,0x10475780
11887,29475,8,0x105114c0
11888,33224,8,0x105ad200
11889,25392,8,0x10648f40
11890,25559,8,0x106e4c80
11891,30461,8,0x107809c0
11892,30537,8,0x1081c700
11893,26074,8,0x108b8440
11894,31250,8,0x10954180
11895,30829,8,0x109efec0
11896,35876,8,0x10a8bc00
11897,31587,8,0x10b27940
11898,25983,8,0x10bc3680
11899,29553,8,0x10c5f3c0
11900,30671,8,0x10cfb100
11901,26132,8,0x10d96e40
11902,25454,8,0x10e32b80
11903,35144,8,0x10ece8c0
11904,29524,8,0x10f6a600
11905,26452,8,0x11006340
11906,26233,8,0x110a2080
11907,30196,8,0x1113ddc0
11908,43105,8,0x111d9b00
11909,25863,8,0x11275840
11910,29771,8,0x11311580
11911,31045,8,0x113ad2c0
11912,26978,8,0x11449000
11913,25730,8,0x114e4d40
11914,29536,8,0x11580a80
11915,29465,8,0x1161c7c0
11916,26600,8,0x116b8500
11917,25649,8,0x11754240
11918,29423,8,0x117eff80
11919,30353,8,0x1188bcc0
11920,33608,8,0x11927a00
11921,25765,8,0x119c3740
11922,29722,8,0x11a5f480
11923,30625,8,0x11afb1c0
11924,26912,8,0x11b96f00
11925,24597,8,0x11c32c40
11926,29090,8,0x11cce980
11927,30401,8,0x11d6a6c0
11928,26456,8,0x11e06400
11929,25629,8,0x11ea2140
11930,29110,8,0x11f3de80
11931,29308,8,0x11fd9bc0
11932,27305,8,0x12075900
11933,28843,8,0x12111640
11934,29655,8,0x121ad380
11935,26486,8,0x122490c0
11936,26605,8,0x122e4e00
11937,28788,8,0x12380b40
11938,29677,8,0x1241c880
11939,26702,8,0x124b85c0
11940,26794,8,0x12554300
11941,28882,8,0x125f0040
11942,29181,8,0x1268bd80
11943,26534,8,0x12727ac0
11944,27360,8,0x127c3800
11945,29122,8,0x1285f540
11946,29460,8,0x128fb280
11947,26481,8,0x12996fc0
11948,26834,8,0x12a32d00
11949,28681,8,0x12acea40
11950,29864,8,0x12b6a780
11951,26845,8,0x12c064c0
11952,27167,8,0x12ca2200
11953,29398,8,0x12d3df40
11954,37559,8,0x12dd9c80
11955,26655,8,0x12e759c0
11956,31919,8,0x12f11700
11957,28890,8,0x12fad440
11958,32117,8,0x13049180
11959,26728,8,0x130e4ec0
11960,36075,8,0x13180c00
11961,34465,8,0x1321c940
11962,26587,8,0x132b8680
11963,26416,8,0x133543c0
11964,30960,8,0x133f0100
11965,28280,8,0x1348be40
11966,26502,8,0x13527b80
11967,32544,8,0x135c38c0
11968,30160,8,0x1365f600
11969,29344,8,0x136fb340
11970,26937,8,0x13797080
11971,27038,8,0x13832dc0
11972,30523,8,0x138ceb00
11973,28147,8,0x1396a840
11974,25628,8,0x13a06580
11975,26541,8,0x13aa22c0
11976,31318,8,0x13b3e000
11977,28856,8,0x13bd9d40
11978,26436,8,0x13c75a80
11979,31427,8,0x13d117c0
11980,31823,8,0x13dad500
11981,25483,8,0x13e49240
11982,26199,8,0x13ee4f80
11983,30304,8,0x13f80cc0
11984,31038,8,0x1401ca00
11985,25770,8,0x140b8740
11986,26010,8,0x14154480
11987,30212,8,0x141f01c0
11988,36043,8,0x1428bf00
11989,25086,8,0x14327c40
11990,25873,8,0x143c3980
11991,29641,8,0x1445f6c0
11992,30924,8,0x144fb400
11993,25957,8,0x14597140
11994,25570,8,0x14632e80
11995,30082,8,0x146cebc0
11996,30734,8,0x1476a900
11997,25898,8,0x14806640
11998,26353,8,0x148a2380
11999,30782,8,0x1493e0c0
12000,29930,8,0x149d9e00
12001,25850,8,0x14a75b40
12002,29823,8,0x14b11880
12003,30805,8,0x14bad5c0
12004,26635,8,0x14c49300
12005,25492,8,0x14ce5040
12006,30137,8,0x14d80d80
12007,31029,8,0x14e1cac0
12008,26576,8,0x14eb8800
12009,26128,8,0x14f54540
12010,29578,8,0x14ff0280
12011,31014,8,0x1508bfc0
12012,26082,8,0x15127d00
12013,25624,8,0x151c3a40
12014,29005,8,0x1525f780
12015,31062,8,0x152fb4c0
12016,26733,8,0x15397200
12017,26371,8,0x15432f40
12018,30689,8,0x154cec80
12019,30725,8,0x1556a9c0
12020,26293,8,0x15606700
12021,28266,8,0x156a2440
12022,44031,8,0x1573e180
12023,30646,8,0x157d9ec0
12024,33988,8,0x15875c00
12025,34997,8,0x15911940
12026,30055,8,0x159ad680
12027,27213,8,0x15a493c0
12028,26594,8,0x15ae5100
12029,29166,8,0x15b80e40
12030,29912,8,0x15c1cb80
12031,32927,8,0x15cb88c0
12032,26842,8,0x15d54600
12033,30332,8,0x15df0340
12034,30123,8,0x15e8c080
12035,26965,8,0x15f27dc0
12036,26761,8,0x15fc3b00
12037,28978,8,0x1605f840
12038,31025,8,0x160fb580
12039,26081,8,0x161972c0
12040,26953,8,0x16233000
12041,29812,8,0x162ced40
12042,33020,8,0x1636aa80
12043,26977,8,0x164067c0
12044,28400,8,0x164a2500
12045,30090,8,0x1653e240
12046,29346,8,0x165d9f80
12047,28591,8,0x16675cc0
12048,30259,8,0x16711a00
12049,29359,8,0x167ad740
12050,26517,8,0x16849480
12051,27864,8,0x168e51c0
12052,30496,8,0x16980f00
12053,29301,8,0x16a1cc40
12054,32921,8,0x16ab8980
12055,27786,8,0x16b546c0
12056,31715,8,0x16bf0400
12057,28791,8,0x16c8c140
12058,26575,8,0x16d27e80
12059,27181,8,0x16dc3bc0
12060,30200,8,0x16e5f900
12061,29875,8,0x16efb640
12062,25506,8,0x16f97380
12063,26686,8,0x170330c0
12064,30052,8,0x170cee00
12065,29098,8,0x1716ab40
12066,25851,8,0x17206880
12067,28195,8,0x172a25c0
12068,30384,8,0x1733e300
12069,28603,8,0x173da040
12070,26848,8,0x17475d80
12071,30625,8,0x17511ac0
12072,29918,8,0x175ad800
12073,25941,8,0x17649540
12074,26185,8,0x176e5280
12075,31584,8,0x17780fc0
12076,30944,8,0x1781cd00
12077,26465,8,0x178b8a40
12078,25246,8,0x17954780
12079,30078,8,0x179f04c0
12080,30690,8,0x17a8c200
12081,25933,8,0x17b27f40
12082,26242,8,0x17bc3c80
12083,30872,8,0x17c5f9c0
12084,31903,8,0x17cfb700
12085,26683,8,0x17d97440
12086,32430,8,0x17e33180
12087,30269,8,0x17eceec0
12088,45314,8,0x17f6ac00
12089,31898,8,0x18006940
12090,27309,8,0x180a2680
12091,30466,8,0x1813e3c0
12092,31681,8,0x181da100
12093,25975,8,0x18275e40
12094,29463,8,0x18311b80
12095,36019,8,0x183ad8c0
12096,26541,8,0x18449600
12097,26122,8,0x184e5340
12098,30837,8,0x18581080
12099,30732,8,0x1861cdc0
12100,26981,8,0x186b8b00
12101,25982,8,0x18754840
12102,29212,8,0x187f0580
12103,29627,8,0x1888c2c0
12104,26707,8,0x18928000
12105,26110,8,0x189c3d40
12106,30153,8,0x18a5fa80
12107,30883,8,0x18afb7c0
12108,27063,8,0x18b97500
12109,26191,8,0x18c33240
12110,29396,8,0x18ccef80
12111,30698,8,0x18d6acc0
12112,26861,8,0x18e06a00
12113,25345,8,0x18ea2740
12114,31092,8,0x18f3e480
12115,30448,8,0x18fda1c0
12116,26718,8,0x19075f00
12117,29020,8,0x19111c40
12118,28916,8,0x191ad980
12119,27058,8,0x192496c0
12120,27349,8,0x192e5400
12121,37449,8,0x19381140
12122,33214,8,0x1941ce80
12123,26235,8,0x194b8bc0
12124,26990,8,0x19554900
12125,29718,8,0x195f0640
12126,30555,8,0x1968c380
12127,26281,8,0x197280c0
12128,26601,8,0x197c3e00
12129,29477,8,0x1985fb40
12130,29525,8,0x198fb880
12131,26658,8,0x199975c0
12132,27176,8,0x19a33300
12133,29257,8,0x19acf040
12134,30295,8,0x19b6ad80
12135,26892,8,0x19c06ac0
12136,27081,8,0x19ca2800
12137,30170,8,0x19d3e540
12138,28992,8,0x19dda280
12139,26955,8,0x19e75fc0
12140,30425,8,0x19f11d00
12141,29704,8,0x19fada40
12142,26750,8,0x1a049780
12143,27292,8,0x1a0e54c0
12144,31249,8,0x1a181200
12145,29299,8,0x1a21cf40
12146,26987,8,0x1a2b8c80
12147,27281,8,0x1a3549c0
12148,30741,8,0x1a3f0700
12149,29322,8,0x1a48c440
12150,35965,8,0x1a528180
12151,27098,8,0x1a5c3ec0
12152,35197,8,0x1a65fc00
12153,34502,8,0x1a6fb940
12154,32740,8,0x1a797680
12155,27043,8,0x1a8333c0
12156,32920,8,0x1a8cf100
12157,29734,8,0x1a96ae40
12158,26452,8,0x1aa06b80
12159,31294,8,0x1aaa28c0
12160,31411,8,0x1ab3e600
12161,28913,8,0x1abda340
12162,26577,8,0x1ac76080
12163,31248,8,0x1ad11dc0
12164,31186,8,0x1adadb00
12165,29381,8,0x1ae49840
12166,26366,8,0x1aee5580
12167,29901,8,0x1af812c0
12168,32193,8,0x1b01d000
12169,25466,8,0x1b0b8d40
12170,26536,8,0x1b154a80
12171,30663,8,0x1b1f07c0
12172,30917,8,0x1b28c500
12173,26500,8,0x1b328240
12174,26732,8,0x1b3c3f80
12175,30802,8,0x1b45fcc0
12176,43878,8,0x1b4fba00
12177,26965,8,0x1b597740
12178,26053,8,0x1b633480
12179,30912,8,0x1b6cf1c0
12180,30093,8,0x1b76af00
12181,25563,8,0x1b806c40
12182,25975,8,0x1b8a2980
12183,30808,8,0x1b93e6c0
12184,29711,8,0x1b9da400
12185,26009,8,0x1ba76140
12186,29730,8,0x1bb11e80
12187,29843,8,0x1bbadbc0
12188,35335,8,0x1bc49900
12189,26951,8,0x1bce5640
12190,29845,8,0x1bd81380
12191,30534,8,0x1be1d0c0
12192,26634,8,0x1beb8e00
12193,25160,8,0x1bf54b40
12194,30805,8,0x1bff0880
12195,30139,8,0x1c08c5c0
12196,26624,8,0x1c128300
12197,26139,8,0x1c1c4040
12198,29216,8,0x1c25fd80
12199,30269,8,0x1c2fbac0
12200,26789,8,0x1c397800
12201,25755,8,0x1c433540
12202,29861,8,0x1c4cf280
12203,31103,8,0x1c56afc0
12204,26823,8,0x1c606d00
12205,26402,8,0x1c6a2a40
12206,30436,8,0x1c73e780
12207,31543,8,0x1c7da4c0
12208,26673,8,0x1c876200
12209,29781,8,0x1c911f40
12210,29215,8,0x1c9adc80
12211,29336,8,0x1ca499c0
12212,26590,8,0x1cae5700
12213,30033,8,0x1cb81440
12214,34658,8,0x1cc1d180
12215,27022,8,0x1ccb8ec0
12216,32866,8,0x1cd54c00
12217,34377,8,0x1cdf0940
12218,29784,8,0x1ce8c680
12219,26735,8,0x1cf283c0
12220,31625,8,0x1cfc4100
12221,35908,8,0x1d05fe40
12222,29463,8,0x1d0fbb80
12223,36499,8,0x1d1978c0
12224,27673,8,0x1d233600
12225,29227,8,0x1d2cf340
12226,30664,8,0x1d36b080
12227,27170,8,0x1d406dc0
12228,27287,8,0x1d4a2b00
12229,29431,8,0x1d53e840
12230,28865,8,0x1d5da580
12231,27280,8,0x1d6762c0
12232,27098,8,0x1d712000
12233,29523,8,0x1d7add40
12234,28810,8,0x1d849a80
12235,26632,8,0x1d8e57c0
12236,31527,8,0x1d981500
12237,29961,8,0x1da1d240
12238,26611,8,0x1dab8f80
12239,27851,8,0x1db54cc0
12240,30968,8,0x1dbf0a00
12241,28780,8,0x1dc8c740
12242,26512,8,0x1dd28480
12243,26295,8,0x1ddc41c0
12244,31744,8,0x1de5ff00
12245,29255,8,0x1defbc40
12246,27226,8,0x1df97980
12247,26545,8,0x1e0336c0
12248,30387,8,0x1e0cf400
12249,29946,8,0x1e16b140
12250,26539,8,0x1e206e80
12251,26622,8,0x1e2a2bc0
12252,30267,8,0x1e33e900
12253,29438,8,0x1e3da640
12254,34613,8,0x1e476380
12255,26457,8,0x1e5120c0
12256,32346,8,0x1e5ade00
12257,29068,8,0x1e649b40
12258,26958,8,0x1e6e5880
12259,31824,8,0x1e7815c0
12260,30648,8,0x1e81d300
12261,26427,8,0x1e8b9040
12262,26001,8,0x1e954d80
12263,31635,8,0x1e9f0ac0
12264,31007,8,0x1ea8c800
12265,26526,8,0x1eb28540
12266,26735,8,0x1ebc4280
12267,30378,8,0x1ec5ffc0
12268,31340,8,0x1ecfbd00
12269,26771,8,0x1ed97a40
12270,26148,8,0x1ee33780
12271,30911,8,0x1eecf4c0
12272,31555,8,0x1ef6b200
12273,26462,8,0x1f006f40
12274,27397,8,0x1f0a2c80
12275,30676,8,0x1f13e9c0
12276,31256,8,0x1f1da700
12277,26264,8,0x1f276440
12278,32887,8,0x1f312180
12279,30409,8,0x1f3adec0
12280,36275,8,0x1f449c00
12281,32153,8,0x1f4e5940
12282,31604,8,0x1f581680
12283,30492,8,0x1f61d3c0
12284,27802,8,0x1f6b9100
12285,25736,8,0x1f754e40
12286,31056,8,0x1f7f0b80
12287,35666,8,0x1f88c8c0
12288,28816,8,0x1f928600
12289,26089,8,0x1f9c4340
12290,30820,8,0x1fa60080
12291,31212,8,0x1fafbdc0
12292,26637,8,0x1fb97b00
12293,27565,8,0x1fc33840
12294,29727,8,0x1fccf580
12295,29831,8,0x1fd6b2c0
12296,27408,8,0x1fe07000
12297,25983,8,0x1fea2d40
12298,30478,8,0x1ff3ea80
12299,30294,8,0x1ffda7c0
12300,26938,8,0x20076500
12301,26675,8,0x20112240
12302,29955,8,0x201adf80
12303,29665,8,0x20249cc0
12304,27579,8,0x202e5a00
12305,29887,8,0x20381740
12306,30069,8,0x2041d480
12307,27371,8,0x204b91c0
12308,27223,8,0x20554f00
12309,42287,8,0x205f0c40
12310,29948,8,0x2068c980
12311,27699,8,0x207286c0
12312,27270,8,0x207c4400
12313,28390,8,0x20860140
12314,30583,8,0x208fbe80
12315,27032,8,0x20997bc0
12316,26515,8,0x20a33900
12317,29378,8,0x20acf640
12318,30176,8,0x20b6b380
12319,26660,8,0x20c070c0
12320,34155,8,0x20ca2e00
12321,33531,8,0x20d3eb40
12322,30578,8,0x20dda880
12323,26869,8,0x20e765c0
12324,26515,8,0x20f12300
12325,29773,8,0x20fae040
12326,29593,8,0x21049d80
12327,27561,8,0x210e5ac0
12328,31056,8,0x21181800
12329,29153,8,0x2121d540
12330,26704,8,0x212b9280
12331,26976,8,0x21354fc0
12332,31068,8,0x213f0d00
12333,30117,8,0x2148ca40
12334,26131,8,0x21528780
12335,26779,8,0x215c44c0
12336,28730,8,0x21660200
12337,28334,8,0x216fbf40
12338,25381,8,0x21797c80
12339,25128,8,0x218339c0
12340,28631,8,0x218cf700
12341,28035,8,0x2196b440
12342,31768,8,0x21a07180
12343,25389,8,0x21aa2ec0
12344,34643,8,0x21b3ec00
12345,32419,8,0x21bda940
12346,25418,8,0x21c76680
12347,24915,8,0x21d123c0
12348,29111,8,0x21dae100
12349,27580,8,0x21e49e40
12350,24438,8,0x21ee5b80
12351,35188,8,0x21f818c0
12352,29354,8,0x2201d600
12353,25163,8,0x220b9340
12354,31837,8,0x22155080
12355,29731,8,0x221f0dc0
12356,31281,8,0x2228cb00
12357,24759,8,0x22328840
12358,24313,8,0x223c4580
12359,28717,8,0x224602c0
12360,29159,8,0x224fc000
12361,24813,8,0x22597d40
12362,25073,8,0x22633a80
12363,28427,8,0x226cf7c0
12364,29497,8,0x2276b500
12365,25448,8,0x22807240
12366,24762,8,0x228a2f80
12367,28987,8,0x2293ecc0
12368,29152,8,0x229daa00
12369,24842,8,0x22a76740
12370,25111,8,0x22b12480
12371,28724,8,0x22bae1c0
12372,28723,8,0x22c49f00
12373,24945,8,0x22ce5c40
12374,28037,8,0x22d81980
12375,29379,8,0x22e1d6c0
12376,25347,8,0x22eb9400
12377,24532,8,0x22f55140
12378,28062,8,0x22ff0e80
12379,28814,8,0x2308cbc0
12380,25984,8,0x23128900
12381,24923,8,0x231c4640
12382,28013,8,0x23260380
12383,29858,8,0x232fc0c0
12384,25800,8,0x23397e00
12385,24613,8,0x23433b40
12386,28875,8,0x234cf880
12387,29192,8,0x2356b5c0
12388,25661,8,0x23607300
12389,29798,8,0x236a3040
12390,35202,8,0x2373ed80
12391,29538,8,0x237daac0
12392,25598,8,0x23876800
12393,25427,8,0x23912540
12394,28821,8,0x239ae280
12395,29651,8,0x23a49fc0
12396,25447,8,0x23ae5d00
12397,28690,8,0x23b81a40
12398,28594,8,0x23c1d780
12399,26030,8,0x23cb94c0
12400,26214,8,0x23d55200
12401,28212,8,0x23df0f40
12402,28656,8,0x23e8cc80
12403,25379,8,0x23f289c0
12404,26890,8,0x23fc4700
12405,27827,8,0x24060440
12406,34256,8,0x240fc180
12407,25504,8,0x24197ec0
12408,31849,8,0x24233c00
12409,33170,8,0x242cf940
12410,28322,8,0x2436b680
12411,26278,8,0x244073c0
12412,26350,8,0x244a3100
12413,28546,8,0x2453ee40
12414,28060,8,0x245dab80
12415,31087,8,0x246768c0
12416,26045,8,0x24712600
12417,28426,8,0x247ae340
12418,28711,8,0x2484a080
12419,27152,8,0x248e5dc0
12420,28764,8,0x24981b00
12421,27781,8,0x24a1d840
12422,24895,8,0x24ab9580
12423,25169,8,0x24b552c0
12424,39632,8,0x24bf1000
12425,28824,8,0x24c8cd40
12426,25466,8,0x24d28a80
12427,26107,8,0x24dc47c0
12428,28430,8,0x24e60500
12429,27801,8,0x24efc240
12430,24625,8,0x24f97f80
12431,25854,8,0x25033cc0
12432,29593,8,0x250cfa00
12433,27949,8,0x2516b740
12434,24701,8,0x25207480
12435,25755,8,0x252a31c0
12436,29068,8,0x2533ef00
12437,28579,8,0x253dac40
12438,25198,8,0x25476980
12439,25802,8,0x255126c0
12440,29629,8,0x255ae400
12441,27377,8,0x2564a140
12442,25111,8,0x256e5e80
12443,28498,8,0x25781bc0
12444,28753,8,0x2581d900
12445,25025,8,0x258b9640
12446,24684,8,0x25955380
12447,34948,8,0x259f10c0
12448,31972,8,0x25a8ce00
12449,25223,8,0x25b28b40
12450,24953,8,0x25bc4880
12451,29406,8,0x25c605c0
12452,29692,8,0x25cfc300
12453,24364,8,0x25d98040
12454,24420,8,0x25e33d80
12455,29411,8,0x25ecfac0
12456,29668,8,0x25f6b800
12457,25054,8,0x26007540
12458,25047,8,0x260a3280
12459,30042,8,0x2613efc0
12460,32219,8,0x261dad00
12461,24873,8,0x26276a40
12462,24900,8,0x26312780
12463,28722,8,0x263ae4c0
12464,28832,8,0x2644a200
12465,24881,8,0x264e5f40
12466,28410,8,0x26581c80
12467,29867,8,0x2661d9c0
12468,26492,8,0x266b9700
12469,24648,8,0x26755440
12470,38913,8,0x267f1180
12471,28937,8,0x2688cec0
12472,31492,8,0x26928c00
12473,29805,8,0x269c4940
12474,28508,8,0x26a60680
12475,28566,8,0x26afc3c0
12476,25819,8,0x26b98100
12477,24921,8,0x26c33e40
12478,28760,8,0x26ccfb80
12479,33882,8,0x26d6b8c0
12480,26531,8,0x26e07600
12481,25136,8,0x26ea3340
12482,29684,8,0x26f3f080
12483,29967,8,0x26fdadc0
12484,26708,8,0x27076b00
12485,25232,8,0x27112840
12486,28129,8,0x271ae580
12487,28828,8,0x2724a2c0
12488,25698,8,0x272e6000
12489,27890,8,0x27381d40
12490,28848,8,0x2741da80
12491,25767,8,0x274b97c0
12492,25907,8,0x27555500
12493,33570,8,0x275f1240
12494,35936,8,0x2768cf80
12495,25826,8,0x27728cc0
12496,26416,8,0x277c4a00
12497,28432,8,0x27860740
12498,29011,8,0x278fc480
12499,25146,8,0x279981c0
12500,26361,8,0x27a33f00
12501,27820,8,0x27acfc40
12502,27588,8,0x27b6b980
12503,25517,8,0x27c076c0
12504,25511,8,0x27ca3400
12505,28345,8,0x27d3f140
12506,27730,8,0x27ddae80
12507,25145,8,0x27e76bc0
12508,25928,8,0x27f12900
12509,28744,8,0x27fae640
12510,27844,8,0x2804a380
12511,25320,8,0x280e60c0
12512,29690,8,0x28181e00
12513,27716,8,0x2821db40
12514,28629,8,0x282b9880
12515,25003,8,0x283555c0
12516,29305,8,0x283f1300
12517,28762,8,0x2848d040
12518,24842,8,0x28528d80
12519,25835,8,0x285c4ac0
12520,29586,8,0x28660800
12521,29309,8,0x286fc540
12522,25157,8,0x28798280
12523,26064,8,0x28833fc0
12524,28310,8,0x288cfd00
12525,27507,8,0x2896ba40
12526,25046,8,0x28a07780
12527,26290,8,0x28aa34c0
12528,30276,8,0x28b3f200
12529,36877,8,0x28bdaf40
12530,25891,8,0x28c76c80
12531,25464,8,0x28d129c0
12532,29857,8,0x28dae700
12533,27624,8,0x28e4a440
12534,31402,8,0x28ee6180
12535,30576,8,0x28f81ec0
12536,34917,8,0x2901dc00
12537,32850,8,0x290b9940
12538,25606,8,0x29155680
12539,29009,8,0x291f13c0
12540,29472,8,0x2928d100
12541,24670,8,0x29328e40
12542,25235,8,0x293c4b80
12543,35085,8,0x294608c0
12544,29950,8,0x294fc600
12545,24937,8,0x29598340
12546,26062,8,0x29634080
12547,29968,8,0x296cfdc0
12548,30835,8,0x2976bb00
12549,24865,8,0x29807840
12550,24743,8,0x298a3580
12551,28628,8,0x2993f2c0
12552,30123,8,0x299db000
12553,24825,8,0x29a76d40
12554,25113,8,0x29b12a80
12555,29403,8,0x29bae7c0
12556,29020,8,0x29c4a500
12557,25181,8,0x29ce6240
12558,28855,8,0x29d81f80
12559,28835,8,0x29e1dcc0
12560,29422,8,0x29eb9a00
12561,24998,8,0x29f55740
12562,30468,8,0x29ff1480
12563,30027,8,0x2a08d1c0
12564,27600,8,0x2a128f00
12565,25262,8,0x2a1c4c40
12566,28943,8,0x2a260980
12567,29846,8,0x2a2fc6c0
12568,25800,8,0x2a398400
12569,25566,8,0x2a434140
12570,28739,8,0x2a4cfe80
12571,29544,8,0x2a56bbc0
12572,26484,8,0x2a607900
12573,25049,8,0x2a6a3640
12574,28454,8,0x2a73f380
12575,29950,8,0x2a7db0c0
12576,26132,8,0x2a876e00
12577,25108,8,0x2a912b40
12578,29520,8,0x2a9ae880
12579,29244,8,0x2aa4a5c0
12580,26337,8,0x2aae6300
12581,24790,8,0x2ab82040
12582,29063,8,0x2ac1dd80
12583,29602,8,0x2acb9ac0
12584,26996,8,0x2ad55800
12585,28653,8,0x2adf1540
12586,39028,8,0x2ae8d280
12587,26073,8,0x2af28fc0
12588,26618,8,0x2afc4d00
12589,28561,8,0x2b060a40
12590,29237,8,0x2b0fc780
12591,25606,8,0x2b1984c0
12592,26590,8,0x2b234200
12593,28267,8,0x2b2cff40
12594,28449,8,0x2b36bc80
12595,25307,8,0x2b4079c0
12596,26223,8,0x2b4a3700
12597,33465,8,0x2b53f440
12598,42305,8,0x2b5db180
12599,26360,8,0x2b676ec0
12600,32142,8,0x2b712c00
12601,33782,8,0x2b7ae940
12602,28517,8,0x2b84a680
12603,26226,8,0x2b8e63c0
12604,25827,8,0x2b982100
12605,28350,8,0x2ba1de40
12606,28059,8,0x2bab9b80
12607,32954,8,0x2bb558c0
12608,29815,8,0x2bbf1600
12609,27851,8,0x2bc8d340
12610,25842,8,0x2bd29080
12611,26737,8,0x2bdc4dc0
12612,29878,8,0x2be60b00
12613,28220,8,0x2befc840
12614,25588,8,0x2bf98580
12615,26189,8,0x2c0342c0
12616,30058,8,0x2c0d0000
12617,28463,8,0x2c16bd40
12618,25834,8,0x2c207a80
12619,26070,8,0x2c2a37c0
12620,29364,8,0x2c33f500
12621,28034,8,0x2c3db240
12622,25452,8,0x2c476f80
12623,25993,8,0x2c512cc0
12624,29413,8,0x2c5aea00
12625,27888,8,0x2c64a740
12626,25165,8,0x2c6e6480
12627,25931,8,0x2c7821c0
12628,29631,8,0x2c81df00
12629,28507,8,0x2c8b9c40
12630,25659,8,0x2c955980
12631,30370,8,0x2c9f16c0
12632,37664,8,0x2ca8d400
12633,25425,8,0x2cb29140
12634,25469,8,0x2cbc4e80
12635,30150,8,0x2cc60bc0
12636,30452,8,0x2ccfc900
12637,25024,8,0x2cd98640
12638,24567,8,0x2ce34380
12639,29667,8,0x2ced00c0
12640,29438,8,0x2cf6be00
12641,25406,8,0x2d007b40
12642,25067,8,0x2d0a3880
12643,30134,8,0x2d13f5c0
12644,29535,8,0x2d1db300
12645,24933,8,0x2d277040
12646,25289,8,0x2d312d80
12647,28998,8,0x2d3aeac0
12648,29434,8,0x2d44a800
12649,24748,8,0x2d4e6540
12650,25675,8,0x2d582280
12651,29650,8,0x2d61dfc0
12652,28780,8,0x2d6b9d00
12653,24534,8,0x2d755a40
12654,29620,8,0x2d7f1780
12655,29490,8,0x2d88d4c0
12656,26888,8,0x2d929200
12657,25341,8,0x2d9c4f40
12658,29243,8,0x2da60c80
12659,29278,8,0x2dafc9c0
12660,26106,8,0x2db98700
12661,25199,8,0x2dc34440
12662,34580,8,0x2dcd0180
12663,29349,8,0x2dd6bec0
12664,31798,8,0x2de07c00
12665,30625,8,0x2dea3940
12666,38955,8,0x2df3f680
12667,29283,8,0x2dfdb3c0
12668,27606,8,0x2e077100
12669,25071,8,0x2e112e40
12670,28830,8,0x2e1aeb80
12671,35853,8,0x2e24a8c0
12672,26280,8,0x2e2e6600
12673,24607,8,0x2e382340
12674,29497,8,0x2e41e080
12675,29740,8,0x2e4b9dc0
12676,25673,8,0x2e555b00
12677,29272,8,0x2e5f1840
12678,28476,8,0x2e68d580
12679,27051,8,0x2e7292c0
12680,26211,8,0x2e7c5000
12681,28147,8,0x2e860d40
12682,29576,8,0x2e8fca80
12683,25626,8,0x2e9987c0
12684,27039,8,0x2ea34500
12685,28693,8,0x2ead0240
12686,28250,8,0x2eb6bf80
12687,25649,8,0x2ec07cc0
12688,26366,8,0x2eca3a00
12689,29170,8,0x2ed3f740
12690,29700,8,0x2eddb480
12691,26011,8,0x2ee771c0
12692,27101,8,0x2ef12f00
12693,28826,8,0x2efaec40
12694,28795,8,0x2f04a980
12695,26099,8,0x2f0e66c0
12696,27169,8,0x2f182400
12697,27868,8,0x2f21e140
12698,28125,8,0x2f2b9e80
12699,24879,8,0x2f355bc0
12700,34595,8,0x2f3f1900
12701,33914,8,0x2f48d640
12702,25559,8,0x2f529380
12703,25785,8,0x2f5c50c0
12704,29794,8,0x2f660e00
12705,27656,8,0x2f6fcb40
12706,25878,8,0x2f798880
12707,26479,8,0x2f8345c0
12708,29695,8,0x2f8d0300
12709,28391,8,0x2f96c040
12710,25217,8,0x2fa07d80
12711,25812,8,0x2faa3ac0
12712,30034,8,0x2fb3f800
12713,27937,8,0x2fbdb540
12714,26362,8,0x2fc77280
12715,26365,8,0x2fd12fc0
12716,28913,8,0x2fdaed00
12717,28756,8,0x2fe4aa40
12718,25640,8,0x2fee6780
12719,25886,8,0x2ff824c0
12720,30604,8,0x3001e200
12721,27428,8,0x300b9f40
12722,26276,8,0x30155c80
12723,36729,8,0x301f19c0
12724,30535,8,0x3028d700
12725,25092,8,0x30329440
12726,32394,8,0x303c5180
12727,30524,8,0x30460ec0
12728,36540,8,0x304fcc00
12729,30425,8,0x30598940
12730,25906,8,0x30634680
12731,29522,8,0x306d03c0
12732,30073,8,0x3076c100
12733,25951,8,0x30807e40
12734,30486,8,0x308a3b80
12735,34994,8,0x3093f8c0
12736,32130,8,0x309db600
12737,25308,8,0x30a77340
12738,26620,8,0x30b13080
12739,30369,8,0x30baedc0
12740,30133,8,0x30c4ab00
12741,25386,8,0x30ce6840
12742,24569,8,0x30d82580
12743,30346,8,0x30e1e2c0
12744,30116,8,0x30eba000
12745,25170,8,0x30f55d40
12746,29290,8,0x30ff1a80
12747,30286,8,0x3108d7c0
12748,26076,8,0x31129500
12749,26183,8,0x311c5240
12750,29100,8,0x31260f80
12751,29836,8,0x312fccc0
12752,26244,8,0x31398a00
12753,25231,8,0x31434740
12754,29591,8,0x314d0480
12755,29639,8,0x3156c1c0
12756,26472,8,0x31607f00
12757,25379,8,0x316a3c40
12758,29170,8,0x3173f980
12759,30184,8,0x317db6c0
12760,26369,8,0x31877400
12761,25613,8,0x31913140
12762,29634,8,0x319aee80
12763,29674,8,0x31a4abc0
12764,26343,8,0x31ae6900
12765,25695,8,0x31b82640
12766,29008,8,0x31c1e380
12767,28938,8,0x31cba0c0
12768,27161,8,0x31d55e00
12769,38437,8,0x31df1b40
12770,30584,8,0x31e8d880
12771,27491,8,0x31f295c0
12772,26875,8,0x31fc5300
12773,28588,8,0x32061040
12774,28479,8,0x320fcd80
12775,25372,8,0x32198ac0
12776,26313,8,0x32234800
12777,29083,8,0x322d0540
12778,28940,8,0x3236c280
12779,26230,8,0x32407fc0
12780,26198,8,0x324a3d00
12781,28641,8,0x3253fa40
12782,28711,8,0x325db780
12783,25978,8,0x326774c0
12784,26761,8,0x32713200
12785,28593,8,0x327aef40
12786,29389,8,0x3284ac80
12787,26106,8,0x328e69c0
12788,26208,8,0x32982700
12789,28897,8,0x32a1e440
12790,38850,8,0x32aba180
12791,26976,8,0x32b55ec0
12792,36014,8,0x32bf1c00
12793,33245,8,0x32c8d940
12794,26153,8,0x32d29680
12795,26265,8,0x32dc53c0
12796,30222,8,0x32e61100
12797,28327,8,0x32efce40
12798,25978,8,0x32f98b80
12799,31329,8,0x330348c0
12800,31059,8,0x330d0600
12801,27960,8,0x3316c340
12802,27033,8,0x33208080
12803,26464,8,0x332a3dc0
12804,32139,8,0x3333fb00
12805,28160,8,0x333db840
12806,25385,8,0x33477580
12807,25968,8,0x335132c0
12808,30168,8,0x335af000
12809,28599,8,0x3364ad40
12810,26327,8,0x336e6a80
12811,26003,8,0x337827c0
12812,31324,8,0x3381e500
12813,29005,8,0x338ba240
12814,25483,8,0x33955f80
12815,30785,8,0x339f1cc0
12816,29816,8,0x33a8da00
12817,25560,8,0x33b29740
12818,25962,8,0x33bc5480
12819,30071,8,0x33c611c0
12820,29500,8,0x33cfcf00
12821,26075,8,0x33d98c40
12822,25438,8,0x33e34980
12823,29894,8,0x33ed06c0
12824,29610,8,0x33f6c400
12825,25900,8,0x34008140
12826,25225,8,0x340a3e80
12827,29526,8,0x3413fbc0
12828,30127,8,0x341db900
12829,25078,8,0x34277640
12830,25744,8,0x34313380
12831,29556,8,0x343af0c0
12832,29860,8,0x3444ae00
12833,25257,8,0x344e6b40
12834,25923,8,0x34582880
12835,30044,8,0x3461e5c0
12836,29935,8,0x346ba300
12837,30774,8,0x34756040
12838,36901,8,0x347f1d80
12839,30145,8,0x3488dac0
12840,26448,8,0x34929800
12841,25724,8,0x349c5540
12842,28894,8,0x34a61280
12843,30593,8,0x34afcfc0
12844,26848,8,0x34b98d00
12845,26013,8,0x34c34a40
12846,28962,8,0x34cd0780
12847,30275,8,0x34d6c4c0
12848,26519,8,0x34e08200
12849,25181,8,0x34ea3f40
12850,30378,8,0x34f3fc80
12851,31138,8,0x34fdb9c0
12852,26518,8,0x35077700
12853,26577,8,0x35113440
12854,35435,8,0x351af180
12855,30558,8,0x3524aec0
12856,31438,8,0x352e6c00
12857,30202,8,0x35382940
12858,29345,8,0x3541e680
12859,36219,8,0x354ba3c0
12860,27367,8,0x35556100
12861,29478,8,0x355f1e40
12862,28593,8,0x3568db80
12863,34037,8,0x357298c0
12864,25899,8,0x357c5600
12865,28908,8,0x35861340
12866,29015,8,0x358fd080
12867,26018,8,0x35998dc0
12868,26589,8,0x35a34b00
12869,28427,8,0x35ad0840
12870,34525,8,0x35b6c580
12871,25923,8,0x35c082c0
12872,28060,8,0x35ca4000
12873,28907,8,0x35d3fd40
12874,28537,8,0x35ddba80
12875,26079,8,0x35e777c0
12876,26874,8,0x35f13500
12877,29036,8,0x35faf240
12878,29096,8,0x3604af80
12879,26296,8,0x360e6cc0
12880,26763,8,0x36182a00
12881,29502,8,0x3621e740
12882,29059,8,0x362ba480
12883,25934,8,0x363561c0
12884,29676,8,0x363f1f00
12885,29056,8,0x3648dc40
12886,28704,8,0x36529980
12887,26704,8,0x365c56c0
12888,30760,8,0x36661400
12889,29166,8,0x366fd140
12890,26443,8,0x36798e80
12891,26039,8,0x36834bc0
12892,30347,8,0x368d0900
12893,29508,8,0x3696c640
12894,26170,8,0x36a08380
12895,26302,8,0x36aa40c0
12896,30239,8,0x36b3fe00
12897,28792,8,0x36bdbb40
12898,26320,8,0x36c77880
12899,26576,8,0x36d135c0
12900,30163,8,0x36daf300
12901,27937,8,0x36e4b040
12902,25405,8,0x36ee6d80
12903,26175,8,0x36f82ac0
12904,30190,8,0x3701e800
12905,37382,8,0x370ba540
12906,30619,8,0x37156280
12907,30281,8,0x371f1fc0
12908,30269,8,0x3728dd00
12909,28781,8,0x37329a40
12910,25172,8,0x373c5780
12911,29925,8,0x374614c0
12912,31326,8,0x374fd200
12913,25659,8,0x37598f40
12914,25734,8,0x37634c80
12915,29835,8,0x376d09c0
12916,30387,8,0x3776c700
12917,25962,8,0x37808440
12918,32764,8,0x378a4180
12919,30573,8,0x3793fec0
12920,36148,8,0x379dbc00
12921,30428,8,0x37a77940
12922,25737,8,0x37b13680
12923,30171,8,0x37baf3c0
12924,30673,8,0x37c4b100
12925,25790,8,0x37ce6e40
12926,26166,8,0x37d82b80
12927,35058,8,0x37e1e8c0
12928,29730,8,0x37eba600
12929,26130,8,0x37f56340
12930,26187,8,0x37ff2080
12931,30478,8,0x3808ddc0
12932,30267,8,0x38129b00
12933,25651,8,0x381c5840
12934,28978,8,0x38261580
12935,30301,8,0x382fd2c0
12936,26154,8,0x38399000
12937,26048,8,0x38434d40
12938,37925,8,0x384d0a80
12939,29945,8,0x3856c7c0
12940,29253,8,0x38608500
12941,25924,8,0x386a4240
12942,29837,8,0x3873ff80
12943,29914,8,0x387dbcc0
12944,27236,8,0x38877a00
12945,25660,8,0x38913740
12946,29419,8,0x389af480
12947,30351,8,0x38a4b1c0
12948,27061,8,0x38ae6f00
12949,25904,8,0x38b82c40
12950,29979,8,0x38c1e980
12951,30188,8,0x38cba6c0
12952,26483,8,0x38d56400
12953,26051,8,0x38df2140
12954,29703,8,0x38e8de80
12955,29211,8,0x38f29bc0
12956,26764,8,0x38fc5900
12957,29435,8,0x39061640
12958,30114,8,0x390fd380
12959,26285,8,0x391990c0
12960,26459,8,0x39234e00
12961,29255,8,0x392d0b40
12962,29605,8,0x3936c880
12963,26597,8,0x394085c0
12964,26993,8,0x394a4300
12965,29519,8,0x39540040
12966,28880,8,0x395dbd80
12967,26764,8,0x39677ac0
12968,26368,8,0x39713800
12969,29193,8,0x397af540
12970,29161,8,0x3984b280
12971,26885,8,0x398e6fc0
12972,31731,8,0x39982d00
12973,35731,8,0x39a1ea40
12974,29626,8,0x39aba780
12975,27007,8,0x39b564c0
12976,27842,8,0x39bf2200
12977,30613,8,0x39c8df40
12978,29621,8,0x39d29c80
12979,26721,8,0x39dc59c0
12980,30340,8,0x39e61700
12981,29202,8,0x39efd440
12982,32591,8,0x39f99180
12983,26755,8,0x3a034ec0
12984,35540,8,0x3a0d0c00
12985,34369,8,0x3a16c940
12986,26298,8,0x3a208680
12987,25732,8,0x3a2a43c0
12988,30009,8,0x3a340100
12989,29338,8,0x3a3dbe40
12990,26384,8,0x3a477b80
12991,32299,8,0x3a5138c0
12992,30616,8,0x3a5af600
12993,28989,8,0x3a64b340
12994,36832,8,0x3a6e7080
12995,27981,8,0x3a782dc0
12996,31327,8,0x3a81eb00
12997,28721,8,0x3a8ba840
12998,25879,8,0x3a956580
12999,28459,8,0x3a9f22c0
13000,30369,8,0x3aa8e000
13001,28777,8,0x3ab29d40
13002,25949,8,0x3abc5a80
13003,32223,8,0x3ac617c0
13004,30536,8,0x3acfd500
13005,31954,8,0x3ad99240
13006,30228,8,0x3ae34f80
13007,31199,8,0x3aed0cc0
13008,30823,8,0x3af6ca00
13009,25745,8,0x3b008740
13010,26107,8,0x3b0a4480
13011,30559,8,0x3b1401c0
13012,31463,8,0x3b1dbf00
13013,26451,8,0x3b277c40
13014,24906,8,0x3b313980
13015,30870,8,0x3b3af6c0
13016,31285,8,0x3b44b400
13017,25935,8,0x3b4e7140
13018,26232,8,0x3b582e80
13019,30290,8,0x3b61ebc0
13020,31538,8,0x3b6ba900
13021,26567,8,0x3b756640
13022,26087,8,0x3b7f2380
13023,29659,8,0x3b88e0c0
13024,29848,8,0x3b929e00
13025,25482,8,0x3b9c5b40
13026,28453,8,0x3ba61880
13027,30365,8,0x3bafd5c0
13028,26410,8,0x3bb99300
13029,25457,8,0x3bc35040
13030,28888,8,0x3bcd0d80
13031,30155,8,0x3bd6cac0
13032,26418,8,0x3be08800
13033,25788,8,0x3bea4540
13034,30447,8,0x3bf40280
13035,30456,8,0x3bfdbfc0
13036,26767,8,0x3c077d00
13037,25698,8,0x3c113a40
13038,29949,8,0x3c1af780
13039,31206,8,0x3c24b4c0
13040,28607,8,0x3c2e7200
13041,25240,8,0x3c382f40
13042,30461,8,0x3c41ec80
13043,30708,8,0x3c4ba9c0
13044,27730,8,0x3c556700
13045,25266,8,0x3c5f2440
13046,35807,8,0x3c68e180
13047,30083,8,0x3c729ec0
13048,33012,8,0x3c7c5c00
13049,33916,8,0x3c861940
13050,28898,8,0x3c8fd680
13051,26883,8,0x3c9993c0
13052,26580,8,0x3ca35100
13053,29029,8,0x3cad0e40
13054,29400,8,0x3cb6cb80
13055,32750,8,0x3cc088c0
13056,27173,8,0x3cca4600
13057,29769,8,0x3cd40340
13058,29622,8,0x3cddc080
13059,26141,8,0x3ce77dc0
13060,26798,8,0x3cf13b00
13061,29470,8,0x3cfaf840
13062,29346,8,0x3d04b580
13063,26696,8,0x3d0e72c0
13064,27177,8,0x3d183000
13065,30146,8,0x3d21ed40
13066,30586,8,0x3d2baa80
13067,26781,8,0x3d3567c0
13068,26695,8,0x3d3f2500
13069,29581,8,0x3d48e240
13070,30029,8,0x3d529f80
13071,26562,8,0x3d5c5cc0
13072,37502,8,0x3d661a00
13073,34083,8,0x3d6fd740
13074,26058,8,0x3d799480
13075,26549,8,0x3d8351c0
13076,30839,8,0x3d8d0f00
13077,29083,8,0x3d96cc40
13078,25605,8,0x3da08980
13079,26515,8,0x3daa46c0
13080,30045,8,0x3db40400
13081,29652,8,0x3dbdc140
13082,26391,8,0x3dc77e80
13083,26588,8,0x3dd13bc0
13084,31228,8,0x3ddaf900
13085,29572,8,0x3de4b640
13086,26724,8,0x3dee7380
13087,26563,8,0x3df830c0
13088,30985,8,0x3e01ee00
13089,28865,8,0x3e0bab40
13090,26268,8,0x3e156880
13091,26274,8,0x3e1f25c0
13092,30230,8,0x3e28e300
13093,28249,8,0x3e32a040
13094,26592,8,0x3e3c5d80
13095,30279,8,0x3e461ac0
13096,31279,8,0x3e4fd800
13097,26216,8,0x3e599540
13098,26024,8,0x3e635280
13099,31211,8,0x3e6d0fc0
13100,30538,8,0x3e76cd00
13101,25978,8,0x3e808a40
13102,26895,8,0x3e8a4780
13103,32134,8,0x3e9404c0
13104,30807,8,0x3e9dc200
13105,26726,8,0x3ea77f40
13106,32382,8,0x3eb13c80
13107,31361,8,0x3ebaf9c0
13108,32271,8,0x3ec4b700
13109,25682,8,0x3ece7440
13110,36832,8,0x3ed83180
13111,29440,8,0x3ee1eec0
13112,36086,8,0x3eebac00
13113,31253,8,0x3ef56940
13114,26495,8,0x3eff2680
13115,31231,8,0x3f08e3c0
13116,32003,8,0x3f12a100
13117,26746,8,0x3f1c5e40
13118,29729,8,0x3f261b80
13119,35786,8,0x3f2fd8c0
13120,26848,8,0x3f399600
13121,26722,8,0x3f435340
13122,29504,8,0x3f4d1080
13123,30744,8,0x3f56cdc0
13124,27032,8,0x3f608b00
13125,25681,8,0x3f6a4840
13126,30015,8,0x3f740580
13127,33846,8,0x3f7dc2c0
13128,28770,8,0x3f878000
13129,26176,8,0x3f913d40
13130,30409,8,0x3f9afa80
13131,31203,8,0x3fa4b7c0
13132,26808,8,0x3fae7500
13133,26189,8,0x3fb83240
13134,30758,8,0x3fc1ef80
13135,31755,8,0x3fcbacc0
13136,26179,8,0x3fd56a00
13137,25351,8,0x3fdf2740
13138,30607,8,0x3fe8e480
13139,31645,8,0x3ff2a1c0
13140,29123,8,0x3ffc5f00
13141,30381,8,0x61c80
13142,30354,8,0xfd9c0
13143,28247,8,0x199700
13144,26956,8,0x235440
13145,28601,8,0x2d1180
13146,29021,8,0x36cec0
13147,26917,8,0x408c00
13148,26644,8,0x4a4940
13149,29201,8,0x540680
13150,29146,8,0x5dc3c0
13151,26958,8,0x678100
13152,26805,8,0x713e40
13153,29293,8,0x7afb80
13154,29697,8,0x84b8c0
13155,26840,8,0x8e7600
13156,26487,8,0x983340
13157,29087,8,0xa1f080
13158,29507,8,0xabadc0
13159,26750,8,0xb56b00
13160,26407,8,0xbf2840
13161,29217,8,0xc8e580
13162,28691,8,0xd2a2c0
13163,27026,8,0xdc6000
13164,29923,8,0xe61d40
13165,28966,8,0xefda80
13166,26482,8,0xf997c0
13167,27232,8,0x1035500
13168,30158,8,0x10d1240
13169,29340,8,0x116cf80
13170,25830,8,0x1208cc0
13171,26528,8,0x12a4a00
13172,31812,8,0x1340740
13173,37062,8,0x13dc480
13174,37147,8,0x14781c0
13175,27296,8,0x1513f00
13176,35657,8,0x15afc40
13177,34507,8,0x164b980
13178,25983,8,0x16e76c0
13179,26399,8,0x1783400
13180,31661,8,0x181f140
13181,29102,8,0x18bae80
13182,26082,8,0x1956bc0
13183,35743,8,0x19f2900
13184,30199,8,0x1a8e640
13185,28950,8,0x1b2a380
13186,26640,8,0x1bc60c0
13187,30036,8,0x1c61e00
13188,31138,8,0x1cfdb40
13189,28537,8,0x1d99880
13190,25843,8,0x1e355c0
13191,30971,8,0x1ed1300
13192,31530,8,0x1f6d040
13193,26357,8,0x2008d80
13194,25829,8,0x20a4ac0
13195,30960,8,0x2140800
13196,31188,8,0x21dc540
13197,26102,8,0x2278280
13198,25785,8,0x2313fc0
13199,30165,8,0x23afd00
13200,30497,8,0x244ba40
13201,25969,8,0x24e7780
13202,25857,8,0x25834c0
13203,30375,8,0x261f200
13204,31265,8,0x26baf40
13205,26426,8,0x2756c80
13206,33563,8,0x27f29c0
13207,30708,8,0x288e700
13208,31518,8,0x292a440
13209,26179,8,0x29c6180
13210,29197,8,0x2a61ec0
13211,30211,8,0x2afdc00
13212,30288,8,0x2b99940
13213,25764,8,0x2c35680
13214,29567,8,0x2cd13c0
13215,31045,8,0x2d6d100
13216,27244,8,0x2e08e40
13217,26268,8,0x2ea4b80
13218,29402,8,0x2f408c0
13219,30747,8,0x2fdc600
13220,26884,8,0x3078340
13221,26252,8,0x3114080
13222,29953,8,0x31afdc0
13223,30590,8,0x324bb00
13224,26603,8,0x32e7840
13225,25980,8,0x3383580
13226,28924,8,0x341f2c0
13227,30488,8,0x34bb000
13228,26985,8,0x3556d40
13229,26175,8,0x35f2a80
13230,29175,8,0x368e7c0
13231,30414,8,0x372a500
13232,27432,8,0x37c6240
13233,29096,8,0x3861f80
13234,29190,8,0x38fdcc0
13235,29347,8,0x3999a00
13236,27107,8,0x3a35740
13237,29304,8,0x3ad1480
13238,35284,8,0x3b6d1c0
13239,27047,8,0x3c08f00
13240,38939,8,0x3ca4c40
13241,35071,8,0x3d40980
13242,30038,8,0x3ddc6c0
13243,27123,8,0x3e78400
13244,27401,8,0x3f14140
13245,29107,8,0x3fafe80
13246,30720,8,0x404bbc0
13247,32316,8,0x40e7900
13248,26940,8,0x4183640
13249,30504,8,0x421f380
13250,28950,8,0x42bb0c0
13251,26508,8,0x4356e00
13252,26756,8,0x43f2b40
13253,28977,8,0x448e880
13254,28386,8,0x452a5c0
13255,27583,8,0x45c6300
13256,27469,8,0x4662040
13257,29438,8,0x46fdd80
13258,29565,8,0x4799ac0
13259,27056,8,0x4835800
13260,30133,8,0x48d1540
13261,41224,8,0x496d280
13262,27118,8,0x4a08fc0
13263,26929,8,0x4aa4d00
13264,31659,8,0x4b40a40
13265,30098,8,0x4bdc780
13266,26396,8,0x4c784c0
13267,26226,8,0x4d14200
13268,30474,8,0x4daff40
13269,29669,8,0x4e4bc80
13270,26527,8,0x4ee79c0
13271,26768,8,0x4f83700
13272,35144,8,0x501f440
13273,36178,8,0x50bb180
13274,25327,8,0x5156ec0
13275,27214,8,0x51f2c00
13276,30608,8,0x528e940
13277,29653,8,0x532a680
13278,27913,8,0x53c63c0
13279,26947,8,0x5462100
13280,30519,8,0x54fde40
13281,29760,8,0x5599b80
13282,26363,8,0x56358c0
13283,35924,8,0x56d1600
13284,30667,8,0x576d340
13285,26937,8,0x5809080
13286,26131,8,0x58a4dc0
13287,30515,8,0x5940b00
13288,30605,8,0x59dc840
13289,26518,8,0x5a78580
13290,25505,8,0x5b142c0
13291,29951,8,0x5bb0000
13292,30361,8,0x5c4bd40
13293,26085,8,0x5ce7a80
13294,26280,8,0x5d837c0
13295,30576,8,0x5e1f500
13296,30463,8,0x5ebb240
13297,25682,8,0x5f56f80
13298,25943,8,0x5ff2cc0
13299,29928,8,0x608ea00
13300,30360,8,0x612a740
13301,26633,8,0x61c6480
13302,32509,8,0x62621c0
13303,31123,8,0x62fdf00
13304,34942,8,0x6399c40
13305,32812,8,0x6435980
13306,38374,8,0x64d16c0
13307,31120,8,0x656d400
13308,28517,8,0x6609140
13309,26270,8,0x66a4e80
13310,29635,8,0x6740bc0
13311,36590,8,0x67dc900
13312,27114,8,0x6878640
13313,26200,8,0x6914380
13314,29355,8,0x69b00c0
13315,30094,8,0x6a4be00
13316,26767,8,0x6ae7b40
13317,26724,8,0x6b83880
13318,29455,8,0x6c1f5c0
13319,29230,8,0x6cbb300
13320,26159,8,0x6d57040
13321,26467,8,0x6df2d80
13322,29630,8,0x6e8eac0
13323,30045,8,0x6f2a800
13324,27322,8,0x6fc6540
13325,26615,8,0x7062280
13326,30194,8,0x70fdfc0
13327,29851,8,0x7199d00
13328,26883,8,0x7235a40
13329,29658,8,0x72d1780
13330,28428,8,0x736d4c0
13331,26889,8,0x7409200
13332,26522,8,0x74a4f40
13333,29092,8,0x7540c80
13334,29723,8,0x75dc9c0
13335,26781,8,0x7678700
13336,26590,8,0x7714440
13337,29236,8,0x77b0180
13338,29860,8,0x784bec0
13339,26695,8,0x78e7c00
13340,32503,8,0x7983940
13341,30335,8,0x7a1f680
13342,28927,8,0x7abb3c0
13343,26965,8,0x7b57100
13344,26696,8,0x7bf2e40
13345,29246,8,0x7c8eb80
13346,29178,8,0x7d2a8c0
13347,26745,8,0x7dc6600
13348,27355,8,0x7e62340
13349,28372,8,0x7efe080
13350,29724,8,0x7f99dc0
13351,27301,8,0x8035b00
13352,29849,8,0x80d1840
13353,29684,8,0x816d580
13354,25774,8,0x82092c0
13355,26926,8,0x82a5000
13356,29958,8,0x8340d40
13357,28498,8,0x83dca80
13358,25362,8,0x84787c0
13359,27492,8,0x8514500
13360,27875,8,0x85b0240
13361,27385,8,0x864bf80
13362,24458,8,0x86e7cc0
13363,25010,8,0x8783a00
13364,28608,8,0x881f740
13365,26857,8,0x88bb480
13366,30880,8,0x89571c0
13367,25384,8,0x89f2f00
13368,33840,8,0x8a8ec40
13369,33483,8,0x8b2a980
13370,23866,8,0x8bc66c0
13371,25585,8,0x8c62400
13372,28211,8,0x8cfe140
13373,29579,8,0x8d99e80
13374,32628,8,0x8e35bc0
13375,34512,8,0x8ed1900
13376,28970,8,0x8f6d640
13377,25355,8,0x9009380
13378,23912,8,0x90a50c0
13379,29208,8,0x9140e00
13380,28964,8,0x91dcb40
13381,24570,8,0x9278880
13382,23873,8,0x93145c0
13383,29017,8,0x93b0300
13384,28025,8,0x944c040
13385,25032,8,0x94e7d80
13386,24304,8,0x9583ac0
13387,28625,8,0x961f800
13388,28493,8,0x96bb540
13389,24402,8,0x9757280
13390,24394,8,0x97f2fc0
13391,28018,8,0x988ed00
13392,28045,8,0x992aa40
13393,25457,8,0x99c6780
13394,23869,8,0x9a624c0
13395,28156,8,0x9afe200
13396,28206,8,0x9b99f40
13397,34658,8,0x9c35c80
13398,28637,8,0x9cd19c0
13399,28774,8,0x9d6d700
13400,26276,8,0x9e09440
13401,24311,8,0x9ea5180
13402,27106,8,0x9f40ec0
13403,29300,8,0x9fdcc00
13404,25560,8,0xa078940
13405,24183,8,0xa114680
13406,29085,8,0xa1b03c0
13407,28183,8,0xa24c100
13408,25649,8,0xa2e7e40
13409,31507,8,0xa383b80
13410,32192,8,0xa41f8c0
13411,28646,8,0xa4bb600
13412,25582,8,0xa557340
13413,24090,8,0xa5f3080
13414,27041,8,0xa68edc0
13415,29456,8,0xa72ab00
13416,25583,8,0xa7c6840
13417,24346,8,0xa862580
13418,26531,8,0xa8fe2c0
13419,28440,8,0xa99a000
13420,25704,8,0xaa35d40
13421,27696,8,0xaad1a80
13422,28108,8,0xab6d7c0
13423,25543,8,0xac09500
13424,25473,8,0xaca5240
13425,28034,8,0xad40f80
13426,27025,8,0xaddccc0
13427,25232,8,0xae78a00
13428,26167,8,0xaf14740
13429,27801,8,0xafb0480
13430,36981,8,0xb04c1c0
13431,24598,8,0xb0e7f00
13432,31443,8,0xb183c40
13433,32400,8,0xb21f980
13434,27818,8,0xb2bb6c0
13435,25156,8,0xb357400
13436,26227,8,0xb3f3140
13437,27765,8,0xb48ee80
13438,27566,8,0xb52abc0
13439,31460,8,0xb5c6900
13440,25430,8,0xb662640
13441,27377,8,0xb6fe380
13442,27397,8,0xb79a0c0
13443,25053,8,0xb835e00
13444,35033,8,0xb8d1b40
13445,31589,8,0xb96d880
13446,24701,8,0xba095c0
13447,25436,8,0xbaa5300
13448,28504,8,0xbb41040
13449,28155,8,0xbbdcd80
13450,24204,8,0xbc78ac0
13451,25681,8,0xbd14800
13452,29223,8,0xbdb0540
13453,28223,8,0xbe4c280
13454,24840,8,0xbee7fc0
13455,25652,8,0xbf83d00
13456,28641,8,0xc01fa40
13457,28567,8,0xc0bb780
13458,24197,8,0xc1574c0
13459,25446,8,0xc1f3200
13460,28955,8,0xc28ef40
13461,27320,8,0xc32ac80
13462,24823,8,0xc3c69c0
13463,25121,8,0xc462700
13464,28973,8,0xc4fe440
13465,28211,8,0xc59a180
13466,23588,8,0xc635ec0
13467,28761,8,0xc6d1c00
13468,28613,8,0xc76d940
13469,25263,8,0xc809680
13470,24333,8,0xc8a53c0
13471,28913,8,0xc941100
13472,28386,8,0xc9dce40
13473,25153,8,0xca78b80
13474,24853,8,0xcb148c0
13475,28316,8,0xcbb0600
13476,29126,8,0xcc4c340
13477,23993,8,0xcce8080
13478,24792,8,0xcd83dc0
13479,28344,8,0xce1fb00
13480,36391,8,0xcebb840
13481,29741,8,0xcf57580
13482,24491,8,0xcff32c0
13483,29380,8,0xd08f000
13484,28851,8,0xd12ad40
13485,24806,8,0xd1c6a80
13486,25244,8,0xd2627c0
13487,29006,8,0xd2fe500
13488,28630,8,0xd39a240
13489,24627,8,0xd435f80
13490,27260,8,0xd4d1cc0
13491,29551,8,0xd56da00
13492,26097,8,0xd609740
13493,24990,8,0xd6a5480
13494,33852,8,0xd7411c0
13495,28832,8,0xd7dcf00
13496,30519,8,0xd878c40
13497,30368,8,0xd914980
13498,27267,8,0xd9b06c0
13499,28508,8,0xda4c400
13500,25583,8,0xdae8140
13501,24279,8,0xdb83e80
13502,28308,8,0xdc1fbc0
13503,34927,8,0xdcbb900
13504,26016,8,0xdd57640
13505,25315,8,0xddf3380
13506,27383,8,0xde8f0c0
13507,28029,8,0xdf2ae00
13508,26826,8,0xdfc6b40
13509,24145,8,0xe062880
13510,28358,8,0xe0fe5c0
13511,27666,8,0xe19a300
13512,25852,8,0xe236040
13513,27934,8,0xe2d1d80
13514,27669,8,0xe36dac0
13515,25405,8,0xe409800
13516,29545,8,0xe4a5540
13517,28005,8,0xe541280
13518,29184,8,0xe5dcfc0
13519,25602,8,0xe678d00
13520,25973,8,0xe714a40
13521,27954,8,0xe7b0780
13522,27987,8,0xe84c4c0
13523,24481,8,0xe8e8200
13524,26545,8,0xe983f40
13525,27152,8,0xea1fc80
13526,27864,8,0xeabb9c0
13527,25643,8,0xeb57700
13528,25951,8,0xebf3440
13529,28170,8,0xec8f180
13530,27231,8,0xed2aec0
13531,25209,8,0xedc6c00
13532,26073,8,0xee62940
13533,28363,8,0xeefe680
13534,28574,8,0xef9a3c0
13535,25849,8,0xf036100
13536,29089,8,0xf0d1e40
13537,27724,8,0xf16db80
13538,31335,8,0xf2098c0
13539,25611,8,0xf2a5600
13540,30254,8,0xf341340
13541,28093,8,0xf3dd080
13542,24903,8,0xf478dc0
13543,26974,8,0xf514b00
13544,29115,8,0xf5b0840
13545,28651,8,0xf64c580
13546,24506,8,0xf6e82c0
13547,26659,8,0xf784000
13548,30488,8,0xf81fd40
13549,29302,8,0xf8bba80
13550,30887,8,0xf9577c0
13551,27031,8,0xf9f3500
13552,31608,8,0xfa8f240
13553,27872,8,0xfb2af80
13554,24340,8,0xfbc6cc0
13555,26201,8,0xfc62a00
13556,29487,8,0xfcfe740
13557,27364,8,0xfd9a480
13558,30583,8,0xfe361c0
13559,30485,8,0xfed1f00
13560,33851,8,0xff6dc40
13561,32681,8,0x10009980
13562,25490,8,0x100a56c0
13563,29712,8,0x10141400
13564,28832,8,0x101dd140
13565,24976,8,0x10278e80
13566,24270,8,0x10314bc0
13567,35021,8,0x103b0900
13568,29323,8,0x1044c640
13569,25256,8,0x104e8380
13570,24402,8,0x105840c0
13571,29069,8,0x1061fe00
13572,30133,8,0x106bbb40
13573,25061,8,0x10757880
13574,24465,8,0x107f35c0
13575,28830,8,0x1088f300
13576,29536,8,0x1092b040
13577,24861,8,0x109c6d80
13578,24723,8,0x10a62ac0
13579,29047,8,0x10afe800
13580,29026,8,0x10b9a540
13581,24906,8,0x10c36280
13582,28131,8,0x10cd1fc0
13583,28997,8,0x10d6dd00
13584,28880,8,0x10e09a40
13585,32828,8,0x10ea5780
13586,31827,8,0x10f414c0
13587,28927,8,0x10fdd200
13588,25696,8,0x11078f40
13589,24866,8,0x11114c80
13590,27764,8,0x111b09c0
13591,29349,8,0x1124c700
13592,25970,8,0x112e8440
13593,24469,8,0x11384180
13594,28371,8,0x1141fec0
13595,28878,8,0x114bbc00
13596,26026,8,0x11557940
13597,24387,8,0x115f3680
13598,28608,8,0x1168f3c0
13599,30028,8,0x1172b100
13600,25864,8,0x117c6e40
13601,25475,8,0x11862b80
13602,27659,8,0x118fe8c0
13603,29022,8,0x1199a600
13604,26348,8,0x11a36340
13605,24487,8,0x11ad2080
13606,28509,8,0x11b6ddc0
13607,29355,8,0x11c09b00
13608,26229,8,0x11ca5840
13609,28958,8,0x11d41580
13610,27706,8,0x11ddd2c0
13611,25605,8,0x11e79000
13612,26157,8,0x11f14d40
13613,28035,8,0x11fb0a80
13614,27695,8,0x1204c7c0
13615,25082,8,0x120e8500
13616,26070,8,0x12184240
13617,28655,8,0x1221ff80
13618,26738,8,0x122bbcc0
13619,26190,8,0x12357a00
13620,31795,8,0x123f3740
13621,33904,8,0x1248f480
13622,33698,8,0x1252b1c0
13623,25652,8,0x125c6f00
13624,31124,8,0x12662c40
13625,33363,8,0x126fe980
13626,26955,8,0x1279a6c0
13627,25737,8,0x12836400
13628,26066,8,0x128d2140
13629,28241,8,0x1296de80
13630,29341,8,0x12a09bc0
13631,31906,8,0x12aa5900
13632,29333,8,0x12b41640
13633,27973,8,0x12bdd380
13634,25189,8,0x12c790c0
13635,26340,8,0x12d14e00
13636,29456,8,0x12db0b40
13637,28589,8,0x12e4c880
13638,24502,8,0x12ee85c0
13639,26068,8,0x12f84300
13640,29576,8,0x13020040
13641,28099,8,0x130bbd80
13642,24227,8,0x13157ac0
13643,26010,8,0x131f3800
13644,29596,8,0x1328f540
13645,27901,8,0x1332b280
13646,24538,8,0x133c6fc0
13647,25667,8,0x13462d00
13648,30076,8,0x134fea40
13649,28361,8,0x1359a780
13650,24516,8,0x136364c0
13651,25618,8,0x136d2200
13652,29217,8,0x1376df40
13653,27902,8,0x13809c80
13654,25519,8,0x138a59c0
13655,29335,8,0x13941700
13656,32683,8,0x139dd440
13657,25252,8,0x13a79180
13658,24860,8,0x13b14ec0
13659,28567,8,0x13bb0c00
13660,28919,8,0x13c4c940
13661,25062,8,0x13ce8680
13662,24500,8,0x13d843c0
13663,29806,8,0x13e20100
13664,28901,8,0x13ebbe40
13665,24894,8,0x13f57b80
13666,24768,8,0x13ff38c0
13667,28982,8,0x1408f600
13668,29290,8,0x1412b340
13669,24028,8,0x141c7080
13670,24372,8,0x14262dc0
13671,29056,8,0x142feb00
13672,29166,8,0x1439a840
13673,24884,8,0x14436580
13674,24940,8,0x144d22c0
13675,29849,8,0x1456e000
13676,29483,8,0x14609d40
13677,24364,8,0x146a5a80
13678,33690,8,0x147417c0
13679,28904,8,0x147dd500
13680,27300,8,0x14879240
13681,25785,8,0x14914f80
13682,28507,8,0x149b0cc0
13683,29862,8,0x14a4ca00
13684,26187,8,0x14ae8740
13685,25267,8,0x14b84480
13686,33994,8,0x14c201c0
13687,30644,8,0x14cbbf00
13688,30623,8,0x14d57c40
13689,30451,8,0x14df3980
13690,37072,8,0x14e8f6c0
13691,29953,8,0x14f2b400
13692,26945,8,0x14fc7140
13693,24706,8,0x15062e80
13694,28360,8,0x150febc0
13695,34570,8,0x1519a900
13696,25970,8,0x15236640
13697,24657,8,0x152d2380
13698,29030,8,0x1536e0c0
13699,30398,8,0x15409e00
13700,26326,8,0x154a5b40
13701,27152,8,0x15541880
13702,27943,8,0x155dd5c0
13703,26269,8,0x15679300
13704,26183,8,0x15715040
13705,27405,8,0x157b0d80
13706,27678,8,0x1584cac0
13707,25538,8,0x158e8800
13708,26455,8,0x15984540
13709,28095,8,0x15a20280
13710,28931,8,0x15abbfc0
13711,26082,8,0x15b57d00
13712,25455,8,0x15bf3a40
13713,27760,8,0x15c8f780
13714,27690,8,0x15d2b4c0
13715,25654,8,0x15dc7200
13716,26455,8,0x15e62f40
13717,29153,8,0x15efec80
13718,28261,8,0x15f9a9c0
13719,26134,8,0x16036700
13720,25685,8,0x160d2440
13721,28015,8,0x1616e180
13722,27431,8,0x16209ec0
13723,25897,8,0x162a5c00
13724,30650,8,0x16341940
13725,38195,8,0x163dd680
13726,25685,8,0x164793c0
13727,26022,8,0x16515100
13728,29185,8,0x165b0e40
13729,28756,8,0x1664cb80
13730,24916,8,0x166e88c0
13731,26030,8,0x16784600
13732,28757,8,0x16820340
13733,28199,8,0x168bc080
13734,24351,8,0x16957dc0
13735,26112,8,0x169f3b00
13736,28634,8,0x16a8f840
13737,28798,8,0x16b2b580
13738,24223,8,0x16bc72c0
13739,26042,8,0x16c63000
13740,28992,8,0x16cfed40
13741,27844,8,0x16d9aa80
13742,24720,8,0x16e367c0
13743,25352,8,0x16ed2500
13744,28333,8,0x16f6e240
13745,28247,8,0x17009f80
13746,24855,8,0x170a5cc0
13747,29688,8,0x17141a00
13748,29805,8,0x171dd740
13749,25317,8,0x17279480
13750,35025,8,0x173151c0
13751,29133,8,0x173b0f00
13752,34569,8,0x1744cc40
13753,30076,8,0x174e8980
13754,25277,8,0x175846c0
13755,28856,8,0x17620400
13756,29479,8,0x176bc140
13757,24945,8,0x17757e80
13758,25274,8,0x177f3bc0
13759,34996,8,0x1788f900
13760,34220,8,0x1792b640
13761,25861,8,0x179c7380
13762,25246,8,0x17a630c0
13763,29608,8,0x17afee00
13764,30128,8,0x17b9ab40
13765,25337,8,0x17c36880
13766,24991,8,0x17cd25c0
13767,29307,8,0x17d6e300
13768,28544,8,0x17e0a040
13769,24925,8,0x17ea5d80
13770,28150,8,0x17f41ac0
13771,29535,8,0x17fdd800
13772,26285,8,0x18079540
13773,25935,8,0x18115280
13774,28856,8,0x181b0fc0
13775,29292,8,0x1824cd00
13776,26293,8,0x182e8a40
13777,25324,8,0x18384780
13778,28290,8,0x184204c0
13779,29318,8,0x184bc200
13780,26464,8,0x18557f40
13781,25618,8,0x185f3c80
13782,28476,8,0x1868f9c0
13783,30569,8,0x1872b700
13784,26613,8,0x187c7440
13785,25347,8,0x18863180
13786,28249,8,0x188feec0
13787,29402,8,0x1899ac00
13788,26149,8,0x18a36940
13789,25685,8,0x18ad2680
13790,28387,8,0x18b6e3c0
13791,29377,8,0x18c0a100
13792,25934,8,0x18ca5e40
13793,28041,8,0x18d41b80
13794,33806,8,0x18ddd8c0
13795,26340,8,0x18e79600
13796,29036,8,0x18f15340
13797,28333,8,0x18fb1080
13798,29029,8,0x1904cdc0
13799,25171,8,0x190e8b00
13800,26757,8,0x19184840
13801,28436,8,0x19220580
13802,28363,8,0x192bc2c0
13803,26616,8,0x19358000
13804,27133,8,0x193f3d40
13805,28551,8,0x1948fa80
13806,29022,8,0x1952b7c0
13807,25791,8,0x195c7500
13808,27006,8,0x19663240
13809,29245,8,0x196fef80
13810,28538,8,0x1979acc0
13811,26436,8,0x19836a00
13812,27045,8,0x198d2740
13813,28622,8,0x1996e480
13814,34293,8,0x19a0a1c0
13815,26182,8,0x19aa5f00
13816,33777,8,0x19b41c40
13817,47961,8,0x19bdd980
13818,26053,8,0x19c796c0
13819,26930,8,0x19d15400
13820,29310,8,0x19db1140
13821,27585,8,0x19e4ce80
13822,25123,8,0x19ee8bc0
13823,37464,8,0x19f84900
13824,28965,8,0x1a020640
13825,27570,8,0x1a0bc380
13826,24880,8,0x1a1580c0
13827,26029,8,0x1a1f3e00
13828,38613,8,0x1a28fb40
13829,31017,8,0x1a32b880
13830,25417,8,0x1a3c75c0
13831,26528,8,0x1a463300
13832,29099,8,0x1a4ff040
13833,28571,8,0x1a59ad80
13834,25330,8,0x1a636ac0
13835,25558,8,0x1a6d2800
13836,29345,8,0x1a76e540
13837,28575,8,0x1a80a280
13838,25786,8,0x1a8a5fc0
13839,29090,8,0x1a941d00
13840,30032,8,0x1a9dda40
13841,25931,8,0x1aa79780
13842,24551,8,0x1ab154c0
13843,28860,8,0x1abb1200
13844,29436,8,0x1ac4cf40
13845,25437,8,0x1ace8c80
13846,24815,8,0x1ad849c0
13847,29261,8,0x1ae20700
13848,29700,8,0x1aebc440
13849,25672,8,0x1af58180
13850,25073,8,0x1aff3ec0
13851,28863,8,0x1b08fc00
13852,29647,8,0x1b12b940
13853,24905,8,0x1b1c7680
13854,25289,8,0x1b2633c0
13855,29637,8,0x1b2ff100
13856,29448,8,0x1b39ae40
13857,25749,8,0x1b436b80
13858,25103,8,0x1b4d28c0
13859,28488,8,0x1b56e600
13860,29152,8,0x1b60a340
13861,25642,8,0x1b6a6080
13862,28945,8,0x1b741dc0
13863,29760,8,0x1b7ddb00
13864,31409,8,0x1b879840
13865,25089,8,0x1b915580
13866,27840,8,0x1b9b12c0
13867,28754,8,0x1ba4d000
13868,26339,8,0x1bae8d40
13869,24866,8,0x1bb84a80
13870,27464,8,0x1bc207c0
13871,28762,8,0x1bcbc500
13872,26310,8,0x1bd58240
13873,25709,8,0x1bdf3f80
13874,28015,8,0x1be8fcc0
13875,29265,8,0x1bf2ba00
13876,26584,8,0x1bfc7740
13877,25539,8,0x1c063480
13878,33934,8,0x1c0ff1c0
13879,29322,8,0x1c19af00
13880,31170,8,0x1c236c40
13881,30510,8,0x1c2d2980
13882,28311,8,0x1c36e6c0
13883,29705,8,0x1c40a400
13884,25635,8,0x1c4a6140
13885,27759,8,0x1c541e80
13886,28060,8,0x1c5ddbc0
13887,34322,8,0x1c679900
13888,25710,8,0x1c715640
13889,28575,8,0x1c7b1380
13890,28123,8,0x1c84d0c0
13891,26102,8,0x1c8e8e00
13892,26174,8,0x1c984b40
13893,28140,8,0x1ca20880
13894,28211,8,0x1cabc5c0
13895,26603,8,0x1cb58300
13896,25873,8,0x1cbf4040
13897,33776,8,0x1cc8fd80
13898,34685,8,0x1cd2bac0
13899,26813,8,0x1cdc7800
13900,26830,8,0x1ce63540
13901,28312,8,0x1ceff280
13902,29286,8,0x1cf9afc0
13903,25526,8,0x1d036d00
13904,26463,8,0x1d0d2a40
13905,28788,8,0x1d16e780
13906,28194,8,0x1d20a4c0
13907,25495,8,0x1d2a6200
13908,30134,8,0x1d341f40
13909,27419,8,0x1d3ddc80
13910,29065,8,0x1d4799c0
13911,26400,8,0x1d515700
13912,29336,8,0x1d5b1440
13913,28138,8,0x1d64d180
13914,24871,8,0x1d6e8ec0
13915,25782,8,0x1d784c00
13916,30095,8,0x1d820940
13917,28747,8,0x1d8bc680
13918,26121,8,0x1d9583c0
13919,26771,8,0x1d9f4100
13920,29219,8,0x1da8fe40
13921,28031,8,0x1db2bb80
13922,25321,8,0x1dbc78c0
13923,26092,8,0x1dc63600
13924,29687,8,0x1dcff340
13925,28361,8,0x1dd9b080
13926,25145,8,0x1de36dc0
13927,27612,8,0x1ded2b00
13928,29264,8,0x1df6e840
13929,28385,8,0x1e00a580
13930,25344,8,0x1e0a62c0
13931,27539,8,0x1e142000
13932,36343,8,0x1e1ddd40
13933,33363,8,0x1e279a80
13934,25762,8,0x1e3157c0
13935,30399,8,0x1e3b1500
13936,28925,8,0x1e44d240
13937,25967,8,0x1e4e8f80
13938,25015,8,0x1e584cc0
13939,29696,8,0x1e620a00
13940,30541,8,0x1e6bc740
13941,25135,8,0x1e758480
13942,30945,8,0x1e7f41c0
13943,29308,8,0x1e88ff00
13944,34697,8,0x1e92bc40
13945,30554,8,0x1e9c7980
13946,26108,8,0x1ea636c0
13947,29944,8,0x1eaff400
13948,30048,8,0x1eb9b140
13949,25828,8,0x1ec36e80
13950,25413,8,0x1ecd2bc0
13951,34996,8,0x1ed6e900
13952,30816,8,0x1ee0a640
13953,26078,8,0x1eea6380
13954,32981,8,0x1ef420c0
13955,31064,8,0x1efdde00
13956,30789,8,0x1f079b40
13957,25781,8,0x1f115880
13958,28145,8,0x1f1b15c0
13959,31014,8,0x1f24d300
13960,26648,8,0x1f2e9040
13961,25443,8,0x1f384d80
13962,28378,8,0x1f420ac0
13963,30735,8,0x1f4bc800
13964,26661,8,0x1f558540
13965,26385,8,0x1f5f4280
13966,38333,8,0x1f68ffc0
13967,30890,8,0x1f72bd00
13968,26984,8,0x1f7c7a40
13969,25162,8,0x1f863780
13970,29537,8,0x1f8ff4c0
13971,30740,8,0x1f99b200
13972,27210,8,0x1fa36f40
13973,25283,8,0x1fad2c80
13974,28993,8,0x1fb6e9c0
13975,30388,8,0x1fc0a700
13976,26429,8,0x1fca6440
13977,25420,8,0x1fd42180
13978,28815,8,0x1fdddec0
13979,29979,8,0x1fe79c00
13980,26866,8,0x1ff15940
13981,29126,8,0x1ffb1680
13982,28677,8,0x2004d3c0
13983,26083,8,0x200e9100
13984,26857,8,0x20184e40
13985,28064,8,0x20220b80
13986,28614,8,0x202bc8c0
13987,26453,8,0x20358600
13988,27410,8,0x203f4340
13989,27872,8,0x20490080
13990,28342,8,0x2052bdc0
13991,26428,8,0x205c7b00
13992,26555,8,0x20663840
13993,28523,8,0x206ff580
13994,28698,8,0x2079b2c0
13995,26986,8,0x20837000
13996,26486,8,0x208d2d40
13997,28162,8,0x2096ea80
13998,28667,8,0x20a0a7c0
13999,26510,8,0x20aa6500
14000,32193,8,0x20b42240
14001,34659,8,0x20bddf80
14002,28788,8,0x20c79cc0
14003,26569,8,0x20d15a00
14004,29285,8,0x20db1740
14005,28146,8,0x20e4d480
14006,32546,8,0x20ee91c0
14007,25846,8,0x20f84f00
14008,34686,8,0x21020c40
14009,33148,8,0x210bc980
14010,26220,8,0x211586c0
14011,26317,8,0x211f4400
14012,30277,8,0x21290140
14013,28590,8,0x2132be80
14014,25725,8,0x213c7bc0
14015,32662,8,0x21463900
14016,30104,8,0x214ff640
14017,28561,8,0x2159b380
14018,25558,8,0x216370c0
14019,26621,8,0x216d2e00
14020,30172,8,0x2176eb40
14021,28538,8,0x2180a880
14022,25148,8,0x218a65c0
14023,26435,8,0x21942300
14024,30421,8,0x219de040
14025,29030,8,0x21a79d80
14026,26002,8,0x21b15ac0
14027,30032,8,0x21bb1800
14028,29446,8,0x21c4d540
14029,25685,8,0x21ce9280
14030,24934,8,0x21d84fc0
14031,28891,8,0x21e20d00
14032,29861,8,0x21ebca40
14033,26260,8,0x21f58780
14034,32179,8,0x21ff44c0
14035,29911,8,0x22090200
14036,32020,8,0x2212bf40
14037,26179,8,0x221c7c80
14038,24636,8,0x222639c0
14039,29275,8,0x222ff700
14040,29935,8,0x2239b440
14041,25673,8,0x22437180
14042,25736,8,0x224d2ec0
14043,29887,8,0x2256ec00
14044,29729,8,0x2260a940
14045,25027,8,0x226a6680
14046,26199,8,0x227423c0
14047,29634,8,0x227de100
14048,30429,8,0x22879e40
14049,25913,8,0x22915b80
14050,28830,8,0x229b18c0
14051,30006,8,0x22a4d600
14052,26866,8,0x22ae9340
14053,25985,8,0x22b85080
14054,28664,8,0x22c20dc0
14055,30211,8,0x22cbcb00
14056,26691,8,0x22d58840
14057,25445,8,0x22df4580
14058,28262,8,0x22e902c0
14059,29047,8,0x22f2c000
14060,26515,8,0x22fc7d40
14061,25951,8,0x23063a80
14062,29542,8,0x230ff7c0
14063,29583,8,0x2319b500
14064,27708,8,0x23237240
14065,25440,8,0x232d2f80
14066,28613,8,0x2336ecc0
14067,29640,8,0x2340aa00
14068,31616,8,0x234a6740
14069,33367,8,0x23542480
14070,39205,8,0x235de1c0
14071,30806,8,0x23679f00
14072,33333,8,0x23715c40
14073,33264,8,0x237b1980
14074,28972,8,0x2384d6c0
14075,25827,8,0x238e9400
14076,26982,8,0x23985140
14077,28469,8,0x23a20e80
14078,29028,8,0x23abcbc0
14079,32098,8,0x23b58900
14080,26602,8,0x23bf4640
14081,28872,8,0x23c90380
14082,28446,8,0x23d2c0c0
14083,26851,8,0x23dc7e00
14084,27060,8,0x23e63b40
14085,29258,8,0x23eff880
14086,28546,8,0x23f9b5c0
14087,26729,8,0x24037300
14088,26749,8,0x240d3040
14089,28854,8,0x2416ed80
14090,39458,8,0x2420aac0
14091,27026,8,0x242a6800
14092,27906,8,0x24342540
14093,29773,8,0x243de280
14094,28556,8,0x24479fc0
14095,28464,8,0x24515d00
14096,29863,8,0x245b1a40
14097,28746,8,0x2464d780
14098,25039,8,0x246e94c0
14099,27916,8,0x24785200
14100,29606,8,0x24820f40
14101,33450,8,0x248bcc80
14102,33348,8,0x249589c0
14103,27680,8,0x249f4700
14104,30305,8,0x24a90440
14105,28826,8,0x24b2c180
14106,25846,8,0x24bc7ec0
14107,28197,8,0x24c63c00
14108,29930,8,0x24cff940
14109,29001,8,0x24d9b680
14110,25903,8,0x24e373c0
14111,26992,8,0x24ed3100
14112,30278,8,0x24f6ee40
14113,28435,8,0x2500ab80
14114,24982,8,0x250a68c0
14115,26713,8,0x25142600
14116,29658,8,0x251de340
14117,28199,8,0x2527a080
14118,25349,8,0x25315dc0
14119,29724,8,0x253b1b00
14120,30141,8,0x2544d840
14121,26142,8,0x254e9580
14122,25291,8,0x255852c0
14123,30937,8,0x25621000
14124,30910,8,0x256bcd40
14125,25909,8,0x25758a80
14126,25581,8,0x257f47c0
14127,29986,8,0x25890500
14128,29795,8,0x2592c240
14129,26226,8,0x259c7f80
14130,25515,8,0x25a63cc0
14131,29868,8,0x25affa00
14132,30671,8,0x25b9b740
14133,25753,8,0x25c37480
14134,32354,8,0x25cd31c0
14135,29735,8,0x25d6ef00
14136,44524,8,0x25e0ac40
14137,32331,8,0x25ea6980
14138,26083,8,0x25f426c0
14139,29532,8,0x25fde400
14140,30740,8,0x2607a140
14141,25355,8,0x26115e80
14142,28693,8,0x261b1bc0
14143,39175,8,0x2624d900
14144,26441,8,0x262e9640
14145,26861,8,0x26385380
14146,28856,8,0x264210c0
14147,30027,8,0x264bce00
14148,27330,8,0x26558b40
14149,25740,8,0x265f4880
14150,29176,8,0x266905c0
14151,29556,8,0x2672c300
14152,26730,8,0x267c8040
14153,25899,8,0x26863d80
14154,28630,8,0x268ffac0
14155,29567,8,0x2699b800
14156,26458,8,0x26a37540
14157,25641,8,0x26ad3280
14158,29244,8,0x26b6efc0
14159,29058,8,0x26c0ad00
14160,27047,8,0x26ca6a40
14161,26440,8,0x26d42780
14162,28812,8,0x26dde4c0
14163,29145,8,0x26e7a200
14164,27605,8,0x26f15f40
14165,28883,8,0x26fb1c80
14166,28467,8,0x2704d9c0
14167,27129,8,0x270e9700
14168,26806,8,0x27185440
14169,34575,8,0x27221180
14170,34878,8,0x272bcec0
14171,26913,8,0x27358c00
14172,27322,8,0x273f4940
14173,28691,8,0x27490680
14174,28960,8,0x2752c3c0
14175,27261,8,0x275c8100
14176,27094,8,0x27663e40
14177,28988,8,0x276ffb80
14178,28521,8,0x2779b8c0
14179,26208,8,0x27837600
14180,26742,8,0x278d3340
14181,28951,8,0x2796f080
14182,29039,8,0x27a0adc0
14183,26413,8,0x27aa6b00
14184,27680,8,0x27b42840
14185,28830,8,0x27bde580
14186,29251,8,0x27c7a2c0
14187,26243,8,0x27d16000
14188,30086,8,0x27db1d40
14189,28899,8,0x27e4da80
14190,25385,8,0x27ee97c0
14191,26111,8,0x27f85500
14192,29882,8,0x28021240
14193,28910,8,0x280bcf80
14194,25513,8,0x28158cc0
14195,26827,8,0x281f4a00
14196,31457,8,0x28290740
14197,29532,8,0x2832c480
14198,31777,8,0x283c81c0
14199,26840,8,0x28463f00
14200,35240,8,0x284ffc40
14201,34033,8,0x2859b980
14202,25943,8,0x286376c0
14203,26838,8,0x286d3400
14204,32587,8,0x2876f140
14205,28929,8,0x2880ae80
14206,25264,8,0x288a6bc0
14207,32144,8,0x28942900
14208,30374,8,0x289de640
14209,29088,8,0x28a7a380
14210,25619,8,0x28b160c0
14211,30259,8,0x28bb1e00
14212,30634,8,0x28c4db40
14213,28995,8,0x28ce9880
14214,26198,8,0x28d855c0
14215,29923,8,0x28e21300
14216,30563,8,0x28ebd040
14217,25918,8,0x28f58d80
14218,25266,8,0x28ff4ac0
14219,31005,8,0x29090800
14220,29921,8,0x2912c540
14221,25307,8,0x291c8280
14222,25410,8,0x29263fc0
14223,30026,8,0x292ffd00
14224,30287,8,0x2939ba40
14225,34240,8,0x29437780
14226,26798,8,0x294d34c0
14227,30358,8,0x2956f200
14228,31323,8,0x2960af40
14229,26593,8,0x296a6c80
14230,26527,8,0x297429c0
14231,29486,8,0x297de700
14232,29564,8,0x2987a440
14233,25613,8,0x29916180
14234,29092,8,0x299b1ec0
14235,30089,8,0x29a4dc00
14236,31849,8,0x29ae9940
14237,33523,8,0x29b85680
14238,30124,8,0x29c213c0
14239,30072,8,0x29cbd100
14240,26812,8,0x29d58e40
14241,25393,8,0x29df4b80
14242,28842,8,0x29e908c0
14243,30059,8,0x29f2c600
14244,27583,8,0x29fc8340
14245,25503,8,0x2a064080
14246,29528,8,0x2a0ffdc0
14247,30209,8,0x2a19bb00
14248,27544,8,0x2a237840
14249,25517,8,0x2a2d3580
14250,28562,8,0x2a36f2c0
14251,30600,8,0x2a40b000
14252,27122,8,0x2a4a6d40
14253,25682,8,0x2a542a80
14254,30524,8,0x2a5de7c0
14255,31868,8,0x2a67a500
14256,27041,8,0x2a716240
14257,29487,8,0x2a7b1f80
14258,28761,8,0x2a84dcc0
14259,30289,8,0x2a8e9a00
14260,27607,8,0x2a985740
14261,28617,8,0x2aa21480
14262,35534,8,0x2aabd1c0
14263,27000,8,0x2ab58f00
14264,32094,8,0x2abf4c40
14265,34218,8,0x2ac90980
14266,29568,8,0x2ad2c6c0
14267,27586,8,0x2adc8400
14268,26859,8,0x2ae64140
14269,29814,8,0x2aeffe80
14270,37859,8,0x2af9bbc0
14271,32654,8,0x2b037900
14272,28075,8,0x2b0d3640
14273,30050,8,0x2b16f380
14274,28948,8,0x2b20b0c0
14275,27131,8,0x2b2a6e00
14276,27284,8,0x2b342b40
14277,28173,8,0x2b3de880
14278,29967,8,0x2b47a5c0
14279,26976,8,0x2b516300
14280,26726,8,0x2b5b2040
14281,29166,8,0x2b64dd80
14282,28232,8,0x2b6e9ac0
14283,27415,8,0x2b785800
14284,30043,8,0x2b821540
14285,28485,8,0x2b8bd280
14286,25527,8,0x2b958fc0
14287,27357,8,0x2b9f4d00
14288,29467,8,0x2ba90a40
14289,29522,8,0x2bb2c780
14290,25503,8,0x2bbc84c0
14291,26628,8,0x2bc64200
14292,30868,8,0x2bcfff40
14293,28672,8,0x2bd9bc80
14294,26174,8,0x2be379c0
14295,27313,8,0x2bed3700
14296,30222,8,0x2bf6f440
14297,29207,8,0x2c00b180
14298,26492,8,0x2c0a6ec0
14299,26984,8,0x2c142c00
14300,30324,8,0x2c1de940
14301,29128,8,0x2c27a680
14302,26196,8,0x2c3163c0
14303,27265,8,0x2c3b2100
14304,37003,8,0x2c44de40
14305,33681,8,0x2c4e9b80
14306,26304,8,0x2c5858c0
14307,30180,8,0x2c621600
14308,30424,8,0x2c6bd340
14309,25727,8,0x2c759080
14310,26298,8,0x2c7f4dc0
14311,29450,8,0x2c890b00
14312,30478,8,0x2c92c840
14313,25939,8,0x2c9c8580
14314,25294,8,0x2ca642c0
14315,30403,8,0x2cb00000
14316,30943,8,0x2cb9bd40
14317,25663,8,0x2cc37a80
14318,26359,8,0x2ccd37c0
14319,30287,8,0x2cd6f500
14320,29968,8,0x2ce0b240
14321,26000,8,0x2cea6f80
14322,25532,8,0x2cf42cc0
14323,29400,8,0x2cfdea00
14324,31017,8,0x2d07a740
14325,26417,8,0x2d116480
14326,32470,8,0x2d1b21c0
14327,30822,8,0x2d24df00
14328,35217,8,0x2d2e9c40
14329,32005,8,0x2d385980
14330,29553,8,0x2d4216c0
14331,30801,8,0x2d4bd400
14332,27050,8,0x2d559140
14333,25656,8,0x2d5f4e80
14334,29176,8,0x2d690bc0
14335,35161,8,0x2d72c900
14336,27472,8,0x2d7c8640
14337,30885,8,0x2d864380
14338,37411,8,0x2d9000c0
14339,30571,8,0x2d99be00
14340,27457,8,0x2da37b40
14341,26205,8,0x2dad3880
14342,29878,8,0x2db6f5c0
14343,30216,8,0x2dc0b300
14344,27185,8,0x2dca7040
14345,26179,8,0x2dd42d80
14346,29287,8,0x2dddeac0
14347,30343,8,0x2de7a800
14348,27453,8,0x2df16540
14349,26514,8,0x2dfb2280
14350,29589,8,0x2e04dfc0
14351,29995,8,0x2e0e9d00
14352,27010,8,0x2e185a40
14353,29273,8,0x2e221780
14354,28908,8,0x2e2bd4c0
14355,27583,8,0x2e359200
14356,27195,8,0x2e3f4f40
14357,28007,8,0x2e490c80
14358,29110,8,0x2e52c9c0
14359,30759,8,0x2e5c8700
14360,27716,8,0x2e664440
14361,29417,8,0x2e700180
14362,29259,8,0x2e79bec0
14363,27619,8,0x2e837c00
14364,26965,8,0x2e8d3940
14365,28436,8,0x2e96f680
14366,29373,8,0x2ea0b3c0
14367,26126,8,0x2eaa7100
14368,27571,8,0x2eb42e40
14369,28690,8,0x2ebdeb80
14370,28858,8,0x2ec7a8c0
14371,26654,8,0x2ed16600
14372,29945,8,0x2edb2340
14373,29466,8,0x2ee4e080
14374,28382,8,0x2eee9dc0
14375,26755,8,0x2ef85b00
14376,30078,8,0x2f021840
14377,29382,8,0x2f0bd580
14378,25573,8,0x2f1592c0
14379,26690,8,0x2f1f5000
14380,29731,8,0x2f290d40
14381,28422,8,0x2f32ca80
14382,25841,8,0x2f3c87c0
14383,27064,8,0x2f464500
14384,28466,8,0x2f500240
14385,28098,8,0x2f59bf80
14386,24520,8,0x2f637cc0
14387,25061,8,0x2f6d3a00
14388,28536,8,0x2f76f740
14389,26972,8,0x2f80b480
14390,34438,8,0x2f8a71c0
14391,25217,8,0x2f942f00
14392,34894,8,0x2f9dec40
14393,32927,8,0x2fa7a980
14394,24852,8,0x2fb166c0
14395,24003,8,0x2fbb2400
14396,29287,8,0x2fc4e140
14397,28627,8,0x2fce9e80
14398,24249,8,0x2fd85bc0
14399,33901,8,0x2fe21900
14400,29429,8,0x2febd640
14401,24889,8,0x2ff59380
14402,24273,8,0x2fff50c0
14403,28575,8,0x30090e00
14404,28580,8,0x3012cb40
14405,25090,8,0x301c8880
14406,30955,8,0x302645c0
14407,29146,8,0x30300300
14408,30642,8,0x3039c040
14409,24668,8,0x30437d80
14410,24579,8,0x304d3ac0
14411,28205,8,0x3056f800
14412,28631,8,0x3060b540
14413,24639,8,0x306a7280
14414,24631,8,0x30742fc0
14415,28087,8,0x307ded00
14416,28696,8,0x3087aa40
14417,24734,8,0x30916780
14418,24200,8,0x309b24c0
14419,28118,8,0x30a4e200
14420,29385,8,0x30ae9f40
14421,24011,8,0x30b85c80
14422,27253,8,0x30c219c0
14423,28681,8,0x30cbd700
14424,25431,8,0x30d59440
14425,24952,8,0x30df5180
14426,27351,8,0x30e90ec0
14427,28043,8,0x30f2cc00
14428,25528,8,0x30fc8940
14429,23903,8,0x31064680
14430,28446,8,0x311003c0
14431,28138,8,0x3119c100
14432,26046,8,0x31237e40
14433,25412,8,0x312d3b80
14434,27382,8,0x3136f8c0
14435,27320,8,0x3140b600
14436,25385,8,0x314a7340
14437,24331,8,0x31543080
14438,27030,8,0x315dedc0
14439,29231,8,0x3167ab00
14440,25242,8,0x31716840
14441,25097,8,0x317b2580
14442,36008,8,0x3184e2c0
14443,28072,8,0x318ea000
14444,26263,8,0x31985d40
14445,28194,8,0x31a21a80
14446,28201,8,0x31abd7c0
14447,25105,8,0x31b59500
14448,26042,8,0x31bf5240
14449,27628,8,0x31c90f80
14450,27178,8,0x31d2ccc0
14451,25626,8,0x31dc8a00
14452,25073,8,0x31e64740
14453,28235,8,0x31f00480
14454,33680,8,0x31f9c1c0
14455,25542,8,0x32037f00
14456,30855,8,0x320d3c40
14457,32302,8,0x3216f980
14458,27959,8,0x3220b6c0
14459,24920,8,0x322a7400
14460,25927,8,0x32343140
14461,27228,8,0x323dee80
14462,27921,8,0x3247abc0
14463,31036,8,0x32516900
14464,25996,8,0x325b2640
14465,27223,8,0x3264e380
14466,27569,8,0x326ea0c0
14467,25987,8,0x32785e00
14468,27959,8,0x32821b40
14469,27430,8,0x328bd880
14470,24937,8,0x329595c0
14471,24929,8,0x329f5300
14472,28578,8,0x32a91040
14473,27583,8,0x32b2cd80
14474,25102,8,0x32bc8ac0
14475,25405,8,0x32c64800
14476,29377,8,0x32d00540
14477,33944,8,0x32d9c280
14478,30268,8,0x32e37fc0
14479,25171,8,0x32ed3d00
14480,28784,8,0x32f6fa40
14481,28358,8,0x3300b780
14482,24776,8,0x330a74c0
14483,25851,8,0x33143200
14484,28642,8,0x331def40
14485,27907,8,0x3327ac80
14486,24785,8,0x333169c0
14487,25340,8,0x333b2700
14488,28100,8,0x3344e440
14489,27590,8,0x334ea180
14490,24282,8,0x33585ec0
14491,28189,8,0x33621c00
14492,28640,8,0x336bd940
14493,24352,8,0x33759680
14494,25168,8,0x337f53c0
14495,28384,8,0x33891100
14496,28905,8,0x3392ce40
14497,24838,8,0x339c8b80
14498,24431,8,0x33a648c0
14499,28588,8,0x33b00600
14500,28802,8,0x33b9c340
14501,35275,8,0x33c38080
14502,25046,8,0x33cd3dc0
14503,29891,8,0x33d6fb00
14504,29099,8,0x33e0b840
14505,23982,8,0x33ea7580
14506,24045,8,0x33f432c0
14507,28572,8,0x33fdf000
14508,29210,8,0x3407ad40
14509,23974,8,0x34116a80
14510,24214,8,0x341b27c0
14511,29114,8,0x3424e500
14512,29643,8,0x342ea240
14513,32957,8,0x34385f80
14514,32852,8,0x34421cc0
14515,28195,8,0x344bda00
14516,25916,8,0x34559740
14517,24484,8,0x345f5480
14518,33676,8,0x346911c0
14519,27671,8,0x3472cf00
14520,30996,8,0x347c8c40
14521,30268,8,0x34864980
14522,27978,8,0x349006c0
14523,28129,8,0x3499c400
14524,25662,8,0x34a38140
14525,24120,8,0x34ad3e80
14526,27525,8,0x34b6fbc0
14527,34119,8,0x34c0b900
14528,25844,8,0x34ca7640
14529,24904,8,0x34d43380
14530,27840,8,0x34ddf0c0
14531,28629,8,0x34e7ae00
14532,25260,8,0x34f16b40
14533,24718,8,0x34fb2880
14534,27798,8,0x3504e5c0
14535,29652,8,0x350ea300
14536,25354,8,0x35186040
14537,28350,8,0x35221d80
14538,27280,8,0x352bdac0
14539,25446,8,0x35359800
14540,25477,8,0x353f5540
14541,27175,8,0x35491280
14542,27760,8,0x3552cfc0
14543,25260,8,0x355c8d00
14544,26189,8,0x35664a40
14545,27420,8,0x35700780
14546,27444,8,0x3579c4c0
14547,25775,8,0x35838200
14548,34194,8,0x358d3f40
14549,28458,8,0x3596fc80
14550,27863,8,0x35a0b9c0
14551,25907,8,0x35aa7700
14552,25788,8,0x35b43440
14553,28115,8,0x35bdf180
14554,28568,8,0x35c7aec0
14555,25374,8,0x35d16c00
14556,25851,8,0x35db2940
14557,27301,8,0x35e4e680
14558,27520,8,0x35eea3c0
14559,25620,8,0x35f86100
14560,28863,8,0x36021e40
14561,27646,8,0x360bdb80
14562,27496,8,0x361598c0
14563,25511,8,0x361f5600
14564,28986,8,0x36291340
14565,27309,8,0x3632d080
14566,24611,8,0x363c8dc0
14567,25240,8,0x36464b00
14568,28633,8,0x36500840
14569,27813,8,0x3659c580
14570,25126,8,0x366382c0
14571,25387,8,0x366d4000
14572,28522,8,0x3676fd40
14573,27974,8,0x3680ba80
14574,24268,8,0x368a77c0
14575,26366,8,0x36943500
14576,28596,8,0x369df240
14577,27706,8,0x36a7af80
14578,24277,8,0x36b16cc0
14579,25831,8,0x36bb2a00
14580,28074,8,0x36c4e740
14581,27898,8,0x36cea480
14582,31224,8,0x36d861c0
14583,28998,8,0x36e21f00
14584,39468,8,0x36ebdc40
14585,32186,8,0x36f59980
14586,25468,8,0x36ff56c0
14587,28792,8,0x37091400
14588,29576,8,0x3712d140
14589,24830,8,0x371c8e80
14590,24153,8,0x37264bc0
14591,34389,8,0x37300900
14592,29463,8,0x3739c640
14593,26877,8,0x37438380
14594,25362,8,0x374d40c0
14595,29180,8,0x3756fe00
14596,29010,8,0x3760bb40
14597,25809,8,0x376a7880
14598,24573,8,0x377435c0
14599,29021,8,0x377df300
14600,29600,8,0x3787b040
14601,25833,8,0x37916d80
14602,25090,8,0x379b2ac0
14603,28637,8,0x37a4e800
14604,29508,8,0x37aea540
14605,25137,8,0x37b86280
14606,28281,8,0x37c21fc0
14607,29476,8,0x37cbdd00
14608,29364,8,0x37d59a40
14609,25246,8,0x37df5780
14610,27749,8,0x37e914c0
14611,28969,8,0x37f2d200
14612,26175,8,0x37fc8f40
14613,24572,8,0x38064c80
14614,27837,8,0x381009c0
14615,28966,8,0x3819c700
14616,25613,8,0x38238440
14617,25452,8,0x382d4180
14618,36813,8,0x3836fec0
14619,28675,8,0x3840bc00
14620,27921,8,0x384a7940
14621,25333,8,0x38543680
14622,28307,8,0x385df3c0
14623,29042,8,0x3867b100
14624,26699,8,0x38716e40
14625,25270,8,0x387b2b80
14626,28288,8,0x3884e8c0
14627,29255,8,0x388ea600
14628,26526,8,0x38986340
14629,24594,8,0x38a22080
14630,28316,8,0x38abddc0
14631,28944,8,0x38b59b00
14632,25966,8,0x38bf5840
14633,28440,8,0x38c91580
14634,28106,8,0x38d2d2c0
14635,25399,8,0x38dc9000
14636,25873,8,0x38e64d40
14637,27562,8,0x38f00a80
14638,27481,8,0x38f9c7c0
14639,26100,8,0x39038500
14640,25831,8,0x390d4240
14641,40923,8,0x3916ff80
14642,28743,8,0x3920bcc0
14643,27056,8,0x392a7a00
14644,26293,8,0x39343740
14645,27411,8,0x393df480
14646,34514,8,0x3947b1c0
14647,26316,8,0x39516f00
14648,31187,8,0x395b2c40
14649,32424,8,0x3964e980
14650,28149,8,0x396ea6c0
14651,25720,8,0x39786400
14652,31120,8,0x39822140
14653,34683,8,0x398bde80
14654,29088,8,0x39959bc0
14655,31919,8,0x399f5900
14656,28961,8,0x39a91640
14657,27342,8,0x39b2d380
14658,24676,8,0x39bc90c0
14659,25962,8,0x39c64e00
14660,29022,8,0x39d00b40
14661,27553,8,0x39d9c880
14662,24843,8,0x39e385c0
14663,26141,8,0x39ed4300
14664,29353,8,0x39f70040
14665,28453,8,0x3a00bd80
14666,25010,8,0x3a0a7ac0
14667,26124,8,0x3a143800
14668,29762,8,0x3a1df540
14669,27991,8,0x3a27b280
14670,24500,8,0x3a316fc0
14671,25375,8,0x3a3b2d00
14672,28695,8,0x3a44ea40
14673,29064,8,0x3a4ea780
14674,24681,8,0x3a5864c0
14675,25644,8,0x3a622200
14676,30258,8,0x3a6bdf40
14677,27651,8,0x3a759c80
14678,25121,8,0x3a7f59c0
14679,29287,8,0x3a891700
14680,28942,8,0x3a92d440
14681,24932,8,0x3a9c9180
14682,24706,8,0x3aa64ec0
14683,30132,8,0x3ab00c00
14684,29386,8,0x3ab9c940
14685,24867,8,0x3ac38680
14686,24468,8,0x3acd43c0
14687,29240,8,0x3ad70100
14688,32170,8,0x3ae0be40
14689,25029,8,0x3aea7b80
14690,24550,8,0x3af438c0
14691,29264,8,0x3afdf600
14692,29820,8,0x3b07b340
14693,24777,8,0x3b117080
14694,24578,8,0x3b1b2dc0
14695,29407,8,0x3b24eb00
14696,29534,8,0x3b2ea840
14697,24190,8,0x3b386580
14698,24195,8,0x3b4222c0
14699,28547,8,0x3b4be000
14700,29947,8,0x3b559d40
14701,25157,8,0x3b5f5a80
14702,27790,8,0x3b6917c0
14703,29878,8,0x3b72d500
14704,120871,8,0x3b7c9240
14705,37735,8,0x3b864f80
14706,29330,8,0x3b900cc0
14707,30418,8,0x3b99ca00
14708,31558,8,0x3ba38740
14709,26245,8,0x3bad4480
14710,42416,8,0x3bb701c0
14711,28034,8,0x3bc0bf00
14712,49372,8,0x3bca7c40
14713,41519,8,0x3bd43980
14714,30581,8,0x3bddf6c0
14715,28371,8,0x3be7b400
14716,26662,8,0x3bf17140
14717,25034,8,0x3bfb2e80
14718,29921,8,0x3c04ebc0
14719,32877,8,0x3c0ea900
14720,28353,8,0x3c186640
14721,25700,8,0x3c222380
14722,30753,8,0x3c2be0c0
14723,28658,8,0x3c359e00
14724,25989,8,0x3c3f5b40
14725,31170,8,0x3c491880
14726,29994,8,0x3c52d5c0
14727,25596,8,0x3c5c9300
14728,26725,8,0x3c665040
14729,29121,8,0x3c700d80
14730,29571,8,0x3c79cac0
14731,24903,8,0x3c838800
14732,26319,8,0x3c8d4540
14733,28678,8,0x3c970280
14734,30436,8,0x3ca0bfc0
14735,25115,8,0x3caa7d00
14736,26135,8,0x3cb43a40
14737,28541,8,0x3cbdf780
14738,30766,8,0x3cc7b4c0
14739,25686,8,0x3cd17200
14740,27403,8,0x3cdb2f40
14741,28495,8,0x3ce4ec80
14742,29621,8,0x3ceea9c0
14743,25177,8,0x3cf86700
14744,25759,8,0x3d022440
14745,28301,8,0x3d0be180
14746,30042,8,0x3d159ec0
14747,25537,8,0x3d1f5c00
14748,29854,8,0x3d291940
14749,27727,8,0x3d32d680
14750,26385,8,0x3d3c93c0
14751,25379,8,0x3d465100
14752,29890,8,0x3d500e40
14753,29031,8,0x3d59cb80
14754,26082,8,0x3d6388c0
14755,25488,8,0x3d6d4600
14756,29299,8,0x3d770340
14757,27696,8,0x3d80c080
14758,25949,8,0x3d8a7dc0
14759,25787,8,0x3d943b00
14760,29177,8,0x3d9df840
14761,28589,8,0x3da7b580
14762,26070,8,0x3db172c0
14763,25565,8,0x3dbb3000
14764,29204,8,0x3dc4ed40
14765,28324,8,0x3dceaa80
14766,26469,8,0x3dd867c0
14767,25582,8,0x3de22500
14768,29598,8,0x3debe240
14769,28648,8,0x3df59f80
14770,26291,8,0x3dff5cc0
14771,27978,8,0x3e091a00
14772,29130,8,0x3e12d740
14773,25314,8,0x3e1c9480
14774,31727,8,0x3e2651c0
14775,35310,8,0x3e300f00
14776,36941,8,0x3e39cc40
14777,31199,8,0x3e438980
14778,26058,8,0x3e4d46c0
14779,28545,8,0x3e570400
14780,30069,8,0x3e60c140
14781,24779,8,0x3e6a7e80
14782,26660,8,0x3e743bc0
14783,33141,8,0x3e7df900
14784,30413,8,0x3e87b640
14785,24665,8,0x3e917380
14786,26901,8,0x3e9b30c0
14787,29727,8,0x3ea4ee00
14788,30006,8,0x3eaeab40
14789,25516,8,0x3eb86880
14790,26714,8,0x3ec225c0
14791,28795,8,0x3ecbe300
14792,29441,8,0x3ed5a040
14793,25980,8,0x3edf5d80
14794,29804,8,0x3ee91ac0
14795,28789,8,0x3ef2d800
14796,26072,8,0x3efc9540
14797,25296,8,0x3f065280
14798,29486,8,0x3f100fc0
14799,29035,8,0x3f19cd00
14800,25816,8,0x3f238a40
14801,25308,8,0x3f2d4780
14802,30092,8,0x3f3704c0
14803,27964,8,0x3f40c200
14804,26412,8,0x3f4a7f40
14805,25185,8,0x3f543c80
14806,29260,8,0x3f5df9c0
14807,27992,8,0x3f67b700
14808,26486,8,0x3f717440
14809,25968,8,0x3f7b3180
14810,29245,8,0x3f84eec0
14811,28683,8,0x3f8eac00
14812,26900,8,0x3f986940
14813,25002,8,0x3fa22680
14814,29472,8,0x3fabe3c0
14815,28560,8,0x3fb5a100
14816,26320,8,0x3fbf5e40
14817,29143,8,0x3fc91b80
14818,29628,8,0x3fd2d8c0
14819,26069,8,0x3fdc9600
14820,26510,8,0x3fe65340
14821,29399,8,0x3ff01080
14822,29974,8,0x3ff9cdc0
14823,26905,8,0x38b40
14824,27432,8,0xd4880
14825,28692,8,0x1705c0
14826,30395,8,0x20c300
14827,27143,8,0x2a8040
14828,26893,8,0x343d80
14829,29418,8,0x3dfac0
14830,29793,8,0x47b800
14831,26284,8,0x517540
14832,27075,8,0x5b3280
14833,28919,8,0x64efc0
14834,29091,8,0x6ead00
14835,25773,8,0x786a40
14836,26444,8,0x822780
14837,28781,8,0x8be4c0
14838,36813,8,0x95a200
14839,26066,8,0x9f5f40
14840,35386,8,0xa91c80
14841,32736,8,0xb2d9c0
14842,26977,8,0xbc9700
14843,26225,8,0xc65440
14844,29719,8,0xd01180
14845,28759,8,0xd9cec0
14846,26356,8,0xe38c00
14847,30810,8,0xed4940
14848,29017,8,0xf70680
14849,26961,8,0x100c3c0
14850,26259,8,0x10a8100
14851,25344,8,0x1143e40
14852,28364,8,0x11dfb80
14853,28444,8,0x127b8c0
14854,26601,8,0x1317600
14855,25135,8,0x13b3340
14856,29792,8,0x144f080
14857,27577,8,0x14eadc0
14858,26724,8,0x1586b00
14859,25407,8,0x1622840
14860,29525,8,0x16be580
14861,28393,8,0x175a2c0
14862,26791,8,0x17f6000
14863,28410,8,0x1891d40
14864,29242,8,0x192da80
14865,25944,8,0x19c97c0
14866,26448,8,0x1a65500
14867,28649,8,0x1b01240
14868,29913,8,0x1b9cf80
14869,25874,8,0x1c38cc0
14870,26109,8,0x1cd4a00
14871,28381,8,0x1d70740
14872,28939,8,0x1e0c480
14873,25469,8,0x1ea81c0
14874,26777,8,0x1f43f00
14875,28163,8,0x1fdfc40
14876,29920,8,0x207b980
14877,25903,8,0x21176c0
14878,26101,8,0x21b3400
14879,29031,8,0x224f140
14880,29082,8,0x22eae80
14881,25659,8,0x2386bc0
14882,26588,8,0x2422900
14883,28674,8,0x24be640
14884,29292,8,0x255a380
14885,26127,8,0x25f60c0
14886,29516,8,0x2691e00
14887,28773,8,0x272db40
14888,29189,8,0x27c9880
14889,25432,8,0x28655c0
14890,30232,8,0x2901300
14891,29447,8,0x299d040
14892,26430,8,0x2a38d80
14893,26264,8,0x2ad4ac0
14894,29603,8,0x2b70800
14895,28999,8,0x2c0c540
14896,26584,8,0x2ca8280
14897,25315,8,0x2d43fc0
14898,29333,8,0x2ddfd00
14899,28334,8,0x2e7ba40
14900,26639,8,0x2f17780
14901,26405,8,0x2fb34c0
14902,36824,8,0x304f200
14903,28438,8,0x30eaf40
14904,32471,8,0x3186c80
14905,31127,8,0x32229c0
14906,29694,8,0x32be700
14907,29363,8,0x335a440
14908,26993,8,0x33f6180
14909,28920,8,0x3491ec0
14910,30002,8,0x352dc00
14911,34173,8,0x35c9940
14912,36357,8,0x3665680
14913,37546,8,0x37013c0
14914,28362,8,0x379d100
14915,25979,8,0x3838e40
14916,25876,8,0x38d4b80
14917,28788,8,0x39708c0
14918,60541,8,0x3a0c600
14919,26445,8,0x3aa8340
14920,25437,8,0x3b44080
14921,28136,8,0x3bdfdc0
14922,34260,8,0x3c7bb00
14923,26691,8,0x3d17840
14924,25950,8,0x3db3580
14925,28497,8,0x3e4f2c0
14926,33302,8,0x3eeb000
14927,27263,8,0x3f86d40
14928,25391,8,0x4022a80
14929,28940,8,0x40be7c0
14930,30989,8,0x415a500
14931,26950,8,0x41f6240
14932,29097,8,0x4291f80
14933,28100,8,0x432dcc0
14934,30812,8,0x43c9a00
14935,26632,8,0x4465740
14936,28564,8,0x4501480
14937,28304,8,0x459d1c0
14938,27390,8,0x4638f00
14939,26455,8,0x46d4c40
14940,28447,8,0x4770980
14941,28562,8,0x480c6c0
14942,26505,8,0x48a8400
14943,26351,8,0x4944140
14944,28583,8,0x49dfe80
14945,28913,8,0x4a7bbc0
14946,26032,8,0x4b17900
14947,26592,8,0x4bb3640
14948,28919,8,0x4c4f380
14949,28274,8,0x4ceb0c0
14950,26410,8,0x4d86e00
14951,26172,8,0x4e22b40
14952,28570,8,0x4ebe880
14953,28994,8,0x4f5a5c0
14954,26873,8,0x4ff6300
14955,26507,8,0x5092040
14956,28452,8,0x512dd80
14957,28684,8,0x51c9ac0
14958,26341,8,0x5265800
14959,29612,8,0x5301540
14960,29196,8,0x539d280
14961,26222,8,0x5438fc0
14962,26446,8,0x54d4d00
14963,29518,8,0x5570a40
14964,34260,8,0x560c780
14965,30831,8,0x56a84c0
14966,26365,8,0x5744200
14967,30558,8,0x57dff40
14968,28502,8,0x587bc80
14969,25711,8,0x59179c0
14970,25940,8,0x59b3700
14971,29707,8,0x5a4f440
14972,28428,8,0x5aeb180
14973,25618,8,0x5b86ec0
14974,42499,8,0x5c22c00
14975,34975,8,0x5cbe940
14976,28791,8,0x5d5a680
14977,25795,8,0x5df63c0
14978,26748,8,0x5e92100
14979,29233,8,0x5f2de40
14980,28296,8,0x5fc9b80
14981,26076,8,0x60658c0
14982,30488,8,0x6101600
14983,29804,8,0x619d340
14984,26241,8,0x6239080
14985,26099,8,0x62d4dc0
14986,29841,8,0x6370b00
14987,29940,8,0x640c840
14988,26160,8,0x64a8580
14989,25752,8,0x65442c0
14990,30037,8,0x65e0000
14991,30659,8,0x667bd40
14992,25450,8,0x6717a80
14993,25789,8,0x67b37c0
14994,30095,8,0x684f500
14995,29991,8,0x68eb240
14996,26436,8,0x6986f80
14997,31656,8,0x6a22cc0
14998,30144,8,0x6abea00
14999,30593,8,0x6b5a740
15000,25995,8,0x6bf6480
15001,26422,8,0x6c921c0
15002,29330,8,0x6d2df00
15003,31048,8,0x6dc9c40
15004,26166,8,0x6e65980
15005,28171,8,0x6f016c0
15006,29153,8,0x6f9d400
15007,26364,8,0x7039140
15008,26424,8,0x70d4e80
15009,29815,8,0x7170bc0
15010,29883,8,0x720c900
15011,26221,8,0x72a8640
15012,25438,8,0x7344380
15013,28867,8,0x73e00c0
15014,29127,8,0x747be00
15015,27172,8,0x7517b40
15016,25515,8,0x75b3880
15017,29326,8,0x764f5c0
15018,38103,8,0x76eb300
15019,26965,8,0x7787040
15020,25930,8,0x7822d80
15021,28568,8,0x78beac0
15022,29228,8,0x795a800
15023,26585,8,0x79f6540
15024,25426,8,0x7a92280
15025,29333,8,0x7b2dfc0
15026,30252,8,0x7bc9d00
15027,26190,8,0x7c65a40
15028,34812,8,0x7d01780
15029,33087,8,0x7d9d4c0
15030,27314,8,0x7e39200
15031,27652,8,0x7ed4f40
15032,29144,8,0x7f70c80
15033,29372,8,0x800c9c0
15034,26869,8,0x80a8700
15035,26629,8,0x8144440
15036,28216,8,0x81e0180
15037,29689,8,0x827bec0
15038,32565,8,0x8317c00
15039,31936,8,0x83b3940
15040,29144,8,0x844f680
15041,28997,8,0x84eb3c0
15042,26382,8,0x8587100
15043,26663,8,0x8622e40
15044,28750,8,0x86beb80
15045,30658,8,0x875a8c0
15046,26445,8,0x87f6600
15047,32221,8,0x8892340
15048,28963,8,0x892e080
15049,29289,8,0x89c9dc0
15050,28427,8,0x8a65b00
15051,29389,8,0x8b01840
15052,28971,8,0x8b9d580
15053,25824,8,0x8c392c0
15054,27018,8,0x8cd5000
15055,30640,8,0x8d70d40
15056,28856,8,0x8e0ca80
15057,25488,8,0x8ea87c0
15058,26739,8,0x8f44500
15059,30545,8,0x8fe0240
15060,28954,8,0x907bf80
15061,26153,8,0x9117cc0
15062,27377,8,0x91b3a00
15063,30032,8,0x924f740
15064,29692,8,0x92eb480
15065,24900,8,0x93871c0
15066,26337,8,0x9422f00
15067,29699,8,0x94bec40
15068,29668,8,0x955a980
15069,25805,8,0x95f66c0
15070,26130,8,0x9692400
15071,29746,8,0x972e140
15072,28823,8,0x97c9e80
15073,26602,8,0x9865bc0
15074,30836,8,0x9901900
15075,30337,8,0x999d640
15076,25762,8,0x9a39380
15077,25680,8,0x9ad50c0
15078,30962,8,0x9b70e00
15079,30441,8,0x9c0cb40
15080,25372,8,0x9ca8880
15081,26229,8,0x9d445c0
15082,30147,8,0x9de0300
15083,30098,8,0x9e7c040
15084,26072,8,0x9f17d80
15085,26014,8,0x9fb3ac0
15086,29599,8,0xa04f800
15087,29866,8,0xa0eb540
15088,25294,8,0xa187280
15089,25645,8,0xa222fc0
15090,29676,8,0xa2bed00
15091,29766,8,0xa35aa40
15092,31465,8,0xa3f6780
15093,30471,8,0xa4924c0
15094,29849,8,0xa52e200
15095,29868,8,0xa5c9f40
15096,25754,8,0xa665c80
15097,28854,8,0xa7019c0
15098,30290,8,0xa79d700
15099,26792,8,0xa839440
15100,25944,8,0xa8d5180
15101,28887,8,0xa970ec0
15102,35434,8,0xaa0cc00
15103,32308,8,0xaaa8940
15104,26901,8,0xab44680
15105,29063,8,0xabe03c0
15106,29774,8,0xac7c100
15107,27066,8,0xad17e40
15108,26369,8,0xadb3b80
15109,29052,8,0xae4f8c0
15110,30200,8,0xaeeb600
15111,26986,8,0xaf87340
15112,25979,8,0xb023080
15113,29091,8,0xb0bedc0
15114,29690,8,0xb15ab00
15115,27179,8,0xb1f6840
15116,25586,8,0xb292580
15117,29214,8,0xb32e2c0
15118,30572,8,0xb3ca000
15119,26648,8,0xb465d40
15120,28877,8,0xb501a80
15121,28729,8,0xb59d7c0
15122,26114,8,0xb639500
15123,27348,8,0xb6d5240
15124,29314,8,0xb770f80
15125,28823,8,0xb80ccc0
15126,27321,8,0xb8a8a00
15127,27527,8,0xb944740
15128,29253,8,0xb9e0480
15129,30061,8,0xba7c1c0
15130,26652,8,0xbb17f00
15131,26331,8,0xbbb3c40
15132,29186,8,0xbc4f980
15133,29333,8,0xbceb6c0
15134,26208,8,0xbd87400
15135,26994,8,0xbe23140
15136,28974,8,0xbebee80
15137,28660,8,0xbf5abc0
15138,26483,8,0xbff6900
15139,26577,8,0xc092640
15140,28826,8,0xc12e380
15141,29169,8,0xc1ca0c0
15142,26374,8,0xc265e00
15143,30702,8,0xc301b40
15144,28443,8,0xc39d880
15145,25834,8,0xc4395c0
15146,26201,8,0xc4d5300
15147,30015,8,0xc571040
15148,29412,8,0xc60cd80
15149,26263,8,0xc6a8ac0
15150,27397,8,0xc744800
15151,30094,8,0xc7e0540
15152,29267,8,0xc87c280
15153,26614,8,0xc917fc0
15154,26989,8,0xc9b3d00
15155,30330,8,0xca4fa40
15156,34689,8,0xcaeb780
15157,30777,8,0xcb874c0
15158,26164,8,0xcc23200
15159,31022,8,0xccbef40
15160,28672,8,0xcd5ac80
15161,26491,8,0xcdf69c0
15162,27232,8,0xce92700
15163,30372,8,0xcf2e440
15164,28545,8,0xcfca180
15165,26339,8,0xd065ec0
15166,40398,8,0xd101c00
15167,35870,8,0xd19d940
15168,26961,8,0xd239680
15169,25165,8,0xd2d53c0
15170,30626,8,0xd371100
15171,29799,8,0xd40ce40
15172,26320,8,0xd4a8b80
15173,25125,8,0xd5448c0
15174,29688,8,0xd5e0600
15175,30026,8,0xd67c340
15176,26630,8,0xd718080
15177,26518,8,0xd7b3dc0
15178,29618,8,0xd84fb00
15179,29097,8,0xd8eb840
15180,26426,8,0xd987580
15181,25780,8,0xda232c0
15182,29963,8,0xdabf000
15183,29944,8,0xdb5ad40
15184,34213,8,0xdbf6a80
15185,25946,8,0xdc927c0
15186,32840,8,0xdd2e500
15187,29935,8,0xddca240
15188,26304,8,0xde65f80
15189,28859,8,0xdf01cc0
15190,30366,8,0xdf9da00
15191,26132,8,0xe039740
15192,26416,8,0xe0d5480
15193,29260,8,0xe1711c0
15194,29935,8,0xe20cf00
15195,27015,8,0xe2a8c40
15196,26020,8,0xe344980
15197,29704,8,0xe3e06c0
15198,29521,8,0xe47c400
15199,27128,8,0xe518140
15200,26322,8,0xe5b3e80
15201,28912,8,0xe64fbc0
15202,30229,8,0xe6eb900
15203,26471,8,0xe787640
15204,25882,8,0xe823380
15205,29037,8,0xe8bf0c0
15206,29252,8,0xe95ae00
15207,26985,8,0xe9f6b40
15208,25963,8,0xea92880
15209,28962,8,0xeb2e5c0
15210,29795,8,0xebca300
15211,27597,8,0xec66040
15212,29159,8,0xed01d80
15213,28644,8,0xed9dac0
15214,26713,8,0xee39800
15215,27174,8,0xeed5540
15216,28976,8,0xef71280
15217,29059,8,0xf00cfc0
15218,26441,8,0xf0a8d00
15219,27135,8,0xf144a40
15220,34084,8,0xf1e0780
15221,36971,8,0xf27c4c0
15222,27338,8,0xf318200
15223,28183,8,0xf3b3f40
15224,29378,8,0xf44fc80
15225,28893,8,0xf4eb9c0
15226,27177,8,0xf587700
15227,27097,8,0xf623440
15228,29779,8,0xf6bf180
15229,29801,8,0xf75aec0
15230,32888,8,0xf7f6c00
15231,32137,8,0xf892940
15232,29138,8,0xf92e680
15233,28612,8,0xf9ca3c0
15234,27548,8,0xfa66100
15235,30104,8,0xfb01e40
15236,29306,8,0xfb9db80
15237,29159,8,0xfc398c0
15238,27674,8,0xfcd5600
15239,30131,8,0xfd71340
15240,29087,8,0xfe0d080
15241,26172,8,0xfea8dc0
15242,29381,8,0xff44b00
15243,32748,8,0xffe0840
15244,31778,8,0x1007c580
15245,26449,8,0x101182c0
15246,26358,8,0x101b4000
15247,29138,8,0x1024fd40
15248,28622,8,0x102eba80
15249,25364,8,0x103877c0
15250,25902,8,0x10423500
15251,30278,8,0x104bf240
15252,29030,8,0x1055af80
15253,25855,8,0x105f6cc0
15254,26443,8,0x10692a00
15255,30548,8,0x1072e740
15256,28447,8,0x107ca480
15257,25596,8,0x108661c0
15258,30352,8,0x10901f00
15259,30725,8,0x1099dc40
15260,28627,8,0x10a39980
15261,25746,8,0x10ad56c0
15262,30174,8,0x10b71400
15263,30766,8,0x10c0d140
15264,26787,8,0x10ca8e80
15265,25683,8,0x10d44bc0
15266,29516,8,0x10de0900
15267,30476,8,0x10e7c640
15268,26252,8,0x10f18380
15269,25883,8,0x10fb40c0
15270,29987,8,0x1104fe00
15271,30428,8,0x110ebb40
15272,26476,8,0x11187880
15273,25899,8,0x112235c0
15274,29862,8,0x112bf300
15275,30910,8,0x1135b040
15276,25721,8,0x113f6d80
15277,25883,8,0x11492ac0
15278,29833,8,0x1152e800
15279,29855,8,0x115ca540
15280,25971,8,0x11666280
15281,29833,8,0x11701fc0
15282,30555,8,0x1179dd00
15283,32017,8,0x11839a40
15284,31543,8,0x118d5780
15285,34221,8,0x119714c0
15286,30423,8,0x11a0d200
15287,27885,8,0x11aa8f40
15288,26790,8,0x11b44c80
15289,30127,8,0x11be09c0
15290,29912,8,0x11c7c700
15291,27069,8,0x11d18440
15292,26208,8,0x11db4180
15293,28394,8,0x11e4fec0
15294,36526,8,0x11eebc00
15295,31810,8,0x11f87940
15296,26903,8,0x12023680
15297,29871,8,0x120bf3c0
15298,30138,8,0x1215b100
15299,27571,8,0x121f6e40
15300,25764,8,0x12292b80
15301,29185,8,0x1232e8c0
15302,30039,8,0x123ca600
15303,28049,8,0x12466340
15304,26620,8,0x12502080
15305,29258,8,0x1259ddc0
15306,30193,8,0x12639b00
15307,27045,8,0x126d5840
15308,29280,8,0x12771580
15309,29406,8,0x1280d2c0
15310,27353,8,0x128a9000
15311,26986,8,0x12944d40
15312,28908,8,0x129e0a80
15313,29881,8,0x12a7c7c0
15314,26575,8,0x12b18500
15315,26940,8,0x12bb4240
15316,29754,8,0x12c4ff80
15317,28154,8,0x12cebcc0
15318,26693,8,0x12d87a00
15319,35489,8,0x12e23740
15320,29385,8,0x12ebf480
15321,29924,8,0x12f5b1c0
15322,26836,8,0x12ff6f00
15323,27050,8,0x13092c40
15324,29187,8,0x1312e980
15325,28591,8,0x131ca6c0
15326,26015,8,0x13266400
15327,26947,8,0x13302140
15328,29133,8,0x1339de80
15329,29517,8,0x13439bc0
15330,27151,8,0x134d5900
15331,29955,8,0x13571640
15332,28749,8,0x1360d380
15333,26036,8,0x136a90c0
15334,26987,8,0x13744e00
15335,30841,8,0x137e0b40
15336,28884,8,0x1387c880
15337,26645,8,0x139185c0
15338,26513,8,0x139b4300
15339,29751,8,0x13a50040
15340,28970,8,0x13aebd80
15341,26587,8,0x13b87ac0
15342,27000,8,0x13c23800
15343,29819,8,0x13cbf540
15344,29128,8,0x13d5b280
15345,25470,8,0x13df6fc0
15346,26291,8,0x13e92d00
15347,30704,8,0x13f2ea40
15348,34000,8,0x13fca780
15349,31434,8,0x140664c0
15350,26887,8,0x14102200
15351,30475,8,0x1419df40
15352,28951,8,0x14239c80
15353,26169,8,0x142d59c0
15354,30438,8,0x14371700
15355,29224,8,0x1440d440
15356,25898,8,0x144a9180
15357,25720,8,0x14544ec0
15358,35000,8,0x145e0c00
15359,35791,8,0x1467c940
15360,25594,8,0x14718680
15361,25859,8,0x147b43c0
15362,30058,8,0x14850100
15363,31015,8,0x148ebe40
15364,26374,8,0x14987b80
15365,26331,8,0x14a238c0
15366,30649,8,0x14abf600
15367,30151,8,0x14b5b340
15368,26792,8,0x14bf7080
15369,26176,8,0x14c92dc0
15370,29396,8,0x14d2eb00
15371,31247,8,0x14dca840
15372,26619,8,0x14e66580
15373,25532,8,0x14f022c0
15374,30045,8,0x14f9e000
15375,30068,8,0x15039d40
15376,26464,8,0x150d5a80
15377,28454,8,0x151717c0
15378,29580,8,0x1520d500
15379,27204,8,0x152a9240
15380,26828,8,0x15344f80
15381,28145,8,0x153e0cc0
15382,30590,8,0x1547ca00
15383,26646,8,0x15518740
15384,26001,8,0x155b4480
15385,28749,8,0x156501c0
15386,30050,8,0x156ebf00
15387,27368,8,0x15787c40
15388,26460,8,0x15823980
15389,29222,8,0x158bf6c0
15390,30682,8,0x1595b400
15391,26627,8,0x159f7140
15392,25725,8,0x15a92e80
15393,29278,8,0x15b2ebc0
15394,29950,8,0x15bca900
15395,27120,8,0x15c66640
15396,26445,8,0x15d02380
15397,28655,8,0x15d9e0c0
15398,31039,8,0x15e39e00
15399,27571,8,0x15ed5b40
15400,30072,8,0x15f71880
15401,29585,8,0x1600d5c0
15402,27582,8,0x160a9300
15403,26941,8,0x16145040
15404,29178,8,0x161e0d80
15405,28896,8,0x1627cac0
15406,26878,8,0x16318800
15407,26844,8,0x163b4540
15408,27690,8,0x16450280
15409,27337,8,0x164ebfc0
15410,25488,8,0x16587d00
15411,25426,8,0x16623a40
15412,31786,8,0x166bf780
15413,31977,8,0x1675b4c0
15414,25313,8,0x167f7200
15415,25061,8,0x16892f40
15416,28624,8,0x1692ec80
15417,26755,8,0x169ca9c0
15418,25990,8,0x16a66700
15419,26011,8,0x16b02440
15420,28081,8,0x16b9e180
15421,27980,8,0x16c39ec0
15422,30838,8,0x16cd5c00
15423,33713,8,0x16d71940
15424,27583,8,0x16e0d680
15425,24566,8,0x16ea93c0
15426,25234,8,0x16f45100
15427,28260,8,0x16fe0e40
15428,27589,8,0x1707cb80
15429,24792,8,0x171188c0
15430,25458,8,0x171b4600
15431,30098,8,0x17250340
15432,34915,8,0x172ec080
15433,30940,8,0x17387dc0
15434,25309,8,0x17423b00
15435,29821,8,0x174bf840
15436,27446,8,0x1755b580
15437,23914,8,0x175f72c0
15438,25777,8,0x17693000
15439,28259,8,0x1772ed40
15440,27512,8,0x177caa80
15441,24397,8,0x178667c0
15442,25196,8,0x17902500
15443,28537,8,0x1799e240
15444,28286,8,0x17a39f80
15445,24381,8,0x17ad5cc0
15446,28762,8,0x17b71a00
15447,28692,8,0x17c0d740
15448,24848,8,0x17ca9480
15449,24322,8,0x17d451c0
15450,27965,8,0x17de0f00
15451,28514,8,0x17e7cc40
15452,24241,8,0x17f18980
15453,24039,8,0x17fb46c0
15454,29167,8,0x18050400
15455,28176,8,0x180ec140
15456,24663,8,0x18187e80
15457,33352,8,0x18223bc0
15458,29207,8,0x182bf900
15459,28958,8,0x1835b640
15460,24714,8,0x183f7380
15461,24458,8,0x184930c0
15462,28212,8,0x1852ee00
15463,28549,8,0x185cab40
15464,24351,8,0x18666880
15465,24456,8,0x187025c0
15466,27386,8,0x1879e300
15467,29896,8,0x1883a040
15468,24985,8,0x188d5d80
15469,28198,8,0x18971ac0
15470,28285,8,0x18a0d800
15471,25451,8,0x18aa9540
15472,24555,8,0x18b45280
15473,27855,8,0x18be0fc0
15474,28307,8,0x18c7cd00
15475,25826,8,0x18d18a40
15476,31218,8,0x18db4780
15477,32803,8,0x18e504c0
15478,28777,8,0x18eec200
15479,26274,8,0x18f87f40
15480,25110,8,0x19023c80
15481,28028,8,0x190bf9c0
15482,28132,8,0x1915b700
15483,25085,8,0x191f7440
15484,24610,8,0x19293180
15485,27488,8,0x1932eec0
15486,34194,8,0x193cac00
15487,30821,8,0x19466940
15488,25385,8,0x19502680
15489,27106,8,0x1959e3c0
15490,28731,8,0x1963a100
15491,25931,8,0x196d5e40
15492,27541,8,0x19771b80
15493,28358,8,0x1980d8c0
15494,25274,8,0x198a9600
15495,25810,8,0x19945340
15496,27661,8,0x199e1080
15497,28301,8,0x19a7cdc0
15498,25103,8,0x19b18b00
15499,25453,8,0x19bb4840
15500,27229,8,0x19c50580
15501,27034,8,0x19cec2c0
15502,24742,8,0x19d88000
15503,25989,8,0x19e23d40
15504,28186,8,0x19ebfa80
15505,28328,8,0x19f5b7c0
15506,25188,8,0x19ff7500
15507,25706,8,0x1a093240
15508,27847,8,0x1a12ef80
15509,27515,8,0x1a1cacc0
15510,24910,8,0x1a266a00
15511,25619,8,0x1a302740
15512,26913,8,0x1a39e480
15513,28596,8,0x1a43a1c0
15514,24481,8,0x1a4d5f00
15515,28372,8,0x1a571c40
15516,27725,8,0x1a60d980
15517,24175,8,0x1a6a96c0
15518,25374,8,0x1a745400
15519,28284,8,0x1a7e1140
15520,27021,8,0x1a87ce80
15521,23548,8,0x1a918bc0
15522,25149,8,0x1a9b4900
15523,28657,8,0x1aa50640
15524,27090,8,0x1aaec380
15525,24454,8,0x1ab880c0
15526,24693,8,0x1ac23e00
15527,29551,8,0x1acbfb40
15528,27216,8,0x1ad5b880
15529,24522,8,0x1adf75c0
15530,25258,8,0x1ae93300
15531,29322,8,0x1af2f040
15532,27654,8,0x1afcad80
15533,25291,8,0x1b066ac0
15534,25769,8,0x1b102800
15535,28394,8,0x1b19e540
15536,27673,8,0x1b23a280
15537,24695,8,0x1b2d5fc0
15538,28864,8,0x1b371d00
15539,28645,8,0x1b40da40
15540,30260,8,0x1b4a9780
15541,33380,8,0x1b5454c0
15542,28931,8,0x1b5e1200
15543,29997,8,0x1b67cf40
15544,24787,8,0x1b718c80
15545,24485,8,0x1b7b49c0
15546,29110,8,0x1b850700
15547,28677,8,0x1b8ec440
15548,25114,8,0x1b988180
15549,24513,8,0x1ba23ec0
15550,34637,8,0x1babfc00
15551,34031,8,0x1bb5b940
15552,25675,8,0x1bbf7680
15553,24893,8,0x1bc933c0
15554,29627,8,0x1bd2f100
15555,28187,8,0x1bdcae40
15556,24948,8,0x1be66b80
15557,24833,8,0x1bf028c0
15558,28747,8,0x1bf9e600
15559,29036,8,0x1c03a340
15560,24811,8,0x1c0d6080
15561,28639,8,0x1c171dc0
15562,29257,8,0x1c20db00
15563,28975,8,0x1c2a9840
15564,25064,8,0x1c345580
15565,27688,8,0x1c3e12c0
15566,29070,8,0x1c47d000
15567,25966,8,0x1c518d40
15568,24499,8,0x1c5b4a80
15569,27895,8,0x1c6507c0
15570,28649,8,0x1c6ec500
15571,25358,8,0x1c788240
15572,25280,8,0x1c823f80
15573,27768,8,0x1c8bfcc0
15574,28716,8,0x1c95ba00
15575,25433,8,0x1c9f7740
15576,25551,8,0x1ca93480
15577,28670,8,0x1cb2f1c0
15578,28881,8,0x1cbcaf00
15579,25830,8,0x1cc66c40
15580,24904,8,0x1cd02980
15581,27443,8,0x1cd9e6c0
15582,28440,8,0x1ce3a400
15583,25962,8,0x1ced6140
15584,27730,8,0x1cf71e80
15585,27855,8,0x1d00dbc0
15586,29973,8,0x1d0a9900
15587,26108,8,0x1d145640
15588,28050,8,0x1d1e1380
15589,27778,8,0x1d27d0c0
15590,25184,8,0x1d318e00
15591,26339,8,0x1d3b4b40
15592,26951,8,0x1d450880
15593,27991,8,0x1d4ec5c0
15594,25507,8,0x1d588300
15595,26132,8,0x1d624040
15596,28164,8,0x1d6bfd80
15597,27780,8,0x1d75bac0
15598,25438,8,0x1d7f7800
15599,31051,8,0x1d893540
15600,28428,8,0x1d92f280
15601,28915,8,0x1d9cafc0
15602,27294,8,0x1da66d00
15603,25873,8,0x1db02a40
15604,32877,8,0x1db9e780
15605,33497,8,0x1dc3a4c0
15606,26064,8,0x1dcd6200
15607,29611,8,0x1dd71f40
15608,27430,8,0x1de0dc80
15609,27726,8,0x1dea99c0
15610,26131,8,0x1df45700
15611,29056,8,0x1dfe1440
15612,28145,8,0x1e07d180
15613,24472,8,0x1e118ec0
15614,31349,8,0x1e1b4c00
15615,34472,8,0x1e250940
15616,27999,8,0x1e2ec680
15617,25437,8,0x1e3883c0
15618,26636,8,0x1e424100
15619,29277,8,0x1e4bfe40
15620,27448,8,0x1e55bb80
15621,24614,8,0x1e5f78c0
15622,26514,8,0x1e693600
15623,29539,8,0x1e72f340
15624,28519,8,0x1e7cb080
15625,25141,8,0x1e866dc0
15626,25941,8,0x1e902b00
15627,29688,8,0x1e99e840
15628,28316,8,0x1ea3a580
15629,24638,8,0x1ead62c0
15630,25723,8,0x1eb72000
15631,29020,8,0x1ec0dd40
15632,28483,8,0x1eca9a80
15633,24234,8,0x1ed457c0
15634,28917,8,0x1ede1500
15635,28587,8,0x1ee7d240
15636,26072,8,0x1ef18f80
15637,25247,8,0x1efb4cc0
15638,29211,8,0x1f050a00
15639,29432,8,0x1f0ec740
15640,25931,8,0x1f188480
15641,24764,8,0x1f2241c0
15642,28780,8,0x1f2bff00
15643,29408,8,0x1f35bc40
15644,25355,8,0x1f3f7980
15645,24214,8,0x1f4936c0
15646,29455,8,0x1f52f400
15647,28880,8,0x1f5cb140
15648,25193,8,0x1f666e80
15649,24590,8,0x1f702bc0
15650,29155,8,0x1f79e900
15651,28695,8,0x1f83a640
15652,25081,8,0x1f8d6380
15653,25383,8,0x1f9720c0
15654,28621,8,0x1fa0de00
15655,29100,8,0x1faa9b40
15656,25451,8,0x1fb45880
15657,27940,8,0x1fbe15c0
15658,29453,8,0x1fc7d300
15659,26056,8,0x1fd19040
15660,24439,8,0x1fdb4d80
15661,28118,8,0x1fe50ac0
15662,28924,8,0x1feec800
15663,25247,8,0x1ff88540
15664,25206,8,0x20024280
15665,28816,8,0x200bffc0
15666,28580,8,0x2015bd00
15667,25925,8,0x201f7a40
15668,29031,8,0x20293780
15669,32714,8,0x2032f4c0
15670,28652,8,0x203cb200
15671,26163,8,0x20466f40
15672,25510,8,0x20502c80
15673,27745,8,0x2059e9c0
15674,29211,8,0x2063a700
15675,26200,8,0x206d6440
15676,24884,8,0x20772180
15677,28353,8,0x2080dec0
15678,35217,8,0x208a9c00
15679,31103,8,0x20945940
15680,28056,8,0x209e1680
15681,28669,8,0x20a7d3c0
15682,25864,8,0x20b19100
15683,25858,8,0x20bb4e40
15684,27530,8,0x20c50b80
15685,27489,8,0x20cec8c0
15686,25467,8,0x20d88600
15687,26264,8,0x20e24340
15688,28103,8,0x20ec0080
15689,27503,8,0x20f5bdc0
15690,25144,8,0x20ff7b00
15691,26103,8,0x21093840
15692,29482,8,0x2112f580
15693,28702,8,0x211cb2c0
15694,25879,8,0x21267000
15695,26005,8,0x21302d40
15696,28318,8,0x2139ea80
15697,28285,8,0x2143a7c0
15698,27038,8,0x214d6500
15699,25862,8,0x21572240
15700,27525,8,0x2160df80
15701,27657,8,0x216a9cc0
15702,25820,8,0x21745a00
15703,29023,8,0x217e1740
15704,27956,8,0x2187d480
15705,25163,8,0x219191c0
15706,25740,8,0x219b4f00
15707,28520,8,0x21a50c40
15708,27940,8,0x21aec980
15709,24659,8,0x21b886c0
15710,25970,8,0x21c24400
15711,28762,8,0x21cc0140
15712,27817,8,0x21d5be80
15713,24860,8,0x21df7bc0
15714,25728,8,0x21e93900
15715,29341,8,0x21f2f640
15716,28523,8,0x21fcb380
15717,26926,8,0x220670c0
15718,25992,8,0x22102e00
15719,29802,8,0x2219eb40
15720,27985,8,0x2223a880
15721,25323,8,0x222d65c0
15722,25688,8,0x22372300
15723,28330,8,0x2240e040
15724,28768,8,0x224a9d80
15725,25070,8,0x22545ac0
15726,28941,8,0x225e1800
15727,28900,8,0x2267d540
15728,25453,8,0x22719280
15729,24967,8,0x227b4fc0
15730,29062,8,0x22850d00
15731,29112,8,0x228eca40
15732,30113,8,0x22988780
15733,29875,8,0x22a244c0
15734,30222,8,0x22ac0200
15735,29504,8,0x22b5bf40
15736,24697,8,0x22bf7c80
15737,25164,8,0x22c939c0
15738,28804,8,0x22d2f700
15739,28710,8,0x22dcb440
15740,33679,8,0x22e67180
15741,24929,8,0x22f02ec0
15742,34451,8,0x22f9ec00
15743,35461,8,0x2303a940
15744,25300,8,0x230d6680
15745,24753,8,0x231723c0
15746,28337,8,0x2320e100
15747,29985,8,0x232a9e40
15748,25700,8,0x23345b80
15749,27620,8,0x233e18c0
15750,28923,8,0x2347d600
15751,26065,8,0x23519340
15752,25255,8,0x235b5080
15753,28191,8,0x23650dc0
15754,29188,8,0x236ecb00
15755,25496,8,0x23788840
15756,25388,8,0x23824580
15757,28680,8,0x238c02c0
15758,29521,8,0x2395c000
15759,26183,8,0x239f7d40
15760,25953,8,0x23a93a80
15761,27995,8,0x23b2f7c0
15762,28740,8,0x23bcb500
15763,26594,8,0x23c67240
15764,25066,8,0x23d02f80
15765,27987,8,0x23d9ecc0
15766,29133,8,0x23e3aa00
15767,27053,8,0x23ed6740
15768,25420,8,0x23f72480
15769,28476,8,0x2400e1c0
15770,29226,8,0x240a9f00
15771,26293,8,0x24145c40
15772,28743,8,0x241e1980
15773,28257,8,0x2427d6c0
15774,25735,8,0x24319400
15775,25968,8,0x243b5140
15776,28129,8,0x24450e80
15777,28543,8,0x244ecbc0
15778,25795,8,0x24588900
15779,26741,8,0x24624640
15780,28133,8,0x246c0380
15781,27896,8,0x2475c0c0
15782,25589,8,0x247f7e00
15783,26458,8,0x24893b40
15784,28507,8,0x2492f880
15785,28140,8,0x249cb5c0
15786,25630,8,0x24a67300
15787,26711,8,0x24b03040
15788,28076,8,0x24b9ed80
15789,28172,8,0x24c3aac0
15790,26033,8,0x24cd6800
15791,25976,8,0x24d72540
15792,28486,8,0x24e0e280
15793,29057,8,0x24ea9fc0
15794,25625,8,0x24f45d00
15795,28941,8,0x24fe1a40
15796,33178,8,0x2507d780
15797,30544,8,0x251194c0
15798,25526,8,0x251b5200
15799,29018,8,0x25250f40
15800,28826,8,0x252ecc80
15801,25641,8,0x253889c0
15802,26303,8,0x25424700
15803,28733,8,0x254c0440
15804,28048,8,0x2555c180
15805,25429,8,0x255f7ec0
15806,30900,8,0x25693c00
15807,42697,8,0x2572f940
15808,28420,8,0x257cb680
15809,25438,8,0x258673c0
15810,25592,8,0x25903100
15811,29611,8,0x2599ee40
15812,28542,8,0x25a3ab80
15813,24619,8,0x25ad68c0
15814,25451,8,0x25b72600
15815,29184,8,0x25c0e340
15816,27621,8,0x25caa080
15817,25480,8,0x25d45dc0
15818,28567,8,0x25de1b00
15819,29349,8,0x25e7d840
15820,25788,8,0x25f19580
15821,25457,8,0x25fb52c0
15822,28580,8,0x26051000
15823,29841,8,0x260ecd40
15824,25637,8,0x26188a80
15825,25007,8,0x262247c0
15826,27980,8,0x262c0500
15827,29033,8,0x2635c240
15828,25445,8,0x263f7f80
15829,24655,8,0x26493cc0
15830,29083,8,0x2652fa00
15831,29504,8,0x265cb740
15832,25395,8,0x26667480
15833,25439,8,0x267031c0
15834,28183,8,0x2679ef00
15835,29458,8,0x2683ac40
15836,25569,8,0x268d6980
15837,25514,8,0x269726c0
15838,29676,8,0x26a0e400
15839,29386,8,0x26aaa140
15840,25974,8,0x26b45e80
15841,28770,8,0x26be1bc0
15842,28958,8,0x26c7d900
15843,26163,8,0x26d19640
15844,25139,8,0x26db5380
15845,28865,8,0x26e510c0
15846,30149,8,0x26eece00
15847,27075,8,0x26f88b40
15848,25462,8,0x27024880
15849,28128,8,0x270c05c0
15850,29372,8,0x2715c300
15851,26861,8,0x271f8040
15852,25678,8,0x27293d80
15853,28877,8,0x2732fac0
15854,29129,8,0x273cb800
15855,26697,8,0x27467540
15856,24989,8,0x27503280
15857,28156,8,0x2759efc0
15858,29518,8,0x2763ad00
15859,26759,8,0x276d6a40
15860,30730,8,0x27772780
15861,36166,8,0x2780e4c0
15862,29127,8,0x278aa200
15863,26451,8,0x27945f40
15864,27838,8,0x279e1c80
15865,28577,8,0x27a7d9c0
15866,25706,8,0x27b19700
15867,26053,8,0x27bb5440
15868,27448,8,0x27c51180
15869,28999,8,0x27cecec0
15870,31792,8,0x27d88c00
15871,31379,8,0x27e24940
15872,28553,8,0x27ec0680
15873,28753,8,0x27f5c3c0
15874,25763,8,0x27ff8100
15875,25859,8,0x28093e40
15876,28669,8,0x2812fb80
15877,28677,8,0x281cb8c0
15878,26441,8,0x28267600
15879,25848,8,0x28303340
15880,32791,8,0x2839f080
15881,29370,8,0x2843adc0
15882,26209,8,0x284d6b00
15883,26017,8,0x28572840
15884,28817,8,0x2860e580
15885,28691,8,0x286aa2c0
15886,26283,8,0x28746000
15887,29217,8,0x287e1d40
15888,28559,8,0x2887da80
15889,25569,8,0x289197c0
15890,26456,8,0x289b5500
15891,29458,8,0x28a51240
15892,29106,8,0x28aecf80
15893,24879,8,0x28b88cc0
15894,26066,8,0x28c24a00
15895,29444,8,0x28cc0740
15896,28152,8,0x28d5c480
15897,25188,8,0x28df81c0
15898,25248,8,0x28e93f00
15899,29635,8,0x28f2fc40
15900,28590,8,0x28fcb980
15901,25061,8,0x290676c0
15902,26705,8,0x29103400
15903,28774,8,0x2919f140
15904,29044,8,0x2923ae80
15905,25230,8,0x292d6bc0
15906,26390,8,0x29372900
15907,29639,8,0x2940e640
15908,29354,8,0x294aa380
15909,25423,8,0x295460c0
15910,29428,8,0x295e1e00
15911,30053,8,0x2967db40
15912,28734,8,0x29719880
15913,25299,8,0x297b55c0
15914,30482,8,0x29851300
15915,29279,8,0x298ed040
15916,25439,8,0x29988d80
15917,25272,8,0x29a24ac0
15918,30584,8,0x29ac0800
15919,29665,8,0x29b5c540
15920,25320,8,0x29bf8280
15921,25221,8,0x29c93fc0
15922,28787,8,0x29d2fd00
15923,29232,8,0x29dcba40
15924,31221,8,0x29e67780
15925,30290,8,0x29f034c0
15926,29726,8,0x29f9f200
15927,30016,8,0x2a03af40
15928,25666,8,0x2a0d6c80
15929,25082,8,0x2a1729c0
15930,29544,8,0x2a20e700
15931,29657,8,0x2a2aa440
15932,25389,8,0x2a346180
15933,28061,8,0x2a3e1ec0
15934,34536,8,0x2a47dc00
15935,35209,8,0x2a519940
15936,26055,8,0x2a5b5680
15937,28083,8,0x2a6513c0
15938,29437,8,0x2a6ed100
15939,26223,8,0x2a788e40
15940,25424,8,0x2a824b80
15941,29212,8,0x2a8c08c0
15942,30816,8,0x2a95c600
15943,26456,8,0x2a9f8340
15944,25383,8,0x2aa94080
15945,28991,8,0x2ab2fdc0
15946,29789,8,0x2abcbb00
15947,26838,8,0x2ac67840
15948,26045,8,0x2ad03580
15949,28496,8,0x2ad9f2c0
15950,29518,8,0x2ae3b000
15951,26605,8,0x2aed6d40
15952,25856,8,0x2af72a80
15953,28815,8,0x2b00e7c0
15954,30357,8,0x2b0aa500
15955,26978,8,0x2b146240
15956,28616,8,0x2b1e1f80
15957,28403,8,0x2b27dcc0
15958,29854,8,0x2b319a00
15959,26310,8,0x2b3b5740
15960,29273,8,0x2b451480
15961,29997,8,0x2b4ed1c0
15962,26272,8,0x2b588f00
15963,26308,8,0x2b624c40
15964,28853,8,0x2b6c0980
15965,28571,8,0x2b75c6c0
15966,26269,8,0x2b7f8400
15967,26566,8,0x2b894140
15968,28913,8,0x2b92fe80
15969,29572,8,0x2b9cbbc0
15970,26140,8,0x2ba67900
15971,26091,8,0x2bb03640
15972,28499,8,0x2bb9f380
15973,28518,8,0x2bc3b0c0
15974,26132,8,0x2bcd6e00
15975,26929,8,0x2bd72b40
15976,28448,8,0x2be0e880
15977,28165,8,0x2beaa5c0
15978,25869,8,0x2bf46300
15979,26828,8,0x2bfe2040
15980,29325,8,0x2c07dd80
15981,28843,8,0x2c119ac0
15982,26669,8,0x2c1b5800
15983,30253,8,0x2c251540
15984,28559,8,0x2c2ed280
15985,25342,8,0x2c388fc0
15986,26405,8,0x2c424d00
15987,29177,8,0x2c4c0a40
15988,34057,8,0x2c55c780
15989,31503,8,0x2c5f84c0
15990,26000,8,0x2c694200
15991,30958,8,0x2c72ff40
15992,27911,8,0x2c7cbc80
15993,25720,8,0x2c8679c0
15994,25695,8,0x2c903700
15995,30505,8,0x2c99f440
15996,28854,8,0x2ca3b180
15997,25993,8,0x2cad6ec0
15998,31088,8,0x2cb72c00
15999,34775,8,0x2cc0e940
16000,28956,8,0x2ccaa680
16001,25360,8,0x2cd463c0
16002,26384,8,0x2cde2100
16003,29339,8,0x2ce7de40
16004,28796,8,0x2cf19b80
16005,25336,8,0x2cfb58c0
16006,28841,8,0x2d051600
16007,30755,8,0x2d0ed340
16008,25912,8,0x2d189080
16009,25381,8,0x2d224dc0
16010,29042,8,0x2d2c0b00
16011,30497,8,0x2d35c840
16012,25851,8,0x2d3f8580
16013,25068,8,0x2d4942c0
16014,29215,8,0x2d530000
16015,30135,8,0x2d5cbd40
16016,26436,8,0x2d667a80
16017,25019,8,0x2d7037c0
16018,41551,8,0x2d79f500
16019,32284,8,0x2d83b240
16020,26263,8,0x2d8d6f80
16021,25641,8,0x2d972cc0
16022,29322,8,0x2da0ea00
16023,57050,8,0x2daaa740
16024,26687,8,0x2db46480
16025,26587,8,0x2dbe21c0
16026,28958,8,0x2dc7df00
16027,31576,8,0x2dd19c40
16028,26527,8,0x2ddb5980
16029,28340,8,0x2de516c0
16030,28938,8,0x2deed400
16031,30058,8,0x2df89140
16032,27125,8,0x2e024e80
16033,28506,8,0x2e0c0bc0
16034,28554,8,0x2e15c900
16035,26808,8,0x2e1f8640
16036,27189,8,0x2e294380
16037,27826,8,0x2e3300c0
16038,29859,8,0x2e3cbe00
16039,28233,8,0x2e467b40
16040,26616,8,0x2e503880
16041,28798,8,0x2e59f5c0
16042,29409,8,0x2e63b300
16043,27106,8,0x2e6d7040
16044,26994,8,0x2e772d80
16045,28936,8,0x2e80eac0
16046,28942,8,0x2e8aa800
16047,27171,8,0x2e946540
16048,27744,8,0x2e9e2280
16049,28996,8,0x2ea7dfc0
16050,28438,8,0x2eb19d00
16051,26278,8,0x2ebb5a40
16052,34583,8,0x2ec51780
16053,33837,8,0x2eced4c0
16054,26760,8,0x2ed89200
16055,27012,8,0x2ee24f40
16056,29229,8,0x2eec0c80
16057,28243,8,0x2ef5c9c0
16058,32080,8,0x2eff8700
16059,26794,8,0x2f094440
16060,29179,8,0x2f130180
16061,28943,8,0x2f1cbec0
16062,25232,8,0x2f267c00
16063,34733,8,0x2f303940
16064,29355,8,0x2f39f680
16065,28477,8,0x2f43b3c0
16066,25856,8,0x2f4d7100
16067,46611,8,0x2f572e40
16068,28720,8,0x2f60eb80
16069,28755,8,0x2f6aa8c0
16070,25813,8,0x2f746600
16071,27078,8,0x2f7e2340
16072,29107,8,0x2f87e080
16073,28548,8,0x2f919dc0
16074,25721,8,0x2f9b5b00
16075,31288,8,0x2fa51840
16076,28955,8,0x2faed580
16077,25579,8,0x2fb892c0
16078,25902,8,0x2fc25000
16079,30966,8,0x2fcc0d40
16080,29559,8,0x2fd5ca80
16081,26569,8,0x2fdf87c0
16082,25845,8,0x2fe94500
16083,29943,8,0x2ff30240
16084,28887,8,0x2ffcbf80
16085,25663,8,0x30067cc0
16086,25648,8,0x30103a00
16087,29125,8,0x3019f740
16088,29916,8,0x3023b480
16089,26915,8,0x302d71c0
16090,26296,8,0x30372f00
16091,29698,8,0x3040ec40
16092,30881,8,0x304aa980
16093,25938,8,0x305466c0
16094,25791,8,0x305e2400
16095,30606,8,0x3067e140
16096,30539,8,0x30719e80
16097,26245,8,0x307b5bc0
16098,28331,8,0x30851900
16099,32879,8,0x308ed640
16100,26825,8,0x30989380
16101,25187,8,0x30a250c0
16102,29329,8,0x30ac0e00
16103,30638,8,0x30b5cb40
16104,27344,8,0x30bf8880
16105,25167,8,0x30c945c0
16106,28867,8,0x30d30300
16107,29732,8,0x30dcc040
16108,26365,8,0x30e67d80
16109,25246,8,0x30f03ac0
16110,28990,8,0x30f9f800
16111,31340,8,0x3103b540
16112,26187,8,0x310d7280
16113,25499,8,0x31172fc0
16114,28982,8,0x3120ed00
16115,30805,8,0x312aaa40
16116,31920,8,0x31346780
16117,29837,8,0x313e24c0
16118,28855,8,0x3147e200
16119,30087,8,0x31519f40
16120,26829,8,0x315b5c80
16121,28844,8,0x316519c0
16122,34458,8,0x316ed700
16123,26563,8,0x31789440
16124,27502,8,0x31825180
16125,29228,8,0x318c0ec0
16126,29512,8,0x3195cc00
16127,26431,8,0x319f8940
16128,26795,8,0x31a94680
16129,29118,8,0x31b303c0
16130,28968,8,0x31bcc100
16131,42294,8,0x31c67e40
16132,26581,8,0x31d03b80
16133,28356,8,0x31d9f8c0
16134,28462,8,0x31e3b600
16135,27400,8,0x31ed7340
16136,27057,8,0x31f73080
16137,28959,8,0x3200edc0
16138,28739,8,0x320aab00
16139,26327,8,0x32146840
16140,27062,8,0x321e2580
16141,29053,8,0x3227e2c0
16142,29765,8,0x3231a000
16143,27856,8,0x323b5d40
16144,30402,8,0x32451a80
16145,29269,8,0x324ed7c0
16146,26161,8,0x32589500
16147,26674,8,0x32625240
16148,29835,8,0x326c0f80
16149,28376,8,0x3275ccc0
16150,26793,8,0x327f8a00
16151,27069,8,0x32894740
16152,29646,8,0x32930480
16153,33122,8,0x329cc1c0
16154,25258,8,0x32a67f00
16155,28410,8,0x32b03c40
16156,29904,8,0x32b9f980
16157,28564,8,0x32c3b6c0
16158,25769,8,0x32cd7400
16159,28397,8,0x32d73140
16160,30818,8,0x32e0ee80
16161,28522,8,0x32eaabc0
16162,25836,8,0x32f46900
16163,28335,8,0x32fe2640
16164,29930,8,0x3307e380
16165,28721,8,0x3311a0c0
16166,25757,8,0x331b5e00
16167,34670,8,0x33251b40
16168,30230,8,0x332ed880
16169,25988,8,0x333895c0
16170,25659,8,0x33425300
16171,30339,8,0x334c1040
16172,29499,8,0x3355cd80
16173,25628,8,0x335f8ac0
16174,25820,8,0x33694800
16175,29241,8,0x33730540
16176,29230,8,0x337cc280
16177,24806,8,0x33867fc0
16178,25318,8,0x33903d00
16179,30740,8,0x3399fa40
16180,34895,8,0x33a3b780
16181,33382,8,0x33ad74c0
16182,25715,8,0x33b73200
16183,30339,8,0x33c0ef40
16184,29641,8,0x33caac80
16185,25943,8,0x33d469c0
16186,31062,8,0x33de2700
16187,29726,8,0x33e7e440
16188,30663,8,0x33f1a180
16189,25773,8,0x33fb5ec0
16190,28263,8,0x34051c00
16191,30527,8,0x340ed940
16192,27323,8,0x34189680
16193,25968,8,0x342253c0
16194,30160,8,0x342c1100
16195,36593,8,0x3435ce40
16196,26823,8,0x343f8b80
16197,26170,8,0x344948c0
16198,28917,8,0x34530600
16199,33434,8,0x345cc340
16200,26690,8,0x34668080
16201,26669,8,0x34703dc0
16202,29056,8,0x3479fb00
16203,30541,8,0x3483b840
16204,27272,8,0x348d7580
16205,25850,8,0x349732c0
16206,29168,8,0x34a0f000
16207,30060,8,0x34aaad40
16208,26860,8,0x34b46a80
16209,26650,8,0x34be27c0
16210,28929,8,0x34c7e500
16211,29950,8,0x34d1a240
16212,26914,8,0x34db5f80
16213,28253,8,0x34e51cc0
16214,28996,8,0x34eeda00
16215,27336,8,0x34f89740
16216,26802,8,0x35025480
16217,28434,8,0x350c11c0
16218,28618,8,0x3515cf00
16219,26667,8,0x351f8c40
16220,27256,8,0x35294980
16221,28782,8,0x353306c0
16222,29167,8,0x353cc400
16223,26623,8,0x35468140
16224,27143,8,0x35503e80
16225,29080,8,0x3559fbc0
16226,29640,8,0x3563b900
16227,26789,8,0x356d7640
16228,26808,8,0x35773380
16229,28626,8,0x3580f0c0
16230,28914,8,0x358aae00
16231,26887,8,0x35946b40
16232,27468,8,0x359e2880
16233,29145,8,0x35a7e5c0
16234,28914,8,0x35b1a300
16235,29310,8,0x35bb6040
16236,29771,8,0x35c51d80
16237,28610,8,0x35cedac0
16238,25808,8,0x35d89800
16239,27066,8,0x35e25540
16240,30231,8,0x35ec1280
16241,29044,8,0x35f5cfc0
16242,25805,8,0x35ff8d00
16243,27344,8,0x36094a40
16244,35222,8,0x36130780
16245,33056,8,0x361cc4c0
16246,26508,8,0x36268200
16247,26801,8,0x36303f40
16248,29594,8,0x3639fc80
16249,29387,8,0x3643b9c0
16250,31224,8,0x364d7700
16251,26589,8,0x36573440
16252,30367,8,0x3660f180
16253,28627,8,0x366aaec0
16254,25644,8,0x36746c00
16255,26444,8,0x367e2940
16256,30902,8,0x3687e680
16257,29387,8,0x3691a3c0
16258,25979,8,0x369b6100
16259,36459,8,0x36a51e40
16260,29502,8,0x36aedb80
16261,28427,8,0x36b898c0
16262,26031,8,0x36c25600
16263,31036,8,0x36cc1340
16264,29679,8,0x36d5d080
16265,26972,8,0x36df8dc0
16266,26505,8,0x36e94b00
16267,36225,8,0x36f30840
16268,30227,8,0x36fcc580
16269,26123,8,0x370682c0
16270,26159,8,0x37104000
16271,30220,8,0x3719fd40
16272,31063,8,0x3723ba80
16273,25879,8,0x372d77c0
16274,26074,8,0x37373500
16275,30642,8,0x3740f240
16276,30742,8,0x374aaf80
16277,26431,8,0x37546cc0
16278,26030,8,0x375e2a00
16279,31009,8,0x3767e740
16280,30980,8,0x3771a480
16281,26121,8,0x377b61c0
16282,28382,8,0x37851f00
16283,29988,8,0x378edc40
16284,29857,8,0x37989980
16285,26916,8,0x37a256c0
16286,29683,8,0x37ac1400
16287,31039,8,0x37b5d140
16288,32133,8,0x37bf8e80
16289,25310,8,0x37c94bc0
16290,29347,8,0x37d30900
16291,32419,8,0x37dcc640
16292,27382,8,0x37e68380
16293,25932,8,0x37f040c0
16294,29386,8,0x37f9fe00
16295,29757,8,0x3803bb40
16296,26624,8,0x380d7880
16297,26148,8,0x381735c0
16298,28870,8,0x3820f300
16299,29847,8,0x382ab040
16300,26517,8,0x38346d80
16301,27185,8,0x383e2ac0
16302,30484,8,0x3847e800
16303,32615,8,0x3851a540
16304,27552,8,0x385b6280
16305,29621,8,0x38651fc0
16306,29896,8,0x386edd00
16307,29378,8,0x38789a40
16308,33044,8,0x38825780
16309,34673,8,0x388c14c0
16310,29250,8,0x3895d200
16311,27038,8,0x389f8f40
16312,26865,8,0x38a94c80
16313,28684,8,0x38b309c0
16314,34054,8,0x38bcc700
16315,26758,8,0x38c68440
16316,27376,8,0x38d04180
16317,29525,8,0x38d9fec0
16318,29074,8,0x38e3bc00
16319,26888,8,0x38ed7940
16320,26395,8,0x38f73680
16321,28931,8,0x3900f3c0
16322,29079,8,0x390ab100
16323,33389,8,0x39146e40
16324,26992,8,0x391e2b80
16325,28578,8,0x3927e8c0
16326,28515,8,0x3931a600
16327,27193,8,0x393b6340
16328,26439,8,0x39452080
16329,28735,8,0x394eddc0
16330,29472,8,0x39589b00
16331,26728,8,0x39625840
16332,30592,8,0x396c1580
16333,29083,8,0x3975d2c0
16334,26201,8,0x397f9000
16335,28667,8,0x39894d40
16336,30566,8,0x39930a80
16337,29948,8,0x399cc7c0
16338,26708,8,0x39a68500
16339,26570,8,0x39b04240
16340,30764,8,0x39b9ff80
16341,29115,8,0x39c3bcc0
16342,25871,8,0x39cd7a00
16343,26301,8,0x39d73740
16344,29640,8,0x39e0f480
16345,29859,8,0x39eab1c0
16346,25985,8,0x39f46f00
16347,27202,8,0x39fe2c40
16348,30346,8,0x3a07e980
16349,28319,8,0x3a11a6c0
16350,26189,8,0x3a1b6400
16351,26852,8,0x3a252140
16352,29996,8,0x3a2ede80
16353,29263,8,0x3a389bc0
16354,26661,8,0x3a425900
16355,31363,8,0x3a4c1640
16356,30696,8,0x3a55d380
16357,26682,8,0x3a5f90c0
16358,26144,8,0x3a694e00
16359,30985,8,0x3a730b40
16360,31019,8,0x3a7cc880
16361,25838,8,0x3a8685c0
16362,26400,8,0x3a904300
16363,30525,8,0x3a9a0040
16364,30928,8,0x3aa3bd80
16365,26257,8,0x3aad7ac0
16366,26424,8,0x3ab73800
16367,32579,8,0x3ac0f540
16368,30446,8,0x3acab280
16369,26155,8,0x3ad46fc0
16370,25595,8,0x3ade2d00
16371,32783,8,0x3ae7ea40
16372,34898,8,0x3af1a780
16373,31162,8,0x3afb64c0
16374,26514,8,0x3b052200
16375,31220,8,0x3b0edf40
16376,30634,8,0x3b189c80
16377,26231,8,0x3b2259c0
16378,33628,8,0x3b2c1700
16379,29787,8,0x3b35d440
16380,28019,8,0x3b3f9180
16381,26596,8,0x3b494ec0
16382,29325,8,0x3b530c00
16383,30656,8,0x3b5cc940
16384,27397,8,0x3b668680
16385,26228,8,0x3b7043c0
16386,29759,8,0x3b7a0100
16387,36316,8,0x3b83be40
16388,27056,8,0x3b8d7b80
16389,26505,8,0x3b9738c0
16390,29587,8,0x3ba0f600
16391,30708,8,0x3baab340
16392,28063,8,0x3bb47080
16393,25918,8,0x3bbe2dc0
16394,29113,8,0x3bc7eb00
16395,29958,8,0x3bd1a840
16396,27100,8,0x3bdb6580
16397,27216,8,0x3be522c0
16398,28840,8,0x3beee000
16399,30000,8,0x3bf89d40
16400,27281,8,0x3c025a80
16401,29631,8,0x3c0c17c0
16402,28921,8,0x3c15d500
16403,28638,8,0x3c1f9240
16404,27827,8,0x3c294f80
16405,28851,8,0x3c330cc0
16406,29220,8,0x3c3cca00
16407,26163,8,0x3c468740
16408,27711,8,0x3c504480
16409,29018,8,0x3c5a01c0
16410,29198,8,0x3c63bf00
16411,26701,8,0x3c6d7c40
16412,27128,8,0x3c773980
16413,28832,8,0x3c80f6c0
16414,29772,8,0x3c8ab400
16415,27220,8,0x3c947140
16416,27655,8,0x3c9e2e80
16417,30048,8,0x3ca7ebc0
16418,29447,8,0x3cb1a900
16419,26935,8,0x3cbb6640
16420,27454,8,0x3cc52380
16421,29010,8,0x3ccee0c0
16422,28966,8,0x3cd89e00
16423,27197,8,0x3ce25b40
16424,31282,8,0x3cec1880
16425,29151,8,0x3cf5d5c0
16426,26143,8,0x3cff9300
16427,28200,8,0x3d095040
16428,30582,8,0x3d130d80
16429,29429,8,0x3d1ccac0
16430,25913,8,0x3d268800
16431,27823,8,0x3d304540
16432,29330,8,0x3d3a0280
16433,28503,8,0x3d43bfc0
16434,24534,8,0x3d4d7d00
16435,32570,8,0x3d573a40
16436,34243,8,0x3d60f780
16437,32583,8,0x3d6ab4c0
16438,24601,8,0x3d747200
16439,27179,8,0x3d7e2f40
16440,28534,8,0x3d87ec80
16441,28876,8,0x3d91a9c0
16442,29488,8,0x3d9b6700
16443,24987,8,0x3da52440
16444,29533,8,0x3daee180
16445,27891,8,0x3db89ec0
16446,23869,8,0x3dc25c00
16447,29970,8,0x3dcc1940
16448,29127,8,0x3dd5d680
16449,24943,8,0x3ddf93c0
16450,24541,8,0x3de95100
16451,34134,8,0x3df30e40
16452,29447,8,0x3dfccb80
16453,24755,8,0x3e0688c0
16454,24830,8,0x3e104600
16455,29118,8,0x3e1a0340
16456,28411,8,0x3e23c080
16457,24619,8,0x3e2d7dc0
16458,23905,8,0x3e373b00
16459,29226,8,0x3e40f840
16460,28815,8,0x3e4ab580
16461,24580,8,0x3e5472c0
16462,24308,8,0x3e5e3000
16463,29206,8,0x3e67ed40
16464,28818,8,0x3e71aa80
16465,25029,8,0x3e7b67c0
16466,25037,8,0x3e852500
16467,29726,8,0x3e8ee240
16468,28466,8,0x3e989f80
16469,24554,8,0x3ea25cc0
16470,28007,8,0x3eac1a00
16471,35027,8,0x3eb5d740
16472,25528,8,0x3ebf9480
16473,24018,8,0x3ec951c0
16474,27708,8,0x3ed30f00
16475,28374,8,0x3edccc40
16476,25385,8,0x3ee68980
16477,24828,8,0x3ef046c0
16478,27431,8,0x3efa0400
16479,29009,8,0x3f03c140
16480,25202,8,0x3f0d7e80
16481,25067,8,0x3f173bc0
16482,27654,8,0x3f20f900
16483,28667,8,0x3f2ab640
16484,25750,8,0x3f347380
16485,24647,8,0x3f3e30c0
16486,27615,8,0x3f47ee00
16487,29046,8,0x3f51ab40
16488,25791,8,0x3f5b6880
16489,24933,8,0x3f6525c0
16490,27431,8,0x3f6ee300
16491,29540,8,0x3f78a040
16492,26319,8,0x3f825d80
16493,28376,8,0x3f8c1ac0
16494,27587,8,0x3f95d800
16495,25670,8,0x3f9f9540
16496,25951,8,0x3fa95280
16497,28396,8,0x3fb30fc0
16498,27603,8,0x3fbccd00
16499,25775,8,0x3fc68a40
16500,30890,8,0x3fd04780
16501,34970,8,0x3fda04c0
16502,27939,8,0x3fe3c200
16503,26915,8,0x3fed7f40
16504,25237,8,0x3ff73c80
16505,25218,8,0xfa00
16506,32680,8,0xab740
16507,270531,8,0x147480
16508,27970,8,0x1e31c0
16509,28969,8,0x27ef00
16510,28861,8,0x31ac40
16511,26728,8,0x3b6980
16512,25822,8,0x4526c0
16513,26925,8,0x4ee400
16514,27865,8,0x58a140
16515,35658,8,0x625e80
16516,26179,8,0x6c1bc0
16517,28449,8,0x75d900
16518,25117,8,0x7f9640
16519,26091,8,0x895380
16520,29856,8,0x9310c0
16521,28571,8,0x9cce00
16522,24855,8,0xa68b40
16523,25122,8,0xb04880
16524,28927,8,0xba05c0
16525,27036,8,0xc3c300
16526,25575,8,0xcd8040
16527,25322,8,0xd73d80
16528,28666,8,0xe0fac0
16529,27725,8,0xeab800
16530,24301,8,0xf47540
16531,26479,8,0xfe3280
16532,30138,8,0x107efc0
16533,27350,8,0x111ad00
16534,24910,8,0x11b6a40
16535,27716,8,0x1252780
16536,29557,8,0x12ee4c0
16537,27311,8,0x138a200
16538,24673,8,0x1425f40
16539,25762,8,0x14c1c80
16540,29002,8,0x155d9c0
16541,24781,8,0x15f9700
16542,24633,8,0x1695440
16543,29258,8,0x1731180
16544,30146,8,0x17ccec0
16545,25121,8,0x1868c00
16546,25368,8,0x1904940
16547,28832,8,0x19a0680
16548,29563,8,0x1a3c3c0
16549,25687,8,0x1ad8100
16550,24951,8,0x1b73e40
16551,28279,8,0x1c0fb80
16552,29062,8,0x1cab8c0
16553,25032,8,0x1d47600
16554,24733,8,0x1de3340
16555,29639,8,0x1e7f080
16556,35653,8,0x1f1adc0
16557,25096,8,0x1fb6b00
16558,24412,8,0x2052840
16559,30173,8,0x20ee580
16560,28749,8,0x218a2c0
16561,25194,8,0x2226000
16562,25245,8,0x22c1d40
16563,28384,8,0x235da80
16564,32357,8,0x23f97c0
16565,30312,8,0x2495500
16566,29298,8,0x2531240
16567,35992,8,0x25ccf80
16568,26518,8,0x2668cc0
16569,25214,8,0x2704a00
16570,33658,8,0x27a0740
16571,31249,8,0x283c480
16572,25712,8,0x28d81c0
16573,24534,8,0x2973f00
16574,28250,8,0x2a0fc40
16575,28840,8,0x2aab980
16576,25764,8,0x2b476c0
16577,25131,8,0x2be3400
16578,28368,8,0x2c7f140
16579,35929,8,0x2d1ae80
16580,26218,8,0x2db6bc0
16581,24735,8,0x2e52900
16582,27874,8,0x2eee640
16583,29712,8,0x2f8a380
16584,26534,8,0x30260c0
16585,24569,8,0x30c1e00
16586,27980,8,0x315db40
16587,29312,8,0x31f9880
16588,25816,8,0x32955c0
16589,28416,8,0x3331300
16590,27877,8,0x33cd040
16591,26241,8,0x3468d80
16592,25698,8,0x3504ac0
16593,27708,8,0x35a0800
16594,27761,8,0x363c540
16595,24950,8,0x36d8280
16596,25684,8,0x3773fc0
16597,28705,8,0x380fd00
16598,28197,8,0x38aba40
16599,25103,8,0x3947780
16600,26539,8,0x39e34c0
16601,27604,8,0x3a7f200
16602,28138,8,0x3b1af40
16603,35692,8,0x3bb6c80
16604,26208,8,0x3c529c0
16605,27994,8,0x3cee700
16606,27063,8,0x3d8a440
16607,25949,8,0x3e26180
16608,25520,8,0x3ec1ec0
16609,28119,8,0x3f5dc00
16610,28091,8,0x3ff9940
16611,26098,8,0x4095680
16612,28549,8,0x41313c0
16613,27963,8,0x41cd100
16614,25209,8,0x4268e40
16615,25839,8,0x4304b80
16616,28591,8,0x43a08c0
16617,27798,8,0x443c600
16618,24873,8,0x44d8340
16619,25389,8,0x4574080
16620,29308,8,0x460fdc0
16621,28071,8,0x46abb00
16622,24203,8,0x4747840
16623,25572,8,0x47e3580
16624,28732,8,0x487f2c0
16625,27747,8,0x491b000
16626,24636,8,0x49b6d40
16627,25195,8,0x4a52a80
16628,34816,8,0x4aee7c0
16629,32954,8,0x4b8a500
16630,24903,8,0x4c26240
16631,25192,8,0x4cc1f80
16632,29926,8,0x4d5dcc0
16633,28169,8,0x4df9a00
16634,30177,8,0x4e95740
16635,30163,8,0x4f31480
16636,29434,8,0x4fcd1c0
16637,25484,8,0x5068f00
16638,24304,8,0x5104c40
16639,31137,8,0x51a0980
16640,30310,8,0x523c6c0
16641,25283,8,0x52d8400
16642,24565,8,0x5374140
16643,35064,8,0x540fe80
16644,28871,8,0x54abbc0
16645,25121,8,0x5547900
16646,24640,8,0x55e3640
16647,29736,8,0x567f380
16648,29929,8,0x571b0c0
16649,25423,8,0x57b6e00
16650,25063,8,0x5852b40
16651,29318,8,0x58ee880
16652,29044,8,0x598a5c0
16653,24756,8,0x5a26300
16654,24689,8,0x5ac2040
16655,29349,8,0x5b5dd80
16656,29320,8,0x5bf9ac0
16657,25118,8,0x5c95800
16658,28252,8,0x5d31540
16659,28113,8,0x5dcd280
16660,25489,8,0x5e68fc0
16661,24966,8,0x5f04d00
16662,27683,8,0x5fa0a40
16663,29085,8,0x603c780
16664,26370,8,0x60d84c0
16665,25844,8,0x6174200
16666,28190,8,0x620ff40
16667,29438,8,0x62abc80
16668,25810,8,0x63479c0
16669,25057,8,0x63e3700
16670,28545,8,0x647f440
16671,29272,8,0x651b180
16672,26333,8,0x65b6ec0
16673,25802,8,0x6652c00
16674,28556,8,0x66ee940
16675,31590,8,0x678a680
16676,25936,8,0x68263c0
16677,25515,8,0x68c2100
16678,27398,8,0x695de40
16679,29592,8,0x69f9b80
16680,25922,8,0x6a958c0
16681,27535,8,0x6b31600
16682,28138,8,0x6bcd340
16683,26021,8,0x6c69080
16684,26178,8,0x6d04dc0
16685,29201,8,0x6da0b00
16686,28223,8,0x6e3c840
16687,25711,8,0x6ed8580
16688,26190,8,0x6f742c0
16689,27832,8,0x7010000
16690,28455,8,0x70abd40
16691,25770,8,0x7147a80
16692,32555,8,0x71e37c0
16693,34067,8,0x727f500
16694,28612,8,0x731b240
16695,25712,8,0x73b6f80
16696,30856,8,0x7452cc0
16697,27925,8,0x74eea00
16698,33798,8,0x758a740
16699,26868,8,0x7626480
16700,26188,8,0x76c21c0
16701,29237,8,0x775df00
16702,28067,8,0x77f9c40
16703,25905,8,0x7895980
16704,29229,8,0x79316c0
16705,27906,8,0x79cd400
16706,24692,8,0x7a69140
16707,38406,8,0x7b04e80
16708,29366,8,0x7ba0bc0
16709,27875,8,0x7c3c900
16710,25086,8,0x7cd8640
16711,27957,8,0x7d74380
16712,36673,8,0x7e100c0
16713,34404,8,0x7eabe00
16714,31445,8,0x7f47b40
16715,26560,8,0x7fe3880
16716,37295,8,0x807f5c0
16717,28840,8,0x811b300
16718,25041,8,0x81b7040
16719,26007,8,0x8252d80
16720,29094,8,0x82eeac0
16721,27873,8,0x838a800
16722,24716,8,0x8426540
16723,26072,8,0x84c2280
16724,29328,8,0x855dfc0
16725,28840,8,0x85f9d00
16726,24947,8,0x8695a40
16727,29792,8,0x8731780
16728,30349,8,0x87cd4c0
16729,25351,8,0x8869200
16730,24932,8,0x8904f40
16731,29147,8,0x89a0c80
16732,30248,8,0x8a3c9c0
16733,25387,8,0x8ad8700
16734,24889,8,0x8b74440
16735,28855,8,0x8c10180
16736,29387,8,0x8cabec0
16737,25735,8,0x8d47c00
16738,25733,8,0x8de3940
16739,29776,8,0x8e7f680
16740,30499,8,0x8f1b3c0
16741,25563,8,0x8fb7100
16742,25021,8,0x9052e40
16743,31640,8,0x90eeb80
16744,29897,8,0x918a8c0
16745,25028,8,0x9226600
16746,24884,8,0x92c2340
16747,29456,8,0x935e080
16748,29613,8,0x93f9dc0
16749,25849,8,0x9495b00
16750,28325,8,0x9531840
16751,29307,8,0x95cd580
16752,26660,8,0x96692c0
16753,25803,8,0x9705000
16754,28439,8,0x97a0d40
16755,29252,8,0x983ca80
16756,33682,8,0x98d87c0
16757,30603,8,0x9974500
16758,29368,8,0x9a10240
16759,30715,8,0x9aabf80
16760,27826,8,0x9b47cc0
16761,25079,8,0x9be3a00
16762,33810,8,0x9c7f740
16763,29353,8,0x9d1b480
16764,26528,8,0x9db71c0
16765,25681,8,0x9e52f00
16766,28779,8,0x9eeec40
16767,29911,8,0x9f8a980
16768,25800,8,0xa0266c0
16769,25328,8,0xa0c2400
16770,28740,8,0xa15e140
16771,35139,8,0xa1f9e80
16772,26030,8,0xa295bc0
16773,29277,8,0xa331900
16774,29194,8,0xa3cd640
16775,26798,8,0xa469380
16776,26622,8,0xa5050c0
16777,27800,8,0xa5a0e00
16778,28121,8,0xa63cb40
16779,27915,8,0xa6d8880
16780,26819,8,0xa7745c0
16781,28104,8,0xa810300
16782,28571,8,0xa8ac040
16783,26359,8,0xa947d80
16784,26353,8,0xa9e3ac0
16785,27771,8,0xaa7f800
16786,28643,8,0xab1b540
16787,26545,8,0xabb7280
16788,26367,8,0xac52fc0
16789,27607,8,0xaceed00
16790,28230,8,0xad8aa40
16791,26021,8,0xae26780
16792,26281,8,0xaec24c0
16793,28035,8,0xaf5e200
16794,28602,8,0xaff9f40
16795,26213,8,0xb095c80
16796,25848,8,0xb1319c0
16797,28121,8,0xb1cd700
16798,26076,8,0xb269440
16799,26097,8,0xb305180
16800,28279,8,0xb3a0ec0
16801,28800,8,0xb43cc00
16802,25575,8,0xb4d8940
16803,26399,8,0xb574680
16804,29458,8,0xb6103c0
16805,27768,8,0xb6ac100
16806,25198,8,0xb747e40
16807,26091,8,0xb7e3b80
16808,29389,8,0xb87f8c0
16809,28191,8,0xb91b600
16810,26255,8,0xb9b7340
16811,29455,8,0xba53080
16812,29086,8,0xbaeedc0
16813,28303,8,0xbb8ab00
16814,25262,8,0xbc26840
16815,28063,8,0xbcc2580
16816,29125,8,0xbd5e2c0
16817,27834,8,0xbdfa000
16818,25549,8,0xbe95d40
16819,26404,8,0xbf31a80
16820,34611,8,0xbfcd7c0
16821,34306,8,0xc069500
16822,25618,8,0xc105240
16823,30922,8,0xc1a0f80
16824,30322,8,0xc23ccc0
16825,25280,8,0xc2d8a00
16826,30248,8,0xc374740
16827,28908,8,0xc410480
16828,29178,8,0xc4ac1c0
16829,25712,8,0xc547f00
16830,25321,8,0xc5e3c40
16831,29566,8,0xc67f980
16832,28885,8,0xc71b6c0
16833,25338,8,0xc7b7400
16834,34680,8,0xc853140
16835,37215,8,0xc8eee80
16836,30014,8,0xc98abc0
16837,25971,8,0xca26900
16838,25922,8,0xcac2640
16839,32011,8,0xcb5e380
16840,30011,8,0xcbfa0c0
16841,25413,8,0xcc95e00
16842,25155,8,0xcd31b40
16843,30741,8,0xcdcd880
16844,26776,8,0xce695c0
16845,24734,8,0xcf05300
16846,28199,8,0xcfa1040
16847,31826,8,0xd03cd80
16848,26699,8,0xd0d8ac0
16849,25315,8,0xd174800
16850,27751,8,0xd210540
16851,29416,8,0xd2ac280
16852,26473,8,0xd347fc0
16853,25131,8,0xd3e3d00
16854,28292,8,0xd47fa40
16855,29578,8,0xd51b780
16856,26878,8,0xd5b74c0
16857,25616,8,0xd653200
16858,28098,8,0xd6eef40
16859,29316,8,0xd78ac80
16860,26347,8,0xd8269c0
16861,25248,8,0xd8c2700
16862,27618,8,0xd95e440
16863,29044,8,0xd9fa180
16864,25744,8,0xda95ec0
16865,26372,8,0xdb31c00
16866,29080,8,0xdbcd940
16867,26165,8,0xdc69680
16868,25664,8,0xdd053c0
16869,28556,8,0xdda1100
16870,27650,8,0xde3ce40
16871,25404,8,0xded8b80
16872,26614,8,0xdf748c0
16873,28898,8,0xe010600
16874,28359,8,0xe0ac340
16875,25969,8,0xe148080
16876,26667,8,0xe1e3dc0
16877,28887,8,0xe27fb00
16878,28279,8,0xe31b840
16879,26503,8,0xe3b7580
16880,26944,8,0xe4532c0
16881,28871,8,0xe4ef000
16882,28190,8,0xe58ad40
16883,28778,8,0xe626a80
16884,32160,8,0xe6c27c0
16885,33000,8,0xe75e500
16886,28237,8,0xe7fa240
16887,25700,8,0xe895f80
16888,27715,8,0xe931cc0
16889,28291,8,0xe9cda00
16890,30483,8,0xea69740
16891,26487,8,0xeb05480
16892,29928,8,0xeba11c0
16893,28689,8,0xec3cf00
16894,24954,8,0xecd8c40
16895,26188,8,0xed74980
16896,29490,8,0xee106c0
16897,27964,8,0xeeac400
16898,25542,8,0xef48140
16899,36889,8,0xefe3e80
16900,29263,8,0xf07fbc0
16901,28618,8,0xf11b900
16902,25820,8,0xf1b7640
16903,26655,8,0xf253380
16904,29293,8,0xf2ef0c0
16905,28315,8,0xf38ae00
16906,25608,8,0xf426b40
16907,26105,8,0xf4c2880
16908,28736,8,0xf55e5c0
16909,27624,8,0xf5fa300
16910,25993,8,0xf696040
16911,26470,8,0xf731d80
16912,30117,8,0xf7cdac0
16913,25590,8,0xf869800
16914,25301,8,0xf905540
16915,38365,8,0xf9a1280
16916,29916,8,0xfa3cfc0
16917,25341,8,0xfad8d00
16918,24964,8,0xfb74a40
16919,32167,8,0xfc10780
16920,30400,8,0xfcac4c0
16921,25043,8,0xfd48200
16922,25319,8,0xfde3f40
16923,29198,8,0xfe7fc80
16924,30068,8,0xff1b9c0
16925,25253,8,0xffb7700
16926,25015,8,0x10053440
16927,30083,8,0x100ef180
16928,29432,8,0x1018aec0
16929,25385,8,0x10226c00
16930,25043,8,0x102c2940
16931,29954,8,0x1035e680
16932,30041,8,0x103fa3c0
16933,25218,8,0x10496100
16934,25064,8,0x10531e40
16935,29201,8,0x105cdb80
16936,29774,8,0x106698c0
16937,25720,8,0x10705600
16938,28345,8,0x107a1340
16939,30002,8,0x1083d080
16940,26361,8,0x108d8dc0
16941,25271,8,0x10974b00
16942,28649,8,0x10a10840
16943,29360,8,0x10aac580
16944,25804,8,0x10b482c0
16945,25421,8,0x10be4000
16946,28695,8,0x10c7fd40
16947,28916,8,0x10d1ba80
16948,32893,8,0x10db77c0
16949,31372,8,0x10e53500
16950,28721,8,0x10eef240
16951,31968,8,0x10f8af80
16952,26900,8,0x11026cc0
16953,24498,8,0x110c2a00
16954,34083,8,0x1115e740
16955,29585,8,0x111fa480
16956,27063,8,0x112961c0
16957,26047,8,0x11331f00
16958,28548,8,0x113cdc40
16959,29981,8,0x11469980
16960,26311,8,0x115056c0
16961,27943,8,0x115a1400
16962,29160,8,0x1163d140
16963,32594,8,0x116d8e80
16964,26403,8,0x11774bc0
16965,28749,8,0x11810900
16966,27627,8,0x118ac640
16967,27214,8,0x11948380
16968,27084,8,0x119e40c0
16969,28405,8,0x11a7fe00
16970,29677,8,0x11b1bb40
16971,26460,8,0x11bb7880
16972,32966,8,0x11c535c0
16973,38891,8,0x11cef300
16974,35610,8,0x11d8b040
16975,31225,8,0x11e26d80
16976,25886,8,0x11ec2ac0
16977,28675,8,0x11f5e800
16978,28976,8,0x11ffa540
16979,25808,8,0x12096280
16980,25983,8,0x12131fc0
16981,28521,8,0x121cdd00
16982,28032,8,0x12269a40
16983,28513,8,0x12305780
16984,30006,8,0x123a14c0
16985,28198,8,0x1243d200
16986,26247,8,0x124d8f40
16987,25302,8,0x12574c80
16988,29404,8,0x126109c0
16989,28773,8,0x126ac700
16990,25026,8,0x12748440
16991,25560,8,0x127e4180
16992,29352,8,0x1287fec0
16993,28063,8,0x1291bc00
16994,25020,8,0x129b7940
16995,25026,8,0x12a53680
16996,28705,8,0x12aef3c0
16997,28226,8,0x12b8b100
16998,25614,8,0x12c26e40
16999,25401,8,0x12cc2b80
17000,28330,8,0x12d5e8c0
17001,28019,8,0x12dfa600
17002,25182,8,0x12e96340
17003,25098,8,0x12f32080
17004,28443,8,0x12fcddc0
17005,29483,8,0x13069b00
17006,25263,8,0x13105840
17007,27846,8,0x131a1580
17008,28782,8,0x1323d2c0
17009,25447,8,0x132d9000
17010,25275,8,0x13374d40
17011,28199,8,0x13410a80
17012,33573,8,0x134ac7c0
17013,30050,8,0x13548500
17014,24916,8,0x135e4240
17015,27821,8,0x1367ff80
17016,29450,8,0x1371bcc0
17017,29174,8,0x137b7a00
17018,32145,8,0x13853740
17019,29279,8,0x138ef480
17020,27785,8,0x1398b1c0
17021,25432,8,0x13a26f00
17022,25244,8,0x13ac2c40
17023,29135,8,0x13b5e980
17024,29812,8,0x13bfa6c0
17025,25868,8,0x13c96400
17026,25386,8,0x13d32140
17027,34225,8,0x13dcde80
17028,29080,8,0x13e69bc0
17029,25336,8,0x13f05900
17030,28335,8,0x13fa1640
17031,28509,8,0x1403d380
17032,26056,8,0x140d90c0
17033,25502,8,0x14174e00
17034,29265,8,0x14210b40
17035,28842,8,0x142ac880
17036,25890,8,0x143485c0
17037,25996,8,0x143e4300
17038,28437,8,0x14480040
17039,28420,8,0x1451bd80
17040,25500,8,0x145b7ac0
17041,25909,8,0x14653800
17042,28729,8,0x146ef540
17043,28860,8,0x1478b280
17044,25406,8,0x14826fc0
17045,25465,8,0x148c2d00
17046,27854,8,0x1495ea40
17047,28660,8,0x149fa780
17048,26375,8,0x14a964c0
17049,25522,8,0x14b32200
17050,28049,8,0x14bcdf40
17051,28073,8,0x14c69c80
17052,28241,8,0x14d059c0
17053,29899,8,0x14da1700
17054,28027,8,0x14e3d440
17055,25259,8,0x14ed9180
17056,25783,8,0x14f74ec0
17057,28788,8,0x15010c00
17058,29208,8,0x150ac940
17059,25415,8,0x15148680
17060,25139,8,0x151e43c0
17061,28225,8,0x15280100
17062,38104,8,0x1531be40
17063,24736,8,0x153b7b80
17064,25279,8,0x154538c0
17065,27939,8,0x154ef600
17066,27167,8,0x1558b340
17067,24499,8,0x15627080
17068,25445,8,0x156c2dc0
17069,27129,8,0x1575eb00
17070,28071,8,0x157fa840
17071,24529,8,0x15896580
17072,24816,8,0x159322c0
17073,28109,8,0x159ce000
17074,27790,8,0x15a69d40
17075,24138,8,0x15b05a80
17076,32224,8,0x15ba17c0
17077,31372,8,0x15c3d500
17078,24706,8,0x15cd9240
17079,24278,8,0x15d74f80
17080,28255,8,0x15e10cc0
17081,27710,8,0x15eaca00
17082,29627,8,0x15f48740
17083,25308,8,0x15fe4480
17084,27681,8,0x160801c0
17085,27450,8,0x1611bf00
17086,24218,8,0x161b7c40
17087,26282,8,0x16253980
17088,31323,8,0x162ef6c0
17089,27965,8,0x1638b400
17090,24547,8,0x16427140
17091,33090,8,0x164c2e80
17092,28734,8,0x1655ebc0
17093,27990,8,0x165fa900
17094,24322,8,0x16696640
17095,25160,8,0x16732380
17096,28418,8,0x167ce0c0
17097,28398,8,0x16869e00
17098,24807,8,0x16905b40
17099,27545,8,0x169a1880
17100,28202,8,0x16a3d5c0
17101,24941,8,0x16ad9300
17102,24499,8,0x16b75040
17103,27968,8,0x16c10d80
17104,27717,8,0x16cacac0
17105,25045,8,0x16d48800
17106,24514,8,0x16de4540
17107,27702,8,0x16e80280
17108,28000,8,0x16f1bfc0
17109,24546,8,0x16fb7d00
17110,24521,8,0x17053a40
17111,37195,8,0x170ef780
17112,32885,8,0x1718b4c0
17113,24100,8,0x17227200
17114,24014,8,0x172c2f40
17115,27960,8,0x1735ec80
17116,28342,8,0x173fa9c0
17117,24286,8,0x17496700
17118,25176,8,0x17532440
17119,28019,8,0x175ce180
17120,27777,8,0x17669ec0
17121,24252,8,0x17705c00
17122,28421,8,0x177a1940
17123,30413,8,0x1783d680
17124,27562,8,0x178d93c0
17125,24457,8,0x17975100
17126,27740,8,0x17a10e40
17127,28029,8,0x17aacb80
17128,25295,8,0x17b488c0
17129,24460,8,0x17be4600
17130,28325,8,0x17c80340
17131,27746,8,0x17d1c080
17132,25178,8,0x17db7dc0
17133,24839,8,0x17e53b00
17134,28387,8,0x17eef840
17135,27270,8,0x17f8b580
17136,24705,8,0x180272c0
17137,24506,8,0x180c3000
17138,27918,8,0x1815ed40
17139,27729,8,0x181faa80
17140,35796,8,0x182967c0
17141,29614,8,0x18332500
17142,27490,8,0x183ce240
17143,28877,8,0x18469f80
17144,26579,8,0x18505cc0
17145,25188,8,0x185a1a00
17146,32847,8,0x1863d740
17147,25516,8,0x186d9480
17148,25173,8,0x187751c0
17149,28131,8,0x18810f00
17150,27289,8,0x188acc40
17151,25365,8,0x18948980
17152,24840,8,0x189e46c0
17153,27620,8,0x18a80400
17154,27814,8,0x18b1c140
17155,29194,8,0x18bb7e80
17156,25087,8,0x18c53bc0
17157,32672,8,0x18cef900
17158,37088,8,0x18d8b640
17159,31275,8,0x18e27380
17160,25413,8,0x18ec30c0
17161,27449,8,0x18f5ee00
17162,27770,8,0x18ffab40
17163,25397,8,0x19096880
17164,25074,8,0x191325c0
17165,27657,8,0x191ce300
17166,28246,8,0x1926a040
17167,24746,8,0x19305d80
17168,25474,8,0x193a1ac0
17169,27605,8,0x1943d800
17170,24813,8,0x194d9540
17171,24488,8,0x19575280
17172,28548,8,0x19610fc0
17173,28590,8,0x196acd00
17174,25199,8,0x19748a40
17175,25323,8,0x197e4780
17176,28456,8,0x198804c0
17177,27589,8,0x1991c200
17178,25193,8,0x199b7f40
17179,25489,8,0x19a53c80
17180,27713,8,0x19aef9c0
17181,28100,8,0x19b8b700
17182,24726,8,0x19c27440
17183,25048,8,0x19cc3180
17184,27952,8,0x19d5eec0
17185,27745,8,0x19dfac00
17186,25618,8,0x19e96940
17187,24659,8,0x19f32680
17188,27843,8,0x19fce3c0
17189,27586,8,0x1a06a100
17190,24162,8,0x1a105e40
17191,25439,8,0x1a1a1b80
17192,28738,8,0x1a23d8c0
17193,24982,8,0x1a2d9600
17194,26697,8,0x1a375340
17195,31755,8,0x1a411080
17196,27756,8,0x1a4acdc0
17197,24819,8,0x1a548b00
17198,24668,8,0x1a5e4840
17199,28181,8,0x1a680580
17200,28493,8,0x1a71c2c0
17201,24925,8,0x1a7b8000
17202,24652,8,0x1a853d40
17203,28709,8,0x1a8efa80
17204,33898,8,0x1a98b7c0
17205,29902,8,0x1aa27500
17206,25154,8,0x1aac3240
17207,27967,8,0x1ab5ef80
17208,29024,8,0x1abfacc0
17209,24612,8,0x1ac96a00
17210,30169,8,0x1ad32740
17211,27854,8,0x1adce480
17212,27597,8,0x1ae6a1c0
17213,24657,8,0x1af05f00
17214,24682,8,0x1afa1c40
17215,28448,8,0x1b03d980
17216,25181,8,0x1b0d96c0
17217,24644,8,0x1b175400
17218,27908,8,0x1b211140
17219,32463,8,0x1b2ace80
17220,25925,8,0x1b348bc0
17221,24633,8,0x1b3e4900
17222,28075,8,0x1b480640
17223,27360,8,0x1b51c380
17224,26581,8,0x1b5b80c0
17225,24366,8,0x1b653e00
17226,27740,8,0x1b6efb40
17227,27975,8,0x1b78b880
17228,25371,8,0x1b8275c0
17229,24661,8,0x1b8c3300
17230,31632,8,0x1b95f040
17231,28545,8,0x1b9fad80
17232,24978,8,0x1ba96ac0
17233,24533,8,0x1bb32800
17234,28660,8,0x1bbce540
17235,27665,8,0x1bc6a280
17236,25156,8,0x1bd05fc0
17237,24506,8,0x1bda1d00
17238,28042,8,0x1be3da40
17239,24774,8,0x1bed9780
17240,25487,8,0x1bf754c0
17241,27833,8,0x1c011200
17242,27937,8,0x1c0acf40
17243,24559,8,0x1c148c80
17244,25186,8,0x1c1e49c0
17245,27672,8,0x1c280700
17246,27577,8,0x1c31c440
17247,25090,8,0x1c3b8180
17248,25652,8,0x1c453ec0
17249,27556,8,0x1c4efc00
17250,28432,8,0x1c58b940
17251,24085,8,0x1c627680
17252,25028,8,0x1c6c33c0
17253,27458,8,0x1c75f100
17254,37166,8,0x1c7fae40
17255,25252,8,0x1c896b80
17256,25184,8,0x1c9328c0
17257,28002,8,0x1c9ce600
17258,27260,8,0x1ca6a340
17259,24869,8,0x1cb06080
17260,25658,8,0x1cba1dc0
17261,27171,8,0x1cc3db00
17262,27863,8,0x1ccd9840
17263,24614,8,0x1cd75580
17264,27744,8,0x1ce112c0
17265,26901,8,0x1cead000
17266,28066,8,0x1cf48d40
17267,28888,8,0x1cfe4a80
17268,33380,8,0x1d0807c0
17269,31995,8,0x1d11c500
17270,25262,8,0x1d1b8240
17271,25109,8,0x1d253f80
17272,30081,8,0x1d2efcc0
17273,27886,8,0x1d38ba00
17274,30315,8,0x1d427740
17275,24670,8,0x1d4c3480
17276,29590,8,0x1d55f1c0
17277,27144,8,0x1d5faf00
17278,25496,8,0x1d696c40
17279,25050,8,0x1d732980
17280,28906,8,0x1d7ce6c0
17281,27120,8,0x1d86a400
17282,26668,8,0x1d906140
17283,29058,8,0x1d9a1e80
17284,28562,8,0x1da3dbc0
17285,27402,8,0x1dad9900
17286,25693,8,0x1db75640
17287,27948,8,0x1dc11380
17288,27582,8,0x1dcad0c0
17289,25023,8,0x1dd48e00
17290,26049,8,0x1dde4b40
17291,27959,8,0x1de80880
17292,28460,8,0x1df1c5c0
17293,24542,8,0x1dfb8300
17294,25976,8,0x1e054040
17295,28335,8,0x1e0efd80
17296,28012,8,0x1e18bac0
17297,24745,8,0x1e227800
17298,25800,8,0x1e2c3540
17299,27678,8,0x1e35f280
17300,28822,8,0x1e3fafc0
17301,25725,8,0x1e496d00
17302,29992,8,0x1e532a40
17303,29705,8,0x1e5ce780
17304,28769,8,0x1e66a4c0
17305,24820,8,0x1e706200
17306,26387,8,0x1e7a1f40
17307,28074,8,0x1e83dc80
17308,28298,8,0x1e8d99c0
17309,24973,8,0x1e975700
17310,28627,8,0x1ea11440
17311,28205,8,0x1eaad180
17312,25212,8,0x1eb48ec0
17313,25091,8,0x1ebe4c00
17314,28676,8,0x1ec80940
17315,27558,8,0x1ed1c680
17316,24415,8,0x1edb83c0
17317,25295,8,0x1ee54100
17318,28405,8,0x1eeefe40
17319,27350,8,0x1ef8bb80
17320,25259,8,0x1f0278c0
17321,25223,8,0x1f0c3600
17322,28759,8,0x1f15f340
17323,28625,8,0x1f1fb080
17324,24663,8,0x1f296dc0
17325,24944,8,0x1f332b00
17326,28632,8,0x1f3ce840
17327,28068,8,0x1f46a580
17328,25285,8,0x1f5062c0
17329,25021,8,0x1f5a2000
17330,27957,8,0x1f63dd40
17331,27336,8,0x1f6d9a80
17332,30104,8,0x1f7757c0
17333,31708,8,0x1f811500
17334,28765,8,0x1f8ad240
17335,24676,8,0x1f948f80
17336,25817,8,0x1f9e4cc0
17337,30048,8,0x1fa80a00
17338,36552,8,0x1fb1c740
17339,24972,8,0x1fbb8480
17340,24555,8,0x1fc541c0
17341,27329,8,0x1fceff00
17342,28211,8,0x1fd8bc40
17343,25358,8,0x1fe27980
17344,24938,8,0x1fec36c0
17345,27462,8,0x1ff5f400
17346,27186,8,0x1fffb140
17347,29291,8,0x20096e80
17348,24741,8,0x20132bc0
17349,27928,8,0x201ce900
17350,26760,8,0x2026a640
17351,25135,8,0x20306380
17352,25736,8,0x203a20c0
17353,28272,8,0x2043de00
17354,27935,8,0x204d9b40
17355,25627,8,0x20575880
17356,28327,8,0x206115c0
17357,28219,8,0x206ad300
17358,25508,8,0x20749040
17359,25174,8,0x207e4d80
17360,27936,8,0x20880ac0
17361,27955,8,0x2091c800
17362,25221,8,0x209b8540
17363,24846,8,0x20a54280
17364,27977,8,0x20aeffc0
17365,27947,8,0x20b8bd00
17366,25530,8,0x20c27a40
17367,25339,8,0x20cc3780
17368,29387,8,0x20d5f4c0
17369,27747,8,0x20dfb200
17370,24980,8,0x20e96f40
17371,25118,8,0x20f32c80
17372,28272,8,0x20fce9c0
17373,31012,8,0x2106a700
17374,26265,8,0x21106440
17375,26014,8,0x211a2180
17376,28838,8,0x2123dec0
17377,27633,8,0x212d9c00
17378,25745,8,0x21375940
17379,27623,8,0x21411680
17380,28704,8,0x214ad3c0
17381,24769,8,0x21549100
17382,25065,8,0x215e4e40
17383,28724,8,0x21680b80
17384,28978,8,0x2171c8c0
17385,24575,8,0x217b8600
17386,24843,8,0x21854340
17387,28221,8,0x218f0080
17388,27733,8,0x2198bdc0
17389,24475,8,0x21a27b00
17390,25758,8,0x21ac3840
17391,28431,8,0x21b5f580
17392,28324,8,0x21bfb2c0
17393,24624,8,0x21c97000
17394,25389,8,0x21d32d40
17395,29019,8,0x21dcea80
17396,39199,8,0x21e6a7c0
17397,31642,8,0x21f06500
17398,25842,8,0x21fa2240
17399,27778,8,0x2203df80
17400,28936,8,0x220d9cc0
17401,25187,8,0x22175a00
17402,32762,8,0x22211740
17403,28447,8,0x222ad480
17404,25077,8,0x223491c0
17405,25511,8,0x223e4f00
17406,27782,8,0x22480c40
17407,27472,8,0x2251c980
17408,28101,8,0x225b86c0
17409,27575,8,0x22654400
17410,28378,8,0x226f0140
17411,32392,8,0x2278be80
17412,25462,8,0x22827bc0
17413,25468,8,0x228c3900
17414,28393,8,0x2295f640
17415,27619,8,0x229fb380
17416,38367,8,0x22a970c0
17417,23474,8,0x22b32e00
17418,25545,8,0x22bceb40
17419,25169,8,0x22c6a880
17420,23243,8,0x22d065c0
17421,23999,8,0x22da2300
17422,25530,8,0x22e3e040
17423,25144,8,0x22ed9d80
17424,23780,8,0x22f75ac0
17425,26445,8,0x23011800
17426,25330,8,0x230ad540
17427,23496,8,0x23149280
17428,23146,8,0x231e4fc0
17429,26182,8,0x23280d00
17430,25615,8,0x2331ca40
17431,22397,8,0x233b8780
17432,23434,8,0x234544c0
17433,25651,8,0x234f0200
17434,25039,8,0x2358bf40
17435,22640,8,0x23627c80
17436,23822,8,0x236c39c0
17437,26343,8,0x2375f700
17438,25458,8,0x237fb440
17439,23426,8,0x23897180
17440,23016,8,0x23932ec0
17441,26507,8,0x239cec00
17442,24698,8,0x23a6a940
17443,23486,8,0x23b06680
17444,22712,8,0x23ba23c0
17445,25731,8,0x23c3e100
17446,29595,8,0x23cd9e40
17447,24005,8,0x23d75b80
17448,26140,8,0x23e118c0
17449,26193,8,0x23ead600
17450,23822,8,0x23f49340
17451,23159,8,0x23fe5080
17452,25420,8,0x24080dc0
17453,25889,8,0x2411cb00
17454,23681,8,0x241b8840
17455,23260,8,0x24254580
17456,24065,8,0x242f02c0
17457,25201,8,0x2438c000
17458,21933,8,0x24427d40
17459,21846,8,0x244c3a80
17460,27857,8,0x2455f7c0
17461,28079,8,0x245fb500
17462,21583,8,0x24697240
17463,20600,8,0x24732f80
17464,24328,8,0x247cecc0
17465,24236,8,0x2486aa00
17466,25885,8,0x24906740
17467,22291,8,0x249a2480
17468,23653,8,0x24a3e1c0
17469,23739,8,0x24ad9f00
17470,22257,8,0x24b75c40
17471,24131,8,0x24c11980
17472,24319,8,0x24cad6c0
17473,22696,8,0x24d49400
17474,22353,8,0x24de5140
17475,28033,8,0x24e80e80
17476,24266,8,0x24f1cbc0
17477,21467,8,0x24fb8900
17478,22727,8,0x25054640
17479,23598,8,0x250f0380
17480,24088,8,0x2518c0c0
17481,22020,8,0x25227e00
17482,22181,8,0x252c3b40
17483,24039,8,0x2535f880
17484,23890,8,0x253fb5c0
17485,21718,8,0x25497300
17486,23934,8,0x25533040
17487,26960,8,0x255ced80
17488,24800,8,0x2566aac0
17489,21791,8,0x25706800
17490,21935,8,0x257a2540
17491,24718,8,0x2583e280
17492,24716,8,0x258d9fc0
17493,22692,8,0x25975d00
17494,21634,8,0x25a11a40
17495,24910,8,0x25aad780
17496,22683,8,0x25b494c0
17497,21716,8,0x25be5200
17498,23643,8,0x25c80f40
17499,24650,8,0x25d1cc80
17500,21480,8,0x25db89c0
17501,22718,8,0x25e54700
17502,24007,8,0x25ef0440
17503,23530,8,0x25f8c180
17504,21411,8,0x26027ec0
17505,21247,8,0x260c3c00
17506,24019,8,0x2615f940
17507,24274,8,0x261fb680
17508,21922,8,0x262973c0
17509,21757,8,0x26333100
17510,24455,8,0x263cee40
17511,24203,8,0x2646ab80
17512,22187,8,0x265068c0
17513,22158,8,0x265a2600
17514,24688,8,0x2663e340
17515,24567,8,0x266da080
17516,22178,8,0x26775dc0
17517,21964,8,0x26811b00
17518,24351,8,0x268ad840
17519,21845,8,0x26949580
17520,22219,8,0x269e52c0
17521,24517,8,0x26a81000
17522,24483,8,0x26b1cd40
17523,21417,8,0x26bb8a80
17524,26550,8,0x26c547c0
17525,28010,8,0x26cf0500
17526,24798,8,0x26d8c240
17527,24169,8,0x26e27f80
17528,25821,8,0x26ec3cc0
17529,24451,8,0x26f5fa00
17530,28480,8,0x26ffb740
17531,21963,8,0x27097480
17532,21795,8,0x271331c0
17533,24000,8,0x271cef00
17534,25400,8,0x2726ac40
17535,22013,8,0x27306980
17536,21724,8,0x273a26c0
17537,23846,8,0x2743e400
17538,25269,8,0x274da140
17539,26149,8,0x27575e80
17540,21645,8,0x27611bc0
17541,23920,8,0x276ad900
17542,22146,8,0x27749640
17543,21020,8,0x277e5380
17544,25030,8,0x278810c0
17545,23878,8,0x2791ce00
17546,22460,8,0x279b8b40
17547,21263,8,0x27a54880
17548,24322,8,0x27af05c0
17549,24585,8,0x27b8c300
17550,21528,8,0x27c28040
17551,22133,8,0x27cc3d80
17552,24101,8,0x27d5fac0
17553,24180,8,0x27dfb800
17554,29460,8,0x27e97540
17555,22688,8,0x27f33280
17556,25222,8,0x27fcefc0
17557,24833,8,0x2806ad00
17558,22501,8,0x28106a40
17559,22175,8,0x281a2780
17560,25942,8,0x2823e4c0
17561,24256,8,0x282da200
17562,22012,8,0x28375f40
17563,21943,8,0x28411c80
17564,24528,8,0x284ad9c0
17565,21953,8,0x28549700
17566,21885,8,0x285e5440
17567,26350,8,0x28681180
17568,28511,8,0x2871cec0
17569,22251,8,0x287b8c00
17570,21810,8,0x28854940
17571,24502,8,0x288f0680
17572,24558,8,0x2898c3c0
17573,21971,8,0x28a28100
17574,21562,8,0x28ac3e40
17575,24551,8,0x28b5fb80
17576,25438,8,0x28bfb8c0
17577,21832,8,0x28c97600
17578,22728,8,0x28d33340
17579,24715,8,0x28dcf080
17580,24561,8,0x28e6adc0
17581,21584,8,0x28f06b00
17582,21780,8,0x28fa2840
17583,23991,8,0x2903e580
17584,24875,8,0x290da2c0
17585,22110,8,0x29176000
17586,22239,8,0x29211d40
17587,24167,8,0x292ada80
17588,26354,8,0x293497c0
17589,28251,8,0x293e5500
17590,24461,8,0x29481240
17591,24005,8,0x2951cf80
17592,22285,8,0x295b8cc0
17593,21795,8,0x29654a00
17594,27908,8,0x296f0740
17595,23830,8,0x2978c480
17596,22462,8,0x298281c0
17597,21476,8,0x298c3f00
17598,24875,8,0x2995fc40
17599,24886,8,0x299fb980
17600,22965,8,0x29a976c0
17601,21800,8,0x29b33400
17602,25070,8,0x29bcf140
17603,27911,8,0x29c6ae80
17604,22651,8,0x29d06bc0
17605,21447,8,0x29da2900
17606,24316,8,0x29e3e640
17607,23702,8,0x29eda380
17608,25082,8,0x29f760c0
17609,24899,8,0x2a011e00
17610,24920,8,0x2a0adb40
17611,24327,8,0x2a149880
17612,22892,8,0x2a1e55c0
17613,24692,8,0x2a281300
17614,24246,8,0x2a31d040
17615,21614,8,0x2a3b8d80
17616,22568,8,0x2a454ac0
17617,23887,8,0x2a4f0800
17618,25031,8,0x2a58c540
17619,22496,8,0x2a628280
17620,23166,8,0x2a6c3fc0
17621,25055,8,0x2a75fd00
17622,24226,8,0x2a7fba40
17623,21800,8,0x2a897780
17624,23025,8,0x2a9334c0
17625,24856,8,0x2a9cf200
17626,24369,8,0x2aa6af40
17627,21426,8,0x2ab06c80
17628,22359,8,0x2aba29c0
17629,23957,8,0x2ac3e700
17630,24072,8,0x2acda440
17631,22931,8,0x2ad76180
17632,22695,8,0x2ae11ec0
17633,24648,8,0x2aeadc00
17634,24025,8,0x2af49940
17635,22477,8,0x2afe5680
17636,25630,8,0x2b0813c0
17637,24874,8,0x2b11d100
17638,22069,8,0x2b1b8e40
17639,22256,8,0x2b254b80
17640,25168,8,0x2b2f08c0
17641,25237,8,0x2b38c600
17642,21847,8,0x2b428340
17643,22311,8,0x2b4c4080
17644,24217,8,0x2b55fdc0
17645,24614,8,0x2b5fbb00
17646,21635,8,0x2b697840
17647,21697,8,0x2b733580
17648,25256,8,0x2b7cf2c0
17649,27388,8,0x2b86b000
17650,25505,8,0x2b906d40
17651,22735,8,0x2b9a2a80
17652,29025,8,0x2ba3e7c0
17653,28070,8,0x2bada500
17654,22176,8,0x2bb76240
17655,22129,8,0x2bc11f80
17656,25183,8,0x2bcadcc0
17657,24140,8,0x2bd49a00
17658,26028,8,0x2bde5740
17659,24872,8,0x2be81480
17660,25020,8,0x2bf1d1c0
17661,21961,8,0x2bfb8f00
17662,22521,8,0x2c054c40
17663,25022,8,0x2c0f0980
17664,24599,8,0x2c18c6c0
17665,22299,8,0x2c228400
17666,23135,8,0x2c2c4140
17667,29159,8,0x2c35fe80
17668,25487,8,0x2c3fbbc0
17669,22733,8,0x2c497900
17670,21798,8,0x2c533640
17671,24893,8,0x2c5cf380
17672,24331,8,0x2c66b0c0
17673,23223,8,0x2c706e00
17674,22556,8,0x2c7a2b40
17675,25371,8,0x2c83e880
17676,25157,8,0x2c8da5c0
17677,21622,8,0x2c976300
17678,22879,8,0x2ca12040
17679,24382,8,0x2caadd80
17680,25142,8,0x2cb49ac0
17681,22563,8,0x2cbe5800
17682,24471,8,0x2cc81540
17683,24695,8,0x2cd1d280
17684,22319,8,0x2cdb8fc0
17685,22262,8,0x2ce54d00
17686,25584,8,0x2cef0a40
17687,24127,8,0x2cf8c780
17688,26385,8,0x2d0284c0
17689,25548,8,0x2d0c4200
17690,26083,8,0x2d15ff40
17691,24420,8,0x2d1fbc80
17692,23371,8,0x2d2979c0
17693,21486,8,0x2d333700
17694,24380,8,0x2d3cf440
17695,25281,8,0x2d46b180
17696,22441,8,0x2d506ec0
17697,21869,8,0x2d5a2c00
17698,24656,8,0x2d63e940
17699,24339,8,0x2d6da680
17700,22872,8,0x2d7763c0
17701,22510,8,0x2d812100
17702,24671,8,0x2d8ade40
17703,25052,8,0x2d949b80
17704,23000,8,0x2d9e58c0
17705,25609,8,0x2da81600
17706,24344,8,0x2db1d340
17707,22980,8,0x2dbb9080
17708,22721,8,0x2dc54dc0
17709,25686,8,0x2dcf0b00
17710,24195,8,0x2dd8c840
17711,22783,8,0x2de28580
17712,22862,8,0x2dec42c0
17713,24425,8,0x2df60000
17714,25104,8,0x2dffbd40
17715,29773,8,0x2e097a80
17716,27314,8,0x2e1337c0
17717,28188,8,0x2e1cf500
17718,23954,8,0x2e26b240
17719,22460,8,0x2e306f80
17720,22966,8,0x2e3a2cc0
17721,24877,8,0x2e43ea00
17722,27916,8,0x2e4da740
17723,22823,8,0x2e576480
17724,22871,8,0x2e6121c0
17725,25198,8,0x2e6adf00
17726,24410,8,0x2e749c40
17727,22342,8,0x2e7e5980
17728,27141,8,0x2e8816c0
17729,27187,8,0x2e91d400
17730,22350,8,0x2e9b9140
17731,26751,8,0x2ea54e80
17732,24702,8,0x2eaf0bc0
17733,25434,8,0x2eb8c900
17734,22598,8,0x2ec28640
17735,22131,8,0x2ecc4380
17736,25233,8,0x2ed600c0
17737,24935,8,0x2edfbe00
17738,22586,8,0x2ee97b40
17739,22118,8,0x2ef33880
17740,25863,8,0x2efcf5c0
17741,24380,8,0x2f06b300
17742,22787,8,0x2f107040
17743,22360,8,0x2f1a2d80
17744,24857,8,0x2f23eac0
17745,25073,8,0x2f2da800
17746,22523,8,0x2f376540
17747,22735,8,0x2f412280
17748,24819,8,0x2f4adfc0
17749,24864,8,0x2f549d00
17750,22507,8,0x2f5e5a40
17751,25010,8,0x2f681780
17752,25771,8,0x2f71d4c0
17753,21886,8,0x2f7b9200
17754,21975,8,0x2f854f40
17755,25591,8,0x2f8f0c80
17756,25304,8,0x2f98c9c0
17757,21967,8,0x2fa28700
17758,22471,8,0x2fac4440
17759,24498,8,0x2fb60180
17760,24904,8,0x2fbfbec0
17761,22068,8,0x2fc97c00
17762,21955,8,0x2fd33940
17763,25801,8,0x2fdcf680
17764,24963,8,0x2fe6b3c0
17765,23163,8,0x2ff07100
17766,22018,8,0x2ffa2e40
17767,25229,8,0x3003eb80
17768,27889,8,0x300da8c0
17769,26220,8,0x30176600
17770,22854,8,0x30212340
17771,25097,8,0x302ae080
17772,24543,8,0x30349dc0
17773,21927,8,0x303e5b00
17774,24882,8,0x30481840
17775,24932,8,0x3051d580
17776,22633,8,0x305b92c0
17777,22610,8,0x30655000
17778,25020,8,0x306f0d40
17779,24229,8,0x3078ca80
17780,27813,8,0x308287c0
17781,25872,8,0x308c4500
17782,25458,8,0x30960240
17783,24857,8,0x309fbf80
17784,22901,8,0x30a97cc0
17785,21993,8,0x30b33a00
17786,28895,8,0x30bcf740
17787,24497,8,0x30c6b480
17788,22206,8,0x30d071c0
17789,22152,8,0x30da2f00
17790,24763,8,0x30e3ec40
17791,24163,8,0x30eda980
17792,22776,8,0x30f766c0
17793,22217,8,0x31012400
17794,25281,8,0x310ae140
17795,28051,8,0x31149e80
17796,22550,8,0x311e5bc0
17797,24889,8,0x31281900
17798,25121,8,0x3131d640
17799,22134,8,0x313b9380
17800,22684,8,0x314550c0
17801,24413,8,0x314f0e00
17802,24777,8,0x3158cb40
17803,22459,8,0x31628880
17804,21883,8,0x316c45c0
17805,24655,8,0x31760300
17806,25157,8,0x317fc040
17807,21733,8,0x31897d80
17808,24423,8,0x31933ac0
17809,28328,8,0x319cf800
17810,25596,8,0x31a6b540
17811,22535,8,0x31b07280
17812,22289,8,0x31ba2fc0
17813,24833,8,0x31c3ed00
17814,25117,8,0x31cdaa40
17815,22985,8,0x31d76780
17816,23368,8,0x31e124c0
17817,24716,8,0x31eae200
17818,24586,8,0x31f49f40
17819,22166,8,0x31fe5c80
17820,22702,8,0x320819c0
17821,24694,8,0x3211d700
17822,22782,8,0x321b9440
17823,34854,8,0x32255180
17824,22883,8,0x322f0ec0
17825,21708,8,0x3238cc00
17826,20335,8,0x32428940
17827,20821,8,0x324c4680
17828,22878,8,0x325603c0
17829,22155,8,0x325fc100
17830,20676,8,0x32697e40
17831,21113,8,0x32733b80
17832,23215,8,0x327cf8c0
17833,22373,8,0x3286b600
17834,20184,8,0x32907340
17835,21313,8,0x329a3080
17836,22189,8,0x32a3edc0
17837,22320,8,0x32adab00
17838,20095,8,0x32b76840
17839,20197,8,0x32c12580
17840,22429,8,0x32cae2c0
17841,22579,8,0x32d4a000
17842,20461,8,0x32de5d40
17843,20217,8,0x32e81a80
17844,28010,8,0x32f1d7c0
17845,23446,8,0x32fb9500
17846,20173,8,0x33055240
17847,22959,8,0x330f0f80
17848,23208,8,0x3318ccc0
17849,19887,8,0x33228a00
17850,26031,8,0x332c4740
17851,24645,8,0x33360480
17852,22962,8,0x333fc1c0
17853,20704,8,0x33497f00
17854,20518,8,0x33533c40
17855,22701,8,0x335cf980
17856,22598,8,0x3366b6c0
17857,20954,8,0x33707400
17858,21055,8,0x337a3140
17859,25881,8,0x3383ee80
17860,22717,8,0x338dabc0
17861,20259,8,0x33976900
17862,20784,8,0x33a12640
17863,21843,8,0x33aae380
17864,23077,8,0x33b4a0c0
17865,20461,8,0x33be5e00
17866,20445,8,0x33c81b40
17867,23741,8,0x33d1d880
17868,20824,8,0x33db95c0
17869,20408,8,0x33e55300
17870,22552,8,0x33ef1040
17871,22405,8,0x33f8cd80
17872,20462,8,0x34028ac0
17873,21215,8,0x340c4800
17874,22316,8,0x34160540
17875,22315,8,0x341fc280
17876,20444,8,0x34297fc0
17877,21331,8,0x34333d00
17878,22774,8,0x343cfa40
17879,32887,8,0x3446b780
17880,20522,8,0x345074c0
17881,19854,8,0x345a3200
17882,22862,8,0x3463ef40
17883,23281,8,0x346dac80
17884,20736,8,0x347769c0
17885,20951,8,0x34812700
17886,23384,8,0x348ae440
17887,23517,8,0x3494a180
17888,21199,8,0x349e5ec0
17889,20531,8,0x34a81c00
17890,23202,8,0x34b1d940
17891,20828,8,0x34bb9680
17892,20227,8,0x34c553c0
17893,23171,8,0x34cf1100
17894,25546,8,0x34d8ce40
17895,24714,8,0x34e28b80
17896,21173,8,0x34ec48c0
17897,22793,8,0x34f60600
17898,23261,8,0x34ffc340
17899,21065,8,0x35098080
17900,20195,8,0x35133dc0
17901,23200,8,0x351cfb00
17902,22656,8,0x3526b840
17903,20926,8,0x35307580
17904,20905,8,0x353a32c0
17905,22590,8,0x3543f000
17906,22357,8,0x354dad40
17907,21024,8,0x35576a80
17908,24660,8,0x356127c0
17909,26009,8,0x356ae500
17910,23164,8,0x3574a240
17911,20475,8,0x357e5f80
17912,21905,8,0x35881cc0
17913,22930,8,0x3591da00
17914,24091,8,0x359b9740
17915,20425,8,0x35a55480
17916,22382,8,0x35af11c0
17917,22743,8,0x35b8cf00
17918,20623,8,0x35c28c40
17919,20845,8,0x35cc4980
17920,22161,8,0x35d606c0
17921,22938,8,0x35dfc400
17922,21272,8,0x35e98140
17923,23670,8,0x35f33e80
17924,22427,8,0x35fcfbc0
17925,22919,8,0x3606b900
17926,20460,8,0x36107640
17927,21090,8,0x361a3380
17928,22514,8,0x3623f0c0
17929,22693,8,0x362dae00
17930,20774,8,0x36376b40
17931,21629,8,0x36412880
17932,22705,8,0x364ae5c0
17933,23122,8,0x3654a300
17934,20659,8,0x365e6040
17935,20765,8,0x36681d80
17936,22287,8,0x3671dac0
17937,22864,8,0x367b9800
17938,24566,8,0x36855540
17939,23665,8,0x368f1280
17940,23849,8,0x3698cfc0
17941,20263,8,0x36a28d00
17942,21434,8,0x36ac4a40
17943,23337,8,0x36b60780
17944,22901,8,0x36bfc4c0
17945,21032,8,0x36c98200
17946,21397,8,0x36d33f40
17947,22981,8,0x36dcfc80
17948,22431,8,0x36e6b9c0
17949,21005,8,0x36f07700
17950,20929,8,0x36fa3440
17951,23186,8,0x3703f180
17952,22791,8,0x370daec0
17953,39823,8,0x37176c00
17954,19841,8,0x37212940
17955,21108,8,0x372ae680
17956,21819,8,0x3734a3c0
17957,19782,8,0x373e6100
17958,20376,8,0x37481e40
17959,22080,8,0x3751db80
17960,21630,8,0x375b98c0
17961,20094,8,0x37655600
17962,21459,8,0x376f1340
17963,22028,8,0x3778d080
17964,19136,8,0x37828dc0
17965,19740,8,0x378c4b00
17966,21821,8,0x37960840
17967,22186,8,0x379fc580
17968,19745,8,0x37a982c0
17969,20307,8,0x37b34000
17970,21550,8,0x37bcfd40
17971,21488,8,0x37c6ba80
17972,22856,8,0x37d077c0
17973,23031,8,0x37da3500
17974,21667,8,0x37e3f240
17975,22242,8,0x37edaf80
17976,20081,8,0x37f76cc0
17977,19677,8,0x38012a00
17978,24986,8,0x380ae740
17979,21770,8,0x3814a480
17980,19369,8,0x381e61c0
17981,22119,8,0x38281f00
17982,25136,8,0x3831dc40
17983,21491,8,0x383b9980
17984,19724,8,0x384556c0
17985,21372,8,0x384f1400
17986,21690,8,0x3858d140
17987,22968,8,0x38628e80
17988,19311,8,0x386c4bc0
17989,20955,8,0x38760900
17990,22171,8,0x387fc640
17991,19440,8,0x38898380
17992,20471,8,0x389340c0
17993,22126,8,0x389cfe00
17994,21526,8,0x38a6bb40
17995,19122,8,0x38b07880
17996,19298,8,0x38ba35c0
17997,21484,8,0x38c3f300
17998,21329,8,0x38cdb040
17999,19749,8,0x38d76d80
18000,19566,8,0x38e12ac0
18001,22234,8,0x38eae800
18002,21360,8,0x38f4a540
18003,19781,8,0x38fe6280
18004,19214,8,0x39081fc0
18005,21993,8,0x3911dd00
18006,21616,8,0x391b9a40
18007,19208,8,0x39255780
18008,22399,8,0x392f14c0
18009,21565,8,0x3938d200
18010,19926,8,0x39428f40
18011,19476,8,0x394c4c80
18012,22522,8,0x395609c0
18013,21969,8,0x395fc700
18014,21231,8,0x39698440
18015,19907,8,0x39734180
18016,21845,8,0x397cfec0
18017,21729,8,0x3986bc00
18018,19842,8,0x39907940
18019,19567,8,0x399a3680
18020,21876,8,0x39a3f3c0
18021,22042,8,0x39adb100
18022,19446,8,0x39b76e40
18023,20000,8,0x39c12b80
18024,22261,8,0x39cae8c0
18025,23068,8,0x39d4a600
18026,20160,8,0x39de6340
18027,23281,8,0x39e82080
18028,22228,8,0x39f1ddc0
18029,21299,8,0x39fb9b00
18030,20207,8,0x3a055840
18031,22096,8,0x3a0f1580
18032,21529,8,0x3a18d2c0
18033,20047,8,0x3a229000
18034,20223,8,0x3a2c4d40
18035,21611,8,0x3a360a80
18036,24743,8,0x3a3fc7c0
18037,23167,8,0x3a498500
18038,20149,8,0x3a534240
18039,21820,8,0x3a5cff80
18040,22599,8,0x3a66bcc0
18041,20133,8,0x3a707a00
18042,23289,8,0x3a7a3740
18043,22651,8,0x3a83f480
18044,21751,8,0x3a8db1c0
18045,20568,8,0x3a976f00
18046,19349,8,0x3aa12c40
18047,22394,8,0x3aaae980
18048,21328,8,0x3ab4a6c0
18049,20203,8,0x3abe6400
18050,19556,8,0x3ac82140
18051,26810,8,0x3ad1de80
18052,21779,8,0x3adb9bc0
18053,20494,8,0x3ae55900
18054,21674,8,0x3aef1640
18055,21675,8,0x3af8d380
18056,27402,8,0x3b0290c0
18057,20159,8,0x3b0c4e00
18058,21661,8,0x3b160b40
18059,21635,8,0x3b1fc880
18060,19871,8,0x3b2985c0
18061,20067,8,0x3b334300
18062,22338,8,0x3b3d0040
18063,22331,8,0x3b46bd80
18064,19827,8,0x3b507ac0
18065,20008,8,0x3b5a3800
18066,21676,8,0x3b63f540
18067,21719,8,0x3b6db280
18068,19828,8,0x3b776fc0
18069,20153,8,0x3b812d00
18070,21870,8,0x3b8aea40
18071,23250,8,0x3b94a780
18072,24419,8,0x3b9e64c0
18073,21433,8,0x3ba82200
18074,22345,8,0x3bb1df40
18075,22048,8,0x3bbb9c80
18076,19753,8,0x3bc559c0
18077,22295,8,0x3bcf1700
18078,21819,8,0x3bd8d440
18079,19672,8,0x3be29180
18080,20018,8,0x3bec4ec0
18081,22372,8,0x3bf60c00
18082,22094,8,0x3bffc940
18083,19384,8,0x3c098680
18084,20256,8,0x3c1343c0
18085,22182,8,0x3c1d0100
18086,21526,8,0x3c26be40
18087,19563,8,0x3c307b80
18088,19963,8,0x3c3a38c0
18089,22292,8,0x3c43f600
18090,21662,8,0x3c4db340
18091,20284,8,0x3c577080
18092,19645,8,0x3c612dc0
18093,22124,8,0x3c6aeb00
18094,21199,8,0x3c74a840
18095,19589,8,0x3c7e6580
18096,19985,8,0x3c8822c0
18097,23040,8,0x3c91e000
18098,22086,8,0x3c9b9d40
18099,20719,8,0x3ca55a80
18100,26093,8,0x3caf17c0
18101,24481,8,0x3cb8d500
18102,20370,8,0x3cc29240
18103,20131,8,0x3ccc4f80
18104,22821,8,0x3cd60cc0
18105,21912,8,0x3cdfca00
18106,22453,8,0x3ce98740
18107,20059,8,0x3cf34480
18108,22195,8,0x3cfd01c0
18109,21567,8,0x3d06bf00
18110,20542,8,0x3d107c40
18111,19998,8,0x3d1a3980
18112,22615,8,0x3d23f6c0
18113,21706,8,0x3d2db400
18114,20250,8,0x3d377140
18115,26160,8,0x3d412e80
18116,25183,8,0x3d4aebc0
18117,24370,8,0x3d54a900
18118,19910,8,0x3d5e6640
18119,20162,8,0x3d682380
18120,22530,8,0x3d71e0c0
18121,22072,8,0x3d7b9e00
18122,19759,8,0x3d855b40
18123,21885,8,0x3d8f1880
18124,21920,8,0x3d98d5c0
18125,20054,8,0x3da29300
18126,19373,8,0x3dac5040
18127,22074,8,0x3db60d80
18128,22339,8,0x3dbfcac0
18129,20215,8,0x3dc98800
18130,20261,8,0x3dd34540
18131,21558,8,0x3ddd0280
18132,22758,8,0x3de6bfc0
18133,20029,8,0x3df07d00
18134,20546,8,0x3dfa3a40
18135,21884,8,0x3e03f780
18136,22436,8,0x3e0db4c0
18137,19640,8,0x3e177200
18138,20768,8,0x3e212f40
18139,21716,8,0x3e2aec80
18140,22268,8,0x3e34a9c0
18141,20003,8,0x3e3e6700
18142,20273,8,0x3e482440
18143,22138,8,0x3e51e180
18144,22253,8,0x3e5b9ec0
18145,20008,8,0x3e655c00
18146,21393,8,0x3e6f1940
18147,21973,8,0x3e78d680
18148,19776,8,0x3e8293c0
18149,19916,8,0x3e8c5100
18150,21905,8,0x3e960e40
18151,22278,8,0x3e9fcb80
18152,19888,8,0x3ea988c0
18153,19876,8,0x3eb34600
18154,22020,8,0x3ebd0340
18155,21876,8,0x3ec6c080
18156,19842,8,0x3ed07dc0
18157,20539,8,0x3eda3b00
18158,22769,8,0x3ee3f840
18159,21955,8,0x3eedb580
18160,20621,8,0x3ef772c0
18161,21783,8,0x3f013000
18162,25020,8,0x3f0aed40
18163,22426,8,0x3f14aa80
18164,23651,8,0x3f1e67c0
18165,23175,8,0x3f282500
18166,22708,8,0x3f31e240
18167,21948,8,0x3f3b9f80
18168,19838,8,0x3f455cc0
18169,19845,8,0x3f4f1a00
18170,24539,8,0x3f58d740
18171,19929,8,0x3f629480
18172,20166,8,0x3f6c51c0
18173,22783,8,0x3f760f00
18174,21502,8,0x3f7fcc40
18175,20164,8,0x3f898980
18176,20305,8,0x3f9346c0
18177,22649,8,0x3f9d0400
18178,22229,8,0x3fa6c140
18179,23485,8,0x3fb07e80
18180,20260,8,0x3fba3bc0
18181,22440,8,0x3fc3f900
18182,22678,8,0x3fcdb640
18183,20106,8,0x3fd77380
18184,20660,8,0x3fe130c0
18185,22749,8,0x3feaee00
18186,22069,8,0x3ff4ab40
18187,20449,8,0x3ffe6880
18188,21287,8,0x82600
18189,22602,8,0x11e340
18190,22598,8,0x1ba080
18191,19348,8,0x255dc0
18192,20531,8,0x2f1b00
18193,21729,8,0x38d840
18194,20632,8,0x429580
18195,19322,8,0x4c52c0
18196,22708,8,0x561000
18197,22396,8,0x5fcd40
18198,19933,8,0x698a80
18199,20178,8,0x7347c0
18200,21995,8,0x7d0500
18201,21720,8,0x86c240
18202,19424,8,0x907f80
18203,19856,8,0x9a3cc0
18204,22412,8,0xa3fa00
18205,21462,8,0xadb740
18206,23243,8,0xb77480
18207,23089,8,0xc131c0
18208,23445,8,0xcaef00
18209,21936,8,0xd4ac40
18210,20300,8,0xde6980
18211,19108,8,0xe826c0
18212,22070,8,0xf1e400
18213,21687,8,0xfba140
18214,20054,8,0x1055e80
18215,19419,8,0x10f1bc0
18216,22274,8,0x118d900
18217,20113,8,0x1229640
18218,20181,8,0x12c5380
18219,21692,8,0x13610c0
18220,21855,8,0x13fce00
18221,20158,8,0x1498b40
18222,19881,8,0x1534880
18223,22252,8,0x15d05c0
18224,22678,8,0x166c300
18225,20941,8,0x1708040
18226,20339,8,0x17a3d80
18227,22035,8,0x183fac0
18228,25553,8,0x18db800
18229,23645,8,0x1977540
18230,20188,8,0x1a13280
18231,21581,8,0x1aaefc0
18232,22438,8,0x1b4ad00
18233,20551,8,0x1be6a40
18234,23232,8,0x1c82780
18235,21683,8,0x1d1e4c0
18236,26106,8,0x1dba200
18237,20254,8,0x1e55f40
18238,19908,8,0x1ef1c80
18239,22318,8,0x1f8d9c0
18240,20398,8,0x2029700
18241,19765,8,0x20c5440
18242,21685,8,0x2161180
18243,25161,8,0x21fcec0
18244,20548,8,0x2298c00
18245,20651,8,0x2334940
18246,22198,8,0x23d0680
18247,22181,8,0x246c3c0
18248,20028,8,0x2508100
18249,19624,8,0x25a3e40
18250,21950,8,0x263fb80
18251,26112,8,0x26db8c0
18252,24791,8,0x2777600
18253,20731,8,0x2813340
18254,21599,8,0x28af080
18255,22609,8,0x294adc0
18256,20131,8,0x29e6b00
18257,19709,8,0x2a82840
18258,21671,8,0x2b1e580
18259,22273,8,0x2bba2c0
18260,20716,8,0x2c56000
18261,19748,8,0x2cf1d40
18262,22927,8,0x2d8da80
18263,20016,8,0x2e297c0
18264,19407,8,0x2ec5500
18265,21629,8,0x2f61240
18266,22158,8,0x2ffcf80
18267,20886,8,0x3098cc0
18268,19592,8,0x3134a00
18269,22267,8,0x31d0740
18270,21863,8,0x326c480
18271,20511,8,0x33081c0
18272,19670,8,0x33a3f00
18273,22011,8,0x343fc40
18274,22484,8,0x34db980
18275,20416,8,0x35776c0
18276,19739,8,0x3613400
18277,23253,8,0x36af140
18278,21656,8,0x374ae80
18279,20364,8,0x37e6bc0
18280,20611,8,0x3882900
18281,21810,8,0x391e640
18282,21981,8,0x39ba380
18283,20988,8,0x3a560c0
18284,33786,8,0x3af1e00
18285,20689,8,0x3b8db40
18286,20304,8,0x3c29880
18287,19051,8,0x3cc55c0
18288,19944,8,0x3d61300
18289,20569,8,0x3dfd040
18290,18413,8,0x3e98d80
18291,18868,8,0x3f34ac0
18292,22702,8,0x3fd0800
18293,22748,8,0x406c540
18294,18845,8,0x4108280
18295,18971,8,0x41a3fc0
18296,22350,8,0x423fd00
18297,22645,8,0x42dba40
18298,23744,8,0x4377780
18299,18825,8,0x44134c0
18300,19862,8,0x44af200
18301,20034,8,0x454af40
18302,18139,8,0x45e6c80
18303,18904,8,0x46829c0
18304,20220,8,0x471e700
18305,20677,8,0x47ba440
18306,18543,8,0x4856180
18307,20800,8,0x48f1ec0
18308,19927,8,0x498dc00
18309,19590,8,0x4a29940
18310,18539,8,0x4ac5680
18311,20100,8,0x4b613c0
18312,20608,8,0x4bfd100
18313,18539,8,0x4c98e40
18314,18653,8,0x4d34b80
18315,20887,8,0x4dd08c0
18316,20394,8,0x4e6c600
18317,18589,8,0x4f08340
18318,18293,8,0x4fa4080
18319,20214,8,0x503fdc0
18320,20144,8,0x50dbb00
18321,18233,8,0x5177840
18322,19263,8,0x5213580
18323,20304,8,0x52af2c0
18324,20779,8,0x534b000
18325,17970,8,0x53e6d40
18326,19224,8,0x5482a80
18327,19765,8,0x551e7c0
18328,20315,8,0x55ba500
18329,18298,8,0x5656240
18330,18695,8,0x56f1f80
18331,19961,8,0x578dcc0
18332,20010,8,0x5829a00
18333,18444,8,0x58c5740
18334,20334,8,0x5961480
18335,19775,8,0x59fd1c0
18336,18856,8,0x5a98f00
18337,18407,8,0x5b34c40
18338,20393,8,0x5bd0980
18339,20317,8,0x5c6c6c0
18340,18821,8,0x5d08400
18341,18030,8,0x5da4140
18342,20755,8,0x5e3fe80
18343,20920,8,0x5edbbc0
18344,18678,8,0x5f77900
18345,20600,8,0x6013640
18346,22167,8,0x60af380
18347,19813,8,0x614b0c0
18348,18640,8,0x61e6e00
18349,19016,8,0x6282b40
18350,20719,8,0x631e880
18351,20900,8,0x63ba5c0
18352,18749,8,0x6456300
18353,17868,8,0x64f2040
18354,20519,8,0x658dd80
18355,20641,8,0x6629ac0
18356,20792,8,0x66c5800
18357,22880,8,0x6761540
18358,20617,8,0x67fd280
18359,18407,8,0x6898fc0
18360,18974,8,0x6934d00
18361,20283,8,0x69d0a40
18362,22924,8,0x6a6c780
18363,18181,8,0x6b084c0
18364,18330,8,0x6ba4200
18365,20353,8,0x6c3ff40
18366,19970,8,0x6cdbc80
18367,18796,8,0x6d779c0
18368,18458,8,0x6e13700
18369,21224,8,0x6eaf440
18370,20017,8,0x6f4b180
18371,21719,8,0x6fe6ec0
18372,18065,8,0x7082c00
18373,20230,8,0x711e940
18374,20444,8,0x71ba680
18375,18776,8,0x72563c0
18376,19175,8,0x72f2100
18377,20438,8,0x738de40
18378,20418,8,0x7429b80
18379,19028,8,0x74c58c0
18380,19690,8,0x7561600
18381,19871,8,0x75fd340
18382,18892,8,0x7699080
18383,18597,8,0x7734dc0
18384,20240,8,0x77d0b00
18385,20608,8,0x786c840
18386,17915,8,0x7908580
18387,19159,8,0x79a42c0
18388,19999,8,0x7a40000
18389,19558,8,0x7adbd40
18390,18338,8,0x7b77a80
18391,18957,8,0x7c137c0
18392,19820,8,0x7caf500
18393,20187,8,0x7d4b240
18394,20654,8,0x7de6f80
18395,20275,8,0x7e82cc0
18396,20132,8,0x7f1ea00
18397,20172,8,0x7fba740
18398,19061,8,0x8056480
18399,18177,8,0x80f21c0
18400,20419,8,0x818df00
18401,20821,8,0x8229c40
18402,18404,8,0x82c5980
18403,21223,8,0x83616c0
18404,19495,8,0x83fd400
18405,18860,8,0x8499140
18406,17991,8,0x8534e80
18407,20367,8,0x85d0bc0
18408,20163,8,0x866c900
18409,19664,8,0x8708640
18410,18283,8,0x87a4380
18411,20146,8,0x88400c0
18412,19868,8,0x88dbe00
18413,18785,8,0x8977b40
18414,18083,8,0x8a13880
18415,20903,8,0x8aaf5c0
18416,19837,8,0x8b4b300
18417,18447,8,0x8be7040
18418,18864,8,0x8c82d80
18419,20229,8,0x8d1eac0
18420,23131,8,0x8dba800
18421,21754,8,0x8e56540
18422,18485,8,0x8ef2280
18423,20411,8,0x8f8dfc0
18424,20464,8,0x9029d00
18425,18601,8,0x90c5a40
18426,29639,8,0x9161780
18427,20888,8,0x91fd4c0
18428,18358,8,0x9299200
18429,18427,8,0x9334f40
18430,20333,8,0x93d0c80
18431,19827,8,0x946c9c0
18432,18505,8,0x9508700
18433,18558,8,0x95a4440
18434,20831,8,0x9640180
18435,22529,8,0x96dbec0
18436,18676,8,0x9777c00
18437,18328,8,0x9813940
18438,20534,8,0x98af680
18439,19849,8,0x994b3c0
18440,18919,8,0x99e7100
18441,18088,8,0x9a82e40
18442,22384,8,0x9b1eb80
18443,23802,8,0x9bba8c0
18444,18897,8,0x9c56600
18445,18910,8,0x9cf2340
18446,20181,8,0x9d8e080
18447,20339,8,0x9e29dc0
18448,18804,8,0x9ec5b00
18449,37920,8,0x9f61840
18450,19685,8,0x9ffd580
18451,18240,8,0xa0992c0
18452,17508,8,0xa135000
18453,19789,8,0xa1d0d40
18454,19609,8,0xa26ca80
18455,17765,8,0xa3087c0
18456,17298,8,0xa3a4500
18457,19549,8,0xa440240
18458,19995,8,0xa4dbf80
18459,17618,8,0xa577cc0
18460,17441,8,0xa613a00
18461,19775,8,0xa6af740
18462,19769,8,0xa74b480
18463,17643,8,0xa7e71c0
18464,17658,8,0xa882f00
18465,19161,8,0xa91ec40
18466,19959,8,0xa9ba980
18467,17731,8,0xaa566c0
18468,17060,8,0xaaf2400
18469,19282,8,0xab8e140
18470,20006,8,0xac29e80
18471,17468,8,0xacc5bc0
18472,19695,8,0xad61900
18473,18638,8,0xadfd640
18474,18108,8,0xae99380
18475,17605,8,0xaf350c0
18476,19405,8,0xafd0e00
18477,18907,8,0xb06cb40
18478,18328,8,0xb108880
18479,17368,8,0xb1a45c0
18480,18899,8,0xb240300
18481,18597,8,0xb2dc040
18482,17211,8,0xb377d80
18483,16632,8,0xb413ac0
18484,21223,8,0xb4af800
18485,20403,8,0xb54b540
18486,16772,8,0xb5e7280
18487,16340,8,0xb682fc0
18488,18259,8,0xb71ed00
18489,18108,8,0xb7baa40
18490,19794,8,0xb856780
18491,16246,8,0xb8f24c0
18492,18919,8,0xb98e200
18493,19594,8,0xba29f40
18494,19603,8,0xbac5c80
18495,16468,8,0xbb619c0
18496,18205,8,0xbbfd700
18497,16720,8,0xbc99440
18498,17116,8,0xbd35180
18499,20948,8,0xbdd0ec0
18500,17493,8,0xbe6cc00
18501,16167,8,0xbf08940
18502,16067,8,0xbfa4680
18503,17945,8,0xc0403c0
18504,18006,8,0xc0dc100
18505,16338,8,0xc177e40
18506,17566,8,0xc213b80
18507,18516,8,0xc2af8c0
18508,17981,8,0xc34b600
18509,16230,8,0xc3e7340
18510,16458,8,0xc483080
18511,18615,8,0xc51edc0
18512,18243,8,0xc5bab00
18513,16636,8,0xc656840
18514,16643,8,0xc6f2580
18515,18913,8,0xc78e2c0
18516,17928,8,0xc82a000
18517,16825,8,0xc8c5d40
18518,16265,8,0xc961a80
18519,18310,8,0xc9fd7c0
18520,16301,8,0xca99500
18521,17193,8,0xcb35240
18522,17939,8,0xcbd0f80
18523,18195,8,0xcc6ccc0
18524,16021,8,0xcd08a00
18525,16921,8,0xcda4740
18526,18522,8,0xce40480
18527,18141,8,0xcedc1c0
18528,15661,8,0xcf77f00
18529,16588,8,0xd013c40
18530,18403,8,0xd0af980
18531,18195,8,0xd14b6c0
18532,17105,8,0xd1e7400
18533,17419,8,0xd283140
18534,17905,8,0xd31ee80
18535,18726,8,0xd3babc0
18536,16663,8,0xd456900
18537,16127,8,0xd4f2640
18538,18247,8,0xd58e380
18539,19587,8,0xd62a0c0
18540,16713,8,0xd6c5e00
18541,16631,8,0xd761b40
18542,19593,8,0xd7fd880
18543,16689,8,0xd8995c0
18544,16366,8,0xd935300
18545,18000,8,0xd9d1040
18546,18353,8,0xda6cd80
18547,17004,8,0xdb08ac0
18548,21920,8,0xdba4800
18549,23717,8,0xdc40540
18550,18622,8,0xdcdc280
18551,16432,8,0xdd77fc0
18552,17440,8,0xde13d00
18553,18144,8,0xdeafa40
18554,21271,8,0xdf4b780
18555,16507,8,0xdfe74c0
18556,16867,8,0xe083200
18557,18002,8,0xe11ef40
18558,18550,8,0xe1bac80
18559,16183,8,0xe2569c0
18560,16433,8,0xe2f2700
18561,17824,8,0xe38e440
18562,18546,8,0xe42a180
18563,19486,8,0xe4c5ec0
18564,17065,8,0xe561c00
18565,18040,8,0xe5fd940
18566,16918,8,0xe699680
18567,16418,8,0xe7353c0
18568,18083,8,0xe7d1100
18569,18403,8,0xe86ce40
18570,16847,8,0xe908b80
18571,16792,8,0xe9a48c0
18572,17771,8,0xea40600
18573,17895,8,0xeadc340
18574,17102,8,0xeb78080
18575,16708,8,0xec13dc0
18576,17730,8,0xecafb00
18577,18608,8,0xed4b840
18578,16536,8,0xede7580
18579,17124,8,0xee832c0
18580,18581,8,0xef1f000
18581,18611,8,0xefbad40
18582,16810,8,0xf056a80
18583,16053,8,0xf0f27c0
18584,18065,8,0xf18e500
18585,18599,8,0xf22a240
18586,16951,8,0xf2c5f80
18587,16179,8,0xf361cc0
18588,18286,8,0xf3fda00
18589,16324,8,0xf499740
18590,16488,8,0xf535480
18591,18554,8,0xf5d11c0
18592,19004,8,0xf66cf00
18593,16081,8,0xf708c40
18594,17240,8,0xf7a4980
18595,18337,8,0xf8406c0
18596,17631,8,0xf8dc400
18597,16233,8,0xf978140
18598,16715,8,0xfa13e80
18599,18051,8,0xfaafbc0
18600,17960,8,0xfb4b900
18601,16502,8,0xfbe7640
18602,18760,8,0xfc83380
18603,20100,8,0xfd1f0c0
18604,18486,8,0xfdbae00
18605,16677,8,0xfe56b40
18606,16880,8,0xfef2880
18607,18376,8,0xff8e5c0
18608,18054,8,0x1002a300
18609,16782,8,0x100c6040
18610,16157,8,0x10161d80
18611,18259,8,0x101fdac0
18612,19461,8,0x10299800
18613,19368,8,0x10335540
18614,18445,8,0x103d1280
18615,19410,8,0x1046cfc0
18616,16613,8,0x10508d00
18617,16632,8,0x105a4a40
18618,21348,8,0x10640780
18619,18436,8,0x106dc4c0
18620,16585,8,0x10778200
18621,17000,8,0x10813f40
18622,19204,8,0x108afc80
18623,18741,8,0x1094b9c0
18624,16538,8,0x109e7700
18625,17450,8,0x10a83440
18626,18932,8,0x10b1f180
18627,21573,8,0x10bbaec0
18628,16680,8,0x10c56c00
18629,16398,8,0x10cf2940
18630,18865,8,0x10d8e680
18631,18556,8,0x10e2a3c0
18632,16812,8,0x10ec6100
18633,16246,8,0x10f61e40
18634,18784,8,0x10ffdb80
18635,18819,8,0x110998c0
18636,16209,8,0x11135600
18637,18554,8,0x111d1340
18638,20849,8,0x1126d080
18639,16640,8,0x11308dc0
18640,16501,8,0x113a4b00
18641,18525,8,0x11440840
18642,18710,8,0x114dc580
18643,17230,8,0x115782c0
18644,16602,8,0x11614000
18645,18419,8,0x116afd40
18646,18669,8,0x1174ba80
18647,16245,8,0x117e77c0
18648,16724,8,0x11883500
18649,18330,8,0x1191f240
18650,18486,8,0x119baf80
18651,16523,8,0x11a56cc0
18652,16907,8,0x11af2a00
18653,18540,8,0x11b8e740
18654,18440,8,0x11c2a480
18655,16347,8,0x11cc61c0
18656,19339,8,0x11d61f00
18657,20409,8,0x11dfdc40
18658,18621,8,0x11e99980
18659,16312,8,0x11f356c0
18660,18560,8,0x11fd1400
18661,18658,8,0x1206d140
18662,16391,8,0x12108e80
18663,17086,8,0x121a4bc0
18664,18415,8,0x12240900
18665,18845,8,0x122dc640
18666,16845,8,0x12378380
18667,17114,8,0x124140c0
18668,18468,8,0x124afe00
18669,18417,8,0x1254bb40
18670,16234,8,0x125e7880
18671,16756,8,0x126835c0
18672,17722,8,0x1271f300
18673,18714,8,0x127bb040
18674,17038,8,0x12856d80
18675,16281,8,0x128f2ac0
18676,22502,8,0x1298e800
18677,20640,8,0x12a2a540
18678,17106,8,0x12ac6280
18679,16139,8,0x12b61fc0
18680,18185,8,0x12bfdd00
18681,18576,8,0x12c99a40
18682,19564,8,0x12d35780
18683,18418,8,0x12dd14c0
18684,18513,8,0x12e6d200
18685,16907,8,0x12f08f40
18686,16734,8,0x12fa4c80
18687,18562,8,0x130409c0
18688,18529,8,0x130dc700
18689,17059,8,0x13178440
18690,17558,8,0x13214180
18691,21369,8,0x132afec0
18692,18898,8,0x1334bc00
18693,16902,8,0x133e7940
18694,17138,8,0x13483680
18695,19141,8,0x1351f3c0
18696,18299,8,0x135bb100
18697,17284,8,0x13656e40
18698,17247,8,0x136f2b80
18699,18171,8,0x1378e8c0
18700,19769,8,0x1382a600
18701,16856,8,0x138c6340
18702,17201,8,0x13962080
18703,19436,8,0x139fddc0
18704,18506,8,0x13a99b00
18705,17022,8,0x13b35840
18706,19601,8,0x13bd1580
18707,19123,8,0x13c6d2c0
18708,18067,8,0x13d09000
18709,19621,8,0x13da4d40
18710,19008,8,0x13e40a80
18711,19626,8,0x13edc7c0
18712,16660,8,0x13f78500
18713,17158,8,0x14014240
18714,17979,8,0x140aff80
18715,18767,8,0x1414bcc0
18716,17000,8,0x141e7a00
18717,16826,8,0x14283740
18718,18526,8,0x1431f480
18719,19113,8,0x143bb1c0
18720,16894,8,0x14456f00
18721,16404,8,0x144f2c40
18722,19114,8,0x1458e980
18723,18078,8,0x1462a6c0
18724,17065,8,0x146c6400
18725,16580,8,0x14762140
18726,18944,8,0x147fde80
18727,18353,8,0x14899bc0
18728,16520,8,0x14935900
18729,18886,8,0x149d1640
18730,19116,8,0x14a6d380
18731,17168,8,0x14b090c0
18732,17190,8,0x14ba4e00
18733,18819,8,0x14c40b40
18734,18940,8,0x14cdc880
18735,17324,8,0x14d785c0
18736,16953,8,0x14e14300
18737,18479,8,0x14eb0040
18738,19235,8,0x14f4bd80
18739,16980,8,0x14fe7ac0
18740,19624,8,0x15083800
18741,21197,8,0x1511f540
18742,18703,8,0x151bb280
18743,17435,8,0x15256fc0
18744,16615,8,0x152f2d00
18745,18852,8,0x1538ea40
18746,21727,8,0x1542a780
18747,17107,8,0x154c64c0
18748,16533,8,0x15562200
18749,18763,8,0x155fdf40
18750,18946,8,0x15699c80
18751,17371,8,0x157359c0
18752,19006,8,0x157d1700
18753,18166,8,0x1586d440
18754,17003,8,0x15909180
18755,19413,8,0x159a4ec0
18756,18388,8,0x15a40c00
18757,18695,8,0x15adc940
18758,17016,8,0x15b78680
18759,16874,8,0x15c143c0
18760,18671,8,0x15cb0100
18761,18550,8,0x15d4be40
18762,19344,8,0x15de7b80
18763,18631,8,0x15e838c0
18764,18210,8,0x15f1f600
18765,22101,8,0x15fbb340
18766,19995,8,0x16057080
18767,19745,8,0x160f2dc0
18768,23087,8,0x1618eb00
18769,20411,8,0x1622a840
18770,18091,8,0x162c6580
18771,16445,8,0x163622c0
18772,18868,8,0x163fe000
18773,19193,8,0x16499d40
18774,17294,8,0x16535a80
18775,18221,8,0x165d17c0
18776,18445,8,0x1666d500
18777,17300,8,0x16709240
18778,16842,8,0x167a4f80
18779,19336,8,0x16840cc0
18780,18539,8,0x168dca00
18781,16743,8,0x16978740
18782,17523,8,0x16a14480
18783,18273,8,0x16ab01c0
18784,18035,8,0x16b4bf00
18785,17405,8,0x16be7c40
18786,17519,8,0x16c83980
18787,18936,8,0x16d1f6c0
18788,18893,8,0x16dbb400
18789,16857,8,0x16e57140
18790,16454,8,0x16ef2e80
18791,19765,8,0x16f8ebc0
18792,18819,8,0x1702a900
18793,16652,8,0x170c6640
18794,17390,8,0x17162380
18795,18936,8,0x171fe0c0
18796,30300,8,0x17299e00
18797,15650,8,0x17335b40
18798,16670,8,0x173d1880
18799,16675,8,0x1746d5c0
18800,15272,8,0x17509300
18801,15199,8,0x175a5040
18802,17447,8,0x17640d80
18803,16878,8,0x176dcac0
18804,19670,8,0x17778800
18805,18190,8,0x17814540
18806,17631,8,0x178b0280
18807,16852,8,0x1794bfc0
18808,15123,8,0x179e7d00
18809,15881,8,0x17a83a40
18810,20223,8,0x17b1f780
18811,17558,8,0x17bbb4c0
18812,15855,8,0x17c57200
18813,15613,8,0x17cf2f40
18814,17656,8,0x17d8ec80
18815,17988,8,0x17e2a9c0
18816,17226,8,0x17ec6700
18817,15557,8,0x17f62440
18818,17323,8,0x17ffe180
18819,19025,8,0x18099ec0
18820,15940,8,0x18135c00
18821,17116,8,0x181d1940
18822,17126,8,0x1826d680
18823,15160,8,0x183093c0
18824,15466,8,0x183a5100
18825,17108,8,0x18440e40
18826,17723,8,0x184dcb80
18827,15868,8,0x185788c0
18828,15241,8,0x18614600
18829,16982,8,0x186b0340
18830,17145,8,0x1874c080
18831,14902,8,0x187e7dc0
18832,15591,8,0x18883b00
18833,16780,8,0x1891f840
18834,17059,8,0x189bb580
18835,16204,8,0x18a572c0
18836,15371,8,0x18af3000
18837,17875,8,0x18b8ed40
18838,17350,8,0x18c2aa80
18839,15652,8,0x18cc67c0
18840,15464,8,0x18d62500
18841,18223,8,0x18dfe240
18842,17349,8,0x18e99f80
18843,15463,8,0x18f35cc0
18844,15640,8,0x18fd1a00
18845,16673,8,0x1906d740
18846,16620,8,0x19109480
18847,15078,8,0x191a51c0
18848,17480,8,0x19240f00
18849,17072,8,0x192dcc40
18850,15437,8,0x19378980
18851,15307,8,0x194146c0
18852,17376,8,0x194b0400
18853,17363,8,0x1954c140
18854,19741,8,0x195e7e80
18855,15186,8,0x19683bc0
18856,17067,8,0x1971f900
18857,17157,8,0x197bb640
18858,15509,8,0x19857380
18859,16326,8,0x198f30c0
18860,16349,8,0x1998ee00
18861,17537,8,0x19a2ab40
18862,15035,8,0x19ac6880
18863,16429,8,0x19b625c0
18864,17359,8,0x19bfe300
18865,16824,8,0x19c9a040
18866,14945,8,0x19d35d80
18867,15788,8,0x19dd1ac0
18868,18995,8,0x19e6d800
18869,18415,8,0x19f09540
18870,15171,8,0x19fa5280
18871,16802,8,0x1a040fc0
18872,17499,8,0x1a0dcd00
18873,16597,8,0x1a178a40
18874,20166,8,0x1a214780
18875,17863,8,0x1a2b04c0
18876,16711,8,0x1a34c200
18877,15959,8,0x1a3e7f40
18878,15377,8,0x1a483c80
18879,17275,8,0x1a51f9c0
18880,16670,8,0x1a5bb700
18881,15863,8,0x1a657440
18882,15051,8,0x1a6f3180
18883,19943,8,0x1a78eec0
18884,17048,8,0x1a82ac00
18885,15568,8,0x1a8c6940
18886,15440,8,0x1a962680
18887,17393,8,0x1a9fe3c0
18888,16656,8,0x1aa9a100
18889,15395,8,0x1ab35e40
18890,15054,8,0x1abd1b80
18891,16943,8,0x1ac6d8c0
18892,15594,8,0x1ad09600
18893,15262,8,0x1ada5340
18894,17087,8,0x1ae41080
18895,16278,8,0x1aedcdc0
18896,14988,8,0x1af78b00
18897,15645,8,0x1b014840
18898,16781,8,0x1b0b0580
18899,16959,8,0x1b14c2c0
18900,15340,8,0x1b1e8000
18901,15405,8,0x1b283d40
18902,17008,8,0x1b31fa80
18903,17013,8,0x1b3bb7c0
18904,15318,8,0x1b457500
18905,15599,8,0x1b4f3240
18906,17375,8,0x1b58ef80
18907,17684,8,0x1b62acc0
18908,15607,8,0x1b6c6a00
18909,15463,8,0x1b762740
18910,17325,8,0x1b7fe480
18911,16885,8,0x1b89a1c0
18912,15381,8,0x1b935f00
18913,15232,8,0x1b9d1c40
18914,17678,8,0x1ba6d980
18915,15682,8,0x1bb096c0
18916,16006,8,0x1bba5400
18917,17585,8,0x1bc41140
18918,16585,8,0x1bcdce80
18919,15607,8,0x1bd78bc0
18920,15542,8,0x1be14900
18921,16998,8,0x1beb0640
18922,17347,8,0x1bf4c380
18923,15507,8,0x1bfe80c0
18924,15692,8,0x1c083e00
18925,17032,8,0x1c11fb40
18926,17397,8,0x1c1bb880
18927,15837,8,0x1c2575c0
18928,16731,8,0x1c2f3300
18929,17201,8,0x1c38f040
18930,17351,8,0x1c42ad80
18931,15663,8,0x1c4c6ac0
18932,21402,8,0x1c562800
18933,20094,8,0x1c5fe540
18934,17064,8,0x1c69a280
18935,15524,8,0x1c735fc0
18936,16133,8,0x1c7d1d00
18937,17125,8,0x1c86da40
18938,18672,8,0x1c909780
18939,15384,8,0x1c9a54c0
18940,16848,8,0x1ca41200
18941,17275,8,0x1cadcf40
18942,14919,8,0x1cb78c80
18943,15761,8,0x1cc149c0
18944,16831,8,0x1ccb0700
18945,17102,8,0x1cd4c440
18946,16337,8,0x1cde8180
18947,17806,8,0x1ce83ec0
18948,17389,8,0x1cf1fc00
18949,17440,8,0x1cfbb940
18950,15124,8,0x1d057680
18951,15264,8,0x1d0f33c0
18952,16920,8,0x1d18f100
18953,16970,8,0x1d22ae40
18954,15609,8,0x1d2c6b80
18955,15620,8,0x1d3628c0
18956,17132,8,0x1d3fe600
18957,16992,8,0x1d49a340
18958,15268,8,0x1d536080
18959,15351,8,0x1d5d1dc0
18960,17044,8,0x1d66db00
18961,17241,8,0x1d709840
18962,15867,8,0x1d7a5580
18963,17410,8,0x1d8412c0
18964,17528,8,0x1d8dd000
18965,15402,8,0x1d978d40
18966,16002,8,0x1da14a80
18967,18005,8,0x1dab07c0
18968,17207,8,0x1db4c500
18969,15176,8,0x1dbe8240
18970,16107,8,0x1dc83f80
18971,17391,8,0x1dd1fcc0
18972,17033,8,0x1ddbba00
18973,15624,8,0x1de57740
18974,15651,8,0x1def3480
18975,17140,8,0x1df8f1c0
18976,16989,8,0x1e02af00
18977,15072,8,0x1e0c6c40
18978,15828,8,0x1e162980
18979,17206,8,0x1e1fe6c0
18980,17843,8,0x1e29a400
18981,15574,8,0x1e336140
18982,32403,8,0x1e3d1e80
18983,16109,8,0x1e46dbc0
18984,16071,8,0x1e509900
18985,15117,8,0x1e5a5640
18986,16719,8,0x1e641380
18987,16580,8,0x1e6dd0c0
18988,14985,8,0x1e778e00
18989,16464,8,0x1e814b40
18990,20045,8,0x1e8b0880
18991,16565,8,0x1e94c5c0
18992,15114,8,0x1e9e8300
18993,14940,8,0x1ea84040
18994,16698,8,0x1eb1fd80
18995,16840,8,0x1ebbbac0
18996,17274,8,0x1ec57800
18997,16951,8,0x1ecf3540
18998,16993,8,0x1ed8f280
18999,16620,8,0x1ee2afc0
19000,15235,8,0x1eec6d00
19001,14737,8,0x1ef62a40
19002,18555,8,0x1effe780
19003,16377,8,0x1f09a4c0
19004,15066,8,0x1f136200
19005,15310,8,0x1f1d1f40
19006,16628,8,0x1f26dc80
19007,16445,8,0x1f3099c0
19008,15294,8,0x1f3a5700
19009,17086,8,0x1f441440
19010,17941,8,0x1f4dd180
19011,18957,8,0x1f578ec0
19012,15301,8,0x1f614c00
19013,16275,8,0x1f6b0940
19014,15982,8,0x1f74c680
19015,14698,8,0x1f7e83c0
19016,14899,8,0x1f884100
19017,16652,8,0x1f91fe40
19018,16389,8,0x1f9bbb80
19019,15534,8,0x1fa578c0
19020,14983,8,0x1faf3600
19021,16260,8,0x1fb8f340
19022,16019,8,0x1fc2b080
19023,15205,8,0x1fcc6dc0
19024,14767,8,0x1fd62b00
19025,16252,8,0x1fdfe840
19026,16860,8,0x1fe9a580
19027,15171,8,0x1ff362c0
19028,15087,8,0x1ffd2000
19029,16876,8,0x2006dd40
19030,16138,8,0x20109a80
19031,15228,8,0x201a57c0
19032,17032,8,0x20241500
19033,16039,8,0x202dd240
19034,15028,8,0x20378f80
19035,14697,8,0x20414cc0
19036,16602,8,0x204b0a00
19037,16564,8,0x2054c740
19038,14956,8,0x205e8480
19039,15299,8,0x206841c0
19040,16901,8,0x2071ff00
19041,16645,8,0x207bbc40
19042,14955,8,0x20857980
19043,14695,8,0x208f36c0
19044,16998,8,0x2098f400
19045,16768,8,0x20a2b140
19046,15375,8,0x20ac6e80
19047,14836,8,0x20b62bc0
19048,16559,8,0x20bfe900
19049,18622,8,0x20c9a640
19050,16503,8,0x20d36380
19051,15311,8,0x20dd20c0
19052,15987,8,0x20e6de00
19053,16523,8,0x20f09b40
19054,15035,8,0x20fa5880
19055,16339,8,0x210415c0
19056,16873,8,0x210dd300
19057,14408,8,0x21179040
19058,15403,8,0x21214d80
19059,16373,8,0x212b0ac0
19060,19316,8,0x2134c800
19061,17871,8,0x213e8540
19062,14879,8,0x21484280
19063,16586,8,0x2151ffc0
19064,16105,8,0x215bbd00
19065,15380,8,0x21657a40
19066,17395,8,0x216f3780
19067,16647,8,0x2178f4c0
19068,15948,8,0x2182b200
19069,15707,8,0x218c6f40
19070,14862,8,0x21962c80
19071,16957,8,0x219fe9c0
19072,16683,8,0x21a9a700
19073,14491,8,0x21b36440
19074,15260,8,0x21bd2180
19075,18919,8,0x21c6dec0
19076,16786,8,0x21d09c00
19077,14779,8,0x21da5940
19078,16524,8,0x21e41680
19079,16637,8,0x21edd3c0
19080,15120,8,0x21f79100
19081,14682,8,0x22014e40
19082,16273,8,0x220b0b80
19083,16538,8,0x2214c8c0
19084,14803,8,0x221e8600
19085,14810,8,0x22284340
19086,16566,8,0x22320080
19087,16915,8,0x223bbdc0
19088,15095,8,0x22457b00
19089,20893,8,0x224f3840
19090,17022,8,0x2258f580
19091,16240,8,0x2262b2c0
19092,15331,8,0x226c7000
19093,14720,8,0x22762d40
19094,16434,8,0x227fea80
19095,16675,8,0x2289a7c0
19096,14917,8,0x22936500
19097,14908,8,0x229d2240
19098,16818,8,0x22a6df80
19099,16113,8,0x22b09cc0
19100,15335,8,0x22ba5a00
19101,17369,8,0x22c41740
19102,16182,8,0x22cdd480
19103,15059,8,0x22d791c0
19104,14853,8,0x22e14f00
19105,16601,8,0x22eb0c40
19106,16881,8,0x22f4c980
19107,14992,8,0x22fe86c0
19108,15089,8,0x23084400
19109,19186,8,0x23120140
19110,17851,8,0x231bbe80
19111,15409,8,0x23257bc0
19112,14744,8,0x232f3900
19113,16778,8,0x2338f640
19114,16544,8,0x2342b380
19115,15103,8,0x234c70c0
19116,14891,8,0x23562e00
19117,16667,8,0x235feb40
19118,16745,8,0x2369a880
19119,15086,8,0x237365c0
19120,15478,8,0x237d2300
19121,16422,8,0x2386e040
19122,16824,8,0x23909d80
19123,14773,8,0x239a5ac0
19124,18767,8,0x23a41800
19125,18275,8,0x23add540
19126,15149,8,0x23b79280
19127,15505,8,0x23c14fc0
19128,16533,8,0x23cb0d00
19129,17263,8,0x23d4ca40
19130,21645,8,0x23de8780
19131,15569,8,0x23e844c0
19132,16801,8,0x23f20200
19133,649110,8,0x23fbbf40
19134,19544,8,0x24057c80
19135,19951,8,0x240f39c0
19136,136347,8,0x2418f700
19137,21235,8,0x2422b440
19138,18833,8,0x242c7180
19139,19835,8,0x24362ec0
19140,34435,8,0x243fec00
19141,19332,8,0x2449a940
19142,16980,8,0x24536680
19143,16681,8,0x245d23c0
19144,29385,8,0x2466e100
19145,20464,8,0x24709e40
19146,17726,8,0x247a5b80
19147,19104,8,0x248418c0
19148,27901,8,0x248dd600
19149,17377,8,0x24979340
19150,17589,8,0x24a15080
19151,17985,8,0x24ab0dc0
19152,28709,8,0x24b4cb00
19153,17704,8,0x24be8840
19154,16935,8,0x24c84580
19155,19842,8,0x24d202c0
19156,27425,8,0x24dbc000
19157,15619,8,0x24e57d40
19158,16369,8,0x24ef3a80
19159,356373,8,0x24f8f7c0
19160,22888,8,0x2502b500
19161,15422,8,0x250c7240
19162,15194,8,0x25162f80
19163,25482,8,0x251fecc0
19164,17573,8,0x2529aa00
19165,17753,8,0x25336740
19166,16439,8,0x253d2480
19167,22987,8,0x2546e1c0
19168,17301,8,0x25509f00
19169,16185,8,0x255a5c40
19170,17210,8,0x25641980
19171,22831,8,0x256dd6c0
19172,16492,8,0x25779400
19173,15976,8,0x25815140
19174,16989,8,0x258b0e80
19175,22952,8,0x2594cbc0
19176,15921,8,0x259e8900
19177,15557,8,0x25a84640
19178,18123,8,0x25b20380
19179,22833,8,0x25bbc0c0
19180,15660,8,0x25c57e00
19181,15586,8,0x25cf3b40
19182,16475,8,0x25d8f880
19183,22766,8,0x25e2b5c0
19184,15513,8,0x25ec7300
19185,15548,8,0x25f63040
19186,17067,8,0x25ffed80
19187,23534,8,0x2609aac0
19188,19579,8,0x26136800
19189,18385,8,0x261d2540
19190,17150,8,0x2626e280
19191,23599,8,0x26309fc0
19192,15954,8,0x263a5d00
19193,15410,8,0x26441a40
19194,19493,8,0x264dd780
19195,20234,8,0x265794c0
19196,15503,8,0x26615200
19197,17134,8,0x266b0f40
19198,16922,8,0x2674cc80
19199,20452,8,0x267e89c0
19200,15994,8,0x26884700
19201,17069,8,0x26920440
19202,17797,8,0x269bc180
19203,34670,8,0x26a57ec0
19204,16029,8,0x26af3c00
19205,16548,8,0x26b8f940
19206,16578,8,0x26c2b680
19207,36212,8,0x26cc73c0
19208,21620,8,0x26d63100
19209,19056,8,0x26dfee40
19210,18310,8,0x26e9ab80
19211,22261,8,0x26f368c0
19212,19082,8,0x26fd2600
19213,19416,8,0x2706e340
19214,19002,8,0x2710a080
19215,20018,8,0x271a5dc0
19216,18259,8,0x27241b00
19217,18940,8,0x272dd840
19218,17268,8,0x27379580
19219,20227,8,0x274152c0
19220,19922,8,0x274b1000
19221,19216,8,0x2754cd40
19222,17310,8,0x275e8a80
19223,19773,8,0x276847c0
19224,20148,8,0x27720500
19225,18957,8,0x277bc240
19226,17705,8,0x27857f80
19227,20401,8,0x278f3cc0
19228,20593,8,0x2798fa00
19229,18321,8,0x27a2b740
19230,17834,8,0x27ac7480
19231,20557,8,0x27b631c0
19232,20049,8,0x27bfef00
19233,19357,8,0x27c9ac40
19234,17413,8,0x27d36980
19235,19655,8,0x27dd26c0
19236,20397,8,0x27e6e400
19237,18834,8,0x27f0a140
19238,17373,8,0x27fa5e80
19239,30103,8,0x28041bc0
19240,19776,8,0x280dd900
19241,17425,8,0x28179640
19242,17336,8,0x28215380
19243,24314,8,0x282b10c0
19244,20139,8,0x2834ce00
19245,17594,8,0x283e8b40
19246,17438,8,0x28484880
19247,23069,8,0x285205c0
19248,20078,8,0x285bc300
19249,17727,8,0x28658040
19250,17388,8,0x286f3d80
19251,23534,8,0x2878fac0
19252,22897,8,0x2882b800
19253,20389,8,0x288c7540
19254,17795,8,0x28963280
19255,28384,8,0x289fefc0
19256,20291,8,0x28a9ad00
19257,17615,8,0x28b36a40
19258,19672,8,0x28bd2780
19259,23844,8,0x28c6e4c0
19260,20555,8,0x28d0a200
19261,17841,8,0x28da5f40
19262,17229,8,0x28e41c80
19263,22986,8,0x28edd9c0
19264,18358,8,0x28f79700
19265,17863,8,0x29015440
19266,19403,8,0x290b1180
19267,27748,8,0x2914cec0
19268,19159,8,0x291e8c00
19269,17515,8,0x29284940
19270,18952,8,0x29320680
19271,22638,8,0x293bc3c0
19272,18521,8,0x29458100
19273,17910,8,0x294f3e40
19274,19143,8,0x2958fb80
19275,23173,8,0x2962b8c0
19276,19022,8,0x296c7600
19277,17524,8,0x29763340
19278,19931,8,0x297ff080
19279,22005,8,0x2989adc0
19280,18208,8,0x29936b00
19281,17595,8,0x299d2840
19282,18765,8,0x29a6e580
19283,22686,8,0x29b0a2c0
19284,18619,8,0x29ba6000
19285,17849,8,0x29c41d40
19286,19440,8,0x29cdda80
19287,19590,8,0x29d797c0
19288,18167,8,0x29e15500
19289,19333,8,0x29eb1240
19290,20119,8,0x29f4cf80
19291,20016,8,0x29fe8cc0
19292,18567,8,0x2a084a00
19293,19282,8,0x2a120740
19294,19165,8,0x2a1bc480
19295,20077,8,0x2a2581c0
19296,18322,8,0x2a2f3f00
19297,19400,8,0x2a38fc40
19298,19203,8,0x2a42b980
19299,19588,8,0x2a4c76c0
19300,18362,8,0x2a563400
19301,18890,8,0x2a5ff140
19302,19614,8,0x2a69ae80
19303,20198,8,0x2a736bc0
19304,18258,8,0x2a7d2900
19305,19011,8,0x2a86e640
19306,19553,8,0x2a90a380
19307,21365,8,0x2a9a60c0
19308,18808,8,0x2aa41e00
19309,19711,8,0x2aaddb40
19310,19639,8,0x2ab79880
19311,20106,8,0x2ac155c0
19312,19597,8,0x2acb1300
19313,18898,8,0x2ad4d040
19314,17814,8,0x2ade8d80
19315,20174,8,0x2ae84ac0
19316,24620,8,0x2af20800
19317,21746,8,0x2afbc540
19318,17795,8,0x2b058280
19319,19693,8,0x2b0f3fc0
19320,19952,8,0x2b18fd00
19321,19348,8,0x2b22ba40
19322,20174,8,0x2b2c7780
19323,19986,8,0x2b3634c0
19324,20083,8,0x2b3ff200
19325,18739,8,0x2b49af40
19326,17352,8,0x2b536c80
19327,21410,8,0x2b5d29c0
19328,20041,8,0x2b66e700
19329,19210,8,0x2b70a440
19330,17226,8,0x2b7a6180
19331,24150,8,0x2b841ec0
19332,19964,8,0x2b8ddc00
19333,18960,8,0x2b979940
19334,17583,8,0x2ba15680
19335,22685,8,0x2bab13c0
19336,19917,8,0x2bb4d100
19337,17654,8,0x2bbe8e40
19338,17510,8,0x2bc84b80
19339,23016,8,0x2bd208c0
19340,20683,8,0x2bdbc600
19341,17971,8,0x2be58340
19342,17501,8,0x2bef4080
19343,23203,8,0x2bf8fdc0
19344,19940,8,0x2c02bb00
19345,17430,8,0x2c0c7840
19346,17538,8,0x2c163580
19347,22776,8,0x2c1ff2c0
19348,20053,8,0x2c29b000
19349,17670,8,0x2c336d40
19350,16881,8,0x2c3d2a80
19351,26548,8,0x2c46e7c0
19352,20236,8,0x2c50a500
19353,17437,8,0x2c5a6240
19354,17264,8,0x2c641f80
19355,24578,8,0x2c6ddcc0
19356,20213,8,0x2c779a00
19357,17797,8,0x2c815740
19358,19256,8,0x2c8b1480
19359,22889,8,0x2c94d1c0
19360,18862,8,0x2c9e8f00
19361,17349,8,0x2ca84c40
19362,19356,8,0x2cb20980
19363,22526,8,0x2cbbc6c0
19364,18361,8,0x2cc58400
19365,18022,8,0x2ccf4140
19366,19509,8,0x2cd8fe80
19367,22212,8,0x2ce2bbc0
19368,18394,8,0x2cec7900
19369,18326,8,0x2cf63640
19370,19389,8,0x2cfff380
19371,22969,8,0x2d09b0c0
19372,18112,8,0x2d136e00
19373,17802,8,0x2d1d2b40
19374,19388,8,0x2d26e880
19375,22140,8,0x2d30a5c0
19376,18655,8,0x2d3a6300
19377,17986,8,0x2d442040
19378,19218,8,0x2d4ddd80
19379,22910,8,0x2d579ac0
19380,21136,8,0x2d615800
19381,21429,8,0x2d6b1540
19382,18958,8,0x2d74d280
19383,20492,8,0x2d7e8fc0
19384,18789,8,0x2d884d00
19385,19361,8,0x2d920a40
19386,22135,8,0x2d9bc780
19387,20270,8,0x2da584c0
19388,18563,8,0x2daf4200
19389,19737,8,0x2db8ff40
19390,21024,8,0x2dc2bc80
19391,20518,8,0x2dcc79c0
19392,19274,8,0x2dd63700
19393,19756,8,0x2ddff440
19394,19469,8,0x2de9b180
19395,23936,8,0x2df36ec0
19396,17962,8,0x2dfd2c00
19397,19258,8,0x2e06e940
19398,19019,8,0x2e10a680
19399,21675,8,0x2e1a63c0
19400,18293,8,0x2e242100
19401,18562,8,0x2e2dde40
19402,20129,8,0x2e379b80
19403,21989,8,0x2e4158c0
19404,19845,8,0x2e4b1600
19405,18748,8,0x2e54d340
19406,17239,8,0x2e5e9080
19407,20337,8,0x2e684dc0
19408,19654,8,0x2e720b00
19409,19732,8,0x2e7bc840
19410,17687,8,0x2e858580
19411,19993,8,0x2e8f42c0
19412,20163,8,0x2e990000
19413,19929,8,0x2ea2bd40
19414,17403,8,0x2eac7a80
19415,19610,8,0x2eb637c0
19416,19718,8,0x2ebff500
19417,19468,8,0x2ec9b240
19418,17352,8,0x2ed36f80
19419,19800,8,0x2edd2cc0
19420,20109,8,0x2ee6ea00
19421,19600,8,0x2ef0a740
19422,17777,8,0x2efa6480
19423,20131,8,0x2f0421c0
19424,19812,8,0x2f0ddf00
19425,19466,8,0x2f179c40
19426,17862,8,0x2f215980
19427,22591,8,0x2f2b16c0
19428,20669,8,0x2f34d400
19429,17875,8,0x2f3e9140
19430,17346,8,0x2f484e80
19431,22647,8,0x2f520bc0
19432,26515,8,0x2f5bc900
19433,18879,8,0x2f658640
19434,17341,8,0x2f6f4380
19435,23052,8,0x2f7900c0
19436,20224,8,0x2f82be00
19437,17396,8,0x2f8c7b40
19438,17249,8,0x2f963880
19439,22444,8,0x2f9ff5c0
19440,20377,8,0x2fa9b300
19441,17520,8,0x2fb37040
19442,17355,8,0x2fbd2d80
19443,22378,8,0x2fc6eac0
19444,23257,8,0x2fd0a800
19445,20037,8,0x2fda6540
19446,18260,8,0x2fe42280
19447,22765,8,0x2feddfc0
19448,20306,8,0x2ff79d00
19449,17639,8,0x30015a40
19450,21092,8,0x300b1780
19451,23950,8,0x3014d4c0
19452,18387,8,0x301e9200
19453,17847,8,0x30284f40
19454,19595,8,0x30320c80
19455,22796,8,0x303bc9c0
19456,18598,8,0x30458700
19457,17990,8,0x304f4440
19458,19058,8,0x30590180
19459,26958,8,0x3062bec0
19460,18561,8,0x306c7c00
19461,17660,8,0x30763940
19462,19384,8,0x307ff680
19463,22647,8,0x3089b3c0
19464,18495,8,0x30937100
19465,17736,8,0x309d2e40
19466,19382,8,0x30a6eb80
19467,22654,8,0x30b0a8c0
19468,19193,8,0x30ba6600
19469,17422,8,0x30c42340
19470,19559,8,0x30cde080
19471,22593,8,0x30d79dc0
19472,18559,8,0x30e15b00
19473,18919,8,0x30eb1840
19474,18992,8,0x30f4d580
19475,20399,8,0x30fe92c0
19476,18817,8,0x31085000
19477,19062,8,0x31120d40
19478,19057,8,0x311bca80
19479,20128,8,0x312587c0
19480,18571,8,0x312f4500
19481,19343,8,0x31390240
19482,19401,8,0x3142bf80
19483,19550,8,0x314c7cc0
19484,18569,8,0x31563a00
19485,18932,8,0x315ff740
19486,19506,8,0x3169b480
19487,19696,8,0x317371c0
19488,18119,8,0x317d2f00
19489,18734,8,0x3186ec40
19490,19285,8,0x3190a980
19491,19713,8,0x319a66c0
19492,18453,8,0x31a42400
19493,18801,8,0x31ade140
19494,19241,8,0x31b79e80
19495,20399,8,0x31c15bc0
19496,20029,8,0x31cb1900
19497,18911,8,0x31d4d640
19498,17433,8,0x31de9380
19499,21156,8,0x31e850c0
19500,20330,8,0x31f20e00
19501,18839,8,0x31fbcb40
19502,18269,8,0x32058880
19503,20213,8,0x320f45c0
19504,18645,8,0x32190300
19505,17985,8,0x3222c040
19506,16442,8,0x322c7d80
19507,19272,8,0x32363ac0
19508,21224,8,0x323ff800
19509,19891,8,0x3249b540
19510,16484,8,0x32537280
19511,18406,8,0x325d2fc0
19512,18843,8,0x3266ed00
19513,17351,8,0x3270aa40
19514,18690,8,0x327a6780
19515,19066,8,0x328424c0
19516,18417,8,0x328de200
19517,17177,8,0x32979f40
19518,16134,8,0x32a15c80
19519,18365,8,0x32ab19c0
19520,18647,8,0x32b4d700
19521,16456,8,0x32be9440
19522,15998,8,0x32c85180
19523,25055,8,0x32d20ec0
19524,19143,8,0x32dbcc00
19525,16156,8,0x32e58940
19526,16478,8,0x32ef4680
19527,21525,8,0x32f903c0
19528,18723,8,0x3302c100
19529,16532,8,0x330c7e40
19530,16849,8,0x33163b80
19531,21257,8,0x331ff8c0
19532,18652,8,0x3329b600
19533,16448,8,0x33337340
19534,16634,8,0x333d3080
19535,20555,8,0x3346edc0
19536,19017,8,0x3350ab00
19537,16429,8,0x335a6840
19538,16059,8,0x33642580
19539,21249,8,0x336de2c0
19540,18369,8,0x3377a000
19541,16174,8,0x33815d40
19542,17027,8,0x338b1a80
19543,20345,8,0x3394d7c0
19544,16745,8,0x339e9500
19545,15867,8,0x33a85240
19546,17565,8,0x33b20f80
19547,20865,8,0x33bbccc0
19548,16801,8,0x33c58a00
19549,16248,8,0x33cf4740
19550,18600,8,0x33d90480
19551,22777,8,0x33e2c1c0
19552,16989,8,0x33ec7f00
19553,15957,8,0x33f63c40
19554,17718,8,0x33fff980
19555,20986,8,0x3409b6c0
19556,17042,8,0x34137400
19557,16500,8,0x341d3140
19558,17843,8,0x3426ee80
19559,20569,8,0x3430abc0
19560,17453,8,0x343a6900
19561,16035,8,0x34442640
19562,17856,8,0x344de380
19563,21316,8,0x3457a0c0
19564,17074,8,0x34615e00
19565,17034,8,0x346b1b40
19566,18278,8,0x3474d880
19567,19497,8,0x347e95c0
19568,17391,8,0x34885300
19569,18513,8,0x34921040
19570,18095,8,0x349bcd80
19571,18780,8,0x34a58ac0
19572,20363,8,0x34af4800
19573,20739,8,0x34b90540
19574,18166,8,0x34c2c280
19575,18645,8,0x34cc7fc0
19576,16885,8,0x34d63d00
19577,18270,8,0x34dffa40
19578,20039,8,0x34e9b780
19579,18774,8,0x34f374c0
19580,17431,8,0x34fd3200
19581,18333,8,0x3506ef40
19582,18094,8,0x3510ac80
19583,18512,8,0x351a69c0
19584,16766,8,0x35242700
19585,18397,8,0x352de440
19586,18280,8,0x3537a180
19587,22585,8,0x35415ec0
19588,16688,8,0x354b1c00
19589,17473,8,0x3554d940
19590,16121,8,0x355e9680
19591,18553,8,0x356853c0
19592,18232,8,0x35721100
19593,17579,8,0x357bce40
19594,16643,8,0x35858b80
19595,19642,8,0x358f48c0
19596,19176,8,0x35990600
19597,17612,8,0x35a2c340
19598,16692,8,0x35ac8080
19599,18705,8,0x35b63dc0
19600,18406,8,0x35bffb00
19601,18560,8,0x35c9b840
19602,16899,8,0x35d37580
19603,19570,8,0x35dd32c0
19604,18247,8,0x35e6f000
19605,17443,8,0x35f0ad40
19606,16057,8,0x35fa6a80
19607,19124,8,0x360427c0
19608,18103,8,0x360de500
19609,18205,8,0x3617a240
19610,16767,8,0x36215f80
19611,18721,8,0x362b1cc0
19612,19259,8,0x3634da00
19613,16420,8,0x363e9740
19614,16551,8,0x36485480
19615,22084,8,0x365211c0
19616,18679,8,0x365bcf00
19617,16019,8,0x36658c40
19618,16169,8,0x366f4980
19619,20528,8,0x367906c0
19620,19236,8,0x3682c400
19621,15685,8,0x368c8140
19622,16985,8,0x36963e80
19623,21452,8,0x369ffbc0
19624,20007,8,0x36a9b900
19625,16295,8,0x36b37640
19626,16154,8,0x36bd3380
19627,21423,8,0x36c6f0c0
19628,18958,8,0x36d0ae00
19629,16553,8,0x36da6b40
19630,16239,8,0x36e42880
19631,20837,8,0x36ede5c0
19632,18897,8,0x36f7a300
19633,16498,8,0x37016040
19634,16070,8,0x370b1d80
19635,20931,8,0x3714dac0
19636,25395,8,0x371e9800
19637,18342,8,0x37285540
19638,18216,8,0x37321280
19639,22573,8,0x373bcfc0
19640,17161,8,0x37458d00
19641,16867,8,0x374f4a40
19642,21091,8,0x37590780
19643,20731,8,0x3762c4c0
19644,17236,8,0x376c8200
19645,16174,8,0x37763f40
19646,17954,8,0x377ffc80
19647,20910,8,0x3789b9c0
19648,16478,8,0x37937700
19649,16982,8,0x379d3440
19650,18007,8,0x37a6f180
19651,25296,8,0x37b0aec0
19652,16908,8,0x37ba6c00
19653,16191,8,0x37c42940
19654,17892,8,0x37cde680
19655,22355,8,0x37d7a3c0
19656,16958,8,0x37e16100
19657,16370,8,0x37eb1e40
19658,17507,8,0x37f4db80
19659,21745,8,0x37fe98c0
19660,17593,8,0x38085600
19661,18239,8,0x38121340
19662,18327,8,0x381bd080
19663,18373,8,0x38258dc0
19664,16924,8,0x382f4b00
19665,18274,8,0x38390840
19666,17928,8,0x3842c580
19667,18763,8,0x384c82c0
19668,17145,8,0x38564000
19669,18943,8,0x385ffd40
19670,17792,8,0x3869ba80
19671,18705,8,0x387377c0
19672,16948,8,0x387d3500
19673,18088,8,0x3886f240
19674,17780,8,0x3890af80
19675,18738,8,0x389a6cc0
19676,16886,8,0x38a42a00
19677,17610,8,0x38ade740
19678,18002,8,0x38b7a480
19679,19320,8,0x38c161c0
19680,17121,8,0x38cb1f00
19681,18364,8,0x38d4dc40
19682,17741,8,0x38de9980
19683,19379,8,0x38e856c0
19684,19031,8,0x38f21400
19685,17863,8,0x38fbd140
19686,16771,8,0x39058e80
19687,18697,8,0x390f4bc0
19688,18309,8,0x39190900
19689,18193,8,0x3922c640
19690,16507,8,0x392c8380
19691,19405,8,0x393640c0
19692,18568,8,0x393ffe00
19693,18257,8,0x3949bb40
19694,16331,8,0x39537880
19695,18757,8,0x395d35c0
19696,18493,8,0x3966f300
19697,18965,8,0x3970b040
19698,16915,8,0x397a6d80
19699,19190,8,0x39842ac0
19700,21478,8,0x398de800
19701,20453,8,0x3997a540
19702,16910,8,0x39a16280
19703,18918,8,0x39ab1fc0
19704,18958,8,0x39b4dd00
19705,17702,8,0x39be9a40
19706,18851,8,0x39c85780
19707,22613,8,0x39d214c0
19708,18819,8,0x39dbd200
19709,16682,8,0x39e58f40
19710,16805,8,0x39ef4c80
19711,21011,8,0x39f909c0
19712,18851,8,0x3a02c700
19713,16945,8,0x3a0c8440
19714,17192,8,0x3a164180
19715,25099,8,0x3a1ffec0
19716,19846,8,0x3a29bc00
19717,16839,8,0x3a337940
19718,16173,8,0x3a3d3680
19719,21276,8,0x3a46f3c0
19720,19389,8,0x3a50b100
19721,16830,8,0x3a5a6e40
19722,16872,8,0x3a642b80
19723,25100,8,0x3a6de8c0
19724,117041,8,0x3a77a600
19725,22683,8,0x3a816340
19726,106962,8,0x3a8b2080
19727,22566,8,0x3a94ddc0
19728,32427,8,0x3a9e9b00
19729,19535,8,0x3aa85840
19730,36342,8,0x3ab21580
19731,21913,8,0x3abbd2c0
19732,24227,8,0x3ac59000
19733,19665,8,0x3acf4d40
19734,28780,8,0x3ad90a80
19735,21865,8,0x3ae2c7c0
19736,24640,8,0x3aec8500
19737,19711,8,0x3af64240
19738,27740,8,0x3affff80
19739,21066,8,0x3b09bcc0
19740,23600,8,0x3b137a00
19741,20145,8,0x3b1d3740
19742,26551,8,0x3b26f480
19743,22406,8,0x3b30b1c0
19744,23863,8,0x3b3a6f00
19745,19991,8,0x3b442c40
19746,27272,8,0x3b4de980
19747,22018,8,0x3b57a6c0
19748,23402,8,0x3b616400
19749,19811,8,0x3b6b2140
19750,26264,8,0x3b74de80
19751,21298,8,0x3b7e9bc0
19752,24045,8,0x3b885900
19753,21798,8,0x3b921640
19754,25737,8,0x3b9bd380
19755,19220,8,0x3ba590c0
19756,22927,8,0x3baf4e00
19757,21243,8,0x3bb90b40
19758,25737,8,0x3bc2c880
19759,20204,8,0x3bcc85c0
19760,24280,8,0x3bd64300
19761,22331,8,0x3be00040
19762,25986,8,0x3be9bd80
19763,19299,8,0x3bf37ac0
19764,37558,8,0x3bfd3800
19765,26307,8,0x3c06f540
19766,25711,8,0x3c10b280
19767,19197,8,0x3c1a6fc0
19768,32595,8,0x3c242d00
19769,24263,8,0x3c2dea40
19770,40661,8,0x3c37a780
19771,20619,8,0x3c4164c0
19772,21485,8,0x3c4b2200
19773,23638,8,0x3c54df40
19774,26265,8,0x3c5e9c80
19775,20830,8,0x3c6859c0
19776,26166,8,0x3c721700
19777,24233,8,0x3c7bd440
19778,22304,8,0x3c859180
19779,25130,8,0x3c8f4ec0
19780,25541,8,0x3c990c00
19781,23498,8,0x3ca2c940
19782,21630,8,0x3cac8680
19783,24410,8,0x3cb643c0
19784,25126,8,0x3cc00100
19785,24458,8,0x3cc9be40
19786,22516,8,0x3cd37b80
19787,20688,8,0x3cdd38c0
19788,25369,8,0x3ce6f600
19789,24744,8,0x3cf0b340
19790,22709,8,0x3cfa7080
19791,20302,8,0x3d042dc0
19792,25154,8,0x3d0deb00
19793,24684,8,0x3d17a840
19794,22610,8,0x3d216580
19795,20958,8,0x3d2b22c0
19796,24827,8,0x3d34e000
19797,23476,8,0x3d3e9d40
19798,22117,8,0x3d485a80
19799,23320,8,0x3d5217c0
19800,25917,8,0x3d5bd500
19801,21578,8,0x3d659240
19802,21875,8,0x3d6f4f80
19803,23357,8,0x3d790cc0
19804,25299,8,0x3d82ca00
19805,21264,8,0x3d8c8740
19806,22656,8,0x3d964480
19807,23505,8,0x3da001c0
19808,25599,8,0x3da9bf00
19809,20900,8,0x3db37c40
19810,36859,8,0x3dbd3980
19811,43952,8,0x3dc6f6c0
19812,26572,8,0x3dd0b400
19813,21081,8,0x3dda7140
19814,23625,8,0x3de42e80
19815,24071,8,0x3dedebc0
19816,31971,8,0x3df7a900
19817,21701,8,0x3e016640
19818,22277,8,0x3e0b2380
19819,24561,8,0x3e14e0c0
19820,21299,8,0x3e1e9e00
19821,21575,8,0x3e285b40
19822,27642,8,0x3e321880
19823,26203,8,0x3e3bd5c0
19824,19293,8,0x3e459300
19825,21472,8,0x3e4f5040
19826,26255,8,0x3e590d80
19827,24411,8,0x3e62cac0
19828,23975,8,0x3e6c8800
19829,26355,8,0x3e764540
19830,26675,8,0x3e800280
19831,25667,8,0x3e89bfc0
19832,18853,8,0x3e937d00
19833,21497,8,0x3e9d3a40
19834,31036,8,0x3ea6f780
19835,24142,8,0x3eb0b4c0
19836,18896,8,0x3eba7200
19837,21443,8,0x3ec42f40
19838,31015,8,0x3ecdec80
19839,26642,8,0x3ed7a9c0
19840,17215,8,0x3ee16700
19841,23054,8,0x3eeb2440
19842,27443,8,0x3ef4e180
19843,25961,8,0x3efe9ec0
19844,17614,8,0x3f085c00
19845,25003,8,0x3f121940
19846,26390,8,0x3f1bd680
19847,18762,8,0x3f2593c0
19848,17408,8,0x3f2f5100
19849,24352,8,0x3f390e40
19850,26578,8,0x3f42cb80
19851,19354,8,0x3f4c88c0
19852,17655,8,0x3f564600
19853,24232,8,0x3f600340
19854,26549,8,0x3f69c080
19855,18895,8,0x3f737dc0
19856,17250,8,0x3f7d3b00
19857,24155,8,0x3f86f840
19858,26061,8,0x3f90b580
19859,19419,8,0x3f9a72c0
19860,18125,8,0x3fa43000
19861,24203,8,0x3faded40
19862,26036,8,0x3fb7aa80
19863,19330,8,0x3fc167c0
19864,17470,8,0x3fcb2500
19865,26903,8,0x3fd4e240
19866,25563,8,0x3fde9f80
19867,18898,8,0x3fe85cc0
19868,17628,8,0x3ff21a00
19869,24903,8,0x3ffbd740
19870,23942,8,0x594c0
19871,19158,8,0xf5200
19872,19484,8,0x190f40
19873,24900,8,0x22cc80
19874,23721,8,0x2c89c0
19875,18916,8,0x364700
19876,20320,8,0x400440
19877,25119,8,0x49c180
19878,23592,8,0x537ec0
19879,18408,8,0x5d3c00
19880,19466,8,0x66f940
19881,23494,8,0x70b680
19882,23098,8,0x7a73c0
19883,18810,8,0x843100
19884,19618,8,0x8dee40
19885,24378,8,0x97ab80
19886,22436,8,0xa168c0
19887,19783,8,0xab2600
19888,20439,8,0xb4e340
19889,24568,8,0xbea080
19890,22882,8,0xc85dc0
19891,18428,8,0xd21b00
19892,22957,8,0xdbd840
19893,27108,8,0xe59580
19894,22517,8,0xef52c0
19895,20222,8,0xf91000
19896,19155,8,0x102cd40
19897,21480,8,0x10c8a80
19898,28717,8,0x11647c0
19899,20777,8,0x1200500
19900,19151,8,0x129c240
19901,21794,8,0x1337f80
19902,23784,8,0x13d3cc0
19903,20455,8,0x146fa00
19904,18936,8,0x150b740
19905,20783,8,0x15a7480
19906,23149,8,0x16431c0
19907,23725,8,0x16def00
19908,20519,8,0x177ac40
19909,26149,8,0x1816980
19910,22172,8,0x18b26c0
19911,21550,8,0x194e400
19912,19005,8,0x19ea140
19913,21492,8,0x1a85e80
19914,22612,8,0x1b21bc0
19915,20464,8,0x1bbd900
19916,17565,8,0x1c59640
19917,22231,8,0x1cf5380
19918,25577,8,0x1d910c0
19919,20447,8,0x1e2ce00
19920,17470,8,0x1ec8b40
19921,21586,8,0x1f64880
19922,26843,8,0x20005c0
19923,21174,8,0x209c300
19924,18000,8,0x2138040
19925,21866,8,0x21d3d80
19926,26583,8,0x226fac0
19927,20990,8,0x230b800
19928,18063,8,0x23a7540
19929,21603,8,0x2443280
19930,27003,8,0x24defc0
19931,21327,8,0x257ad00
19932,18274,8,0x2616a40
19933,21866,8,0x26b2780
19934,27138,8,0x274e4c0
19935,21365,8,0x27ea200
19936,18319,8,0x2885f40
19937,22132,8,0x2921c80
19938,27021,8,0x29bd9c0
19939,19259,8,0x2a59700
19940,17652,8,0x2af5440
19941,25375,8,0x2b91180
19942,25993,8,0x2c2cec0
19943,18497,8,0x2cc8c00
19944,17856,8,0x2d64940
19945,24075,8,0x2e00680
19946,26239,8,0x2e9c3c0
19947,18545,8,0x2f38100
19948,18212,8,0x2fd3e40
19949,24636,8,0x306fb80
19950,26292,8,0x310b8c0
19951,19880,8,0x31a7600
19952,18383,8,0x3243340
19953,33032,8,0x32df080
19954,26841,8,0x337adc0
19955,19572,8,0x3416b00
19956,21289,8,0x34b2840
19957,30112,8,0x354e580
19958,26863,8,0x35ea2c0
19959,19573,8,0x3686000
19960,18150,8,0x3721d40
19961,25189,8,0x37bda80
19962,28675,8,0x38597c0
19963,19170,8,0x38f5500
19964,19416,8,0x3991240
19965,24819,8,0x3a2cf80
19966,23409,8,0x3ac8cc0
19967,19791,8,0x3b64a00
19968,20264,8,0x3c00740
19969,24413,8,0x3c9c480
19970,23985,8,0x3d381c0
19971,22355,8,0x3dd3f00
19972,20014,8,0x3e6fc40
19973,24122,8,0x3f0b980
19974,23300,8,0x3fa76c0
19975,18769,8,0x4043400
19976,20521,8,0x40df140
19977,24925,8,0x417ae80
19978,22835,8,0x4216bc0
19979,18656,8,0x42b2900
19980,20634,8,0x434e640
19981,34152,8,0x43ea380
19982,23582,8,0x44860c0
19983,20349,8,0x4521e00
19984,20867,8,0x45bdb40
19985,24696,8,0x4659880
19986,22905,8,0x46f55c0
19987,20378,8,0x4791300
19988,19996,8,0x482d040
19989,21670,8,0x48c8d80
19990,22759,8,0x4964ac0
19991,20352,8,0x4a00800
19992,19741,8,0x4a9c540
19993,21635,8,0x4b38280
19994,23550,8,0x4bd3fc0
19995,20799,8,0x4c6fd00
19996,19744,8,0x4d0ba40
19997,22833,8,0x4da7780
19998,23926,8,0x4e434c0
19999,20999,8,0x4edf200
