index,rtt_ns,server_latency_ns,addr
0,104876,0,0x3221c640
1,8682,0,0x322b8380
2,1061,0,0x323540c0
3,990,0,0x323efe00
4,635,0,0x3248bb40
5,496,0,0x32527880
6,758,0,0x325c35c0
7,547,0,0x3265f300
8,612,0,0x326fb040
9,496,0,0x32796d80
10,756,0,0x32832ac0
11,528,0,0x328ce800
12,589,0,0x3296a540
13,615,0,0x32a06280
14,832,0,0x32aa1fc0
15,5241,0,0x32b3dd00
16,1404,0,0x32bd9a40
17,987,0,0x32c75780
18,789,0,0x32d114c0
19,1215,0,0x32dad200
20,577,0,0x32e48f40
21,609,0,0x32ee4c80
22,578,0,0x32f809c0
23,642,0,0x3301c700
24,502,0,0x330b8440
25,609,0,0x33154180
26,743,0,0x331efec0
27,1046,0,0x3328bc00
28,991,0,0x33327940
29,634,0,0x333c3680
30,626,0,0x3345f3c0
31,616,0,0x334fb100
32,803,0,0x33596e40
33,111158,0,0x33632b80
34,783,0,0x336ce8c0
35,601,0,0x3376a600
36,617,0,0x33806340
37,783,0,0x338a2080
38,779,0,0x3393ddc0
39,558,0,0x339d9b00
40,619,0,0x33a75840
41,750,0,0x33b11580
42,604,0,0x33bad2c0
43,577,0,0x33c49000
44,595,0,0x33ce4d40
45,598,0,0x33d80a80
46,636,0,0x33e1c7c0
47,1036,0,0x33eb8500
48,1092,0,0x33f54240
49,594,0,0x33feff80
50,761,0,0x3408bcc0
51,4923,0,0x34127a00
52,751,0,0x341c3740
53,6122,0,0x3425f480
54,826,0,0x342fb1c0
55,15835,0,0x34396f00
56,568,0,0x34432c40
57,605,0,0x344ce980
58,1009,0,0x3456a6c0
59,565,0,0x34606400
60,621,0,0x346a2140
61,581,0,0x3473de80
62,558,0,0x347d9bc0
63,606,0,0x34875900
64,1046,0,0x34911640
65,561,0,0x349ad380
66,565,0,0x34a490c0
67,624,0,0x34ae4e00
68,610,0,0x34b80b40
69,592,0,0x34c1c880
70,795,0,0x34cb85c0
71,112601,0,0x34d54300
72,579,0,0x34df0040
73,587,0,0x34e8bd80
74,656,0,0x34f27ac0
75,986,0,0x34fc3800
76,545,0,0x3505f540
77,687,0,0x350fb280
78,438,0,0x35196fc0
79,100882,0,0x352cea40
80,783,0,0x3536a780
81,2856,0,0x354064c0
82,1013,0,0x354a2200
83,660,0,0x3553df40
84,291,0,0x355d9c80
85,93024,0,0x35711700
86,860,0,0x357ad440
87,6918,0,0x35849180
88,760,0,0x358e4ec0
89,868,0,0x35980c00
90,537,0,0x35a1c940
91,1201,0,0x35ab8680
92,19393,0,0x35b543c0
93,798,0,0x35bf0100
94,1221,0,0x35c8be40
95,123409,0,0x35d27b80
96,807,0,0x35dc38c0
97,637,0,0x35e5f600
98,782,0,0x35efb340
99,542,0,0x35f97080
100,624,0,0x36032dc0
101,611,0,0x360ceb00
102,838,0,0x3616a840
103,872,0,0x36206580
104,1243,0,0x362a22c0
105,794,0,0x3633e000
106,758,0,0x363d9d40
107,734,0,0x36475a80
108,592,0,0x365117c0
109,858,0,0x365ad500
110,529,0,0x36649240
111,591,0,0x366e4f80
112,604,0,0x36780cc0
113,607,0,0x3681ca00
114,732,0,0x368b8740
115,572,0,0x36954480
116,774,0,0x369f01c0
117,550,0,0x36a8bf00
118,592,0,0x36b27c40
119,854,0,0x36bc3980
120,979,0,0x36c5f6c0
121,512,0,0x36cfb400
122,760,0,0x36d97140
123,1004,0,0x36e32e80
124,632,0,0x36ecebc0
125,575,0,0x36f6a900
126,819,0,0x37006640
127,603,0,0x370a2380
128,815,0,0x3713e0c0
129,611,0,0x371d9e00
130,72712,0,0x37311880
131,588,0,0x373ad5c0
132,620,0,0x37449300
133,588,0,0x374e5040
134,578,0,0x37580d80
135,795,0,0x3761cac0
136,651,0,0x376b8800
137,599,0,0x37754540
138,557,0,0x377f0280
139,536,0,0x3788bfc0
140,614,0,0x37927d00
141,605,0,0x379c3a40
142,737,0,0x37a5f780
143,604,0,0x37afb4c0
144,564,0,0x37b97200
145,547,0,0x37c32f40
146,586,0,0x37ccec80
147,556,0,0x37d6a9c0
148,853,0,0x37e06700
149,11513,0,0x37ea2440
150,1009,0,0x37f3e180
151,490,0,0x37fd9ec0
152,651,0,0x38075c00
153,619,0,0x38111940
154,1003,0,0x381ad680
155,1021,0,0x382493c0
156,518,0,0x382e5100
157,597,0,0x38380e40
158,620,0,0x3841cb80
159,616,0,0x384b88c0
160,616,0,0x38554600
161,746,0,0x385f0340
162,595,0,0x3868c080
163,552,0,0x38727dc0
164,594,0,0x387c3b00
165,584,0,0x3885f840
166,554,0,0x388fb580
167,627,0,0x389972c0
168,1446,0,0x38a33000
169,572,0,0x38aced40
170,570,0,0x38b6aa80
171,880,0,0x38c067c0
172,111717,0,0x38ca2500
173,831,0,0x38d3e240
174,10477,0,0x38dd9f80
175,782,0,0x38e75cc0
176,538,0,0x38f11a00
177,611,0,0x38fad740
178,564,0,0x39049480
179,576,0,0x390e51c0
180,583,0,0x39180f00
181,808,0,0x3921cc40
182,6265,0,0x392b8980
183,809,0,0x393546c0
184,569,0,0x393f0400
185,829,0,0x3948c140
186,841,0,0x39527e80
187,559,0,0x395c3bc0
188,578,0,0x3965f900
189,595,0,0x396fb640
190,650,0,0x39797380
191,613,0,0x398330c0
192,859,0,0x398cee00
193,527,0,0x3996ab40
194,902,0,0x39a06880
195,562,0,0x39aa25c0
196,559,0,0x39b3e300
197,101949,0,0x39bda040
198,787,0,0x39c75d80
199,16499,0,0x39d11ac0
200,771,0,0x39dad800
201,592,0,0x39e49540
202,1062,0,0x39ee5280
203,613,0,0x39f80fc0
204,766,0,0x3a01cd00
205,652,0,0x3a0b8a40
206,869,0,0x3a154780
207,765,0,0x3a1f04c0
208,580,0,0x3a28c200
209,593,0,0x3a327f40
210,575,0,0x3a3c3c80
211,584,0,0x3a45f9c0
212,799,0,0x3a4fb700
213,571,0,0x3a597440
214,556,0,0x3a633180
215,787,0,0x3a6ceec0
216,5614,0,0x3a76ac00
217,784,0,0x3a806940
218,534,0,0x3a8a2680
219,647,0,0x3a93e3c0
220,950,0,0x3a9da100
221,56561,0,0x3ab11b80
222,737,0,0x3abad8c0
223,1052,0,0x3ac49600
224,751,0,0x3ace5340
225,581,0,0x3ad81080
226,513,0,0x3ae1cdc0
227,608,0,0x3aeb8b00
228,801,0,0x3af54840
229,564,0,0x3aff0580
230,547,0,0x3b08c2c0
231,551,0,0x3b128000
232,814,0,0x3b1c3d40
233,1024,0,0x3b25fa80
234,551,0,0x3b2fb7c0
235,622,0,0x3b397500
236,576,0,0x3b433240
237,1452,0,0x3b4cef80
238,575,0,0x3b56acc0
239,608,0,0x3b606a00
240,588,0,0x3b6a2740
241,659,0,0x3b73e480
242,638,0,0x3b7da1c0
243,602,0,0x3b875f00
244,801,0,0x3b911c40
245,999,0,0x3b9ad980
246,765,0,0x3ba496c0
247,6285,0,0x3bae5400
248,615,0,0x3bb81140
249,788,0,0x3bc1ce80
250,563,0,0x3bcb8bc0
251,599,0,0x3bd54900
252,582,0,0x3bdf0640
253,641,0,0x3be8c380
254,857,0,0x3bf280c0
255,566,0,0x3bfc3e00
256,855,0,0x3c05fb40
257,561,0,0x3c0fb880
258,608,0,0x3c1975c0
259,751,0,0x3c233300
260,633,0,0x3c2cf040
261,609,0,0x3c36ad80
262,1530,0,0x3c406ac0
263,786,0,0x3c4a2800
264,593,0,0x3c53e540
265,888,0,0x3c5da280
266,132604,0,0x3c675fc0
267,792,0,0x3c711d00
268,555,0,0x3c7ada40
269,583,0,0x3c849780
270,665,0,0x3c8e54c0
271,615,0,0x3c981200
272,757,0,0x3ca1cf40
273,614,0,0x3cab8c80
274,567,0,0x3cb549c0
275,583,0,0x3cbf0700
276,558,0,0x3cc8c440
277,1245,0,0x3cd28180
278,797,0,0x3cdc3ec0
279,631,0,0x3ce5fc00
280,870,0,0x3cefb940
281,558,0,0x3cf97680
282,790,0,0x3d0333c0
283,571,0,0x3d0cf100
284,880,0,0x3d16ae40
285,788,0,0x3d206b80
286,1092,0,0x3d2a28c0
287,344,0,0x3d33e600
288,1030,0,0x3d3da340
289,598,0,0x3d476080
290,747,0,0x3d511dc0
291,632,0,0x3d5adb00
292,633,0,0x3d649840
293,770,0,0x3d6e5580
294,549,0,0x3d7812c0
295,627,0,0x3d81d000
296,585,0,0x3d8b8d40
297,571,0,0x3d954a80
298,788,0,0x3d9f07c0
299,584,0,0x3da8c500
300,587,0,0x3db28240
301,800,0,0x3dbc3f80
302,140916,0,0x3dc5fcc0
303,771,0,0x3dcfba00
304,1226,0,0x3dd97740
305,1130,0,0x3de33480
306,100305,0,0x3df6af00
307,614,0,0x3e006c40
308,1213,0,0x3e0a2980
309,803,0,0x3e13e6c0
310,785,0,0x3e1da400
311,7164,0,0x3e276140
312,1008,0,0x3e311e80
313,559,0,0x3e3adbc0
314,557,0,0x3e449900
315,795,0,0x3e4e5640
316,143933,0,0x3e581380
317,797,0,0x3e61d0c0
318,3552,0,0x3e6b8e00
319,304,0,0x3e754b40
320,103888,0,0x3e88c5c0
321,672,0,0x3e928300
322,871,0,0x3e9c4040
323,767,0,0x3ea5fd80
324,1151,0,0x3eafbac0
325,947,0,0x3eb97800
326,560,0,0x3ec33540
327,629,0,0x3eccf280
328,624,0,0x3ed6afc0
329,610,0,0x3ee06d00
330,802,0,0x3eea2a40
331,148090,0,0x3ef3e780
332,512,0,0x3efda4c0
333,585,0,0x3f076200
334,728,0,0x3f111f40
335,766,0,0x3f1adc80
336,97011,0,0x3f2e5700
337,794,0,0x3f381440
338,580,0,0x3f41d180
339,620,0,0x3f4b8ec0
340,594,0,0x3f554c00
341,1745,0,0x3f5f0940
342,914,0,0x3f68c680
343,1322,0,0x3f7283c0
344,1033,0,0x3f7c4100
345,298,0,0x3f85fe40
346,965,0,0x3f8fbb80
347,589,0,0x3f9978c0
348,877,0,0x3fa33600
349,151407,0,0x3facf340
350,1516,0,0x3fb6b080
351,718,0,0x3fc06dc0
352,2558,0,0x3fca2b00
353,853,0,0x3fd3e840
354,627,0,0x3fdda580
355,614,0,0x3fe762c0
356,611,0,0x3ff12000
357,747,0,0x3ffadd40
358,120486,0,0x49ac0
359,798,0,0xe5800
360,805,0,0x181540
361,1402,0,0x21d280
362,1480,0,0x2b8fc0
363,1676,0,0x354d00
364,827,0,0x3f0a40
365,850,0,0x48c780
366,815,0,0x5284c0
367,153200,0,0x5c4200
368,2257,0,0x65ff40
369,508,0,0x6fbc80
370,1835,0,0x7979c0
371,755,0,0x833700
372,596,0,0x8cf440
373,596,0,0x96b180
374,580,0,0xa06ec0
375,597,0,0xaa2c00
376,654,0,0xb3e940
377,607,0,0xbda680
378,611,0,0xc763c0
379,601,0,0xd12100
380,614,0,0xdade40
381,583,0,0xe49b80
382,567,0,0xee58c0
383,1009,0,0xf81600
384,568,0,0x101d340
385,588,0,0x10b9080
386,803,0,0x1154dc0
387,140679,0,0x11f0b00
388,663,0,0x128c840
389,1949,0,0x1328580
390,100430,0,0x1460000
391,8924,0,0x14fbd40
392,809,0,0x1597a80
393,674,0,0x16337c0
394,821,0,0x16cf500
395,139834,0,0x176b240
396,897,0,0x1806f80
397,566,0,0x18a2cc0
398,698,0,0x193ea00
399,609,0,0x19da740
400,97927,0,0x1b121c0
401,784,0,0x1badf00
402,734,0,0x1c49c40
403,1980,0,0x1ce5980
404,262,0,0x1d816c0
405,2469,0,0x1e1d400
406,770,0,0x1eb9140
407,1021,0,0x1f54e80
408,549,0,0x1ff0bc0
409,875,0,0x208c900
410,748,0,0x2128640
411,598,0,0x21c4380
412,585,0,0x22600c0
413,581,0,0x22fbe00
414,552,0,0x2397b40
415,1262,0,0x2433880
416,985,0,0x24cf5c0
417,87743,0,0x2607040
418,613,0,0x26a2d80
419,1976,0,0x273eac0
420,353,0,0x27da800
421,1034,0,0x2876540
422,515,0,0x2912280
423,615,0,0x29adfc0
424,835,0,0x2a49d00
425,6541,0,0x2ae5a40
426,770,0,0x2b81780
427,575,0,0x2c1d4c0
428,809,0,0x2cb9200
429,586,0,0x2d54f40
430,587,0,0x2df0c80
431,536,0,0x2e8c9c0
432,836,0,0x2f28700
433,139549,0,0x2fc4440
434,787,0,0x3060180
435,767,0,0x30fbec0
436,651,0,0x3197c00
437,766,0,0x3233940
438,1452,0,0x32cf680
439,99088,0,0x3407100
440,1593,0,0x34a2e40
441,97080,0,0x35da8c0
442,855,0,0x3676600
443,284,0,0x3712340
444,981,0,0x37ae080
445,640,0,0x3849dc0
446,1234,0,0x38e5b00
447,588,0,0x3981840
448,832,0,0x3a1d580
449,3402,0,0x3ab92c0
450,673,0,0x3b55000
451,1722,0,0x3bf0d40
452,959,0,0x3c8ca80
453,607,0,0x3d287c0
454,581,0,0x3dc4500
455,580,0,0x3e60240
456,751,0,0x3efbf80
457,606,0,0x3f97cc0
458,570,0,0x4033a00
459,536,0,0x40cf740
460,579,0,0x416b480
461,599,0,0x42071c0
462,1029,0,0x42a2f00
463,602,0,0x433ec40
464,533,0,0x43da980
465,601,0,0x44766c0
466,756,0,0x4512400
467,130431,0,0x45ae140
468,5193,0,0x4649e80
469,793,0,0x46e5bc0
470,4065,0,0x4781900
471,1068,0,0x481d640
472,15052,0,0x48b9380
473,537,0,0x49550c0
474,632,0,0x49f0e00
475,859,0,0x4a8cb40
476,127969,0,0x4b28880
477,829,0,0x4bc45c0
478,855,0,0x4c60300
479,593,0,0x4cfc040
480,575,0,0x4d97d80
481,688,0,0x4e33ac0
482,717,0,0x4ecf800
483,746,0,0x4f6b540
484,590,0,0x5007280
485,555,0,0x50a2fc0
486,546,0,0x513ed00
487,792,0,0x51daa40
488,299,0,0x5276780
489,833,0,0x53124c0
490,720,0,0x53ae200
491,641,0,0x5449f40
492,786,0,0x54e5c80
493,13245,0,0x55819c0
494,776,0,0x561d700
495,592,0,0x56b9440
496,584,0,0x5755180
497,622,0,0x57f0ec0
498,517,0,0x588cc00
499,598,0,0x5928940
500,1022,0,0x59c4680
501,612,0,0x5a603c0
502,762,0,0x5afc100
503,602,0,0x5b97e40
504,517,0,0x5c33b80
505,834,0,0x5ccf8c0
506,120753,0,0x5d6b600
507,1319,0,0x5e07340
508,1002,0,0x5ea3080
509,522,0,0x5f3edc0
510,888,0,0x5fdab00
511,1684,0,0x6076840
512,610,0,0x6112580
513,724,0,0x61ae2c0
514,706,0,0x624a000
515,841,0,0x62e5d40
516,960,0,0x6381a80
517,812,0,0x641d7c0
518,554,0,0x64b9500
519,785,0,0x6555240
520,563,0,0x65f0f80
521,546,0,0x668ccc0
522,725,0,0x6728a00
523,602,0,0x67c4740
524,833,0,0x6860480
525,550,0,0x68fc1c0
526,536,0,0x6997f00
527,785,0,0x6a33c40
528,528,0,0x6acf980
529,851,0,0x6b6b6c0
530,537,0,0x6c07400
531,580,0,0x6ca3140
532,1204,0,0x6d3ee80
533,833,0,0x6ddabc0
534,726,0,0x6e76900
535,618,0,0x6f12640
536,577,0,0x6fae380
537,574,0,0x704a0c0
538,777,0,0x70e5e00
539,567,0,0x7181b40
540,849,0,0x721d880
541,126626,0,0x72b95c0
542,593,0,0x7355300
543,523,0,0x73f1040
544,596,0,0x748cd80
545,536,0,0x7528ac0
546,596,0,0x75c4800
547,795,0,0x7660540
548,1431,0,0x76fc280
549,782,0,0x7797fc0
550,535,0,0x7833d00
551,576,0,0x78cfa40
552,610,0,0x796b780
553,744,0,0x7a074c0
554,1279,0,0x7aa3200
555,21206,0,0x7b3ef40
556,1133,0,0x7bdac80
557,2850,0,0x7c769c0
558,416,0,0x7d12700
559,768,0,0x7dae440
560,1191,0,0x7e4a180
561,2590,0,0x7ee5ec0
562,1005,0,0x7f81c00
563,1291,0,0x801d940
564,994,0,0x80b9680
565,1017,0,0x81553c0
566,1212,0,0x81f1100
567,1470,0,0x828ce40
568,1232,0,0x8328b80
569,619,0,0x83c48c0
570,596,0,0x8460600
571,781,0,0x84fc340
572,106145,0,0x8598080
573,5561,0,0x8633dc0
574,813,0,0x86cfb00
575,558,0,0x876b840
576,609,0,0x8807580
577,587,0,0x88a32c0
578,620,0,0x893f000
579,590,0,0x89dad40
580,771,0,0x8a76a80
581,597,0,0x8b127c0
582,520,0,0x8bae500
583,606,0,0x8c4a240
584,723,0,0x8ce5f80
585,575,0,0x8d81cc0
586,569,0,0x8e1da00
587,590,0,0x8eb9740
588,799,0,0x8f55480
589,19421,0,0x8ff11c0
590,980,0,0x908cf00
591,11760,0,0x9128c40
592,100432,0,0x91c4980
593,846,0,0x92606c0
594,1232,0,0x92fc400
595,993,0,0x9398140
596,835,0,0x9433e80
597,578,0,0x94cfbc0
598,627,0,0x956b900
599,607,0,0x9607640
600,615,0,0x96a3380
601,578,0,0x973f0c0
602,643,0,0x97dae00
603,601,0,0x9876b40
604,600,0,0x9912880
605,1008,0,0x99ae5c0
606,1034,0,0x9a4a300
607,578,0,0x9ae6040
608,643,0,0x9b81d80
609,630,0,0x9c1dac0
610,642,0,0x9cb9800
611,858,0,0x9d55540
612,813,0,0x9df1280
613,22060,0,0x9e8cfc0
614,1444,0,0x9f28d00
615,528,0,0x9fc4a40
616,779,0,0xa060780
617,572,0,0xa0fc4c0
618,1020,0,0xa198200
619,3447,0,0xa233f40
620,628,0,0xa2cfc80
621,795,0,0xa36b9c0
622,121625,0,0xa407700
623,849,0,0xa4a3440
624,2759,0,0xa53f180
625,99061,0,0xa676c00
626,1710,0,0xa712940
627,1181,0,0xa7ae680
628,2555,0,0xa84a3c0
629,800,0,0xa8e6100
630,569,0,0xa981e40
631,641,0,0xaa1db80
632,730,0,0xaab98c0
633,611,0,0xab55600
634,511,0,0xabf1340
635,1018,0,0xac8d080
636,613,0,0xad28dc0
637,581,0,0xadc4b00
638,550,0,0xae60840
639,776,0,0xaefc580
640,535,0,0xaf982c0
641,598,0,0xb034000
642,744,0,0xb0cfd40
643,586,0,0xb16ba80
644,808,0,0xb2077c0
645,541,0,0xb2a3500
646,541,0,0xb33f240
647,597,0,0xb3daf80
648,582,0,0xb476cc0
649,585,0,0xb512a00
650,537,0,0xb5ae740
651,798,0,0xb64a480
652,652,0,0xb6e61c0
653,777,0,0xb781f00
654,1287,0,0xb81dc40
655,2989,0,0xb8b9980
656,1426,0,0xb9556c0
657,1034,0,0xb9f1400
658,555,0,0xba8d140
659,622,0,0xbb28e80
660,581,0,0xbbc4bc0
661,615,0,0xbc60900
662,742,0,0xbcfc640
663,592,0,0xbd98380
664,602,0,0xbe340c0
665,1193,0,0xbecfe00
666,569,0,0xbf6bb40
667,565,0,0xc007880
668,1222,0,0xc0a35c0
669,571,0,0xc13f300
670,556,0,0xc1db040
671,772,0,0xc276d80
672,111519,0,0xc312ac0
673,518,0,0xc3ae800
674,1243,0,0xc44a540
675,601,0,0xc4e6280
676,822,0,0xc581fc0
677,572,0,0xc61dd00
678,549,0,0xc6b9a40
679,538,0,0xc755780
680,1027,0,0xc7f14c0
681,1007,0,0xc88d200
682,557,0,0xc928f40
683,579,0,0xc9c4c80
684,841,0,0xca609c0
685,9100,0,0xcafc700
686,561,0,0xcb98440
687,726,0,0xcc34180
688,541,0,0xcccfec0
689,707,0,0xcd6bc00
690,2534,0,0xce07940
691,819,0,0xcea3680
692,853,0,0xcf3f3c0
693,14591,0,0xcfdb100
694,585,0,0xd076e40
695,790,0,0xd112b80
696,122248,0,0xd1ae8c0
697,825,0,0xd24a600
698,588,0,0xd2e6340
699,744,0,0xd382080
700,12372,0,0xd41ddc0
701,818,0,0xd4b9b00
702,1285,0,0xd555840
703,801,0,0xd5f1580
704,15032,0,0xd68d2c0
705,541,0,0xd729000
706,1024,0,0xd7c4d40
707,1016,0,0xd860a80
708,1214,0,0xd8fc7c0
709,817,0,0xd998500
710,796,0,0xda34240
711,578,0,0xdacff80
712,1023,0,0xdb6bcc0
713,591,0,0xdc07a00
714,578,0,0xdca3740
715,619,0,0xdd3f480
716,611,0,0xdddb1c0
717,580,0,0xde76f00
718,570,0,0xdf12c40
719,797,0,0xdfae980
720,109510,0,0xe04a6c0
721,1238,0,0xe0e6400
722,569,0,0xe182140
723,578,0,0xe21de80
724,586,0,0xe2b9bc0
725,618,0,0xe355900
726,593,0,0xe3f1640
727,954,0,0xe48d380
728,620,0,0xe5290c0
729,569,0,0xe5c4e00
730,589,0,0xe660b40
731,579,0,0xe6fc880
732,543,0,0xe7985c0
733,608,0,0xe834300
734,591,0,0xe8d0040
735,2006,0,0xe96bd80
736,1094,0,0xea07ac0
737,611,0,0xeaa3800
738,759,0,0xeb3f540
739,1029,0,0xebdb280
740,1250,0,0xec76fc0
741,596,0,0xed12d00
742,860,0,0xedaea40
743,23509,0,0xee4a780
744,665,0,0xeee64c0
745,612,0,0xef82200
746,608,0,0xf01df40
747,798,0,0xf0b9c80
748,120394,0,0xf1559c0
749,932,0,0xf1f1700
750,277,0,0xf28d440
751,101814,0,0xf3c4ec0
752,587,0,0xf460c00
753,589,0,0xf4fc940
754,776,0,0xf598680
755,838,0,0xf6343c0
756,1460,0,0xf6d0100
757,96501,0,0xf807b80
758,862,0,0xf8a38c0
759,1334,0,0xf93f600
760,1023,0,0xf9db340
761,677,0,0xfa77080
762,776,0,0xfb12dc0
763,22487,0,0xfbaeb00
764,1004,0,0xfc4a840
765,573,0,0xfce6580
766,629,0,0xfd822c0
767,616,0,0xfe1e000
768,613,0,0xfeb9d40
769,808,0,0xff55a80
770,125302,0,0xfff17c0
771,847,0,0x1008d500
772,812,0,0x10129240
773,1253,0,0x101c4f80
774,1299,0,0x10260cc0
775,98967,0,0x10398740
776,957,0,0x10434480
777,1522,0,0x104d01c0
778,102323,0,0x10607c40
779,3245,0,0x106a3980
780,890,0,0x1073f6c0
781,1368,0,0x107db400
782,100570,0,0x10912e80
783,2906,0,0x109aebc0
784,1425,0,0x10a4a900
785,97600,0,0x10b82380
786,832,0,0x10c1e0c0
787,763,0,0x10cb9e00
788,2265,0,0x10d55b40
789,808,0,0x10df1880
790,732,0,0x10e8d5c0
791,10925,0,0x10f29300
792,785,0,0x10fc5040
793,595,0,0x11060d80
794,573,0,0x110fcac0
795,637,0,0x11198800
796,790,0,0x11234540
797,593,0,0x112d0280
798,632,0,0x1136bfc0
799,621,0,0x11407d00
800,576,0,0x114a3a40
801,772,0,0x1153f780
802,661,0,0x115db4c0
803,624,0,0x11677200
804,610,0,0x11712f40
805,578,0,0x117aec80
806,664,0,0x1184a9c0
807,615,0,0x118e6700
808,977,0,0x11982440
809,609,0,0x11a1e180
810,794,0,0x11ab9ec0
811,115817,0,0x11b55c00
812,791,0,0x11bf1940
813,782,0,0x11c8d680
814,601,0,0x11d293c0
815,934,0,0x11dc5100
816,4071,0,0x11e60e40
817,740,0,0x11efcb80
818,525,0,0x11f988c0
819,588,0,0x12034600
820,616,0,0x120d0340
821,728,0,0x1216c080
822,590,0,0x12207dc0
823,861,0,0x122a3b00
824,535,0,0x1233f840
825,760,0,0x123db580
826,556,0,0x124772c0
827,747,0,0x12513000
828,26920,0,0x125aed40
829,611,0,0x1264aa80
830,572,0,0x126e67c0
831,558,0,0x12782500
832,610,0,0x1281e240
833,556,0,0x128b9f80
834,589,0,0x12955cc0
835,766,0,0x129f1a00
836,535,0,0x12a8d740
837,591,0,0x12b29480
838,590,0,0x12bc51c0
839,549,0,0x12c60f00
840,538,0,0x12cfcc40
841,581,0,0x12d98980
842,518,0,0x12e346c0
843,749,0,0x12ed0400
844,101031,0,0x12f6c140
845,473,0,0x13007e80
846,1852,0,0x130a3bc0
847,101019,0,0x131db640
848,828,0,0x13277380
849,2245,0,0x133130c0
850,1033,0,0x133aee00
851,538,0,0x1344ab40
852,788,0,0x134e6880
853,515,0,0x135825c0
854,620,0,0x1361e300
855,981,0,0x136ba040
856,571,0,0x13755d80
857,567,0,0x137f1ac0
858,608,0,0x1388d800
859,626,0,0x13929540
860,784,0,0x139c5280
861,2332,0,0x13a60fc0
862,999,0,0x13afcd00
863,555,0,0x13b98a40
864,1194,0,0x13c34780
865,971,0,0x13cd04c0
866,567,0,0x13d6c200
867,621,0,0x13e07f40
868,770,0,0x13ea3c80
869,28280,0,0x13f3f9c0
870,755,0,0x13fdb700
871,595,0,0x14077440
872,608,0,0x14113180
873,751,0,0x141aeec0
874,1041,0,0x1424ac00
875,1033,0,0x142e6940
876,1066,0,0x14382680
877,1005,0,0x1441e3c0
878,1011,0,0x144ba100
879,978,0,0x14555e40
880,1045,0,0x145f1b80
881,990,0,0x1468d8c0
882,1060,0,0x14729600
883,1029,0,0x147c5340
884,1034,0,0x14861080
885,1183,0,0x148fcdc0
886,880,0,0x14998b00
887,1034,0,0x14a34840
888,1034,0,0x14ad0580
889,1188,0,0x14b6c2c0
890,1034,0,0x14c08000
891,966,0,0x14ca3d40
892,1040,0,0x14d3fa80
893,979,0,0x14ddb7c0
894,1074,0,0x14e77500
895,1222,0,0x14f13240
896,992,0,0x14faef80
897,933,0,0x1504acc0
898,1057,0,0x150e6a00
899,1069,0,0x15182740
900,1066,0,0x1521e480
901,1046,0,0x152ba1c0
902,1200,0,0x15355f00
903,1009,0,0x153f1c40
904,1031,0,0x1548d980
905,1474,0,0x155296c0
906,1234,0,0x155c5400
907,786,0,0x15661140
908,558,0,0x156fce80
909,588,0,0x15798bc0
910,554,0,0x15834900
911,523,0,0x158d0640
912,611,0,0x1596c380
913,799,0,0x15a080c0
914,570,0,0x15aa3e00
915,848,0,0x15b3fb40
916,48831,0,0x15bdb880
917,756,0,0x15c775c0
918,548,0,0x15d13300
919,609,0,0x15daf040
920,760,0,0x15e4ad80
921,602,0,0x15ee6ac0
922,1206,0,0x15f82800
923,6011,0,0x1601e540
924,777,0,0x160ba280
925,8686,0,0x16155fc0
926,749,0,0x161f1d00
927,866,0,0x1628da40
928,85748,0,0x16329780
929,622,0,0x163c54c0
930,591,0,0x16461200
931,565,0,0x164fcf40
932,819,0,0x16598c80
933,583,0,0x166349c0
934,587,0,0x166d0700
935,566,0,0x1676c440
936,642,0,0x16808180
937,595,0,0x168a3ec0
938,773,0,0x1693fc00
939,43214,0,0x169db940
940,7174,0,0x16a77680
941,763,0,0x16b133c0
942,848,0,0x16baf100
943,9090,0,0x16c4ae40
944,563,0,0x16ce6b80
945,730,0,0x16d828c0
946,93090,0,0x16e1e600
947,994,0,0x16eba340
948,1002,0,0x16f56080
949,572,0,0x16ff1dc0
950,582,0,0x1708db00
951,553,0,0x17129840
952,523,0,0x171c5580
953,801,0,0x172612c0
954,547,0,0x172fd000
955,493,0,0x17398d40
956,1264,0,0x17434a80
957,1454,0,0x174d07c0
958,771,0,0x1756c500
959,559,0,0x17608240
960,609,0,0x176a3f80
961,600,0,0x1773fcc0
962,606,0,0x177dba00
963,805,0,0x17877740
964,25215,0,0x17913480
965,758,0,0x179af1c0
966,625,0,0x17a4af00
967,621,0,0x17ae6c40
968,619,0,0x17b82980
969,590,0,0x17c1e6c0
970,637,0,0x17cba400
971,623,0,0x17d56140
972,616,0,0x17df1e80
973,589,0,0x17e8dbc0
974,12035,0,0x17f29900
975,723,0,0x17fc5640
976,589,0,0x18061380
977,756,0,0x180fd0c0
978,521,0,0x18198e00
979,784,0,0x18234b40
980,594,0,0x182d0880
981,717,0,0x1836c5c0
982,1858,0,0x18408300
983,99902,0,0x184a4040
984,670,0,0x1853fd80
985,600,0,0x185dbac0
986,759,0,0x18677800
987,604,0,0x18713540
988,568,0,0x187af280
989,571,0,0x1884afc0
990,733,0,0x188e6d00
991,25983,0,0x18982a40
992,1511,0,0x18a1e780
993,76794,0,0x18b56200
994,1001,0,0x18bf1f40
995,595,0,0x18c8dc80
996,657,0,0x18d299c0
997,856,0,0x18dc5700
998,17447,0,0x18e61440
999,599,0,0x18efd180
1000,581,0,0x18f98ec0
1001,635,0,0x19034c00
1002,560,0,0x190d0940
1003,620,0,0x1916c680
1004,597,0,0x192083c0
1005,633,0,0x192a4100
1006,552,0,0x1933fe40
1007,592,0,0x193dbb80
1008,572,0,0x194778c0
1009,665,0,0x19513600
1010,645,0,0x195af340
1011,603,0,0x1964b080
1012,802,0,0x196e6dc0
1013,8381,0,0x19782b00
1014,797,0,0x1981e840
1015,552,0,0x198ba580
1016,558,0,0x199562c0
1017,770,0,0x199f2000
1018,489,0,0x19a8dd40
1019,752,0,0x19b29a80
1020,541,0,0x19bc57c0
1021,1025,0,0x19c61500
1022,747,0,0x19cfd240
1023,513,0,0x19d98f80
1024,594,0,0x19e34cc0
1025,729,0,0x19ed0a00
1026,566,0,0x19f6c740
1027,874,0,0x1a008480
1028,104784,0,0x1a0a41c0
1029,501,0,0x1a13ff00
1030,775,0,0x1a1dbc40
1031,891,0,0x1a277980
1032,566,0,0x1a3136c0
1033,581,0,0x1a3af400
1034,600,0,0x1a44b140
1035,630,0,0x1a4e6e80
1036,610,0,0x1a582bc0
1037,613,0,0x1a61e900
1038,597,0,0x1a6ba640
1039,648,0,0x1a756380
1040,824,0,0x1a7f20c0
1041,595,0,0x1a88de00
1042,804,0,0x1a929b40
1043,3588,0,0x1a9c5880
1044,779,0,0x1aa615c0
1045,811,0,0x1aafd300
1046,608,0,0x1ab99040
1047,1186,0,0x1ac34d80
1048,791,0,0x1acd0ac0
1049,7130,0,0x1ad6c800
1050,1000,0,0x1ae08540
1051,568,0,0x1aea4280
1052,809,0,0x1af3ffc0
1053,595,0,0x1afdbd00
1054,591,0,0x1b077a40
1055,800,0,0x1b113780
1056,16616,0,0x1b1af4c0
1057,642,0,0x1b24b200
1058,772,0,0x1b2e6f40
1059,549,0,0x1b382c80
1060,597,0,0x1b41e9c0
1061,720,0,0x1b4ba700
1062,595,0,0x1b556440
1063,585,0,0x1b5f2180
1064,600,0,0x1b68dec0
1065,774,0,0x1b729c00
1066,553,0,0x1b7c5940
1067,567,0,0x1b861680
1068,712,0,0x1b8fd3c0
1069,578,0,0x1b999100
1070,569,0,0x1ba34e40
1071,731,0,0x1bad0b80
1072,513,0,0x1bb6c8c0
1073,1194,0,0x1bc08600
1074,533,0,0x1bca4340
1075,869,0,0x1bd40080
1076,550,0,0x1bddbdc0
1077,795,0,0x1be77b00
1078,566,0,0x1bf13840
1079,597,0,0x1bfaf580
1080,729,0,0x1c04b2c0
1081,582,0,0x1c0e7000
1082,604,0,0x1c182d40
1083,741,0,0x1c21ea80
1084,518,0,0x1c2ba7c0
1085,606,0,0x1c356500
1086,829,0,0x1c3f2240
1087,90076,0,0x1c48df80
1088,651,0,0x1c529cc0
1089,622,0,0x1c5c5a00
1090,587,0,0x1c661740
1091,804,0,0x1c6fd480
1092,4042,0,0x1c7991c0
1093,841,0,0x1c834f00
1094,546,0,0x1c8d0c40
1095,621,0,0x1c96c980
1096,773,0,0x1ca086c0
1097,9534,0,0x1caa4400
1098,827,0,0x1cb40140
1099,43979,0,0x1cbdbe80
1100,723,0,0x1cc77bc0
1101,626,0,0x1cd13900
1102,602,0,0x1cdaf640
1103,822,0,0x1ce4b380
1104,89497,0,0x1cee70c0
1105,807,0,0x1cf82e00
1106,7526,0,0x1d01eb40
1107,602,0,0x1d0ba880
1108,791,0,0x1d1565c0
1109,8256,0,0x1d1f2300
1110,795,0,0x1d28e040
1111,47156,0,0x1d329d80
1112,591,0,0x1d3c5ac0
1113,796,0,0x1d461800
1114,727,0,0x1d4fd540
1115,568,0,0x1d599280
1116,569,0,0x1d634fc0
1117,737,0,0x1d6d0d00
1118,588,0,0x1d76ca40
1119,536,0,0x1d808780
1120,556,0,0x1d8a44c0
1121,1309,0,0x1d940200
1122,82840,0,0x1d9dbf40
1123,1220,0,0x1da77c80
1124,2109,0,0x1db139c0
1125,989,0,0x1dbaf700
1126,999,0,0x1dc4b440
1127,1267,0,0x1dce7180
1128,10881,0,0x1de1ec00
1129,769,0,0x1deba940
1130,557,0,0x1df56680
1131,630,0,0x1dff23c0
1132,1197,0,0x1e08e100
1133,579,0,0x1e129e40
1134,87266,0,0x1e1c5b80
1135,1233,0,0x1e2618c0
1136,3011,0,0x1e2fd600
1137,1007,0,0x1e399340
1138,506,0,0x1e435080
1139,773,0,0x1e4d0dc0
1140,543,0,0x1e56cb00
1141,616,0,0x1e608840
1142,591,0,0x1e6a4580
1143,588,0,0x1e7402c0
1144,797,0,0x1e7dc000
1145,58039,0,0x1e877d40
1146,831,0,0x1e913a80
1147,533,0,0x1e9af7c0
1148,771,0,0x1ea4b500
1149,490,0,0x1eae7240
1150,599,0,0x1eb82f80
1151,723,0,0x1ec1ecc0
1152,597,0,0x1ecbaa00
1153,564,0,0x1ed56740
1154,726,0,0x1edf2480
1155,579,0,0x1ee8e1c0
1156,789,0,0x1ef29f00
1157,1193,0,0x1efc5c40
1158,538,0,0x1f061980
1159,532,0,0x1f0fd6c0
1160,1019,0,0x1f199400
1161,1245,0,0x1f235140
1162,790,0,0x1f2d0e80
1163,751,0,0x1f36cbc0
1164,739,0,0x1f408900
1165,614,0,0x1f4a4640
1166,557,0,0x1f540380
1167,811,0,0x1f5dc0c0
1168,62106,0,0x1f677e00
1169,1198,0,0x1f713b40
1170,1318,0,0x1f7af880
1171,571,0,0x1f84b5c0
1172,634,0,0x1f8e7300
1173,622,0,0x1f983040
1174,774,0,0x1fa1ed80
1175,574,0,0x1fabaac0
1176,624,0,0x1fb56800
1177,594,0,0x1fbf2540
1178,570,0,0x1fc8e280
1179,2021,0,0x1fd29fc0
1180,778,0,0x1fdc5d00
1181,572,0,0x1fe61a40
1182,576,0,0x1fefd780
1183,579,0,0x1ff994c0
1184,640,0,0x20035200
1185,784,0,0x200d0f40
1186,72975,0,0x2016cc80
1187,759,0,0x202089c0
1188,791,0,0x202a4700
1189,565,0,0x20340440
1190,554,0,0x203dc180
1191,1190,0,0x20477ec0
1192,62200,0,0x20513c00
1193,746,0,0x205af940
1194,605,0,0x2064b680
1195,855,0,0x206e73c0
1196,525,0,0x20783100
1197,1028,0,0x2081ee40
1198,4495,0,0x208bab80
1199,619,0,0x209568c0
1200,1209,0,0x209f2600
1201,556,0,0x20a8e340
1202,626,0,0x20b2a080
1203,574,0,0x20bc5dc0
1204,754,0,0x20c61b00
1205,614,0,0x20cfd840
1206,552,0,0x20d99580
1207,1462,0,0x20e352c0
1208,298,0,0x20ed1000
1209,2017,0,0x20f6cd40
1210,789,0,0x21008a80
1211,552,0,0x210a47c0
1212,619,0,0x21140500
1213,578,0,0x211dc240
1214,1025,0,0x21277f80
1215,550,0,0x21313cc0
1216,496,0,0x213afa00
1217,622,0,0x2144b740
1218,998,0,0x214e7480
1219,503,0,0x215831c0
1220,858,0,0x2161ef00
1221,60926,0,0x216bac40
1222,731,0,0x21756980
1223,581,0,0x217f26c0
1224,499,0,0x2188e400
1225,737,0,0x2192a140
1226,532,0,0x219c5e80
1227,1232,0,0x21a61bc0
1228,571,0,0x21afd900
1229,784,0,0x21b99640
1230,59618,0,0x21c35380
1231,788,0,0x21cd10c0
1232,550,0,0x21d6ce00
1233,547,0,0x21e08b40
1234,609,0,0x21ea4880
1235,765,0,0x21f405c0
1236,546,0,0x21fdc300
1237,628,0,0x22078040
1238,614,0,0x22113d80
1239,601,0,0x221afac0
1240,792,0,0x2224b800
1241,6033,0,0x222e7540
1242,764,0,0x22383280
1243,543,0,0x2241efc0
1244,589,0,0x224bad00
1245,1186,0,0x22556a40
1246,794,0,0x225f2780
1247,612,0,0x2268e4c0
1248,1004,0,0x2272a200
1249,5370,0,0x227c5f40
1250,1028,0,0x22861c80
1251,570,0,0x228fd9c0
1252,519,0,0x22999700
1253,783,0,0x22a35440
1254,568,0,0x22ad1180
1255,577,0,0x22b6cec0
1256,898,0,0x22c08c00
1257,61458,0,0x22ca4940
1258,836,0,0x22d40680
1259,773,0,0x22ddc3c0
1260,546,0,0x22e78100
1261,553,0,0x22f13e40
1262,711,0,0x22fafb80
1263,566,0,0x2304b8c0
1264,564,0,0x230e7600
1265,584,0,0x23183340
1266,983,0,0x2321f080
1267,546,0,0x232badc0
1268,552,0,0x23356b00
1269,774,0,0x233f2840
1270,57401,0,0x2348e580
1271,800,0,0x2352a2c0
1272,565,0,0x235c6000
1273,572,0,0x23661d40
1274,873,0,0x236fda80
1275,9765,0,0x237997c0
1276,581,0,0x23835500
1277,644,0,0x238d1240
1278,618,0,0x2396cf80
1279,771,0,0x23a08cc0
1280,586,0,0x23aa4a00
1281,903,0,0x23b40740
1282,6285,0,0x23bdc480
1283,1083,0,0x23c781c0
1284,625,0,0x23d13f00
1285,746,0,0x23dafc40
1286,69639,0,0x23e4b980
1287,1427,0,0x23ee76c0
1288,1174,0,0x23f83400
1289,802,0,0x2401f140
1290,729,0,0x240bae80
1291,802,0,0x24156bc0
1292,571,0,0x241f2900
1293,732,0,0x2428e640
1294,566,0,0x2432a380
1295,561,0,0x243c60c0
1296,817,0,0x24461e00
1297,522,0,0x244fdb40
1298,586,0,0x24599880
1299,555,0,0x246355c0
1300,588,0,0x246d1300
1301,777,0,0x2476d040
1302,46282,0,0x24808d80
1303,817,0,0x248a4ac0
1304,13974,0,0x24940800
1305,814,0,0x249dc540
1306,892,0,0x24a78280
1307,565,0,0x24b13fc0
1308,572,0,0x24bafd00
1309,1064,0,0x24c4ba40
1310,970,0,0x24ce7780
1311,603,0,0x24d834c0
1312,577,0,0x24e1f200
1313,577,0,0x24ebaf40
1314,765,0,0x24f56c80
1315,773,0,0x24ff29c0
1316,1147,0,0x2508e700
1317,1552,0,0x2512a440
1318,1191,0,0x251c6180
1319,22359,0,0x252fdc00
1320,859,0,0x25399940
1321,564,0,0x25435680
1322,603,0,0x254d13c0
1323,731,0,0x2556d100
1324,570,0,0x25608e40
1325,534,0,0x256a4b80
1326,535,0,0x257408c0
1327,584,0,0x257dc600
1328,618,0,0x25878340
1329,843,0,0x25914080
1330,519,0,0x259afdc0
1331,784,0,0x25a4bb00
1332,36253,0,0x25ae7840
1333,1028,0,0x25b83580
1334,29515,0,0x25c1f2c0
1335,1242,0,0x25cbb000
1336,2611,0,0x25d56d40
1337,1233,0,0x25df2a80
1338,867,0,0x25e8e7c0
1339,82532,0,0x25f2a500
1340,752,0,0x25fc6240
1341,533,0,0x26061f80
1342,619,0,0x260fdcc0
1343,602,0,0x26199a00
1344,740,0,0x26235740
1345,776,0,0x262d1480
1346,549,0,0x2636d1c0
1347,1125,0,0x26408f00
1348,569,0,0x264a4c40
1349,557,0,0x26540980
1350,579,0,0x265dc6c0
1351,21666,0,0x26678400
1352,633,0,0x26714140
1353,637,0,0x267afe80
1354,752,0,0x2684bbc0
1355,641,0,0x268e7900
1356,843,0,0x26983640
1357,756,0,0x26a1f380
1358,25319,0,0x26abb0c0
1359,771,0,0x26b56e00
1360,559,0,0x26bf2b40
1361,618,0,0x26c8e880
1362,566,0,0x26d2a5c0
1363,94064,0,0x26dc6300
1364,803,0,0x26e62040
1365,503,0,0x26efdd80
1366,1191,0,0x26f99ac0
1367,29948,0,0x27035800
1368,1189,0,0x270d1540
1369,647,0,0x2716d280
1370,788,0,0x27208fc0
1371,556,0,0x272a4d00
1372,577,0,0x27340a40
1373,616,0,0x273dc780
1374,600,0,0x274784c0
1375,581,0,0x27514200
1376,1037,0,0x275aff40
1377,588,0,0x2764bc80
1378,750,0,0x276e79c0
1379,539,0,0x27783700
1380,576,0,0x2781f440
1381,620,0,0x278bb180
1382,999,0,0x27956ec0
1383,657,0,0x279f2c00
1384,595,0,0x27a8e940
1385,744,0,0x27b2a680
1386,612,0,0x27bc63c0
1387,580,0,0x27c62100
1388,602,0,0x27cfde40
1389,788,0,0x27d99b80
1390,545,0,0x27e358c0
1391,575,0,0x27ed1600
1392,577,0,0x27f6d340
1393,798,0,0x28009080
1394,5225,0,0x280a4dc0
1395,682,0,0x28140b00
1396,40383,0,0x28278580
1397,618,0,0x283142c0
1398,742,0,0x283b0000
1399,521,0,0x2844bd40
1400,629,0,0x284e7a80
1401,596,0,0x285837c0
1402,730,0,0x2861f500
1403,587,0,0x286bb240
1404,557,0,0x28756f80
1405,1158,0,0x287f2cc0
1406,1023,0,0x2888ea00
1407,734,0,0x2892a740
1408,797,0,0x289c6480
1409,560,0,0x28a621c0
1410,736,0,0x28afdf00
1411,580,0,0x28b99c40
1412,540,0,0x28c35980
1413,561,0,0x28cd16c0
1414,722,0,0x28d6d400
1415,575,0,0x28e09140
1416,556,0,0x28ea4e80
1417,730,0,0x28f40bc0
1418,811,0,0x28fdc900
1419,33648,0,0x29078640
1420,593,0,0x29114380
1421,743,0,0x291b00c0
1422,636,0,0x2924be00
1423,606,0,0x292e7b40
1424,811,0,0x29383880
1425,2440,0,0x2941f5c0
1426,57815,0,0x29557040
1427,778,0,0x295f2d80
1428,832,0,0x2968eac0
1429,576,0,0x2972a800
1430,774,0,0x297c6540
1431,986,0,0x29862280
1432,1210,0,0x298fdfc0
1433,26122,0,0x29999d00
1434,855,0,0x29a35a40
1435,570,0,0x29ad1780
1436,573,0,0x29b6d4c0
1437,917,0,0x29c09200
1438,4245,0,0x29ca4f40
1439,725,0,0x29d40c80
1440,608,0,0x29ddc9c0
1441,772,0,0x29e78700
1442,5004,0,0x29f14440
1443,767,0,0x29fb0180
1444,545,0,0x2a04bec0
1445,617,0,0x2a0e7c00
1446,610,0,0x2a183940
1447,758,0,0x2a21f680
1448,109455,0,0x2a2bb3c0
1449,563,0,0x2a357100
1450,763,0,0x2a3f2e40
1451,539,0,0x2a48eb80
1452,574,0,0x2a52a8c0
1453,568,0,0x2a5c6600
1454,783,0,0x2a662340
1455,539,0,0x2a6fe080
1456,538,0,0x2a799dc0
1457,761,0,0x2a835b00
1458,21893,0,0x2a8d1840
1459,762,0,0x2a96d580
1460,608,0,0x2aa092c0
1461,558,0,0x2aaa5000
1462,577,0,0x2ab40d40
1463,548,0,0x2abdca80
1464,1050,0,0x2ac787c0
1465,12053,0,0x2ad14500
1466,1042,0,0x2adb0240
1467,1024,0,0x2ae4bf80
1468,845,0,0x2aee7cc0
1469,113295,0,0x2af83a00
1470,599,0,0x2b01f740
1471,741,0,0x2b0bb480
1472,544,0,0x2b1571c0
1473,791,0,0x2b1f2f00
1474,540,0,0x2b28ec40
1475,810,0,0x2b32a980
1476,577,0,0x2b3c66c0
1477,560,0,0x2b462400
1478,550,0,0x2b4fe140
1479,770,0,0x2b599e80
1480,19275,0,0x2b635bc0
1481,347,0,0x2b6d1900
1482,2038,0,0x2b76d640
1483,603,0,0x2b809380
1484,615,0,0x2b8a50c0
1485,1010,0,0x2b940e00
1486,8613,0,0x2b9dcb40
1487,669,0,0x2ba78880
1488,620,0,0x2bb145c0
1489,768,0,0x2bbb0300
1490,82653,0,0x2bc4c040
1491,790,0,0x2bce7d80
1492,57970,0,0x2bd83ac0
1493,726,0,0x2be1f800
1494,781,0,0x2bebb540
1495,565,0,0x2bf57280
1496,2238,0,0x2bff2fc0
1497,37172,0,0x2c12aa40
1498,614,0,0x2c1c6780
1499,982,0,0x2c2624c0
1500,777,0,0x2c2fe200
1501,61013,0,0x2c399f40
1502,588,0,0x2c435c80
1503,784,0,0x2c4d19c0
1504,571,0,0x2c56d700
1505,552,0,0x2c609440
1506,591,0,0x2c6a5180
1507,537,0,0x2c740ec0
1508,767,0,0x2c7dcc00
1509,615,0,0x2c878940
1510,593,0,0x2c914680
1511,632,0,0x2c9b03c0
1512,582,0,0x2ca4c100
1513,584,0,0x2cae7e40
1514,810,0,0x2cb83b80
1515,83873,0,0x2cc1f8c0
1516,787,0,0x2ccbb600
1517,544,0,0x2cd57340
1518,719,0,0x2cdf3080
1519,565,0,0x2ce8edc0
1520,751,0,0x2cf2ab00
1521,56085,0,0x2cfc6840
1522,748,0,0x2d062580
1523,592,0,0x2d0fe2c0
1524,605,0,0x2d19a000
1525,759,0,0x2d235d40
1526,537,0,0x2d2d1a80
1527,588,0,0x2d36d7c0
1528,596,0,0x2d409500
1529,599,0,0x2d4a5240
1530,636,0,0x2d540f80
1531,607,0,0x2d5dccc0
1532,614,0,0x2d678a00
1533,829,0,0x2d714740
1534,398,0,0x2d7b0480
1535,85609,0,0x2d84c1c0
1536,765,0,0x2d8e7f00
1537,825,0,0x2d983c40
1538,65380,0,0x2da1f980
1539,818,0,0x2dabb6c0
1540,2520,0,0x2db57400
1541,607,0,0x2dbf3140
1542,875,0,0x2dc8ee80
1543,615,0,0x2dd2abc0
1544,752,0,0x2ddc6900
1545,593,0,0x2de62640
1546,492,0,0x2defe380
1547,975,0,0x2df9a0c0
1548,602,0,0x2e035e00
1549,800,0,0x2e0d1b40
1550,575,0,0x2e16d880
1551,797,0,0x2e2095c0
1552,577,0,0x2e2a5300
1553,577,0,0x2e341040
1554,573,0,0x2e3dcd80
1555,852,0,0x2e478ac0
1556,768,0,0x2e514800
1557,543,0,0x2e5b0540
1558,615,0,0x2e64c280
1559,574,0,0x2e6e7fc0
1560,578,0,0x2e783d00
1561,573,0,0x2e81fa40
1562,613,0,0x2e8bb780
1563,510,0,0x2e9574c0
1564,995,0,0x2e9f3200
1565,1066,0,0x2ea8ef40
1566,813,0,0x2eb2ac80
1567,572,0,0x2ebc69c0
1568,562,0,0x2ec62700
1569,552,0,0x2ecfe440
1570,598,0,0x2ed9a180
1571,888,0,0x2ee35ec0
1572,569,0,0x2eed1c00
1573,561,0,0x2ef6d940
1574,566,0,0x2f009680
1575,634,0,0x2f0a53c0
1576,581,0,0x2f141100
1577,574,0,0x2f1dce40
1578,798,0,0x2f278b80
1579,580,0,0x2f3148c0
1580,573,0,0x2f3b0600
1581,566,0,0x2f44c340
1582,541,0,0x2f4e8080
1583,1006,0,0x2f583dc0
1584,46678,0,0x2f61fb00
1585,67532,0,0x2f6bb840
1586,614,0,0x2f757580
1587,815,0,0x2f7f32c0
1588,29514,0,0x2f92ad40
1589,989,0,0x2f9c6a80
1590,615,0,0x2fa627c0
1591,731,0,0x2fafe500
1592,68144,0,0x2fb9a240
1593,607,0,0x2fc35f80
1594,31011,0,0x2fd6da00
1595,845,0,0x2fe09740
1596,69126,0,0x2fea5480
1597,1161,0,0x2ff411c0
1598,27577,0,0x30078c40
1599,949,0,0x30114980
1600,853,0,0x301b06c0
1601,70814,0,0x3024c400
1602,28215,0,0x30383e80
1603,805,0,0x3041fbc0
1604,571,0,0x304bb900
1605,548,0,0x30557640
1606,1194,0,0x305f3380
1607,48865,0,0x3068f0c0
1608,1322,0,0x3072ae00
1609,1158,0,0x307c6b40
1610,46337,0,0x308fe5c0
1611,758,0,0x3099a300
1612,52759,0,0x30a36040
1613,767,0,0x30ad1d80
1614,1389,0,0x30b6dac0
1615,45076,0,0x30ca5540
1616,597,0,0x30d41280
1617,1031,0,0x30ddcfc0
1618,529,0,0x30e78d00
1619,614,0,0x30f14a40
1620,719,0,0x30fb0780
1621,565,0,0x3104c4c0
1622,556,0,0x310e8200
1623,730,0,0x31183f40
1624,577,0,0x3121fc80
1625,1080,0,0x312bb9c0
1626,45758,0,0x31357700
1627,804,0,0x313f3440
1628,574,0,0x3148f180
1629,587,0,0x3152aec0
1630,554,0,0x315c6c00
1631,539,0,0x31662940
1632,578,0,0x316fe680
1633,758,0,0x3179a3c0
1634,586,0,0x31836100
1635,625,0,0x318d1e40
1636,562,0,0x3196db80
1637,841,0,0x31a098c0
1638,594,0,0x31aa5600
1639,566,0,0x31b41340
1640,611,0,0x31bdd080
1641,744,0,0x31c78dc0
1642,40913,0,0x31d14b00
1643,787,0,0x31db0840
1644,819,0,0x31e4c580
1645,595,0,0x31ee82c0
1646,736,0,0x31f84000
1647,51622,0,0x3201fd40
1648,754,0,0x320bba80
1649,1190,0,0x321577c0
1650,562,0,0x321f3500
1651,754,0,0x3228f240
1652,531,0,0x3232af80
1653,867,0,0x323c6cc0
1654,42141,0,0x32462a00
1655,771,0,0x324fe740
1656,780,0,0x3259a480
1657,600,0,0x326361c0
1658,767,0,0x326d1f00
1659,572,0,0x3276dc40
1660,816,0,0x32809980
1661,5184,0,0x328a56c0
1662,765,0,0x32941400
1663,576,0,0x329dd140
1664,597,0,0x32a78e80
1665,618,0,0x32b14bc0
1666,598,0,0x32bb0900
1667,754,0,0x32c4c640
1668,43015,0,0x32ce8380
1669,1530,0,0x32d840c0
1670,1016,0,0x32e1fe00
1671,1075,0,0x32ebbb40
1672,1196,0,0x32f57880
1673,1040,0,0x32ff35c0
1674,1022,0,0x3308f300
1675,1226,0,0x3312b040
1676,977,0,0x331c6d80
1677,1037,0,0x33262ac0
1678,1307,0,0x332fe800
1679,815,0,0x3339a540
1680,1219,0,0x33436280
1681,1244,0,0x334d1fc0
1682,1470,0,0x3356dd00
1683,610,0,0x33609a40
1684,599,0,0x336a5780
1685,598,0,0x337414c0
1686,1197,0,0x337dd200
1687,521,0,0x33878f40
1688,792,0,0x33914c80
1689,28207,0,0x339b09c0
1690,741,0,0x33a4c700
1691,581,0,0x33ae8440
1692,549,0,0x33b84180
1693,561,0,0x33c1fec0
1694,712,0,0x33cbbc00
1695,1018,0,0x33d57940
1696,584,0,0x33df3680
1697,765,0,0x33e8f3c0
1698,39846,0,0x33f2b100
1699,534,0,0x33fc6e40
1700,625,0,0x34062b80
1701,613,0,0x340fe8c0
1702,797,0,0x3419a600
1703,578,0,0x34236340
1704,845,0,0x342d2080
1705,5402,0,0x3436ddc0
1706,746,0,0x34409b00
1707,583,0,0x344a5840
1708,641,0,0x34541580
1709,596,0,0x345dd2c0
1710,793,0,0x34679000
1711,563,0,0x34714d40
1712,555,0,0x347b0a80
1713,548,0,0x3484c7c0
1714,1036,0,0x348e8500
1715,569,0,0x34984240
1716,610,0,0x34a1ff80
1717,884,0,0x34abbcc0
1718,55710,0,0x34b57a00
1719,634,0,0x34bf3740
1720,623,0,0x34c8f480
1721,792,0,0x34d2b1c0
1722,31404,0,0x34dc6f00
1723,790,0,0x34e62c40
1724,573,0,0x34efe980
1725,709,0,0x34f9a6c0
1726,566,0,0x35036400
1727,582,0,0x350d2140
1728,805,0,0x3516de80
1729,39451,0,0x35209bc0
1730,776,0,0x352a5900
1731,1018,0,0x35341640
1732,576,0,0x353dd380
1733,781,0,0x354790c0
1734,517,0,0x35514e00
1735,606,0,0x355b0b40
1736,620,0,0x3564c880
1737,592,0,0x356e85c0
1738,890,0,0x35784300
1739,8504,0,0x35820040
1740,817,0,0x358bbd80
1741,60873,0,0x35957ac0
1742,783,0,0x359f3800
1743,587,0,0x35a8f540
1744,558,0,0x35b2b280
1745,614,0,0x35bc6fc0
1746,519,0,0x35c62d00
1747,1234,0,0x35cfea40
1748,807,0,0x35d9a780
1749,588,0,0x35e364c0
1750,794,0,0x35ed2200
1751,573,0,0x35f6df40
1752,515,0,0x36009c80
1753,598,0,0x360a59c0
1754,534,0,0x36141700
1755,1009,0,0x361dd440
1756,1114,0,0x36279180
1757,22079,0,0x36314ec0
1758,559,0,0x363b0c00
1759,637,0,0x3644c940
1760,823,0,0x364e8680
1761,46491,0,0x365843c0
1762,821,0,0x36620100
1763,571,0,0x366bbe40
1764,566,0,0x36757b80
1765,863,0,0x367f38c0
1766,575,0,0x3688f600
1767,580,0,0x3692b340
1768,588,0,0x369c7080
1769,1037,0,0x36a62dc0
1770,622,0,0x36afeb00
1771,1551,0,0x36b9a840
1772,21064,0,0x36cd22c0
1773,878,0,0x36d6e000
1774,18746,0,0x36e09d40
1775,609,0,0x36ea5a80
1776,777,0,0x36f417c0
1777,1003,0,0x36fdd500
1778,563,0,0x37079240
1779,720,0,0x37114f80
1780,52417,0,0x371b0cc0
1781,1040,0,0x3724ca00
1782,481,0,0x372e8740
1783,1714,0,0x37384480
1784,43521,0,0x374bbf00
1785,842,0,0x37557c40
1786,54397,0,0x375f3980
1787,750,0,0x3768f6c0
1788,616,0,0x3772b400
1789,587,0,0x377c7140
1790,1537,0,0x37862e80
1791,1223,0,0x378febc0
1792,838,0,0x3799a900
1793,783,0,0x37a36640
1794,24447,0,0x37ad2380
1795,757,0,0x37b6e0c0
1796,829,0,0x37c09e00
1797,598,0,0x37ca5b40
1798,573,0,0x37d41880
1799,558,0,0x37ddd5c0
1800,1056,0,0x37e79300
1801,63307,0,0x37f15040
1802,716,0,0x37fb0d80
1803,586,0,0x3804cac0
1804,758,0,0x380e8800
1805,54889,0,0x38184540
1806,825,0,0x38220280
1807,3366,0,0x382bbfc0
1808,788,0,0x38357d00
1809,654,0,0x383f3a40
1810,538,0,0x3848f780
1811,615,0,0x3852b4c0
1812,850,0,0x385c7200
1813,535,0,0x38662f40
1814,618,0,0x386fec80
1815,635,0,0x3879a9c0
1816,737,0,0x38836700
1817,601,0,0x388d2440
1818,586,0,0x3896e180
1819,565,0,0x38a09ec0
1820,749,0,0x38aa5c00
1821,599,0,0x38b41940
1822,572,0,0x38bdd680
1823,776,0,0x38c793c0
1824,1040,0,0x38d15100
1825,517,0,0x38db0e40
1826,723,0,0x38e4cb80
1827,593,0,0x38ee88c0
1828,578,0,0x38f84600
1829,609,0,0x39020340
1830,564,0,0x390bc080
1831,818,0,0x39157dc0
1832,599,0,0x391f3b00
1833,742,0,0x3928f840
1834,591,0,0x3932b580
1835,577,0,0x393c72c0
1836,571,0,0x39463000
1837,578,0,0x394fed40
1838,823,0,0x3959aa80
1839,2070,0,0x396367c0
1840,746,0,0x396d2500
1841,632,0,0x3976e240
1842,583,0,0x39809f80
1843,602,0,0x398a5cc0
1844,557,0,0x39941a00
1845,537,0,0x399dd740
1846,633,0,0x39a79480
1847,616,0,0x39b151c0
1848,1012,0,0x39bb0f00
1849,56546,0,0x39c4cc40
1850,871,0,0x39ce8980
1851,525,0,0x39d846c0
1852,532,0,0x39e20400
1853,841,0,0x39ebc140
1854,52270,0,0x39f57e80
1855,587,0,0x39ff3bc0
1856,588,0,0x3a08f900
1857,638,0,0x3a12b640
1858,792,0,0x3a1c7380
1859,567,0,0x3a2630c0
1860,590,0,0x3a2fee00
1861,626,0,0x3a39ab40
1862,589,0,0x3a436880
1863,549,0,0x3a4d25c0
1864,1011,0,0x3a56e300
1865,584,0,0x3a60a040
1866,773,0,0x3a6a5d80
1867,592,0,0x3a741ac0
1868,489,0,0x3a7dd800
1869,761,0,0x3a879540
1870,585,0,0x3a915280
1871,550,0,0x3a9b0fc0
1872,1023,0,0x3aa4cd00
1873,587,0,0x3aae8a40
1874,850,0,0x3ab84780
1875,561,0,0x3ac204c0
1876,560,0,0x3acbc200
1877,531,0,0x3ad57f40
1878,863,0,0x3adf3c80
1879,9744,0,0x3ae8f9c0
1880,601,0,0x3af2b700
1881,586,0,0x3afc7440
1882,565,0,0x3b063180
1883,592,0,0x3b0feec0
1884,900,0,0x3b19ac00
1885,763,0,0x3b236940
1886,4906,0,0x3b2d2680
1887,598,0,0x3b36e3c0
1888,788,0,0x3b40a100
1889,59016,0,0x3b4a5e40
1890,839,0,0x3b541b80
1891,73732,0,0x3b5dd8c0
1892,795,0,0x3b679600
1893,576,0,0x3b715340
1894,552,0,0x3b7b1080
1895,624,0,0x3b84cdc0
1896,821,0,0x3b8e8b00
1897,564,0,0x3b984840
1898,627,0,0x3ba20580
1899,592,0,0x3babc2c0
1900,590,0,0x3bb58000
1901,4069,0,0x3bbf3d40
1902,1024,0,0x3bc8fa80
1903,572,0,0x3bd2b7c0
1904,597,0,0x3bdc7500
1905,548,0,0x3be63240
1906,614,0,0x3befef80
1907,783,0,0x3bf9acc0
1908,646,0,0x3c036a00
1909,610,0,0x3c0d2740
1910,1003,0,0x3c16e480
1911,538,0,0x3c20a1c0
1912,859,0,0x3c2a5f00
1913,961,0,0x3c341c40
1914,1067,0,0x3c3dd980
1915,550,0,0x3c4796c0
1916,585,0,0x3c515400
1917,906,0,0x3c5b1140
1918,50108,0,0x3c64ce80
1919,789,0,0x3c6e8bc0
1920,495,0,0x3c784900
1921,720,0,0x3c820640
1922,585,0,0x3c8bc380
1923,1170,0,0x3c9580c0
1924,77089,0,0x3c9f3e00
1925,832,0,0x3ca8fb40
1926,790,0,0x3cb2b880
1927,565,0,0x3cbc75c0
1928,572,0,0x3cc63300
1929,1046,0,0x3ccff040
1930,1065,0,0x3cd9ad80
1931,9762,0,0x3ce36ac0
1932,715,0,0x3ced2800
1933,542,0,0x3cf6e540
1934,791,0,0x3d00a280
1935,563,0,0x3d0a5fc0
1936,923,0,0x3d141d00
1937,2776,0,0x3d1dda40
1938,747,0,0x3d279780
1939,634,0,0x3d3154c0
1940,600,0,0x3d3b1200
1941,537,0,0x3d44cf40
1942,794,0,0x3d4e8c80
1943,50329,0,0x3d5849c0
1944,798,0,0x3d620700
1945,507,0,0x3d6bc440
1946,732,0,0x3d758180
1947,605,0,0x3d7f3ec0
1948,997,0,0x3d88fc00
1949,78601,0,0x3d92b940
1950,1436,0,0x3d9c7680
1951,589,0,0x3da633c0
1952,586,0,0x3daff100
1953,645,0,0x3db9ae40
1954,874,0,0x3dc36b80
1955,9181,0,0x3dcd28c0
1956,778,0,0x3dd6e600
1957,597,0,0x3de0a340
1958,587,0,0x3dea6080
1959,582,0,0x3df41dc0
1960,569,0,0x3dfddb00
1961,611,0,0x3e079840
1962,613,0,0x3e115580
1963,591,0,0x3e1b12c0
1964,81551,0,0x3e2e8d40
1965,1203,0,0x3e384a80
1966,597,0,0x3e4207c0
1967,588,0,0x3e4bc500
1968,576,0,0x3e558240
1969,550,0,0x3e5f3f80
1970,540,0,0x3e68fcc0
1971,594,0,0x3e72ba00
1972,595,0,0x3e7c7740
1973,586,0,0x3e863480
1974,1011,0,0x3e8ff1c0
1975,542,0,0x3e99af00
1976,593,0,0x3ea36c40
1977,638,0,0x3ead2980
1978,771,0,0x3eb6e6c0
1979,8353,0,0x3ec0a400
1980,90239,0,0x3ed41e80
1981,506,0,0x3edddbc0
1982,789,0,0x3ee79900
1983,640,0,0x3ef15640
1984,624,0,0x3efb1380
1985,592,0,0x3f04d0c0
1986,640,0,0x3f0e8e00
1987,790,0,0x3f184b40
1988,5095,0,0x3f220880
1989,1083,0,0x3f2bc5c0
1990,92132,0,0x3f3f4040
1991,580,0,0x3f48fd80
1992,592,0,0x3f52bac0
1993,565,0,0x3f5c7800
1994,546,0,0x3f663540
1995,592,0,0x3f6ff280
1996,567,0,0x3f79afc0
1997,590,0,0x3f836d00
1998,540,0,0x3f8d2a40
1999,599,0,0x3f96e780
2000,812,0,0x3fa0a4c0
2001,572,0,0x3faa6200
2002,821,0,0x3fb41f40
2003,756,0,0x3fbddc80
2004,557,0,0x3fc799c0
2005,624,0,0x3fd15700
2006,591,0,0x3fdb1440
2007,577,0,0x3fe4d180
2008,594,0,0x3fee8ec0
2009,553,0,0x3ff84c00
2010,999,0,0x20980
2011,551,0,0xbc6c0
2012,596,0,0x158400
2013,590,0,0x1f4140
2014,563,0,0x28fe80
2015,588,0,0x32bbc0
2016,1064,0,0x3c7900
2017,576,0,0x463640
2018,800,0,0x4ff380
2019,572,0,0x59b0c0
2020,593,0,0x636e00
2021,474,0,0x6d2b40
2022,644,0,0x76e880
2023,611,0,0x80a5c0
2024,609,0,0x8a6300
2025,730,0,0x942040
2026,615,0,0x9ddd80
2027,568,0,0xa79ac0
2028,557,0,0xb15800
2029,595,0,0xbb1540
2030,635,0,0xc4d280
2031,591,0,0xce8fc0
2032,557,0,0xd84d00
2033,541,0,0xe20a40
2034,632,0,0xebc780
2035,563,0,0xf584c0
2036,594,0,0xff4200
2037,800,0,0x108ff40
2038,5827,0,0x112bc80
2039,553,0,0x11c79c0
2040,718,0,0x1263700
2041,604,0,0x12ff440
2042,491,0,0x139b180
2043,735,0,0x1436ec0
2044,585,0,0x14d2c00
2045,559,0,0x156e940
2046,819,0,0x160a680
2047,524,0,0x16a63c0
2048,624,0,0x1742100
2049,748,0,0x17dde40
2050,106909,0,0x1879b80
2051,953,0,0x19158c0
2052,853,0,0x19b1600
2053,759,0,0x1a4d340
2054,534,0,0x1ae9080
2055,1003,0,0x1b84dc0
2056,28687,0,0x1c20b00
2057,671,0,0x1cbc840
2058,775,0,0x1d58580
2059,13450,0,0x1df42c0
2060,760,0,0x1e90000
2061,552,0,0x1f2bd40
2062,766,0,0x1fc7a80
2063,105261,0,0x20637c0
2064,794,0,0x20ff500
2065,3284,0,0x219b240
2066,827,0,0x2236f80
2067,543,0,0x22d2cc0
2068,537,0,0x236ea00
2069,843,0,0x240a740
2070,595,0,0x24a6480
2071,862,0,0x25421c0
2072,24585,0,0x25ddf00
2073,624,0,0x2679c40
2074,602,0,0x2715980
2075,747,0,0x27b16c0
2076,594,0,0x284d400
2077,564,0,0x28e9140
2078,753,0,0x2984e80
2079,10812,0,0x2a20bc0
2080,1013,0,0x2abc900
2081,553,0,0x2b58640
2082,997,0,0x2bf4380
2083,979,0,0x2c900c0
2084,539,0,0x2d2be00
2085,638,0,0x2dc7b40
2086,762,0,0x2e63880
2087,99065,0,0x2eff5c0
2088,603,0,0x2f9b300
2089,615,0,0x3037040
2090,4322,0,0x30d2d80
2091,626,0,0x316eac0
2092,4932,0,0x320a800
2093,1035,0,0x32a6540
2094,604,0,0x3342280
2095,828,0,0x33ddfc0
2096,645,0,0x3479d00
2097,137296,0,0x3515a40
2098,15605,0,0x35b1780
2099,600,0,0x364d4c0
2100,589,0,0x36e9200
2101,746,0,0x3784f40
2102,1196,0,0x3820c80
2103,936,0,0x38bc9c0
2104,77321,0,0x39f4440
2105,1039,0,0x3a90180
2106,558,0,0x3b2bec0
2107,590,0,0x3bc7c00
2108,655,0,0x3c63940
2109,868,0,0x3cff680
2110,15799,0,0x3d9b3c0
2111,737,0,0x3e37100
2112,584,0,0x3ed2e40
2113,598,0,0x3f6eb80
2114,714,0,0x400a8c0
2115,1129,0,0x40a6600
2116,3553,0,0x4142340
2117,622,0,0x41de080
2118,999,0,0x4279dc0
2119,543,0,0x4315b00
2120,861,0,0x43b1840
2121,128079,0,0x444d580
2122,566,0,0x44e92c0
2123,618,0,0x4585000
2124,589,0,0x4620d40
2125,567,0,0x46bca80
2126,593,0,0x47587c0
2127,546,0,0x47f4500
2128,592,0,0x4890240
2129,612,0,0x492bf80
2130,748,0,0x49c7cc0
2131,594,0,0x4a63a00
2132,560,0,0x4aff740
2133,531,0,0x4b9b480
2134,579,0,0x4c371c0
2135,625,0,0x4cd2f00
2136,585,0,0x4d6ec40
2137,595,0,0x4e0a980
2138,597,0,0x4ea66c0
2139,629,0,0x4f42400
2140,586,0,0x4fde140
2141,573,0,0x5079e80
2142,575,0,0x5115bc0
2143,556,0,0x51b1900
2144,991,0,0x524d640
2145,1052,0,0x52e9380
2146,3044,0,0x53850c0
2147,95889,0,0x54bcb40
2148,775,0,0x5558880
2149,5254,0,0x55f45c0
2150,571,0,0x5690300
2151,718,0,0x572c040
2152,594,0,0x57c7d80
2153,710,0,0x5863ac0
2154,1581,0,0x58ff800
2155,508,0,0x599b540
2156,87142,0,0x5ad2fc0
2157,597,0,0x5b6ed00
2158,585,0,0x5c0aa40
2159,590,0,0x5ca6780
2160,618,0,0x5d424c0
2161,871,0,0x5dde200
2162,774,0,0x5e79f40
2163,595,0,0x5f15c80
2164,792,0,0x5fb19c0
2165,2156,0,0x604d700
2166,759,0,0x60e9440
2167,655,0,0x6185180
2168,1249,0,0x6220ec0
2169,96223,0,0x6358940
2170,583,0,0x63f4680
2171,817,0,0x64903c0
2172,595,0,0x652c100
2173,748,0,0x65c7e40
2174,630,0,0x6663b80
2175,685,0,0x66ff8c0
2176,3201,0,0x679b600
2177,1839,0,0x6837340
2178,598,0,0x68d3080
2179,1373,0,0x696edc0
2180,93977,0,0x6aa6840
2181,822,0,0x6b42580
2182,3938,0,0x6bde2c0
2183,1268,0,0x6c7a000
2184,2582,0,0x6d15d40
2185,794,0,0x6db1a80
2186,92231,0,0x6ee9500
2187,797,0,0x6f85240
2188,573,0,0x7020f80
2189,980,0,0x70bccc0
2190,536,0,0x7158a00
2191,622,0,0x71f4740
2192,834,0,0x7290480
2193,2128,0,0x732c1c0
2194,891,0,0x73c7f00
2195,600,0,0x7463c40
2196,707,0,0x74ff980
2197,1055,0,0x759b6c0
2198,94830,0,0x76d3140
2199,587,0,0x776ee80
2200,798,0,0x780abc0
2201,675,0,0x78a6900
2202,2048,0,0x7942640
2203,747,0,0x79de380
2204,534,0,0x7a7a0c0
2205,623,0,0x7b15e00
2206,1175,0,0x7bb1b40
2207,1002,0,0x7c4d880
2208,2599,0,0x7ce95c0
2209,89469,0,0x7e21040
2210,882,0,0x7ebcd80
2211,7150,0,0x7f58ac0
2212,532,0,0x7ff4800
2213,493,0,0x8090540
2214,730,0,0x812c280
2215,823,0,0x81c7fc0
2216,705,0,0x8263d00
2217,514,0,0x82ffa40
2218,2197,0,0x839b780
2219,1229,0,0x84374c0
2220,523,0,0x84d3200
2221,516,0,0x856ef40
2222,759,0,0x860ac80
2223,137825,0,0x86a69c0
2224,567,0,0x8742700
2225,558,0,0x87de440
2226,577,0,0x887a180
2227,553,0,0x8915ec0
2228,604,0,0x89b1c00
2229,759,0,0x8a4d940
2230,5408,0,0x8ae9680
2231,795,0,0x8b853c0
2232,574,0,0x8c21100
2233,721,0,0x8cbce40
2234,439,0,0x8d58b80
2235,2440,0,0x8df48c0
2236,856,0,0x8e90600
2237,589,0,0x8f2c340
2238,524,0,0x8fc8080
2239,1166,0,0x9063dc0
2240,768,0,0x90ffb00
2241,913,0,0x919b840
2242,585,0,0x9237580
2243,529,0,0x92d32c0
2244,592,0,0x936f000
2245,624,0,0x940ad40
2246,864,0,0x94a6a80
2247,134166,0,0x95427c0
2248,800,0,0x95de500
2249,10287,0,0x967a240
2250,807,0,0x9715f80
2251,796,0,0x97b1cc0
2252,591,0,0x984da00
2253,1070,0,0x98e9740
2254,854,0,0x9985480
2255,1286,0,0x9a211c0
2256,4126,0,0x9abcf00
2257,602,0,0x9b58c40
2258,775,0,0x9bf4980
2259,132995,0,0x9c906c0
2260,588,0,0x9d2c400
2261,1037,0,0x9dc8140
2262,568,0,0x9e63e80
2263,563,0,0x9effbc0
2264,602,0,0x9f9b900
2265,592,0,0xa037640
2266,570,0,0xa0d3380
2267,822,0,0xa16f0c0
2268,593,0,0xa20ae00
2269,577,0,0xa2a6b40
2270,575,0,0xa342880
2271,636,0,0xa3de5c0
2272,641,0,0xa47a300
2273,748,0,0xa516040
2274,890,0,0xa5b1d80
2275,821,0,0xa64dac0
2276,602,0,0xa6e9800
2277,797,0,0xa785540
2278,611,0,0xa821280
2279,613,0,0xa8bcfc0
2280,751,0,0xa958d00
2281,591,0,0xa9f4a40
2282,147166,0,0xaa90780
2283,724,0,0xab2c4c0
2284,560,0,0xabc8200
2285,1071,0,0xac63f40
2286,763,0,0xacffc80
2287,1064,0,0xad9b9c0
2288,660,0,0xae37700
2289,852,0,0xaed3440
2290,510,0,0xaf6f180
2291,612,0,0xb00aec0
2292,724,0,0xb0a6c00
2293,576,0,0xb142940
2294,612,0,0xb1de680
2295,594,0,0xb27a3c0
2296,782,0,0xb316100
2297,577,0,0xb3b1e40
2298,580,0,0xb44db80
2299,572,0,0xb4e98c0
2300,883,0,0xb585600
2301,997,0,0xb621340
2302,542,0,0xb6bd080
2303,607,0,0xb758dc0
2304,576,0,0xb7f4b00
2305,765,0,0xb890840
2306,136547,0,0xb92c580
2307,809,0,0xb9c82c0
2308,734,0,0xba64000
2309,525,0,0xbaffd40
2310,589,0,0xbb9ba80
2311,626,0,0xbc377c0
2312,2496,0,0xbcd3500
2313,791,0,0xbd6f240
2314,568,0,0xbe0af80
2315,572,0,0xbea6cc0
2316,590,0,0xbf42a00
2317,651,0,0xbfde740
2318,592,0,0xc07a480
2319,612,0,0xc1161c0
2320,1036,0,0xc1b1f00
2321,1191,0,0xc24dc40
2322,552,0,0xc2e9980
2323,607,0,0xc3856c0
2324,563,0,0xc421400
2325,1964,0,0xc4bd140
2326,1390,0,0xc558e80
2327,569,0,0xc5f4bc0
2328,840,0,0xc690900
2329,540,0,0xc72c640
2330,581,0,0xc7c8380
2331,573,0,0xc8640c0
2332,554,0,0xc8ffe00
2333,783,0,0xc99bb40
2334,572,0,0xca37880
2335,571,0,0xcad35c0
2336,595,0,0xcb6f300
2337,641,0,0xcc0b040
2338,606,0,0xcca6d80
2339,606,0,0xcd42ac0
2340,579,0,0xcdde800
2341,1037,0,0xce7a540
2342,988,0,0xcf16280
2343,524,0,0xcfb1fc0
2344,579,0,0xd04dd00
2345,600,0,0xd0e9a40
2346,592,0,0xd185780
2347,863,0,0xd2214c0
2348,120552,0,0xd2bd200
2349,572,0,0xd358f40
2350,100464,0,0xd4909c0
2351,2589,0,0xd52c700
2352,770,0,0xd5c8440
2353,547,0,0xd664180
2354,833,0,0xd6ffec0
2355,774,0,0xd79bc00
2356,10904,0,0xd837940
2357,516,0,0xd8d3680
2358,770,0,0xd96f3c0
2359,15543,0,0xda0b100
2360,748,0,0xdaa6e40
2361,799,0,0xdb42b80
2362,964,0,0xdbde8c0
2363,591,0,0xdc7a600
2364,781,0,0xdd16340
2365,118222,0,0xddb2080
2366,801,0,0xde4ddc0
2367,1011,0,0xdee9b00
2368,1070,0,0xdf85840
2369,582,0,0xe021580
2370,102267,0,0xe159000
2371,590,0,0xe1f4d40
2372,102537,0,0xe32c7c0
2373,294,0,0xe3c8500
2374,100956,0,0xe4fff80
2375,617,0,0xe59bcc0
2376,968,0,0xe637a00
2377,637,0,0xe6d3740
2378,1201,0,0xe76f480
2379,615,0,0xe80b1c0
2380,588,0,0xe8a6f00
2381,95949,0,0xe9de980
2382,790,0,0xea7a6c0
2383,602,0,0xeb16400
2384,723,0,0xebb2140
2385,591,0,0xec4de80
2386,854,0,0xece9bc0
2387,528,0,0xed85900
2388,608,0,0xee21640
2389,1835,0,0xeebd380
2390,65257,0,0xeff4e00
2391,806,0,0xf090b40
2392,764,0,0xf12c880
2393,1309,0,0xf1c85c0
2394,100187,0,0xf300040
2395,1237,0,0xf39bd80
2396,1026,0,0xf437ac0
2397,1787,0,0xf4d3800
2398,94941,0,0xf60b280
2399,583,0,0xf6a6fc0
2400,805,0,0xf742d00
2401,614,0,0xf7dea40
2402,604,0,0xf87a780
2403,797,0,0xf9164c0
2404,1912,0,0xf9b2200
2405,994,0,0xfa4df40
2406,752,0,0xfae9c80
2407,627,0,0xfb859c0
2408,581,0,0xfc21700
2409,994,0,0xfcbd440
2410,795,0,0xfd59180
2411,607,0,0xfdf4ec0
2412,749,0,0xfe90c00
2413,594,0,0xff2c940
2414,574,0,0xffc8680
2415,558,0,0x100643c0
2416,546,0,0x10100100
2417,669,0,0x1019be40
2418,996,0,0x10237b80
2419,596,0,0x102d38c0
2420,541,0,0x1036f600
2421,618,0,0x1040b340
2422,593,0,0x104a7080
2423,795,0,0x10542dc0
2424,134849,0,0x105deb00
2425,635,0,0x1067a840
2426,352,0,0x10716580
2427,650,0,0x107b22c0
2428,98561,0,0x108e9d40
2429,636,0,0x10985a80
2430,782,0,0x10a217c0
2431,988,0,0x10abd500
2432,2052,0,0x10b59240
2433,650,0,0x10bf4f80
2434,1064,0,0x10c90cc0
2435,616,0,0x10d2ca00
2436,580,0,0x10dc8740
2437,832,0,0x10e64480
2438,10003,0,0x10f001c0
2439,765,0,0x10f9bf00
2440,534,0,0x11037c40
2441,626,0,0x110d3980
2442,772,0,0x1116f6c0
2443,137319,0,0x1120b400
2444,753,0,0x112a7140
2445,998,0,0x11342e80
2446,596,0,0x113debc0
2447,605,0,0x1147a900
2448,770,0,0x11516640
2449,502,0,0x115b2380
2450,1071,0,0x1164e0c0
2451,94056,0,0x11785b40
2452,784,0,0x11821880
2453,710,0,0x118bd5c0
2454,591,0,0x11959300
2455,612,0,0x119f5040
2456,743,0,0x11a90d80
2457,1552,0,0x11b2cac0
2458,738,0,0x11bc8800
2459,1283,0,0x11c64540
2460,1048,0,0x11d00280
2461,551,0,0x11d9bfc0
2462,592,0,0x11e37d00
2463,92986,0,0x11f6f780
2464,791,0,0x1200b4c0
2465,576,0,0x120a7200
2466,811,0,0x12142f40
2467,579,0,0x121dec80
2468,592,0,0x1227a9c0
2469,620,0,0x12316700
2470,1361,0,0x123b2440
2471,5846,0,0x1244e180
2472,777,0,0x124e9ec0
2473,1029,0,0x12585c00
2474,521,0,0x12621940
2475,793,0,0x126bd680
2476,565,0,0x127593c0
2477,511,0,0x127f5100
2478,598,0,0x12890e40
2479,551,0,0x1292cb80
2480,862,0,0x129c88c0
2481,138498,0,0x12a64600
2482,548,0,0x12b00340
2483,539,0,0x12b9c080
2484,1957,0,0x12c37dc0
2485,323,0,0x12cd3b00
2486,1908,0,0x12d6f840
2487,578,0,0x12e0b580
2488,962,0,0x12ea72c0
2489,876,0,0x12f43000
2490,8429,0,0x12fded40
2491,1031,0,0x1307aa80
2492,999,0,0x131167c0
2493,614,0,0x131b2500
2494,773,0,0x1324e240
2495,555,0,0x132e9f80
2496,596,0,0x13385cc0
2497,567,0,0x13421a00
2498,500,0,0x134bd740
2499,791,0,0x13559480
2500,131096,0,0x135f51c0
2501,805,0,0x13690f00
2502,565,0,0x1372cc40
2503,900,0,0x137c8980
2504,624,0,0x138646c0
2505,824,0,0x13900400
2506,3448,0,0x1399c140
2507,777,0,0x13a37e80
2508,526,0,0x13ad3bc0
2509,557,0,0x13b6f900
2510,1199,0,0x13c0b640
2511,532,0,0x13ca7380
2512,539,0,0x13d430c0
2513,852,0,0x13ddee00
2514,9984,0,0x13e7ab40
2515,581,0,0x13f16880
2516,822,0,0x13fb25c0
2517,132330,0,0x1404e300
2518,654,0,0x140ea040
2519,619,0,0x14185d80
2520,780,0,0x14221ac0
2521,9308,0,0x142bd800
2522,871,0,0x14359540
2523,11068,0,0x143f5280
2524,589,0,0x14490fc0
2525,1061,0,0x1452cd00
2526,1006,0,0x145c8a40
2527,635,0,0x14664780
2528,615,0,0x147004c0
2529,859,0,0x1479c200
2530,71018,0,0x148d3c80
2531,1660,0,0x1496f9c0
2532,1208,0,0x14a0b700
2533,607,0,0x14aa7440
2534,761,0,0x14b43180
2535,606,0,0x14bdeec0
2536,788,0,0x14c7ac00
2537,560,0,0x14d16940
2538,748,0,0x14db2680
2539,1628,0,0x14e4e3c0
2540,770,0,0x14eea100
2541,622,0,0x14f85e40
2542,763,0,0x15021b80
2543,16986,0,0x150bd8c0
2544,578,0,0x15159600
2545,576,0,0x151f5340
2546,568,0,0x15291080
2547,629,0,0x1532cdc0
2548,606,0,0x153c8b00
2549,620,0,0x15464840
2550,745,0,0x15500580
2551,120260,0,0x1559c2c0
2552,585,0,0x15638000
2553,652,0,0x156d3d40
2554,618,0,0x1576fa80
2555,601,0,0x1580b7c0
2556,1038,0,0x158a7500
2557,626,0,0x15943240
2558,601,0,0x159def80
2559,778,0,0x15a7acc0
2560,1915,0,0x15b16a00
2561,779,0,0x15bb2740
2562,567,0,0x15c4e480
2563,853,0,0x15cea1c0
2564,556,0,0x15d85f00
2565,593,0,0x15e21c40
2566,2138,0,0x15ebd980
2567,724,0,0x15f596c0
2568,767,0,0x15ff5400
2569,17491,0,0x16091140
2570,987,0,0x1612ce80
2571,1031,0,0x161c8bc0
2572,582,0,0x16264900
2573,559,0,0x16300640
2574,540,0,0x1639c380
2575,615,0,0x164380c0
2576,591,0,0x164d3e00
2577,743,0,0x1656fb40
2578,593,0,0x1660b880
2579,595,0,0x166a75c0
2580,580,0,0x16743300
2581,583,0,0x167df040
2582,654,0,0x1687ad80
2583,609,0,0x16916ac0
2584,758,0,0x169b2800
2585,113793,0,0x16a4e540
2586,610,0,0x16aea280
2587,578,0,0x16b85fc0
2588,571,0,0x16c21d00
2589,523,0,0x16cbda40
2590,541,0,0x16d59780
2591,629,0,0x16df54c0
2592,635,0,0x16e91200
2593,751,0,0x16f2cf40
2594,3869,0,0x16fc8c80
2595,549,0,0x170649c0
2596,817,0,0x17100700
2597,32045,0,0x1719c440
2598,827,0,0x17238180
2599,117858,0,0x172d3ec0
2600,3146,0,0x1736fc00
2601,783,0,0x1740b940
2602,847,0,0x174a7680
2603,1966,0,0x175433c0
2604,834,0,0x175df100
2605,724,0,0x1767ae40
2606,521,0,0x17716b80
2607,991,0,0x177b28c0
2608,728,0,0x1784e600
2609,785,0,0x178ea340
2610,967,0,0x17986080
2611,851,0,0x17a21dc0
2612,23127,0,0x17abdb00
2613,778,0,0x17b59840
2614,548,0,0x17bf5580
2615,601,0,0x17c912c0
2616,603,0,0x17d2d000
2617,1224,0,0x17dc8d40
2618,571,0,0x17e64a80
2619,612,0,0x17f007c0
2620,747,0,0x17f9c500
2621,598,0,0x18038240
2622,567,0,0x180d3f80
2623,934,0,0x1816fcc0
2624,845,0,0x1820ba00
2625,572,0,0x182a7740
2626,560,0,0x18343480
2627,536,0,0x183df1c0
2628,591,0,0x1847af00
2629,623,0,0x18516c40
2630,746,0,0x185b2980
2631,597,0,0x1864e6c0
2632,592,0,0x186ea400
2633,579,0,0x18786140
2634,798,0,0x18821e80
2635,98347,0,0x188bdbc0
2636,766,0,0x18959900
2637,943,0,0x189f5640
2638,1493,0,0x18a91380
2639,101272,0,0x18bc8e00
2640,778,0,0x18c64b40
2641,1741,0,0x18d00880
2642,798,0,0x18d9c5c0
2643,778,0,0x18e38300
2644,582,0,0x18ed4040
2645,1834,0,0x18f6fd80
2646,724,0,0x1900bac0
2647,743,0,0x190a7800
2648,546,0,0x19143540
2649,738,0,0x191df280
2650,568,0,0x1927afc0
2651,754,0,0x19316d00
2652,40012,0,0x193b2a40
2653,1231,0,0x1944e780
2654,102409,0,0x194ea4c0
2655,857,0,0x19586200
2656,588,0,0x19621f40
2657,659,0,0x196bdc80
2658,3240,0,0x197599c0
2659,776,0,0x197f5700
2660,1010,0,0x19891440
2661,579,0,0x1992d180
2662,652,0,0x199c8ec0
2663,1734,0,0x19a64c00
2664,1088,0,0x19b00940
2665,548,0,0x19b9c680
2666,563,0,0x19c383c0
2667,723,0,0x19cd4100
2668,600,0,0x19d6fe40
2669,1191,0,0x19e0bb80
2670,857,0,0x19ea78c0
2671,31279,0,0x19f43600
2672,607,0,0x19fdf340
2673,777,0,0x1a07b080
2674,549,0,0x1a116dc0
2675,620,0,0x1a1b2b00
2676,565,0,0x1a24e840
2677,595,0,0x1a2ea580
2678,800,0,0x1a3862c0
2679,104623,0,0x1a422000
2680,575,0,0x1a4bdd40
2681,647,0,0x1a559a80
2682,626,0,0x1a5f57c0
2683,766,0,0x1a691500
2684,581,0,0x1a72d240
2685,489,0,0x1a7c8f80
2686,762,0,0x1a864cc0
2687,425,0,0x1a900a00
2688,102300,0,0x1aa38480
2689,578,0,0x1aad41c0
2690,796,0,0x1ab6ff00
2691,788,0,0x1ac0bc40
2692,354,0,0x1aca7980
2693,2250,0,0x1ad436c0
2694,257,0,0x1addf400
2695,99504,0,0x1af16e80
2696,618,0,0x1afb2bc0
2697,1503,0,0x1b04e900
2698,100324,0,0x1b186380
2699,578,0,0x1b2220c0
2700,774,0,0x1b2bde00
2701,563,0,0x1b359b40
2702,550,0,0x1b3f5880
2703,599,0,0x1b4915c0
2704,765,0,0x1b52d300
2705,586,0,0x1b5c9040
2706,1018,0,0x1b664d80
2707,586,0,0x1b700ac0
2708,645,0,0x1b79c800
2709,627,0,0x1b838540
2710,622,0,0x1b8d4280
2711,582,0,0x1b96ffc0
2712,810,0,0x1ba0bd00
2713,572,0,0x1baa7a40
2714,600,0,0x1bb43780
2715,590,0,0x1bbdf4c0
2716,542,0,0x1bc7b200
2717,617,0,0x1bd16f40
2718,598,0,0x1bdb2c80
2719,797,0,0x1be4e9c0
2720,13254,0,0x1beea700
2721,590,0,0x1bf86440
2722,624,0,0x1c022180
2723,786,0,0x1c0bdec0
2724,121478,0,0x1c159c00
2725,764,0,0x1c1f5940
2726,1574,0,0x1c291680
2727,99560,0,0x1c3c9100
2728,761,0,0x1c464e40
2729,1247,0,0x1c500b80
2730,829,0,0x1c59c8c0
2731,756,0,0x1c638600
2732,800,0,0x1c6d4340
2733,584,0,0x1c770080
2734,577,0,0x1c80bdc0
2735,611,0,0x1c8a7b00
2736,619,0,0x1c943840
2737,615,0,0x1c9df580
2738,739,0,0x1ca7b2c0
2739,596,0,0x1cb17000
2740,1041,0,0x1cbb2d40
2741,562,0,0x1cc4ea80
2742,627,0,0x1ccea7c0
2743,575,0,0x1cd86500
2744,575,0,0x1ce22240
2745,786,0,0x1cebdf80
2746,15273,0,0x1cf59cc0
2747,792,0,0x1cff5a00
2748,570,0,0x1d091740
2749,603,0,0x1d12d480
2750,739,0,0x1d1c91c0
2751,597,0,0x1d264f00
2752,611,0,0x1d300c40
2753,961,0,0x1d39c980
2754,625,0,0x1d4386c0
2755,620,0,0x1d4d4400
2756,769,0,0x1d570140
2757,114485,0,0x1d60be80
2758,1043,0,0x1d6a7bc0
2759,784,0,0x1d743900
2760,773,0,0x1d7df640
2761,732,0,0x1d87b380
2762,7828,0,0x1d9170c0
2763,610,0,0x1d9b2e00
2764,760,0,0x1da4eb40
2765,2800,0,0x1daea880
2766,971,0,0x1db865c0
2767,612,0,0x1dc22300
2768,603,0,0x1dcbe040
2769,615,0,0x1dd59d80
2770,745,0,0x1ddf5ac0
2771,591,0,0x1de91800
2772,1020,0,0x1df2d540
2773,1049,0,0x1dfc9280
2774,18478,0,0x1e064fc0
2775,800,0,0x1e100d00
2776,116356,0,0x1e19ca40
2777,733,0,0x1e238780
2778,508,0,0x1e2d44c0
2779,767,0,0x1e370200
2780,580,0,0x1e40bf40
2781,768,0,0x1e4a7c80
2782,4507,0,0x1e5439c0
2783,744,0,0x1e5df700
2784,634,0,0x1e67b440
2785,787,0,0x1e717180
2786,8430,0,0x1e7b2ec0
2787,631,0,0x1e84ec00
2788,602,0,0x1e8ea940
2789,534,0,0x1e986680
2790,768,0,0x1ea223c0
2791,790,0,0x1eabe100
2792,588,0,0x1eb59e40
2793,614,0,0x1ebf5b80
2794,850,0,0x1ec918c0
2795,11498,0,0x1ed2d600
2796,785,0,0x1edc9340
2797,526,0,0x1ee65080
2798,640,0,0x1ef00dc0
2799,613,0,0x1ef9cb00
2800,625,0,0x1f038840
2801,748,0,0x1f0d4580
2802,604,0,0x1f1702c0
2803,786,0,0x1f20c000
2804,551,0,0x1f2a7d40
2805,538,0,0x1f343a80
2806,599,0,0x1f3df7c0
2807,567,0,0x1f47b500
2808,585,0,0x1f517240
2809,626,0,0x1f5b2f80
2810,623,0,0x1f64ecc0
2811,857,0,0x1f6eaa00
2812,106032,0,0x1f786740
2813,756,0,0x1f822480
2814,575,0,0x1f8be1c0
2815,850,0,0x1f959f00
2816,911,0,0x1f9f5c40
2817,525,0,0x1fa91980
2818,783,0,0x1fb2d6c0
2819,786,0,0x1fbc9400
2820,563,0,0x1fc65140
2821,253,0,0x1fd00e80
2822,100618,0,0x1fe38900
2823,612,0,0x1fed4640
2824,749,0,0x1ff70380
2825,365,0,0x2000c0c0
2826,587,0,0x200a7e00
2827,280,0,0x20143b40
2828,99863,0,0x2027b5c0
2829,99929,0,0x203b3040
2830,1038,0,0x2044ed80
2831,594,0,0x204eaac0
2832,745,0,0x20586800
2833,2168,0,0x20622540
2834,762,0,0x206be280
2835,6053,0,0x20759fc0
2836,818,0,0x207f5d00
2837,21969,0,0x20891a40
2838,640,0,0x2092d780
2839,629,0,0x209c94c0
2840,741,0,0x20a65200
2841,547,0,0x20b00f40
2842,603,0,0x20b9cc80
2843,551,0,0x20c389c0
2844,574,0,0x20cd4700
2845,536,0,0x20d70440
2846,597,0,0x20e0c180
2847,613,0,0x20ea7ec0
2848,752,0,0x20f43c00
2849,604,0,0x20fdf940
2850,516,0,0x2107b680
2851,755,0,0x211173c0
2852,604,0,0x211b3100
2853,813,0,0x2124ee40
2854,106146,0,0x212eab80
2855,785,0,0x213868c0
2856,2724,0,0x21422600
2857,763,0,0x214be340
2858,4791,0,0x2155a080
2859,782,0,0x215f5dc0
2860,609,0,0x21691b00
2861,592,0,0x2172d840
2862,893,0,0x217c9580
2863,559,0,0x218652c0
2864,745,0,0x21901000
2865,833,0,0x2199cd40
2866,618,0,0x21a38a80
2867,744,0,0x21ad47c0
2868,599,0,0x21b70500
2869,587,0,0x21c0c240
2870,836,0,0x21ca7f80
2871,594,0,0x21d43cc0
2872,583,0,0x21ddfa00
2873,574,0,0x21e7b740
2874,567,0,0x21f17480
2875,1250,0,0x21fb31c0
2876,23725,0,0x2204ef00
2877,844,0,0x220eac40
2878,1005,0,0x22186980
2879,646,0,0x222226c0
2880,590,0,0x222be400
2881,622,0,0x2235a140
2882,768,0,0x223f5e80
2883,561,0,0x22491bc0
2884,619,0,0x2252d900
2885,608,0,0x225c9640
2886,592,0,0x22665380
2887,658,0,0x227010c0
2888,615,0,0x2279ce00
2889,598,0,0x22838b40
2890,1234,0,0x228d4880
2891,610,0,0x229705c0
2892,789,0,0x22a0c300
2893,745,0,0x22aa8040
2894,613,0,0x22b43d80
2895,760,0,0x22bdfac0
2896,87895,0,0x22c7b800
2897,642,0,0x22d17540
2898,591,0,0x22db3280
2899,579,0,0x22e4efc0
2900,706,0,0x22eead00
2901,340,0,0x22f86a40
2902,1270,0,0x23022780
2903,8203,0,0x2315a200
2904,790,0,0x231f5f40
2905,566,0,0x23291c80
2906,793,0,0x2332d9c0
2907,89289,0,0x233c9700
2908,652,0,0x23465440
2909,736,0,0x23501180
2910,842,0,0x2359cec0
2911,552,0,0x23638c00
2912,739,0,0x236d4940
2913,14605,0,0x23770680
2914,618,0,0x2380c3c0
2915,608,0,0x238a8100
2916,1217,0,0x23943e40
2917,1094,0,0x239dfb80
2918,42979,0,0x23a7b8c0
2919,614,0,0x23b17600
2920,599,0,0x23bb3340
2921,744,0,0x23c4f080
2922,597,0,0x23ceadc0
2923,808,0,0x23d86b00
2924,1009,0,0x23e22840
2925,575,0,0x23ebe580
2926,591,0,0x23f5a2c0
2927,721,0,0x23ff6000
2928,598,0,0x24091d40
2929,582,0,0x2412da80
2930,566,0,0x241c97c0
2931,551,0,0x24265500
2932,1251,0,0x24301240
2933,75308,0,0x2439cf80
2934,756,0,0x24438cc0
2935,614,0,0x244d4a00
2936,576,0,0x24570740
2937,557,0,0x2460c480
2938,796,0,0x246a81c0
2939,902,0,0x24743f00
2940,413,0,0x247dfc40
2941,778,0,0x2487b980
2942,1759,0,0x249176c0
2943,17750,0,0x24a4f140
2944,751,0,0x24aeae80
2945,75238,0,0x24b86bc0
2946,4022,0,0x24c22900
2947,655,0,0x24cbe640
2948,454,0,0x24d5a380
2949,22221,0,0x24e91e00
2950,830,0,0x24f2db40
2951,579,0,0x24fc9880
2952,733,0,0x250655c0
2953,594,0,0x25101300
2954,596,0,0x2519d040
2955,604,0,0x25238d80
2956,800,0,0x252d4ac0
2957,64939,0,0x25370800
2958,994,0,0x2540c540
2959,1038,0,0x254a8280
2960,575,0,0x25543fc0
2961,600,0,0x255dfd00
2962,581,0,0x2567ba40
2963,661,0,0x25717780
2964,847,0,0x257b34c0
2965,3078,0,0x2584f200
2966,797,0,0x258eaf40
2967,731,0,0x25986c80
2968,1197,0,0x25a229c0
2969,731,0,0x25abe700
2970,521,0,0x25b5a440
2971,588,0,0x25bf6180
2972,747,0,0x25c91ec0
2973,527,0,0x25d2dc00
2974,614,0,0x25dc9940
2975,766,0,0x25e65680
2976,716,0,0x25f013c0
2977,69902,0,0x25f9d100
2978,885,0,0x26038e40
2979,572,0,0x260d4b80
2980,560,0,0x261708c0
2981,594,0,0x2620c600
2982,655,0,0x262a8340
2983,1199,0,0x26344080
2984,66693,0,0x263dfdc0
2985,543,0,0x2647bb00
2986,772,0,0x26517840
2987,611,0,0x265b3580
2988,793,0,0x2664f2c0
2989,2135,0,0x266eb000
2990,603,0,0x26786d40
2991,755,0,0x26822a80
2992,5874,0,0x268be7c0
2993,558,0,0x2695a500
2994,758,0,0x269f6240
2995,842,0,0x26a91f80
2996,73483,0,0x26b2dcc0
2997,582,0,0x26bc9a00
2998,585,0,0x26c65740
2999,589,0,0x26d01480
3000,624,0,0x26d9d1c0
3001,786,0,0x26e38f00
3002,549,0,0x26ed4c40
3003,591,0,0x26f70980
3004,1067,0,0x2700c6c0
3005,576,0,0x270a8400
3006,794,0,0x27144140
3007,60137,0,0x271dfe80
3008,764,0,0x2727bbc0
3009,3240,0,0x27317900
3010,602,0,0x273b3640
3011,793,0,0x2744f380
3012,575,0,0x274eb0c0
3013,570,0,0x27586e00
3014,519,0,0x27622b40
3015,657,0,0x276be880
3016,877,0,0x2775a5c0
3017,2096,0,0x277f6300
3018,566,0,0x27892040
3019,862,0,0x2792dd80
3020,551,0,0x279c9ac0
3021,77033,0,0x27a65800
3022,818,0,0x27b01540
3023,59985,0,0x27b9d280
3024,599,0,0x27c38fc0
3025,758,0,0x27cd4d00
3026,7903,0,0x27d70a40
3027,1186,0,0x27e0c780
3028,612,0,0x27ea84c0
3029,603,0,0x27f44200
3030,588,0,0x27fdff40
3031,597,0,0x2807bc80
3032,672,0,0x281179c0
3033,1828,0,0x281b3700
3034,729,0,0x2824f440
3035,24554,0,0x28386ec0
3036,633,0,0x28422c00
3037,587,0,0x284be940
3038,800,0,0x2855a680
3039,56508,0,0x285f63c0
3040,601,0,0x28692100
3041,557,0,0x2872de40
3042,816,0,0x287c9b80
3043,597,0,0x288658c0
3044,575,0,0x28901600
3045,575,0,0x2899d340
3046,626,0,0x28a39080
3047,562,0,0x28ad4dc0
3048,996,0,0x28b70b00
3049,1054,0,0x28c0c840
3050,665,0,0x28ca8580
3051,799,0,0x28d442c0
3052,9393,0,0x28de0000
3053,706,0,0x28e7bd40
3054,1018,0,0x28f17a80
3055,22288,0,0x2904f500
3056,774,0,0x290eb240
3057,582,0,0x29186f80
3058,582,0,0x29222cc0
3059,560,0,0x292bea00
3060,527,0,0x2935a740
3061,585,0,0x293f6480
3062,528,0,0x294921c0
3063,1005,0,0x2952df00
3064,625,0,0x295c9c40
3065,766,0,0x29665980
3066,587,0,0x297016c0
3067,835,0,0x2979d400
3068,560,0,0x29839140
3069,53345,0,0x298d4e80
3070,545,0,0x29970bc0
3071,792,0,0x29a0c900
3072,12531,0,0x29aa8640
3073,733,0,0x29b44380
3074,520,0,0x29be00c0
3075,2593,0,0x29c7be00
3076,1798,0,0x29d17b40
3077,780,0,0x29db3880
3078,589,0,0x29e4f5c0
3079,649,0,0x29eeb300
3080,612,0,0x29f87040
3081,760,0,0x2a022d80
3082,77448,0,0x2a0beac0
3083,774,0,0x2a15a800
3084,747,0,0x2a1f6540
3085,599,0,0x2a292280
3086,550,0,0x2a32dfc0
3087,762,0,0x2a3c9d00
3088,519,0,0x2a465a40
3089,798,0,0x2a501780
3090,767,0,0x2a59d4c0
3091,46571,0,0x2a639200
3092,762,0,0x2a6d4f40
3093,586,0,0x2a770c80
3094,553,0,0x2a80c9c0
3095,788,0,0x2a8a8700
3096,553,0,0x2a944440
3097,540,0,0x2a9e0180
3098,575,0,0x2aa7bec0
3099,574,0,0x2ab17c00
3100,828,0,0x2abb3940
3101,10254,0,0x2ac4f680
3102,762,0,0x2aceb3c0
3103,837,0,0x2ad87100
3104,3463,0,0x2ae22e40
3105,622,0,0x2aebeb80
3106,750,0,0x2af5a8c0
3107,572,0,0x2aff6600
3108,623,0,0x2b092340
3109,755,0,0x2b12e080
3110,81730,0,0x2b1c9dc0
3111,592,0,0x2b265b00
3112,586,0,0x2b301840
3113,541,0,0x2b39d580
3114,866,0,0x2b4392c0
3115,561,0,0x2b4d5000
3116,561,0,0x2b570d40
3117,594,0,0x2b60ca80
3118,586,0,0x2b6a87c0
3119,580,0,0x2b744500
3120,598,0,0x2b7e0240
3121,739,0,0x2b87bf80
3122,612,0,0x2b917cc0
3123,759,0,0x2b9b3a00
3124,42528,0,0x2ba4f740
3125,570,0,0x2baeb480
3126,626,0,0x2bb871c0
3127,727,0,0x2bc22f00
3128,9598,0,0x2bcbec40
3129,757,0,0x2bd5a980
3130,770,0,0x2bdf66c0
3131,554,0,0x2be92400
3132,534,0,0x2bf2e140
3133,590,0,0x2bfc9e80
3134,613,0,0x2c065bc0
3135,754,0,0x2c101900
3136,737,0,0x2c19d640
3137,2003,0,0x2c239380
3138,805,0,0x2c2d50c0
3139,617,0,0x2c370e00
3140,760,0,0x2c40cb40
3141,91394,0,0x2c4a8880
3142,767,0,0x2c5445c0
3143,563,0,0x2c5e0300
3144,582,0,0x2c67c040
3145,822,0,0x2c717d80
3146,566,0,0x2c7b3ac0
3147,544,0,0x2c84f800
3148,535,0,0x2c8eb540
3149,589,0,0x2c987280
3150,587,0,0x2ca22fc0
3151,588,0,0x2cabed00
3152,637,0,0x2cb5aa40
3153,792,0,0x2cbf6780
3154,553,0,0x2cc924c0
3155,579,0,0x2cd2e200
3156,621,0,0x2cdc9f40
3157,588,0,0x2ce65c80
3158,566,0,0x2cf019c0
3159,870,0,0x2cf9d700
3160,25756,0,0x2d039440
3161,1127,0,0x2d0d5180
3162,17920,0,0x2d170ec0
3163,754,0,0x2d20cc00
3164,774,0,0x2d2a8940
3165,109568,0,0x2d344680
3166,794,0,0x2d3e03c0
3167,546,0,0x2d47c100
3168,785,0,0x2d517e40
3169,578,0,0x2d5b3b80
3170,653,0,0x2d64f8c0
3171,609,0,0x2d6eb600
3172,606,0,0x2d787340
3173,801,0,0x2d823080
3174,19392,0,0x2d8bedc0
3175,826,0,0x2d95ab00
3176,566,0,0x2d9f6840
3177,539,0,0x2da92580
3178,1057,0,0x2db2e2c0
3179,545,0,0x2dbca000
3180,549,0,0x2dc65d40
3181,626,0,0x2dd01a80
3182,549,0,0x2dd9d7c0
3183,541,0,0x2de39500
3184,589,0,0x2ded5240
3185,656,0,0x2df70f80
3186,1210,0,0x2e00ccc0
3187,635,0,0x2e0a8a00
3188,561,0,0x2e144740
3189,507,0,0x2e1e0480
3190,745,0,0x2e27c1c0
3191,4302,0,0x2e317f00
3192,1890,0,0x2e3b3c40
3193,1112,0,0x2e44f980
3194,517,0,0x2e4eb6c0
3195,861,0,0x2e587400
3196,553,0,0x2e623140
3197,867,0,0x2e6bee80
3198,109598,0,0x2e75abc0
3199,790,0,0x2e7f6900
3200,33885,0,0x2e892640
3201,828,0,0x2e92e380
3202,569,0,0x2e9ca0c0
3203,610,0,0x2ea65e00
3204,6450,0,0x2eb01b40
3205,926,0,0x2eb9d880
3206,109498,0,0x2ec395c0
3207,600,0,0x2ecd5300
3208,622,0,0x2ed71040
3209,1024,0,0x2ee0cd80
3210,573,0,0x2eea8ac0
3211,580,0,0x2ef44800
3212,876,0,0x2efe0540
3213,30574,0,0x2f07c280
3214,966,0,0x2f117fc0
3215,609,0,0x2f1b3d00
3216,615,0,0x2f24fa40
3217,594,0,0x2f2eb780
3218,1740,0,0x2f3874c0
3219,372,0,0x2f423200
3220,1040,0,0x2f4bef40
3221,2537,0,0x2f55ac80
3222,592,0,0x2f5f69c0
3223,518,0,0x2f692700
3224,784,0,0x2f72e440
3225,112591,0,0x2f7ca180
3226,777,0,0x2f865ec0
3227,1063,0,0x2f901c00
3228,1004,0,0x2f99d940
3229,576,0,0x2fa39680
3230,597,0,0x2fad53c0
3231,588,0,0x2fb71100
3232,636,0,0x2fc0ce40
3233,620,0,0x2fca8b80
3234,600,0,0x2fd448c0
3235,749,0,0x2fde0600
3236,29183,0,0x2fe7c340
3237,837,0,0x2ff18080
3238,516,0,0x2ffb3dc0
3239,609,0,0x3004fb00
3240,779,0,0x300eb840
3241,770,0,0x30187580
3242,963,0,0x302232c0
3243,639,0,0x302bf000
3244,758,0,0x3035ad40
3245,120614,0,0x303f6a80
3246,777,0,0x304927c0
3247,575,0,0x3052e500
3248,555,0,0x305ca240
3249,602,0,0x30665f80
3250,767,0,0x30701cc0
3251,23493,0,0x3079da00
3252,618,0,0x30839740
3253,774,0,0x308d5480
3254,1903,0,0x309711c0
3255,1019,0,0x30a0cf00
3256,579,0,0x30aa8c40
3257,615,0,0x30b44980
3258,591,0,0x30be06c0
3259,2327,0,0x30c7c400
3260,985,0,0x30d18140
3261,994,0,0x30db3e80
3262,1004,0,0x30e4fbc0
3263,526,0,0x30eeb900
3264,626,0,0x30f87640
3265,596,0,0x31023380
3266,860,0,0x310bf0c0
3267,784,0,0x3115ae00
3268,116465,0,0x311f6b40
3269,970,0,0x31292880
3270,550,0,0x3132e5c0
3271,991,0,0x313ca300
3272,871,0,0x31466040
3273,18587,0,0x31501d80
3274,771,0,0x3159dac0
3275,625,0,0x31639800
3276,520,0,0x316d5540
3277,756,0,0x31771280
3278,587,0,0x3180cfc0
3279,913,0,0x318a8d00
3280,603,0,0x31944a40
3281,2487,0,0x319e0780
3282,72777,0,0x31b18200
3283,745,0,0x31bb3f40
3284,616,0,0x31c4fc80
3285,504,0,0x31ceb9c0
3286,778,0,0x31d87700
3287,552,0,0x31e23440
3288,837,0,0x31ebf180
3289,23353,0,0x31f5aec0
3290,593,0,0x31ff6c00
3291,640,0,0x32092940
3292,606,0,0x3212e680
3293,771,0,0x321ca3c0
3294,1661,0,0x32266100
3295,567,0,0x32301e40
3296,628,0,0x3239db80
3297,592,0,0x324398c0
3298,749,0,0x324d5600
3299,516,0,0x32571340
3300,871,0,0x3260d080
3301,552,0,0x326a8dc0
3302,789,0,0x32744b00
3303,569,0,0x327e0840
3304,786,0,0x3287c580
3305,588,0,0x329182c0
3306,911,0,0x329b4000
3307,965,0,0x32a4fd40
3308,579,0,0x32aeba80
3309,870,0,0x32b877c0
3310,113158,0,0x32c23500
3311,990,0,0x32cbf240
3312,995,0,0x32d5af80
3313,985,0,0x32df6cc0
3314,1043,0,0x32e92a00
3315,1033,0,0x32f2e740
3316,1030,0,0x32fca480
3317,1032,0,0x330661c0
3318,1013,0,0x33101f00
3319,1007,0,0x3319dc40
3320,1033,0,0x33239980
3321,967,0,0x332d56c0
3322,1030,0,0x33371400
3323,985,0,0x3340d140
3324,1038,0,0x334a8e80
3325,1036,0,0x33544bc0
3326,1073,0,0x335e0900
3327,1183,0,0x3367c640
3328,1037,0,0x33718380
3329,1004,0,0x337b40c0
3330,2146,0,0x3384fe00
3331,1025,0,0x338ebb40
3332,99632,0,0x33a235c0
3333,881,0,0x33abf300
3334,1657,0,0x33b5b040
3335,770,0,0x33bf6d80
3336,593,0,0x33c92ac0
3337,607,0,0x33d2e800
3338,761,0,0x33dca540
3339,8017,0,0x33e66280
3340,770,0,0x33f01fc0
3341,813,0,0x33f9dd00
3342,865,0,0x34039a40
3343,588,0,0x340d5780
3344,735,0,0x341714c0
3345,567,0,0x3420d200
3346,557,0,0x342a8f40
3347,601,0,0x34344c80
3348,767,0,0x343e09c0
3349,544,0,0x3447c700
3350,1163,0,0x34518440
3351,1019,0,0x345b4180
3352,962,0,0x3464fec0
3353,1042,0,0x346ebc00
3354,540,0,0x34787940
3355,839,0,0x34823680
3356,549,0,0x348bf3c0
3357,591,0,0x3495b100
3358,715,0,0x349f6e40
3359,568,0,0x34a92b80
3360,602,0,0x34b2e8c0
3361,729,0,0x34bca600
3362,520,0,0x34c66340
3363,592,0,0x34d02080
3364,743,0,0x34d9ddc0
3365,848,0,0x34e39b00
3366,552,0,0x34ed5840
3367,563,0,0x34f71580
3368,991,0,0x3500d2c0
3369,707,0,0x350a9000
3370,547,0,0x35144d40
3371,767,0,0x351e0a80
3372,110342,0,0x3527c7c0
3373,519,0,0x35318500
3374,1668,0,0x353b4240
3375,1198,0,0x3544ff80
3376,653,0,0x354ebcc0
3377,847,0,0x35587a00
3378,212,0,0x35623740
3379,1099,0,0x356bf480
3380,94010,0,0x357f6f00
3381,8705,0,0x35892c40
3382,1750,0,0x3592e980
3383,825,0,0x359ca6c0
3384,640,0,0x35a66400
3385,785,0,0x35b02140
3386,989,0,0x35b9de80
3387,26133,0,0x35c39bc0
3388,1035,0,0x35cd5900
3389,1218,0,0x35d71640
3390,971,0,0x35e0d380
3391,1008,0,0x35ea90c0
3392,1207,0,0x35f44e00
3393,1006,0,0x35fe0b40
3394,1047,0,0x3607c880
3395,1280,0,0x361185c0
3396,1501,0,0x361b4300
3397,964,0,0x36250040
3398,1475,0,0x362ebd80
3399,1403,0,0x36387ac0
3400,556,0,0x36423800
3401,815,0,0x364bf540
3402,521,0,0x3655b280
3403,865,0,0x365f6fc0
3404,90093,0,0x36692d00
3405,798,0,0x3672ea40
3406,490,0,0x367ca780
3407,774,0,0x368664c0
3408,795,0,0x36902200
3409,6475,0,0x3699df40
3410,792,0,0x36a39c80
3411,516,0,0x36ad59c0
3412,627,0,0x36b71700
3413,743,0,0x36c0d440
3414,1048,0,0x36ca9180
3415,580,0,0x36d44ec0
3416,582,0,0x36de0c00
3417,898,0,0x36e7c940
3418,49149,0,0x36f18680
3419,563,0,0x36fb43c0
3420,528,0,0x37050100
3421,613,0,0x370ebe40
3422,610,0,0x37187b80
3423,740,0,0x372238c0
3424,525,0,0x372bf600
3425,603,0,0x3735b340
3426,598,0,0x373f7080
3427,730,0,0x37492dc0
3428,592,0,0x3752eb00
3429,558,0,0x375ca840
3430,739,0,0x37666580
3431,82138,0,0x377022c0
3432,998,0,0x3779e000
3433,592,0,0x37839d40
3434,592,0,0x378d5a80
3435,1216,0,0x379717c0
3436,8040,0,0x37a0d500
3437,924,0,0x37aa9240
3438,504,0,0x37b44f80
3439,1192,0,0x37be0cc0
3440,85501,0,0x37d18740
3441,748,0,0x37db4480
3442,600,0,0x37e501c0
3443,1204,0,0x37eebf00
3444,596,0,0x37f87c40
3445,8948,0,0x38023980
3446,623,0,0x380bf6c0
3447,765,0,0x3815b400
3448,1231,0,0x381f7140
3449,991,0,0x38292e80
3450,539,0,0x3832ebc0
3451,796,0,0x383ca900
3452,598,0,0x38466640
3453,586,0,0x38502380
3454,608,0,0x3859e0c0
3455,582,0,0x38639e00
3456,738,0,0x386d5b40
3457,815,0,0x38771880
3458,863,0,0x3880d5c0
3459,19526,0,0x388a9300
3460,774,0,0x38945040
3461,548,0,0x389e0d80
3462,589,0,0x38a7cac0
3463,713,0,0x38b18800
3464,571,0,0x38bb4540
3465,760,0,0x38c50280
3466,109482,0,0x38cebfc0
3467,608,0,0x38d87d00
3468,755,0,0x38e23a40
3469,588,0,0x38ebf780
3470,556,0,0x38f5b4c0
3471,875,0,0x38ff7200
3472,544,0,0x39092f40
3473,614,0,0x3912ec80
3474,519,0,0x391ca9c0
3475,612,0,0x39266700
3476,777,0,0x39302440
3477,404,0,0x3939e180
3478,1004,0,0x39439ec0
3479,982,0,0x394d5c00
3480,543,0,0x39571940
3481,577,0,0x3960d680
3482,820,0,0x396a93c0
3483,9072,0,0x39745100
3484,619,0,0x397e0e40
3485,604,0,0x3987cb80
3486,581,0,0x399188c0
3487,542,0,0x399b4600
3488,1228,0,0x39a50340
3489,580,0,0x39aec080
3490,660,0,0x39b87dc0
3491,785,0,0x39c23b00
3492,543,0,0x39cbf840
3493,732,0,0x39d5b580
3494,620,0,0x39df72c0
3495,618,0,0x39e93000
3496,987,0,0x39f2ed40
3497,1038,0,0x39fcaa80
3498,548,0,0x3a0667c0
3499,641,0,0x3a102500
3500,1034,0,0x3a19e240
3501,1003,0,0x3a239f80
3502,599,0,0x3a2d5cc0
3503,796,0,0x3a371a00
3504,985,0,0x3a40d740
3505,505,0,0x3a4a9480
3506,1527,0,0x3a5451c0
3507,58621,0,0x3a67cc40
3508,563,0,0x3a718980
3509,585,0,0x3a7b46c0
3510,624,0,0x3a850400
3511,488,0,0x3a8ec140
3512,767,0,0x3a987e80
3513,4092,0,0x3aa23bc0
3514,1211,0,0x3aabf900
3515,593,0,0x3ab5b640
3516,657,0,0x3abf7380
3517,1191,0,0x3ac930c0
3518,1031,0,0x3ad2ee00
3519,27045,0,0x3adcab40
3520,1862,0,0x3ae66880
3521,793,0,0x3af025c0
3522,531,0,0x3af9e300
3523,555,0,0x3b03a040
3524,567,0,0x3b0d5d80
3525,610,0,0x3b171ac0
3526,757,0,0x3b20d800
3527,754,0,0x3b2a9540
3528,627,0,0x3b345280
3529,983,0,0x3b3e0fc0
3530,108309,0,0x3b47cd00
3531,581,0,0x3b518a40
3532,576,0,0x3b5b4780
3533,637,0,0x3b6504c0
3534,599,0,0x3b6ec200
3535,762,0,0x3b787f40
3536,5856,0,0x3b823c80
3537,563,0,0x3b8bf9c0
3538,580,0,0x3b95b700
3539,812,0,0x3b9f7440
3540,592,0,0x3ba93180
3541,611,0,0x3bb2eec0
3542,739,0,0x3bbcac00
3543,571,0,0x3bc66940
3544,580,0,0x3bd02680
3545,749,0,0x3bd9e3c0
3546,23571,0,0x3be3a100
3547,1266,0,0x3bed5e40
3548,1057,0,0x3bf71b80
3549,58055,0,0x3c0a9600
3550,828,0,0x3c145340
3551,1224,0,0x3c1e1080
3552,14150,0,0x3c27cdc0
3553,790,0,0x3c318b00
3554,533,0,0x3c3b4840
3555,786,0,0x3c450580
3556,22509,0,0x3c4ec2c0
3557,780,0,0x3c588000
3558,1479,0,0x3c623d40
3559,792,0,0x3c6bfa80
3560,556,0,0x3c75b7c0
3561,712,0,0x3c7f7500
3562,566,0,0x3c893240
3563,606,0,0x3c92ef80
3564,734,0,0x3c9cacc0
3565,777,0,0x3ca66a00
3566,107729,0,0x3cb02740
3567,781,0,0x3cb9e480
3568,605,0,0x3cc3a1c0
3569,606,0,0x3ccd5f00
3570,10845,0,0x3cd71c40
3571,796,0,0x3ce0d980
3572,875,0,0x3cea96c0
3573,812,0,0x3cf45400
3574,20507,0,0x3cfe1140
3575,750,0,0x3d07ce80
3576,819,0,0x3d118bc0
3577,8673,0,0x3d1b4900
3578,759,0,0x3d250640
3579,789,0,0x3d2ec380
3580,575,0,0x3d3880c0
3581,557,0,0x3d423e00
3582,561,0,0x3d4bfb40
3583,1054,0,0x3d55b880
3584,759,0,0x3d5f75c0
3585,530,0,0x3d693300
3586,856,0,0x3d72f040
3587,554,0,0x3d7cad80
3588,526,0,0x3d866ac0
3589,846,0,0x3d902800
3590,95747,0,0x3d99e540
3591,606,0,0x3da3a280
3592,573,0,0x3dad5fc0
3593,579,0,0x3db71d00
3594,581,0,0x3dc0da40
3595,626,0,0x3dca9780
3596,790,0,0x3dd454c0
3597,827,0,0x3dde1200
3598,591,0,0x3de7cf40
3599,565,0,0x3df18c80
3600,597,0,0x3dfb49c0
3601,788,0,0x3e050700
3602,6889,0,0x3e0ec440
3603,641,0,0x3e188180
3604,1209,0,0x3e223ec0
3605,23059,0,0x3e2bfc00
3606,650,0,0x3e35b940
3607,780,0,0x3e3f7680
3608,15851,0,0x3e4933c0
3609,982,0,0x3e52f100
3610,974,0,0x3e5cae40
3611,726,0,0x3e666b80
3612,590,0,0x3e7028c0
3613,556,0,0x3e79e600
3614,727,0,0x3e83a340
3615,590,0,0x3e8d6080
3616,566,0,0x3e971dc0
3617,605,0,0x3ea0db00
3618,724,0,0x3eaa9840
3619,569,0,0x3eb45580
3620,542,0,0x3ebe12c0
3621,719,0,0x3ec7d000
3622,510,0,0x3ed18d40
3623,763,0,0x3edb4a80
3624,541,0,0x3ee507c0
3625,785,0,0x3eeec500
3626,550,0,0x3ef88240
3627,555,0,0x3f023f80
3628,713,0,0x3f0bfcc0
3629,570,0,0x3f15ba00
3630,769,0,0x3f1f7740
3631,520,0,0x3f293480
3632,517,0,0x3f32f1c0
3633,841,0,0x3f3caf00
3634,528,0,0x3f466c40
3635,763,0,0x3f502980
3636,553,0,0x3f59e6c0
3637,570,0,0x3f63a400
3638,975,0,0x3f6d6140
3639,556,0,0x3f771e80
3640,741,0,0x3f80dbc0
3641,519,0,0x3f8a9900
3642,642,0,0x3f945640
3643,620,0,0x3f9e1380
3644,731,0,0x3fa7d0c0
3645,573,0,0x3fb18e00
3646,552,0,0x3fbb4b40
3647,743,0,0x3fc50880
3648,69328,0,0x3fcec5c0
3649,791,0,0x3fd88300
3650,552,0,0x3fe24040
3651,597,0,0x3febfd80
3652,572,0,0x3ff5bac0
3653,617,0,0x3fff7800
3654,999,0,0x93580
3655,578,0,0x12f2c0
3656,573,0,0x1cb000
3657,612,0,0x266d40
3658,644,0,0x302a80
3659,681,0,0x39e7c0
3660,755,0,0x43a500
3661,548,0,0x4d6240
3662,1047,0,0x571f80
3663,546,0,0x60dcc0
3664,579,0,0x6a9a00
3665,884,0,0x745740
3666,570,0,0x7e1480
3667,591,0,0x87d1c0
3668,539,0,0x918f00
3669,610,0,0x9b4c40
3670,978,0,0xa50980
3671,597,0,0xaec6c0
3672,597,0,0xb88400
3673,513,0,0xc24140
3674,748,0,0xcbfe80
3675,9411,0,0xd5bbc0
3676,797,0,0xdf7900
3677,545,0,0xe93640
3678,536,0,0xf2f380
3679,513,0,0xfcb0c0
3680,607,0,0x1066e00
3681,843,0,0x1102b40
3682,46718,0,0x119e880
3683,714,0,0x123a5c0
3684,599,0,0x12d6300
3685,835,0,0x1372040
3686,532,0,0x140dd80
3687,622,0,0x14a9ac0
3688,756,0,0x1545800
3689,74180,0,0x15e1540
3690,804,0,0x167d280
3691,580,0,0x1718fc0
3692,603,0,0x17b4d00
3693,788,0,0x1850a40
3694,10903,0,0x18ec780
3695,578,0,0x19884c0
3696,565,0,0x1a24200
3697,559,0,0x1abff40
3698,601,0,0x1b5bc80
3699,598,0,0x1bf79c0
3700,821,0,0x1c93700
3701,554,0,0x1d2f440
3702,607,0,0x1dcb180
3703,607,0,0x1e66ec0
3704,748,0,0x1f02c00
3705,5189,0,0x1f9e940
3706,808,0,0x203a680
3707,575,0,0x20d63c0
3708,791,0,0x2172100
3709,639,0,0x220de40
3710,893,0,0x22a9b80
3711,47800,0,0x23458c0
3712,790,0,0x23e1600
3713,77235,0,0x247d340
3714,783,0,0x2519080
3715,535,0,0x25b4dc0
3716,793,0,0x2650b00
3717,16800,0,0x26ec840
3718,741,0,0x2788580
3719,612,0,0x28242c0
3720,521,0,0x28c0000
3721,580,0,0x295bd40
3722,574,0,0x29f7a80
3723,627,0,0x2a937c0
3724,521,0,0x2b2f500
3725,605,0,0x2bcb240
3726,797,0,0x2c66f80
3727,2559,0,0x2d02cc0
3728,772,0,0x2d9ea00
3729,629,0,0x2e3a740
3730,614,0,0x2ed6480
3731,963,0,0x2f721c0
3732,1053,0,0x300df00
3733,43551,0,0x30a9c40
3734,756,0,0x3145980
3735,797,0,0x31e16c0
3736,567,0,0x327d400
3737,545,0,0x3319140
3738,555,0,0x33b4e80
3739,765,0,0x3450bc0
3740,73730,0,0x34ec900
3741,1003,0,0x3588640
3742,549,0,0x3624380
3743,533,0,0x36c00c0
3744,603,0,0x375be00
3745,614,0,0x37f7b40
3746,736,0,0x3893880
3747,19057,0,0x392f5c0
3748,1656,0,0x39cb300
3749,571,0,0x3a67040
3750,731,0,0x3b02d80
3751,592,0,0x3b9eac0
3752,613,0,0x3c3a800
3753,747,0,0x3cd6540
3754,1435,0,0x3d72280
3755,860,0,0x3e0dfc0
3756,863,0,0x3ea9d00
3757,565,0,0x3f45a40
3758,492,0,0x3fe1780
3759,627,0,0x407d4c0
3760,103022,0,0x4119200
3761,110337,0,0x4250c80
3762,750,0,0x42ec9c0
3763,557,0,0x4388700
3764,644,0,0x4424440
3765,609,0,0x44c0180
3766,963,0,0x455bec0
3767,1269,0,0x45f7c00
3768,545,0,0x4693940
3769,536,0,0x472f680
3770,587,0,0x47cb3c0
3771,585,0,0x4867100
3772,601,0,0x4902e40
3773,536,0,0x499eb80
3774,788,0,0x4a3a8c0
3775,542,0,0x4ad6600
3776,860,0,0x4b72340
3777,20358,0,0x4c0e080
3778,541,0,0x4ca9dc0
3779,641,0,0x4d45b00
3780,624,0,0x4de1840
3781,768,0,0x4e7d580
3782,802,0,0x4f192c0
3783,566,0,0x4fb5000
3784,849,0,0x5050d40
3785,1497,0,0x50eca80
3786,748,0,0x51887c0
3787,535,0,0x5224500
3788,1223,0,0x52c0240
3789,876,0,0x535bf80
3790,120060,0,0x53f7cc0
3791,771,0,0x5493a00
3792,602,0,0x552f740
3793,612,0,0x55cb480
3794,682,0,0x56671c0
3795,1679,0,0x5702f00
3796,1075,0,0x579ec40
3797,23583,0,0x583a980
3798,599,0,0x58d66c0
3799,635,0,0x5972400
3800,778,0,0x5a0e140
3801,1016,0,0x5aa9e80
3802,575,0,0x5b45bc0
3803,571,0,0x5be1900
3804,549,0,0x5c7d640
3805,538,0,0x5d19380
3806,517,0,0x5db50c0
3807,610,0,0x5e50e00
3808,1006,0,0x5eecb40
3809,1855,0,0x5f88880
3810,789,0,0x60245c0
3811,588,0,0x60c0300
3812,574,0,0x615c040
3813,626,0,0x61f7d80
3814,621,0,0x6293ac0
3815,764,0,0x632f800
3816,1032,0,0x63cb540
3817,544,0,0x6467280
3818,556,0,0x6502fc0
3819,544,0,0x659ed00
3820,592,0,0x663aa40
3821,597,0,0x66d6780
3822,1005,0,0x67724c0
3823,104870,0,0x680e200
3824,622,0,0x68a9f40
3825,621,0,0x6945c80
3826,856,0,0x69e19c0
3827,592,0,0x6a7d700
3828,576,0,0x6b19440
3829,576,0,0x6bb5180
3830,571,0,0x6c50ec0
3831,654,0,0x6cecc00
3832,826,0,0x6d88940
3833,743,0,0x6e24680
3834,595,0,0x6ec03c0
3835,598,0,0x6f5c100
3836,587,0,0x6ff7e40
3837,799,0,0x7093b80
3838,23564,0,0x712f8c0
3839,1024,0,0x71cb600
3840,604,0,0x7267340
3841,569,0,0x7303080
3842,565,0,0x739edc0
3843,789,0,0x743ab00
3844,11792,0,0x74d6840
3845,833,0,0x7572580
3846,989,0,0x760e2c0
3847,102502,0,0x76aa000
3848,790,0,0x7745d40
3849,732,0,0x77e1a80
3850,518,0,0x787d7c0
3851,782,0,0x7919500
3852,517,0,0x79b5240
3853,569,0,0x7a50f80
3854,626,0,0x7aeccc0
3855,755,0,0x7b88a00
3856,544,0,0x7c24740
3857,1227,0,0x7cc0480
3858,798,0,0x7d5c1c0
3859,838,0,0x7df7f00
3860,1228,0,0x7e93c40
3861,807,0,0x7f2f980
3862,617,0,0x7fcb6c0
3863,831,0,0x8067400
3864,592,0,0x8103140
3865,513,0,0x819ee80
3866,763,0,0x823abc0
3867,542,0,0x82d6900
3868,618,0,0x8372640
3869,585,0,0x840e380
3870,567,0,0x84aa0c0
3871,792,0,0x8545e00
3872,16117,0,0x85e1b40
3873,768,0,0x867d880
3874,597,0,0x87195c0
3875,643,0,0x87b5300
3876,611,0,0x8851040
3877,611,0,0x88ecd80
3878,748,0,0x8988ac0
3879,593,0,0x8a24800
3880,567,0,0x8ac0540
3881,597,0,0x8b5c280
3882,794,0,0x8bf7fc0
3883,1020,0,0x8c93d00
3884,573,0,0x8d2fa40
3885,647,0,0x8dcb780
3886,624,0,0x8e674c0
3887,1367,0,0x8f03200
3888,346,0,0x8f9ef40
3889,2002,0,0x903ac80
3890,1011,0,0x90d69c0
3891,107238,0,0x9172700
3892,783,0,0x920e440
3893,494,0,0x92aa180
3894,610,0,0x9345ec0
3895,583,0,0x93e1c00
3896,621,0,0x947d940
3897,805,0,0x9519680
3898,8425,0,0x95b53c0
3899,984,0,0x9651100
3900,600,0,0x96ece40
3901,574,0,0x9788b80
3902,778,0,0x98248c0
3903,28949,0,0x98c0600
3904,778,0,0x995c340
3905,542,0,0x99f8080
3906,2029,0,0x9a93dc0
3907,938,0,0x9b2fb00
3908,791,0,0x9bcb840
3909,109378,0,0x9c67580
3910,781,0,0x9d032c0
3911,652,0,0x9d9f000
3912,788,0,0x9e3ad40
3913,8840,0,0x9ed6a80
3914,778,0,0x9f727c0
3915,31428,0,0xa00e500
3916,827,0,0xa0aa240
3917,722,0,0xa145f80
3918,1259,0,0xa1e1cc0
3919,54927,0,0xa319740
3920,811,0,0xa3b5480
3921,11071,0,0xa4511c0
3922,741,0,0xa4ecf00
3923,608,0,0xa588c40
3924,569,0,0xa624980
3925,563,0,0xa6c06c0
3926,574,0,0xa75c400
3927,837,0,0xa7f8140
3928,844,0,0xa893e80
3929,25535,0,0xa92fbc0
3930,521,0,0xa9cb900
3931,632,0,0xaa67640
3932,2489,0,0xab03380
3933,802,0,0xab9f0c0
3934,590,0,0xac3ae00
3935,596,0,0xacd6b40
3936,641,0,0xad72880
3937,611,0,0xae0e5c0
3938,629,0,0xaeaa300
3939,1002,0,0xaf46040
3940,609,0,0xafe1d80
3941,767,0,0xb07dac0
3942,554,0,0xb119800
3943,624,0,0xb1b5540
3944,564,0,0xb251280
3945,583,0,0xb2ecfc0
3946,570,0,0xb388d00
3947,621,0,0xb424a40
3948,573,0,0xb4c0780
3949,1016,0,0xb55c4c0
3950,1264,0,0xb5f8200
3951,592,0,0xb693f40
3952,85918,0,0xb72fc80
3953,874,0,0xb7cb9c0
3954,852,0,0xb867700
3955,839,0,0xb903440
3956,14398,0,0xb99f180
3957,780,0,0xba3aec0
3958,794,0,0xbad6c00
3959,816,0,0xbb72940
3960,566,0,0xbc0e680
3961,574,0,0xbcaa3c0
3962,616,0,0xbd46100
3963,568,0,0xbde1e40
3964,756,0,0xbe7db80
3965,1013,0,0xbf198c0
3966,577,0,0xbfb5600
3967,593,0,0xc051340
3968,788,0,0xc0ed080
3969,562,0,0xc188dc0
3970,844,0,0xc224b00
3971,15098,0,0xc2c0840
3972,796,0,0xc35c580
3973,743,0,0xc3f82c0
3974,583,0,0xc494000
3975,558,0,0xc52fd40
3976,567,0,0xc5cba80
3977,794,0,0xc6677c0
3978,13704,0,0xc703500
3979,640,0,0xc79f240
3980,871,0,0xc83af80
3981,91188,0,0xc8d6cc0
3982,737,0,0xc972a00
3983,1051,0,0xca0e740
3984,499,0,0xcaaa480
3985,604,0,0xcb461c0
3986,650,0,0xcbe1f00
3987,602,0,0xcc7dc40
3988,607,0,0xcd19980
3989,730,0,0xcdb56c0
3990,588,0,0xce51400
3991,597,0,0xceed140
3992,760,0,0xcf88e80
3993,18517,0,0xd024bc0
3994,777,0,0xd0c0900
3995,534,0,0xd15c640
3996,628,0,0xd1f8380
3997,1200,0,0xd2940c0
3998,539,0,0xd32fe00
3999,574,0,0xd3cbb40
4000,617,0,0xd467880
4001,728,0,0xd5035c0
4002,591,0,0xd59f300
4003,585,0,0xd63b040
4004,837,0,0xd6d6d80
4005,9303,0,0xd772ac0
4006,814,0,0xd80e800
4007,577,0,0xd8aa540
4008,1097,0,0xd946280
4009,12368,0,0xd9e1fc0
4010,770,0,0xda7dd00
4011,599,0,0xdb19a40
4012,529,0,0xdbb5780
4013,792,0,0xdc514c0
4014,98858,0,0xdced200
4015,28541,0,0xdd88f40
4016,990,0,0xde24c80
4017,542,0,0xdec09c0
4018,611,0,0xdf5c700
4019,618,0,0xdff8440
4020,605,0,0xe094180
4021,579,0,0xe12fec0
4022,666,0,0xe1cbc00
4023,821,0,0xe267940
4024,601,0,0xe303680
4025,837,0,0xe39f3c0
4026,615,0,0xe43b100
4027,760,0,0xe4d6e40
4028,17452,0,0xe572b80
4029,555,0,0xe60e8c0
4030,619,0,0xe6aa600
4031,1661,0,0xe746340
4032,95525,0,0xe7e2080
4033,742,0,0xe87ddc0
4034,581,0,0xe919b00
4035,845,0,0xe9b5840
4036,37174,0,0xea51580
4037,752,0,0xeaed2c0
4038,60643,0,0xec24d40
4039,596,0,0xecc0a80
4040,808,0,0xed5c7c0
4041,552,0,0xedf8500
4042,564,0,0xee94240
4043,542,0,0xef2ff80
4044,522,0,0xefcbcc0
4045,617,0,0xf067a00
4046,614,0,0xf103740
4047,741,0,0xf19f480
4048,31448,0,0xf23b1c0
4049,556,0,0xf2d6f00
4050,783,0,0xf372c40
4051,19821,0,0xf40e980
4052,790,0,0xf4aa6c0
4053,102649,0,0xf546400
4054,1231,0,0xf5e2140
4055,587,0,0xf67de80
4056,831,0,0xf719bc0
4057,628,0,0xf7b5900
4058,610,0,0xf851640
4059,754,0,0xf8ed380
4060,579,0,0xf9890c0
4061,541,0,0xfa24e00
4062,822,0,0xfac0b40
4063,777,0,0xfb5c880
4064,549,0,0xfbf85c0
4065,509,0,0xfc94300
4066,720,0,0xfd30040
4067,583,0,0xfdcbd80
4068,577,0,0xfe67ac0
4069,545,0,0xff03800
4070,597,0,0xff9f540
4071,1323,0,0x1003b280
4072,730,0,0x100d6fc0
4073,597,0,0x10172d00
4074,620,0,0x1020ea40
4075,812,0,0x102aa780
4076,12303,0,0x103464c0
4077,778,0,0x103e2200
4078,798,0,0x1047df40
4079,818,0,0x10519c80
4080,828,0,0x105b59c0
4081,800,0,0x10651700
4082,576,0,0x106ed440
4083,637,0,0x10789180
4084,621,0,0x10824ec0
4085,850,0,0x108c0c00
4086,9516,0,0x1095c940
4087,1012,0,0x109f8680
4088,579,0,0x10a943c0
4089,618,0,0x10b30100
4090,863,0,0x10bcbe40
4091,121096,0,0x10c67b80
4092,809,0,0x10d038c0
4093,551,0,0x10d9f600
4094,989,0,0x10e3b340
4095,593,0,0x10ed7080
4096,803,0,0x10f72dc0
4097,7970,0,0x1100eb00
4098,649,0,0x110aa840
4099,599,0,0x11146580
4100,584,0,0x111e22c0
4101,1022,0,0x1127e000
4102,1034,0,0x11319d40
4103,566,0,0x113b5a80
4104,604,0,0x114517c0
4105,562,0,0x114ed500
4106,1392,0,0x11589240
4107,84435,0,0x116c0cc0
4108,740,0,0x1175ca00
4109,798,0,0x117f8740
4110,542,0,0x11894480
4111,557,0,0x119301c0
4112,748,0,0x119cbf00
4113,611,0,0x11a67c40
4114,572,0,0x11b03980
4115,825,0,0x11b9f6c0
4116,594,0,0x11c3b400
4117,554,0,0x11cd7140
4118,566,0,0x11d72e80
4119,806,0,0x11e0ebc0
4120,4784,0,0x11eaa900
4121,749,0,0x11f46640
4122,625,0,0x11fe2380
4123,597,0,0x1207e0c0
4124,556,0,0x12119e00
4125,552,0,0x121b5b40
4126,607,0,0x12251880
4127,581,0,0x122ed5c0
4128,830,0,0x12389300
4129,642,0,0x12425040
4130,784,0,0x124c0d80
4131,574,0,0x1255cac0
4132,605,0,0x125f8800
4133,622,0,0x12694540
4134,842,0,0x12730280
4135,1703,0,0x127cbfc0
4136,89512,0,0x12903a40
4137,270,0,0x1299f780
4138,1689,0,0x12a3b4c0
4139,730,0,0x12ad7200
4140,902,0,0x12b72f40
4141,2623,0,0x12c0ec80
4142,771,0,0x12caa9c0
4143,681,0,0x12d46700
4144,792,0,0x12de2440
4145,149118,0,0x12e7e180
4146,632,0,0x12f19ec0
4147,1511,0,0x12fb5c00
4148,103926,0,0x130ed680
4149,395,0,0x131893c0
4150,1476,0,0x13225100
4151,791,0,0x132c0e40
4152,898,0,0x1335cb80
4153,632,0,0x133f88c0
4154,94697,0,0x13530340
4155,747,0,0x135cc080
4156,511,0,0x13667dc0
4157,788,0,0x13703b00
4158,1679,0,0x1379f840
4159,1247,0,0x1383b580
4160,2862,0,0x138d72c0
4161,305,0,0x13973000
4162,500,0,0x13a0ed40
4163,1379,0,0x13aaaa80
4164,550,0,0x13b467c0
4165,515,0,0x13be2500
4166,93561,0,0x13d19f80
4167,612,0,0x13db5cc0
4168,578,0,0x13e51a00
4169,1228,0,0x13eed740
4170,988,0,0x13f89480
4171,599,0,0x140251c0
4172,563,0,0x140c0f00
4173,827,0,0x1415cc40
4174,1692,0,0x141f8980
4175,753,0,0x142946c0
4176,873,0,0x14330400
4177,830,0,0x143cc140
4178,553,0,0x14467e80
4179,619,0,0x14503bc0
4180,594,0,0x1459f900
4181,830,0,0x1463b640
4182,3026,0,0x146d7380
4183,755,0,0x147730c0
4184,587,0,0x1480ee00
4185,572,0,0x148aab40
4186,1007,0,0x14946880
4187,597,0,0x149e25c0
4188,589,0,0x14a7e300
4189,587,0,0x14b1a040
4190,573,0,0x14bb5d80
4191,599,0,0x14c51ac0
4192,598,0,0x14ced800
4193,563,0,0x14d89540
4194,597,0,0x14e25280
4195,806,0,0x14ec0fc0
4196,568,0,0x14f5cd00
4197,593,0,0x14ff8a40
4198,563,0,0x15094780
4199,858,0,0x151304c0
4200,1184,0,0x151cc200
4201,575,0,0x15267f40
4202,600,0,0x15303c80
4203,559,0,0x1539f9c0
4204,592,0,0x1543b700
4205,532,0,0x154d7440
4206,618,0,0x15573180
4207,591,0,0x1560eec0
4208,800,0,0x156aac00
4209,569,0,0x15746940
4210,551,0,0x157e2680
4211,591,0,0x1587e3c0
4212,641,0,0x1591a100
4213,862,0,0x159b5e40
4214,115297,0,0x15a51b80
4215,551,0,0x15aed8c0
4216,555,0,0x15b89600
4217,535,0,0x15c25340
4218,850,0,0x15cc1080
4219,5157,0,0x15d5cdc0
4220,847,0,0x15df8b00
4221,546,0,0x15e94840
4222,631,0,0x15f30580
4223,561,0,0x15fcc2c0
4224,581,0,0x16068000
4225,571,0,0x16103d40
4226,638,0,0x1619fa80
4227,862,0,0x1623b7c0
4228,25242,0,0x162d7500
4229,625,0,0x16373240
4230,1214,0,0x1640ef80
4231,566,0,0x164aacc0
4232,625,0,0x16546a00
4233,579,0,0x165e2740
4234,575,0,0x1667e480
4235,565,0,0x1671a1c0
4236,601,0,0x167b5f00
4237,572,0,0x16851c40
4238,1240,0,0x168ed980
4239,1001,0,0x169896c0
4240,744,0,0x16a25400
4241,104743,0,0x16ac1140
4242,818,0,0x16b5ce80
4243,778,0,0x16bf8bc0
4244,1425,0,0x16c94900
4245,600,0,0x16d30640
4246,763,0,0x16dcc380
4247,8066,0,0x16e680c0
4248,849,0,0x16f03e00
4249,37074,0,0x16f9fb40
4250,537,0,0x1703b880
4251,622,0,0x170d75c0
4252,620,0,0x17173300
4253,742,0,0x1720f040
4254,616,0,0x172aad80
4255,566,0,0x17346ac0
4256,501,0,0x173e2800
4257,1015,0,0x1747e540
4258,992,0,0x1751a280
4259,790,0,0x175b5fc0
4260,94858,0,0x17651d00
4261,607,0,0x176eda40
4262,612,0,0x17789780
4263,774,0,0x178254c0
4264,567,0,0x178c1200
4265,556,0,0x1795cf40
4266,785,0,0x179f8c80
4267,532,0,0x17a949c0
4268,617,0,0x17b30700
4269,730,0,0x17bcc440
4270,572,0,0x17c68180
4271,570,0,0x17d03ec0
4272,621,0,0x17d9fc00
4273,725,0,0x17e3b940
4274,598,0,0x17ed7680
4275,604,0,0x17f733c0
4276,1113,0,0x1800f100
4277,797,0,0x180aae40
4278,581,0,0x18146b80
4279,800,0,0x181e28c0
4280,592,0,0x1827e600
4281,593,0,0x1831a340
4282,747,0,0x183b6080
4283,598,0,0x18451dc0
4284,615,0,0x184edb00
4285,825,0,0x18589840
4286,29955,0,0x18625580
4287,789,0,0x186c12c0
4288,107041,0,0x1875d000
4289,1214,0,0x187f8d40
4290,547,0,0x18894a80
4291,666,0,0x189307c0
4292,617,0,0x189cc500
4293,766,0,0x18a68240
4294,612,0,0x18b03f80
4295,591,0,0x18b9fcc0
4296,600,0,0x18c3ba00
4297,587,0,0x18cd7740
4298,637,0,0x18d73480
4299,615,0,0x18e0f1c0
4300,778,0,0x18eaaf00
4301,8249,0,0x18f46c40
4302,776,0,0x18fe2980
4303,580,0,0x1907e6c0
4304,1049,0,0x1911a400
4305,730,0,0x191b6140
4306,576,0,0x19251e80
4307,581,0,0x192edbc0
4308,582,0,0x19389900
4309,556,0,0x19425640
4310,1083,0,0x194c1380
4311,981,0,0x1955d0c0
4312,615,0,0x195f8e00
4313,572,0,0x19694b40
4314,574,0,0x19730880
4315,724,0,0x197cc5c0
4316,579,0,0x19868300
4317,569,0,0x19904040
4318,599,0,0x1999fd80
4319,798,0,0x19a3bac0
4320,11979,0,0x19ad7800
4321,535,0,0x19b73540
4322,604,0,0x19c0f280
4323,617,0,0x19caafc0
4324,743,0,0x19d46d00
4325,108504,0,0x19de2a40
4326,575,0,0x19e7e780
4327,544,0,0x19f1a4c0
4328,1011,0,0x19fb6200
4329,765,0,0x1a051f40
4330,580,0,0x1a0edc80
4331,2012,0,0x1a1899c0
4332,100215,0,0x1a2c1440
4333,813,0,0x1a35d180
4334,584,0,0x1a3f8ec0
4335,1286,0,0x1a494c00
4336,920,0,0x1a530940
4337,105773,0,0x1a6683c0
4338,528,0,0x1a704100
4339,1460,0,0x1a79fe40
4340,106782,0,0x1a8d78c0
4341,355,0,0x1a973600
4342,1282,0,0x1aa0f340
4343,99982,0,0x1ab46dc0
4344,589,0,0x1abe2b00
4345,572,0,0x1ac7e840
4346,569,0,0x1ad1a580
4347,670,0,0x1adb62c0
4348,1927,0,0x1ae52000
4349,795,0,0x1aeedd40
4350,603,0,0x1af89a80
4351,793,0,0x1b0257c0
4352,560,0,0x1b0c1500
4353,780,0,0x1b15d240
4354,997,0,0x1b1f8f80
4355,1390,0,0x1b294cc0
4356,862,0,0x1b330a00
4357,523,0,0x1b3cc740
4358,587,0,0x1b468480
4359,649,0,0x1b5041c0
4360,604,0,0x1b59ff00
4361,609,0,0x1b63bc40
4362,582,0,0x1b6d7980
4363,894,0,0x1b7736c0
4364,135784,0,0x1b80f400
4365,766,0,0x1b8ab140
4366,999,0,0x1b946e80
4367,566,0,0x1b9e2bc0
4368,791,0,0x1ba7e900
4369,1920,0,0x1bb1a640
4370,801,0,0x1bbb6380
4371,744,0,0x1bc520c0
4372,537,0,0x1bcede00
4373,581,0,0x1bd89b40
4374,587,0,0x1be25880
4375,557,0,0x1bec15c0
4376,533,0,0x1bf5d300
4377,620,0,0x1bff9040
4378,772,0,0x1c094d80
4379,542,0,0x1c130ac0
4380,1054,0,0x1c1cc800
4381,580,0,0x1c268540
4382,801,0,0x1c304280
4383,812,0,0x1c39ffc0
4384,765,0,0x1c43bd00
4385,145473,0,0x1c4d7a40
4386,1422,0,0x1c573780
4387,515,0,0x1c60f4c0
4388,881,0,0x1c6ab200
4389,534,0,0x1c746f40
4390,846,0,0x1c7e2c80
4391,4779,0,0x1c87e9c0
4392,813,0,0x1c91a700
4393,1505,0,0x1c9b6440
4394,1029,0,0x1ca52180
4395,588,0,0x1caedec0
4396,497,0,0x1cb89c00
4397,544,0,0x1cc25940
4398,599,0,0x1ccc1680
4399,776,0,0x1cd5d3c0
4400,140734,0,0x1cdf9100
4401,566,0,0x1ce94e40
4402,566,0,0x1cf30b80
4403,825,0,0x1cfcc8c0
4404,2377,0,0x1d068600
4405,1037,0,0x1d104340
4406,552,0,0x1d1a0080
4407,795,0,0x1d23bdc0
4408,555,0,0x1d2d7b00
4409,548,0,0x1d373840
4410,541,0,0x1d40f580
4411,801,0,0x1d4ab2c0
4412,558,0,0x1d547000
4413,574,0,0x1d5e2d40
4414,553,0,0x1d67ea80
4415,870,0,0x1d71a7c0
4416,824,0,0x1d7b6500
4417,89635,0,0x1d8edf80
4418,600,0,0x1d989cc0
4419,771,0,0x1da25a00
4420,629,0,0x1dac1740
4421,637,0,0x1db5d480
4422,1486,0,0x1dbf91c0
4423,101530,0,0x1dd30c40
4424,1900,0,0x1ddcc980
4425,805,0,0x1de686c0
4426,609,0,0x1df04400
4427,579,0,0x1dfa0140
4428,799,0,0x1e03be80
4429,6086,0,0x1e0d7bc0
4430,1228,0,0x1e173900
4431,630,0,0x1e20f640
4432,764,0,0x1e2ab380
4433,1007,0,0x1e3470c0
4434,601,0,0x1e3e2e00
4435,759,0,0x1e47eb40
4436,138571,0,0x1e51a880
4437,637,0,0x1e5b65c0
4438,720,0,0x1e652300
4439,225,0,0x1e6ee040
4440,1071,0,0x1e789d80
4441,711,0,0x1e825ac0
4442,1486,0,0x1e8c1800
4443,1774,0,0x1e95d540
4444,1228,0,0x1e9f9280
4445,998,0,0x1ea94fc0
4446,814,0,0x1eb30d00
4447,5960,0,0x1ebcca40
4448,798,0,0x1ec68780
4449,562,0,0x1ed044c0
4450,561,0,0x1eda0200
4451,575,0,0x1ee3bf40
4452,1034,0,0x1eed7c80
4453,557,0,0x1ef739c0
4454,556,0,0x1f00f700
4455,634,0,0x1f0ab440
4456,593,0,0x1f147180
4457,621,0,0x1f1e2ec0
4458,743,0,0x1f27ec00
4459,135814,0,0x1f31a940
4460,561,0,0x1f3b6680
4461,3638,0,0x1f4523c0
4462,792,0,0x1f4ee100
4463,15020,0,0x1f589e40
4464,756,0,0x1f625b80
4465,605,0,0x1f6c18c0
4466,594,0,0x1f75d600
4467,570,0,0x1f7f9340
4468,796,0,0x1f895080
4469,132743,0,0x1f930dc0
4470,103854,0,0x1fa68840
4471,654,0,0x1fb04580
4472,801,0,0x1fba02c0
4473,770,0,0x1fc3c000
4474,646,0,0x1fcd7d40
4475,785,0,0x1fd73a80
4476,18070,0,0x1fe0f7c0
4477,542,0,0x1feab500
4478,621,0,0x1ff47240
4479,608,0,0x1ffe2f80
4480,750,0,0x2007ecc0
4481,612,0,0x2011aa00
4482,590,0,0x201b6740
4483,551,0,0x20252480
4484,537,0,0x202ee1c0
4485,556,0,0x20389f00
4486,592,0,0x20425c40
4487,765,0,0x204c1980
4488,625,0,0x2055d6c0
4489,574,0,0x205f9400
4490,590,0,0x20695140
4491,592,0,0x20730e80
4492,541,0,0x207ccbc0
4493,1220,0,0x20868900
4494,542,0,0x20904640
4495,672,0,0x209a0380
4496,622,0,0x20a3c0c0
4497,744,0,0x20ad7e00
4498,595,0,0x20b73b40
4499,576,0,0x20c0f880
4500,591,0,0x20cab5c0
4501,563,0,0x20d47300
4502,620,0,0x20de3040
4503,619,0,0x20e7ed80
4504,622,0,0x20f1aac0
4505,596,0,0x20fb6800
4506,550,0,0x21052540
4507,634,0,0x210ee280
4508,102040,0,0x21189fc0
4509,772,0,0x21225d00
4510,938,0,0x212c1a40
4511,1044,0,0x2135d780
4512,102655,0,0x21495200
4513,652,0,0x21530f40
4514,2138,0,0x215ccc80
4515,1401,0,0x216689c0
4516,1369,0,0x21704700
4517,1778,0,0x217a0440
4518,1501,0,0x2183c180
4519,49852,0,0x21973c00
4520,768,0,0x21a0f940
4521,877,0,0x21aab680
4522,566,0,0x21b473c0
4523,564,0,0x21be3100
4524,887,0,0x21c7ee40
4525,1066,0,0x21d1ab80
4526,42316,0,0x21db68c0
4527,622,0,0x21e52600
4528,380,0,0x21eee340
4529,57743,0,0x22025dc0
4530,846,0,0x220c1b00
4531,40834,0,0x2215d840
4532,799,0,0x221f9580
4533,1711,0,0x222952c0
4534,974,0,0x22331000
4535,34121,0,0x223ccd40
4536,994,0,0x22468a80
4537,581,0,0x225047c0
4538,637,0,0x225a0500
4539,794,0,0x2263c240
4540,73662,0,0x226d7f80
4541,800,0,0x22773cc0
4542,41799,0,0x2280fa00
4543,982,0,0x228ab740
4544,2704,0,0x22947480
4545,54843,0,0x22a7ef00
4546,833,0,0x22b1ac40
4547,42985,0,0x22bb6980
4548,544,0,0x22c526c0
4549,60677,0,0x22d8a140
4550,613,0,0x22e25e80
4551,765,0,0x22ec1bc0
4552,550,0,0x22f5d900
4553,638,0,0x22ff9640
4554,625,0,0x23095380
4555,760,0,0x231310c0
4556,1016,0,0x231cce00
4557,561,0,0x23268b40
4558,540,0,0x23304880
4559,537,0,0x233a05c0
4560,604,0,0x2343c300
4561,594,0,0x234d8040
4562,723,0,0x23573d80
4563,611,0,0x2360fac0
4564,563,0,0x236ab800
4565,560,0,0x23747540
4566,577,0,0x237e3280
4567,608,0,0x2387efc0
4568,620,0,0x2391ad00
4569,579,0,0x239b6a40
4570,785,0,0x23a52780
4571,21170,0,0x23aee4c0
4572,1932,0,0x23b8a200
4573,863,0,0x23c25f40
4574,598,0,0x23cc1c80
4575,579,0,0x23d5d9c0
4576,654,0,0x23df9700
4577,623,0,0x23e95440
4578,755,0,0x23f31180
4579,594,0,0x23fccec0
4580,578,0,0x24068c00
4581,597,0,0x24104940
4582,578,0,0x241a0680
4583,854,0,0x2423c3c0
4584,603,0,0x242d8100
4585,600,0,0x24373e40
4586,782,0,0x2440fb80
4587,19387,0,0x244ab8c0
4588,602,0,0x24547600
4589,612,0,0x245e3340
4590,748,0,0x2467f080
4591,598,0,0x2471adc0
4592,571,0,0x247b6b00
4593,755,0,0x24852840
4594,1063,0,0x248ee580
4595,952,0,0x2498a2c0
4596,1047,0,0x24a26000
4597,91210,0,0x24ac1d40
4598,525,0,0x24b5da80
4599,624,0,0x24bf97c0
4600,1212,0,0x24c95500
4601,796,0,0x24d31240
4602,17894,0,0x24dccf80
4603,1035,0,0x24e68cc0
4604,1509,0,0x24f04a00
4605,568,0,0x24fa0740
4606,586,0,0x2503c480
4607,874,0,0x250d81c0
4608,609,0,0x25173f00
4609,737,0,0x2520fc40
4610,617,0,0x252ab980
4611,582,0,0x253476c0
4612,737,0,0x253e3400
4613,598,0,0x2547f140
4614,564,0,0x2551ae80
4615,614,0,0x255b6bc0
4616,999,0,0x25652900
4617,620,0,0x256ee640
4618,618,0,0x2578a380
4619,1004,0,0x258260c0
4620,600,0,0x258c1e00
4621,772,0,0x2595db40
4622,791,0,0x259f9880
4623,23015,0,0x25a955c0
4624,1048,0,0x25b31300
4625,1073,0,0x25bcd040
4626,1012,0,0x25c68d80
4627,1033,0,0x25d04ac0
4628,986,0,0x25da0800
4629,1046,0,0x25e3c540
4630,1035,0,0x25ed8280
4631,1009,0,0x25f73fc0
4632,995,0,0x2600fd00
4633,1025,0,0x260aba40
4634,815,0,0x26147780
4635,1225,0,0x261e34c0
4636,1013,0,0x2627f200
4637,945,0,0x2631af40
4638,1198,0,0x263b6c80
4639,1024,0,0x264529c0
4640,1043,0,0x264ee700
4641,1081,0,0x2658a440
4642,1019,0,0x26626180
4643,1074,0,0x266c1ec0
4644,1436,0,0x2675dc00
4645,1015,0,0x267f9940
4646,953,0,0x26895680
4647,1029,0,0x269313c0
4648,1058,0,0x269cd100
4649,1030,0,0x26a68e40
4650,2078,0,0x26b04b80
4651,859,0,0x26ba08c0
4652,1221,0,0x26c3c600
4653,598,0,0x26cd8340
4654,557,0,0x26d74080
4655,748,0,0x26e0fdc0
4656,51928,0,0x26eabb00
4657,869,0,0x26f47840
4658,545,0,0x26fe3580
4659,515,0,0x2707f2c0
4660,599,0,0x2711b000
4661,829,0,0x271b6d40
4662,27156,0,0x27252a80
4663,7126,0,0x272ee7c0
4664,552,0,0x2738a500
4665,615,0,0x27426240
4666,754,0,0x274c1f80
4667,805,0,0x2755dcc0
4668,1225,0,0x275f9a00
4669,550,0,0x27695740
4670,623,0,0x27731480
4671,586,0,0x277cd1c0
4672,609,0,0x27868f00
4673,632,0,0x27904c40
4674,510,0,0x279a0980
4675,760,0,0x27a3c6c0
4676,537,0,0x27ad8400
4677,617,0,0x27b74140
4678,623,0,0x27c0fe80
4679,751,0,0x27cabbc0
4680,52319,0,0x27d47900
4681,539,0,0x27de3640
4682,594,0,0x27e7f380
4683,1078,0,0x27f1b0c0
4684,50854,0,0x27fb6e00
4685,537,0,0x28052b40
4686,600,0,0x280ee880
4687,609,0,0x2818a5c0
4688,737,0,0x28226300
4689,594,0,0x282c2040
4690,19394,0,0x2835dd80
4691,764,0,0x283f9ac0
4692,566,0,0x28495800
4693,620,0,0x28531540
4694,577,0,0x285cd280
4695,762,0,0x28668fc0
4696,530,0,0x28704d00
4697,855,0,0x287a0a40
4698,557,0,0x2883c780
4699,840,0,0x288d84c0
4700,13965,0,0x28974200
4701,655,0,0x28a0ff40
4702,605,0,0x28aabc80
4703,613,0,0x28b479c0
4704,799,0,0x28be3700
4705,51694,0,0x28c7f440
4706,586,0,0x28d1b180
4707,622,0,0x28db6ec0
4708,623,0,0x28e52c00
4709,1169,0,0x28eee940
4710,1040,0,0x28f8a680
4711,581,0,0x290263c0
4712,575,0,0x290c2100
4713,605,0,0x2915de40
4714,587,0,0x291f9b80
4715,607,0,0x292958c0
4716,796,0,0x29331600
4717,561,0,0x293cd340
4718,1009,0,0x29469080
4719,618,0,0x29504dc0
4720,620,0,0x295a0b00
4721,614,0,0x2963c840
4722,750,0,0x296d8580
4723,38541,0,0x297742c0
4724,589,0,0x29810000
4725,572,0,0x298abd40
4726,573,0,0x29947a80
4727,866,0,0x299e37c0
4728,530,0,0x29a7f500
4729,766,0,0x29b1b240
4730,567,0,0x29bb6f80
4731,636,0,0x29c52cc0
4732,1198,0,0x29ceea00
4733,1043,0,0x29d8a740
4734,544,0,0x29e26480
4735,570,0,0x29ec21c0
4736,803,0,0x29f5df00
4737,562,0,0x29ff9c40
4738,599,0,0x2a095980
4739,795,0,0x2a1316c0
4740,15634,0,0x2a1cd400
4741,621,0,0x2a269140
4742,567,0,0x2a304e80
4743,818,0,0x2a3a0bc0
4744,14853,0,0x2a43c900
4745,555,0,0x2a4d8640
4746,869,0,0x2a574380
4747,66100,0,0x2a6100c0
4748,960,0,0x2a6abe00
4749,595,0,0x2a747b40
4750,52987,0,0x2a7e3880
4751,764,0,0x2a87f5c0
4752,560,0,0x2a91b300
4753,614,0,0x2a9b7040
4754,600,0,0x2aa52d80
4755,961,0,0x2aaeeac0
4756,1033,0,0x2ab8a800
4757,578,0,0x2ac26540
4758,590,0,0x2acc2280
4759,645,0,0x2ad5dfc0
4760,609,0,0x2adf9d00
4761,755,0,0x2ae95a40
4762,7612,0,0x2af31780
4763,620,0,0x2afcd4c0
4764,609,0,0x2b069200
4765,724,0,0x2b104f40
4766,584,0,0x2b1a0c80
4767,556,0,0x2b23c9c0
4768,585,0,0x2b2d8700
4769,789,0,0x2b374440
4770,549,0,0x2b410180
4771,584,0,0x2b4abec0
4772,740,0,0x2b547c00
4773,6772,0,0x2b5e3940
4774,1862,0,0x2b67f680
4775,526,0,0x2b71b3c0
4776,629,0,0x2b7b7100
4777,614,0,0x2b852e40
4778,836,0,0x2b8eeb80
4779,62442,0,0x2b98a8c0
4780,761,0,0x2ba26600
4781,880,0,0x2bac2340
4782,561,0,0x2bb5e080
4783,557,0,0x2bbf9dc0
4784,574,0,0x2bc95b00
4785,610,0,0x2bd31840
4786,585,0,0x2bdcd580
4787,572,0,0x2be692c0
4788,470,0,0x2bf05000
4789,536,0,0x2bfa0d40
4790,615,0,0x2c03ca80
4791,595,0,0x2c0d87c0
4792,799,0,0x2c174500
4793,598,0,0x2c210240
4794,614,0,0x2c2abf80
4795,1226,0,0x2c347cc0
4796,572,0,0x2c3e3a00
4797,544,0,0x2c47f740
4798,564,0,0x2c51b480
4799,597,0,0x2c5b71c0
4800,582,0,0x2c652f00
4801,579,0,0x2c6eec40
4802,796,0,0x2c78a980
4803,574,0,0x2c8266c0
4804,582,0,0x2c8c2400
4805,549,0,0x2c95e140
4806,616,0,0x2c9f9e80
4807,571,0,0x2ca95bc0
4808,1180,0,0x2cb31900
4809,22008,0,0x2cbcd640
4810,1873,0,0x2cc69380
4811,1227,0,0x2cd050c0
4812,2235,0,0x2cda0e00
4813,879,0,0x2ce3cb40
4814,612,0,0x2ced8880
4815,731,0,0x2cf745c0
4816,569,0,0x2d010300
4817,856,0,0x2d0ac040
4818,124460,0,0x2d147d80
4819,758,0,0x2d1e3ac0
4820,626,0,0x2d27f800
4821,783,0,0x2d31b540
4822,19821,0,0x2d3b7280
4823,1039,0,0x2d452fc0
4824,562,0,0x2d4eed00
4825,599,0,0x2d58aa40
4826,657,0,0x2d626780
4827,779,0,0x2d6c24c0
4828,1260,0,0x2d75e200
4829,583,0,0x2d7f9f40
4830,565,0,0x2d895c80
4831,559,0,0x2d9319c0
4832,628,0,0x2d9cd700
4833,764,0,0x2da69440
4834,71370,0,0x2dba0ec0
4835,656,0,0x2dc3cc00
4836,772,0,0x2dcd8940
4837,20229,0,0x2dd74680
4838,776,0,0x2de103c0
4839,4461,0,0x2deac100
4840,1914,0,0x2df47e40
4841,642,0,0x2dfe3b80
4842,782,0,0x2e07f8c0
4843,564,0,0x2e11b600
4844,643,0,0x2e1b7340
4845,1187,0,0x2e253080
4846,547,0,0x2e2eedc0
4847,611,0,0x2e38ab00
4848,565,0,0x2e426840
4849,594,0,0x2e4c2580
4850,581,0,0x2e55e2c0
4851,662,0,0x2e5fa000
4852,623,0,0x2e695d40
4853,595,0,0x2e731a80
4854,593,0,0x2e7cd7c0
4855,610,0,0x2e869500
4856,519,0,0x2e905240
4857,605,0,0x2e9a0f80
4858,798,0,0x2ea3ccc0
4859,111238,0,0x2ead8a00
4860,768,0,0x2eb74740
4861,598,0,0x2ec10480
4862,581,0,0x2ecac1c0
4863,559,0,0x2ed47f00
4864,584,0,0x2ede3c40
4865,639,0,0x2ee7f980
4866,624,0,0x2ef1b6c0
4867,751,0,0x2efb7400
4868,606,0,0x2f053140
4869,787,0,0x2f0eee80
4870,558,0,0x2f18abc0
4871,565,0,0x2f226900
4872,615,0,0x2f2c2640
4873,513,0,0x2f35e380
4874,5800,0,0x2f3fa0c0
4875,633,0,0x2f495e00
4876,760,0,0x2f531b40
4877,3016,0,0x2f5cd880
4878,763,0,0x2f6695c0
4879,560,0,0x2f705300
4880,763,0,0x2f7a1040
4881,573,0,0x2f83cd80
4882,581,0,0x2f8d8ac0
4883,721,0,0x2f974800
4884,571,0,0x2fa10540
4885,799,0,0x2faac280
4886,516,0,0x2fb47fc0
4887,801,0,0x2fbe3d00
4888,590,0,0x2fc7fa40
4889,758,0,0x2fd1b780
4890,516,0,0x2fdb74c0
4891,601,0,0x2fe53200
4892,822,0,0x2feeef40
4893,555,0,0x2ff8ac80
4894,598,0,0x300269c0
4895,983,0,0x300c2700
4896,831,0,0x3015e440
4897,545,0,0x301fa180
4898,556,0,0x30295ec0
4899,1707,0,0x30331c00
4900,694,0,0x303cd940
4901,65264,0,0x305053c0
4902,816,0,0x305a1100
4903,7209,0,0x3063ce40
4904,771,0,0x306d8b80
4905,589,0,0x307748c0
4906,632,0,0x30810600
4907,614,0,0x308ac340
4908,758,0,0x30948080
4909,20379,0,0x309e3dc0
4910,2474,0,0x30a7fb00
4911,213,0,0x30b1b840
4912,1571,0,0x30bb7580
4913,63935,0,0x30cef000
4914,765,0,0x30d8ad40
4915,615,0,0x30e26a80
4916,614,0,0x30ec27c0
4917,601,0,0x30f5e500
4918,803,0,0x30ffa240
4919,7347,0,0x31095f80
4920,861,0,0x31131cc0
4921,547,0,0x311cda00
4922,640,0,0x31269740
4923,615,0,0x31305480
4924,612,0,0x313a11c0
4925,741,0,0x3143cf00
4926,818,0,0x314d8c40
4927,992,0,0x31574980
4928,1024,0,0x316106c0
4929,999,0,0x316ac400
4930,596,0,0x31748140
4931,566,0,0x317e3e80
4932,574,0,0x3187fbc0
4933,590,0,0x3191b900
4934,859,0,0x319b7640
4935,561,0,0x31a53380
4936,582,0,0x31aef0c0
4937,798,0,0x31b8ae00
4938,5153,0,0x31c26b40
4939,826,0,0x31cc2880
4940,822,0,0x31d5e5c0
4941,553,0,0x31dfa300
4942,548,0,0x31e96040
4943,621,0,0x31f31d80
4944,836,0,0x31fcdac0
4945,577,0,0x32069800
4946,855,0,0x32105540
4947,118086,0,0x321a1280
4948,1067,0,0x3223cfc0
4949,974,0,0x322d8d00
4950,541,0,0x32374a40
4951,582,0,0x32410780
4952,502,0,0x324ac4c0
4953,748,0,0x32548200
4954,596,0,0x325e3f40
4955,589,0,0x3267fc80
4956,565,0,0x3271b9c0
4957,570,0,0x327b7700
4958,1043,0,0x32853440
4959,15175,0,0x328ef180
4960,599,0,0x3298aec0
4961,598,0,0x32a26c00
4962,581,0,0x32ac2940
4963,644,0,0x32b5e680
4964,590,0,0x32bfa3c0
4965,1180,0,0x32c96100
4966,81012,0,0x32dcdb80
4967,538,0,0x32e698c0
4968,521,0,0x32f05600
4969,614,0,0x32fa1340
4970,739,0,0x3303d080
4971,15700,0,0x330d8dc0
4972,542,0,0x33174b00
4973,1725,0,0x33210840
4974,85554,0,0x333482c0
4975,1063,0,0x333e4000
4976,10590,0,0x3347fd40
4977,769,0,0x3351ba80
4978,605,0,0x335b77c0
4979,1987,0,0x33653500
4980,85089,0,0x3378af80
4981,577,0,0x33826cc0
4982,1228,0,0x338c2a00
4983,15303,0,0x3395e740
4984,1257,0,0x339fa480
4985,1003,0,0x33a961c0
4986,84224,0,0x33bcdc40
4987,14753,0,0x33c69980
4988,1130,0,0x33d056c0
4989,592,0,0x33da1400
4990,805,0,0x33e3d140
4991,448,0,0x33ed8e80
4992,83540,0,0x34010900
4993,1001,0,0x340ac640
4994,11281,0,0x34148380
4995,727,0,0x341e40c0
4996,779,0,0x3427fe00
4997,622,0,0x3431bb40
4998,734,0,0x343b7880
4999,596,0,0x344535c0
5000,577,0,0x344ef300
5001,767,0,0x3458b040
5002,566,0,0x34626d80
5003,902,0,0x346c2ac0
5004,548,0,0x3475e800
5005,579,0,0x347fa540
5006,522,0,0x34896280
5007,758,0,0x34931fc0
5008,534,0,0x349cdd00
5009,799,0,0x34a69a40
5010,131502,0,0x34b05780
5011,800,0,0x34ba14c0
5012,543,0,0x34c3d200
5013,643,0,0x34cd8f40
5014,619,0,0x34d74c80
5015,625,0,0x34e109c0
5016,605,0,0x34eac700
5017,527,0,0x34f48440
5018,622,0,0x34fe4180
5019,605,0,0x3507fec0
5020,747,0,0x3511bc00
5021,6755,0,0x351b7940
5022,784,0,0x35253680
5023,598,0,0x352ef3c0
5024,758,0,0x3538b100
5025,1516,0,0x35426e40
5026,92922,0,0x3555e8c0
5027,772,0,0x355fa600
5028,539,0,0x35696340
5029,658,0,0x35732080
5030,615,0,0x357cddc0
5031,1222,0,0x35869b00
5032,613,0,0x35905840
5033,755,0,0x359a1580
5034,793,0,0x35a3d2c0
5035,1101,0,0x35ad9000
5036,4400,0,0x35b74d40
5037,95820,0,0x35cac7c0
5038,574,0,0x35d48500
5039,885,0,0x35de4240
5040,103798,0,0x35f1bcc0
5041,612,0,0x35fb7a00
5042,2589,0,0x36053740
5043,2062,0,0x360ef480
5044,97517,0,0x36226f00
5045,752,0,0x362c2c40
5046,1897,0,0x3635e980
5047,804,0,0x363fa6c0
5048,540,0,0x36496400
5049,596,0,0x36532140
5050,784,0,0x365cde80
5051,536,0,0x36669bc0
5052,1683,0,0x36705900
5053,619,0,0x367a1640
5054,593,0,0x3683d380
5055,1234,0,0x368d90c0
5056,572,0,0x36974e00
5057,140557,0,0x36a10b40
5058,854,0,0x36aac880
5059,564,0,0x36b485c0
5060,542,0,0x36be4300
5061,610,0,0x36c80040
5062,1628,0,0x36d1bd80
5063,757,0,0x36db7ac0
5064,1230,0,0x36e53800
5065,1362,0,0x36eef540
5066,749,0,0x36f8b280
5067,625,0,0x37026fc0
5068,730,0,0x370c2d00
5069,1469,0,0x3715ea40
5070,90582,0,0x372964c0
5071,794,0,0x37332200
5072,4778,0,0x373cdf40
5073,8777,0,0x37469c80
5074,88497,0,0x375a1700
5075,761,0,0x3763d440
5076,788,0,0x376d9180
5077,9603,0,0x37774ec0
5078,751,0,0x37810c00
5079,1831,0,0x378ac940
5080,1214,0,0x37948680
5081,781,0,0x379e43c0
5082,564,0,0x37a80100
5083,879,0,0x37b1be40
5084,979,0,0x37bb7b80
5085,1051,0,0x37c538c0
5086,521,0,0x37cef600
5087,730,0,0x37d8b340
5088,118490,0,0x37e27080
5089,779,0,0x37ec2dc0
5090,557,0,0x37f5eb00
5091,614,0,0x37ffa840
5092,2601,0,0x38096580
5093,2770,0,0x381322c0
5094,620,0,0x381ce000
5095,977,0,0x38269d40
5096,94824,0,0x383a17c0
5097,819,0,0x3843d500
5098,576,0,0x384d9240
5099,741,0,0x38574f80
5100,595,0,0x38610cc0
5101,626,0,0x386aca00
5102,895,0,0x38748740
5103,931,0,0x387e4480
5104,664,0,0x388801c0
5105,946,0,0x3891bf00
5106,532,0,0x389b7c40
5107,944,0,0x38a53980
5108,93834,0,0x38b8b400
5109,617,0,0x38c27140
5110,795,0,0x38cc2e80
5111,680,0,0x38d5ebc0
5112,668,0,0x38dfa900
5113,100703,0,0x38f32380
5114,1972,0,0x38fce0c0
5115,784,0,0x39069e00
5116,773,0,0x39105b40
5117,558,0,0x391a1880
5118,607,0,0x3923d5c0
5119,702,0,0x392d9300
5120,361,0,0x39375040
5121,305,0,0x39410d80
5122,93549,0,0x39548800
5123,613,0,0x395e4540
5124,732,0,0x39680280
5125,729,0,0x3971bfc0
5126,763,0,0x397b7d00
5127,100578,0,0x398ef780
5128,587,0,0x3998b4c0
5129,777,0,0x39a27200
5130,336,0,0x39ac2f40
5131,521,0,0x39b5ec80
5132,1630,0,0x39bfa9c0
5133,784,0,0x39c96700
5134,886,0,0x39d32440
5135,10614,0,0x39dce180
5136,1218,0,0x39e69ec0
5137,764,0,0x39f05c00
5138,142946,0,0x39fa1940
5139,269,0,0x3a03d680
5140,3474,0,0x3a0d93c0
5141,99969,0,0x3a210e40
5142,558,0,0x3a2acb80
5143,778,0,0x3a3488c0
5144,2814,0,0x3a3e4600
5145,815,0,0x3a480340
5146,757,0,0x3a51c080
5147,803,0,0x3a5b7dc0
5148,571,0,0x3a653b00
5149,959,0,0x3a6ef840
5150,1045,0,0x3a78b580
5151,933,0,0x3a8272c0
5152,576,0,0x3a8c3000
5153,753,0,0x3a95ed40
5154,523,0,0x3a9faa80
5155,781,0,0x3aa967c0
5156,971,0,0x3ab32500
5157,530,0,0x3abce240
5158,808,0,0x3ac69f80
5159,1155,0,0x3ad05cc0
5160,571,0,0x3ada1a00
5161,548,0,0x3ae3d740
5162,588,0,0x3aed9480
5163,772,0,0x3af751c0
5164,539,0,0x3b010f00
5165,567,0,0x3b0acc40
5166,597,0,0x3b148980
5167,861,0,0x3b1e46c0
5168,552,0,0x3b280400
5169,588,0,0x3b31c140
5170,766,0,0x3b3b7e80
5171,126162,0,0x3b453bc0
5172,795,0,0x3b4ef900
5173,1289,0,0x3b58b640
5174,590,0,0x3b627380
5175,758,0,0x3b6c30c0
5176,4936,0,0x3b75ee00
5177,802,0,0x3b7fab40
5178,599,0,0x3b896880
5179,554,0,0x3b9325c0
5180,1269,0,0x3b9ce300
5181,16940,0,0x3ba6a040
5182,590,0,0x3bb05d80
5183,1032,0,0x3bba1ac0
5184,734,0,0x3bc3d800
5185,572,0,0x3bcd9540
5186,545,0,0x3bd75280
5187,569,0,0x3be10fc0
5188,712,0,0x3beacd00
5189,575,0,0x3bf48a40
5190,565,0,0x3bfe4780
5191,812,0,0x3c0804c0
5192,563,0,0x3c11c200
5193,553,0,0x3c1b7f40
5194,553,0,0x3c253c80
5195,713,0,0x3c2ef9c0
5196,591,0,0x3c38b700
5197,544,0,0x3c427440
5198,578,0,0x3c4c3180
5199,775,0,0x3c55eec0
5200,110311,0,0x3c5fac00
5201,1252,0,0x3c696940
5202,1028,0,0x3c732680
5203,1980,0,0x3c7ce3c0
5204,100047,0,0x3c905e40
5205,843,0,0x3c9a1b80
5206,630,0,0x3ca3d8c0
5207,754,0,0x3cad9600
5208,4812,0,0x3cb75340
5209,748,0,0x3cc11080
5210,612,0,0x3ccacdc0
5211,599,0,0x3cd48b00
5212,756,0,0x3cde4840
5213,30407,0,0x3ce80580
5214,1053,0,0x3cf1c2c0
5215,464,0,0x3cfb8000
5216,784,0,0x3d053d40
5217,881,0,0x3d0efa80
5218,110947,0,0x3d18b7c0
5219,787,0,0x3d227500
5220,740,0,0x3d2c3240
5221,1487,0,0x3d35ef80
5222,100462,0,0x3d496a00
5223,1310,0,0x3d532740
5224,760,0,0x3d5ce480
5225,1012,0,0x3d66a1c0
5226,604,0,0x3d705f00
5227,755,0,0x3d7a1c40
5228,2574,0,0x3d83d980
5229,590,0,0x3d8d96c0
5230,770,0,0x3d975400
5231,34729,0,0x3da11140
5232,1194,0,0x3daace80
5233,1259,0,0x3db48bc0
5234,1001,0,0x3dbe4900
5235,961,0,0x3dc80640
5236,998,0,0x3dd1c380
5237,1017,0,0x3ddb80c0
5238,1022,0,0x3de53e00
5239,99643,0,0x3deefb40
5240,1219,0,0x3df8b880
5241,1196,0,0x3e0275c0
5242,1224,0,0x3e0c3300
5243,2599,0,0x3e15f040
5244,912,0,0x3e1fad80
5245,623,0,0x3e296ac0
5246,592,0,0x3e332800
5247,502,0,0x3e3ce540
5248,683,0,0x3e46a280
5249,1463,0,0x3e505fc0
5250,822,0,0x3e5a1d00
5251,289,0,0x3e63da40
5252,2634,0,0x3e6d9780
5253,1039,0,0x3e7754c0
5254,1059,0,0x3e811200
5255,1098,0,0x3e8acf40
5256,1026,0,0x3e948c80
5257,1042,0,0x3e9e49c0
5258,998,0,0x3ea80700
5259,1033,0,0x3eb1c440
5260,997,0,0x3ebb8180
5261,1248,0,0x3ec53ec0
5262,1232,0,0x3ecefc00
5263,1013,0,0x3ed8b940
5264,1676,0,0x3ee27680
5265,961,0,0x3eec33c0
5266,879,0,0x3ef5f100
5267,1006,0,0x3effae40
5268,1063,0,0x3f096b80
5269,1478,0,0x3f1328c0
5270,1009,0,0x3f1ce600
5271,1027,0,0x3f26a340
5272,1021,0,0x3f306080
5273,1005,0,0x3f3a1dc0
5274,998,0,0x3f43db00
5275,1011,0,0x3f4d9840
5276,1012,0,0x3f575580
5277,1036,0,0x3f6112c0
5278,1013,0,0x3f6ad000
5279,1063,0,0x3f748d40
5280,1006,0,0x3f7e4a80
5281,344,0,0x3f8807c0
5282,65297,0,0x3f9b8240
5283,1015,0,0x3fa53f80
5284,785,0,0x3faefcc0
5285,8670,0,0x3fb8ba00
5286,1428,0,0x3fc27740
5287,92767,0,0x3fd5f1c0
5288,967,0,0x3fdfaf00
5289,806,0,0x3fe96c40
5290,582,0,0x3ff32980
5291,605,0,0x3ffce6c0
5292,758,0,0x6a440
5293,577,0,0x106180
5294,572,0,0x1a1ec0
5295,582,0,0x23dc00
5296,802,0,0x2d9940
5297,4966,0,0x375680
5298,848,0,0x4113c0
5299,614,0,0x4ad100
5300,761,0,0x548e40
5301,532,0,0x5e4b80
5302,619,0,0x6808c0
5303,597,0,0x71c600
5304,748,0,0x7b8340
5305,592,0,0x854080
5306,582,0,0x8efdc0
5307,977,0,0x98bb00
5308,1031,0,0xa27840
5309,567,0,0xac3580
5310,862,0,0xb5f2c0
5311,20927,0,0xbfb000
5312,1807,0,0xc96d40
5313,997,0,0xd32a80
5314,953,0,0xdce7c0
5315,781,0,0xe6a500
5316,555,0,0xf06240
5317,812,0,0xfa1f80
5318,579,0,0x103dcc0
5319,1198,0,0x10d9a00
5320,107916,0,0x1175740
5321,587,0,0x1211480
5322,1241,0,0x12ad1c0
5323,1006,0,0x1348f00
5324,1141,0,0x13e4c40
5325,13287,0,0x1480980
5326,1060,0,0x151c6c0
5327,19586,0,0x15b8400
5328,749,0,0x1654140
5329,559,0,0x16efe80
5330,593,0,0x178bbc0
5331,592,0,0x1827900
5332,600,0,0x18c3640
5333,600,0,0x195f380
5334,634,0,0x19fb0c0
5335,614,0,0x1a96e00
5336,587,0,0x1b32b40
5337,3328,0,0x1bce880
5338,330,0,0x1c6a5c0
5339,1002,0,0x1d06300
5340,108895,0,0x1da2040
5341,993,0,0x1e3dd80
5342,13071,0,0x1ed9ac0
5343,822,0,0x1f75800
5344,797,0,0x2011540
5345,1018,0,0x20ad280
5346,622,0,0x2148fc0
5347,741,0,0x21e4d00
5348,27683,0,0x2280a40
5349,2227,0,0x231c780
5350,819,0,0x23b84c0
5351,614,0,0x2454200
5352,768,0,0x24eff40
5353,105212,0,0x258bc80
5354,549,0,0x26279c0
5355,619,0,0x26c3700
5356,609,0,0x275f440
5357,1234,0,0x27fb180
5358,603,0,0x2896ec0
5359,559,0,0x2932c00
5360,534,0,0x29ce940
5361,760,0,0x2a6a680
5362,10260,0,0x2b063c0
5363,587,0,0x2ba2100
5364,760,0,0x2c3de40
5365,533,0,0x2cd9b80
5366,575,0,0x2d758c0
5367,622,0,0x2e11600
5368,741,0,0x2ead340
5369,591,0,0x2f49080
5370,564,0,0x2fe4dc0
5371,554,0,0x3080b00
5372,793,0,0x311c840
5373,19847,0,0x31b8580
5374,744,0,0x32542c0
5375,781,0,0x32f0000
5376,1977,0,0x338bd40
5377,795,0,0x3427a80
5378,564,0,0x34c37c0
5379,576,0,0x355f500
5380,556,0,0x35fb240
5381,614,0,0x3696f80
5382,967,0,0x3732cc0
5383,109750,0,0x37cea00
5384,751,0,0x386a740
5385,638,0,0x3906480
5386,623,0,0x39a21c0
5387,772,0,0x3a3df00
5388,602,0,0x3ad9c40
5389,591,0,0x3b75980
5390,1286,0,0x3c116c0
5391,8981,0,0x3cad400
5392,841,0,0x3d49140
5393,603,0,0x3de4e80
5394,725,0,0x3e80bc0
5395,587,0,0x3f1c900
5396,609,0,0x3fb8640
5397,831,0,0x4054380
5398,16359,0,0x40f00c0
5399,714,0,0x418be00
5400,730,0,0x4227b40
5401,510,0,0x42c3880
5402,596,0,0x435f5c0
5403,740,0,0x43fb300
5404,835,0,0x4497040
5405,2345,0,0x4532d80
5406,814,0,0x45ceac0
5407,799,0,0x466a800
5408,578,0,0x4706540
5409,586,0,0x47a2280
5410,535,0,0x483dfc0
5411,516,0,0x48d9d00
5412,614,0,0x4975a40
5413,770,0,0x4a11780
5414,543,0,0x4aad4c0
5415,810,0,0x4b49200
5416,107551,0,0x4be4f40
5417,792,0,0x4c80c80
5418,13613,0,0x4d1c9c0
5419,614,0,0x4db8700
5420,762,0,0x4e54440
5421,558,0,0x4ef0180
5422,606,0,0x4f8bec0
5423,557,0,0x5027c00
5424,982,0,0x50c3940
5425,830,0,0x515f680
5426,767,0,0x51fb3c0
5427,13974,0,0x5297100
5428,724,0,0x5332e40
5429,6478,0,0x53ceb80
5430,796,0,0x546a8c0
5431,587,0,0x5506600
5432,518,0,0x55a2340
5433,746,0,0x563e080
5434,590,0,0x56d9dc0
5435,601,0,0x5775b00
5436,601,0,0x5811840
5437,1009,0,0x58ad580
5438,591,0,0x59492c0
5439,573,0,0x59e5000
5440,794,0,0x5a80d40
5441,98129,0,0x5b1ca80
5442,812,0,0x5bb87c0
5443,1003,0,0x5c54500
5444,19383,0,0x5cf0240
5445,1416,0,0x5d8bf80
5446,628,0,0x5e27cc0
5447,784,0,0x5ec3a00
5448,560,0,0x5f5f740
5449,861,0,0x5ffb480
5450,9373,0,0x60971c0
5451,958,0,0x6132f00
5452,513,0,0x61cec40
5453,591,0,0x626a980
5454,742,0,0x63066c0
5455,523,0,0x63a2400
5456,1107,0,0x643e140
5457,15272,0,0x64d9e80
5458,1419,0,0x6575bc0
5459,638,0,0x6611900
5460,597,0,0x66ad640
5461,622,0,0x6749380
5462,719,0,0x67e50c0
5463,596,0,0x6880e00
5464,1045,0,0x691cb40
5465,1009,0,0x69b8880
5466,605,0,0x6a545c0
5467,618,0,0x6af0300
5468,595,0,0x6b8c040
5469,619,0,0x6c27d80
5470,590,0,0x6cc3ac0
5471,542,0,0x6d5f800
5472,582,0,0x6dfb540
5473,606,0,0x6e97280
5474,585,0,0x6f32fc0
5475,618,0,0x6fced00
5476,792,0,0x706aa40
5477,81768,0,0x7106780
5478,872,0,0x71a24c0
5479,602,0,0x723e200
5480,842,0,0x72d9f40
5481,21790,0,0x7375c80
5482,786,0,0x74119c0
5483,724,0,0x74ad700
5484,15600,0,0x7549440
5485,997,0,0x75e5180
5486,560,0,0x7680ec0
5487,720,0,0x771cc00
5488,585,0,0x77b8940
5489,562,0,0x7854680
5490,730,0,0x78f03c0
5491,513,0,0x798c100
5492,759,0,0x7a27e40
5493,554,0,0x7ac3b80
5494,774,0,0x7b5f8c0
5495,536,0,0x7bfb600
5496,570,0,0x7c97340
5497,571,0,0x7d33080
5498,639,0,0x7dcedc0
5499,625,0,0x7e6ab00
5500,597,0,0x7f06840
5501,721,0,0x7fa2580
5502,595,0,0x803e2c0
5503,493,0,0x80da000
5504,728,0,0x8175d40
5505,854,0,0x8211a80
5506,548,0,0x82ad7c0
5507,552,0,0x8349500
5508,781,0,0x83e5240
5509,532,0,0x8480f80
5510,766,0,0x851ccc0
5511,772,0,0x85b8a00
5512,555,0,0x8654740
5513,574,0,0x86f0480
5514,717,0,0x878c1c0
5515,580,0,0x8827f00
5516,575,0,0x88c3c40
5517,804,0,0x895f980
5518,86028,0,0x89fb6c0
5519,610,0,0x8a97400
5520,555,0,0x8b33140
5521,546,0,0x8bcee80
5522,558,0,0x8c6abc0
5523,1066,0,0x8d06900
5524,581,0,0x8da2640
5525,537,0,0x8e3e380
5526,622,0,0x8eda0c0
5527,588,0,0x8f75e00
5528,562,0,0x9011b40
5529,599,0,0x90ad880
5530,624,0,0x91495c0
5531,592,0,0x91e5300
5532,605,0,0x9281040
5533,798,0,0x931cd80
5534,9352,0,0x93b8ac0
5535,770,0,0x9454800
5536,792,0,0x94f0540
5537,557,0,0x958c280
5538,838,0,0x9627fc0
5539,44067,0,0x96c3d00
5540,46055,0,0x97fb780
5541,862,0,0x98974c0
5542,785,0,0x9933200
5543,10657,0,0x99cef40
5544,964,0,0x9a6ac80
5545,618,0,0x9b069c0
5546,589,0,0x9ba2700
5547,567,0,0x9c3e440
5548,791,0,0x9cda180
5549,35978,0,0x9d75ec0
5550,548,0,0x9e11c00
5551,804,0,0x9ead940
5552,571,0,0x9f49680
5553,577,0,0x9fe53c0
5554,803,0,0xa081100
5555,100837,0,0xa11ce40
5556,976,0,0xa1b8b80
5557,615,0,0xa2548c0
5558,589,0,0xa2f0600
5559,588,0,0xa38c340
5560,562,0,0xa428080
5561,606,0,0xa4c3dc0
5562,576,0,0xa55fb00
5563,781,0,0xa5fb840
5564,598,0,0xa697580
5565,573,0,0xa7332c0
5566,554,0,0xa7cf000
5567,605,0,0xa86ad40
5568,656,0,0xa906a80
5569,854,0,0xa9a27c0
5570,1252,0,0xaa3e500
5571,770,0,0xaada240
5572,571,0,0xab75f80
5573,582,0,0xac11cc0
5574,556,0,0xacada00
5575,765,0,0xad49740
5576,544,0,0xade5480
5577,525,0,0xae811c0
5578,790,0,0xaf1cf00
5579,601,0,0xafb8c40
5580,597,0,0xb054980
5581,643,0,0xb0f06c0
5582,862,0,0xb18c400
5583,24380,0,0xb228140
5584,742,0,0xb2c3e80
5585,1222,0,0xb35fbc0
5586,551,0,0xb3fb900
5587,807,0,0xb497640
5588,596,0,0xb533380
5589,1803,0,0xb5cf0c0
5590,1376,0,0xb66ae00
5591,2101,0,0xb706b40
5592,54067,0,0xb83e5c0
5593,979,0,0xb8da300
5594,623,0,0xb976040
5595,573,0,0xba11d80
5596,564,0,0xbaadac0
5597,824,0,0xbb49800
5598,594,0,0xbbe5540
5599,749,0,0xbc81280
5600,1424,0,0xbd1cfc0
5601,818,0,0xbdb8d00
5602,613,0,0xbe54a40
5603,568,0,0xbef0780
5604,822,0,0xbf8c4c0
5605,544,0,0xc028200
5606,605,0,0xc0c3f40
5607,772,0,0xc15fc80
5608,544,0,0xc1fb9c0
5609,809,0,0xc297700
5610,575,0,0xc333440
5611,568,0,0xc3cf180
5612,1008,0,0xc46aec0
5613,593,0,0xc506c00
5614,557,0,0xc5a2940
5615,799,0,0xc63e680
5616,21432,0,0xc6da3c0
5617,1678,0,0xc776100
5618,66839,0,0xc8adb80
5619,822,0,0xc9498c0
5620,541,0,0xc9e5600
5621,4993,0,0xca81340
5622,792,0,0xcb1d080
5623,566,0,0xcbb8dc0
5624,622,0,0xcc54b00
5625,746,0,0xccf0840
5626,595,0,0xcd8c580
5627,584,0,0xce282c0
5628,549,0,0xcec4000
5629,593,0,0xcf5fd40
5630,892,0,0xcffba80
5631,13690,0,0xd0977c0
5632,1385,0,0xd133500
5633,67473,0,0xd26af80
5634,1019,0,0xd306cc0
5635,587,0,0xd3a2a00
5636,1243,0,0xd43e740
5637,972,0,0xd4da480
5638,627,0,0xd5761c0
5639,573,0,0xd611f00
5640,591,0,0xd6adc40
5641,801,0,0xd749980
5642,7147,0,0xd7e56c0
5643,579,0,0xd881400
5644,588,0,0xd91d140
5645,587,0,0xd9b8e80
5646,638,0,0xda54bc0
5647,987,0,0xdaf0900
5648,583,0,0xdb8c640
5649,879,0,0xdc28380
5650,8996,0,0xdcc40c0
5651,912,0,0xdd5fe00
5652,75548,0,0xde97880
5653,741,0,0xdf335c0
5654,650,0,0xdfcf300
5655,780,0,0xe06b040
5656,565,0,0xe106d80
5657,627,0,0xe1a2ac0
5658,510,0,0xe23e800
5659,625,0,0xe2da540
5660,752,0,0xe376280
5661,614,0,0xe411fc0
5662,781,0,0xe4add00
5663,2992,0,0xe549a40
5664,506,0,0xe5e5780
5665,768,0,0xe6814c0
5666,537,0,0xe71d200
5667,603,0,0xe7b8f40
5668,788,0,0xe854c80
5669,794,0,0xe8f09c0
5670,575,0,0xe98c700
5671,579,0,0xea28440
5672,808,0,0xeac4180
5673,589,0,0xeb5fec0
5674,606,0,0xebfbc00
5675,2157,0,0xec97940
5676,574,0,0xed33680
5677,785,0,0xedcf3c0
5678,559,0,0xee6b100
5679,814,0,0xef06e40
5680,576,0,0xefa2b80
5681,830,0,0xf03e8c0
5682,138105,0,0xf0da600
5683,9994,0,0xf176340
5684,817,0,0xf212080
5685,8457,0,0xf2addc0
5686,1014,0,0xf349b00
5687,750,0,0xf3e5840
5688,574,0,0xf481580
5689,832,0,0xf51d2c0
5690,133025,0,0xf5b9000
5691,589,0,0xf654d40
5692,627,0,0xf6f0a80
5693,1010,0,0xf78c7c0
5694,547,0,0xf828500
5695,539,0,0xf8c4240
5696,588,0,0xf95ff80
5697,595,0,0xf9fbcc0
5698,585,0,0xfa97a00
5699,1029,0,0xfb33740
5700,586,0,0xfbcf480
5701,965,0,0xfc6b1c0
5702,1877,0,0xfd06f00
5703,1007,0,0xfda2c40
5704,103444,0,0xfeda6c0
5705,1304,0,0xff76400
5706,1655,0,0x10012140
5707,798,0,0x100ade80
5708,154881,0,0x10149bc0
5709,751,0,0x101e5900
5710,761,0,0x10281640
5711,540,0,0x1031d380
5712,94214,0,0x10454e00
5713,827,0,0x104f0b40
5714,1042,0,0x1058c880
5715,1244,0,0x106285c0
5716,967,0,0x106c4300
5717,796,0,0x10760040
5718,999,0,0x107fbd80
5719,601,0,0x10897ac0
5720,1963,0,0x10933800
5721,793,0,0x109cf540
5722,797,0,0x10a6b280
5723,145670,0,0x10b06fc0
5724,734,0,0x10ba2d00
5725,582,0,0x10c3ea40
5726,825,0,0x10cda780
5727,972,0,0x10d764c0
5728,99369,0,0x10eadf40
5729,559,0,0x10f49c80
5730,100500,0,0x11081700
5731,821,0,0x1111d440
5732,525,0,0x111b9180
5733,103078,0,0x112f0c00
5734,785,0,0x1138c940
5735,754,0,0x11428680
5736,339,0,0x114c43c0
5737,680,0,0x11560100
5738,2002,0,0x115fbe40
5739,1304,0,0x11697b80
5740,1007,0,0x117338c0
5741,151085,0,0x117cf600
5742,822,0,0x1186b340
5743,1894,0,0x11907080
5744,755,0,0x119a2dc0
5745,827,0,0x11a3eb00
5746,802,0,0x11ada840
5747,2085,0,0x11b76580
5748,91017,0,0x11cae000
5749,789,0,0x11d49d40
5750,798,0,0x11de5a80
5751,778,0,0x11e817c0
5752,1859,0,0x11f1d500
5753,74035,0,0x12054f80
5754,1165,0,0x120f0cc0
5755,104450,0,0x12228740
5756,2312,0,0x122c4480
5757,99768,0,0x123fbf00
5758,753,0,0x12497c40
5759,1778,0,0x12533980
5760,773,0,0x125cf6c0
5761,1422,0,0x1266b400
5762,1037,0,0x12707140
5763,602,0,0x127a2e80
5764,1258,0,0x1283ebc0
5765,434,0,0x128da900
5766,1716,0,0x12976640
5767,1250,0,0x12a12380
5768,775,0,0x12aae0c0
5769,963,0,0x12b49e00
5770,765,0,0x12be5b40
5771,144180,0,0x12c81880
5772,502,0,0x12d1d5c0
5773,1722,0,0x12db9300
5774,2512,0,0x12e55040
5775,871,0,0x12ef0d80
5776,611,0,0x12f8cac0
5777,598,0,0x13028800
5778,565,0,0x130c4540
5779,100620,0,0x131fbfc0
5780,1963,0,0x13297d00
5781,1482,0,0x13333a40
5782,2543,0,0x133cf780
5783,1093,0,0x1346b4c0
5784,1518,0,0x13507200
5785,603,0,0x135a2f40
5786,302,0,0x1363ec80
5787,1822,0,0x136da9c0
5788,113551,0,0x13812440
5789,1226,0,0x138ae180
5790,1236,0,0x13949ec0
5791,1081,0,0x139e5c00
5792,4732,0,0x13a81940
5793,587,0,0x13b1d680
5794,560,0,0x13bb93c0
5795,942,0,0x13c55100
5796,104344,0,0x13d8cb80
5797,623,0,0x13e288c0
5798,1693,0,0x13ec4600
5799,1932,0,0x13f60340
5800,830,0,0x13ffc080
5801,593,0,0x14097dc0
5802,803,0,0x14133b00
5803,7196,0,0x141cf840
5804,1414,0,0x1426b580
5805,613,0,0x143072c0
5806,597,0,0x143a3000
5807,135314,0,0x1443ed40
5808,842,0,0x144daa80
5809,2141,0,0x145767c0
5810,873,0,0x14612500
5811,740,0,0x146ae240
5812,769,0,0x14749f80
5813,93963,0,0x14881a00
5814,570,0,0x1491d740
5815,590,0,0x149b9480
5816,816,0,0x14a551c0
5817,555,0,0x14af0f00
5818,580,0,0x14b8cc40
5819,661,0,0x14c28980
5820,493,0,0x14cc46c0
5821,811,0,0x14d60400
5822,1545,0,0x14dfc140
5823,1716,0,0x14e97e80
5824,782,0,0x14f33bc0
5825,618,0,0x14fcf900
5826,667,0,0x1506b640
5827,579,0,0x15107380
5828,882,0,0x151a30c0
5829,802,0,0x1523ee00
5830,607,0,0x152dab40
5831,599,0,0x15376880
5832,789,0,0x154125c0
5833,147031,0,0x154ae300
5834,2839,0,0x1554a040
5835,726,0,0x155e5d80
5836,752,0,0x15681ac0
5837,1991,0,0x1571d800
5838,548,0,0x157b9540
5839,745,0,0x15855280
5840,879,0,0x158f0fc0
5841,548,0,0x1598cd00
5842,801,0,0x15a28a40
5843,147321,0,0x15ac4780
5844,801,0,0x15b604c0
5845,738,0,0x15bfc200
5846,592,0,0x15c97f40
5847,579,0,0x15d33c80
5848,504,0,0x15dcf9c0
5849,586,0,0x15e6b700
5850,2346,0,0x15f07440
5851,99264,0,0x1603eec0
5852,782,0,0x160dac00
5853,4245,0,0x16176940
5854,4115,0,0x16212680
5855,1011,0,0x162ae3c0
5856,147527,0,0x1634a100
5857,581,0,0x163e5e40
5858,666,0,0x16481b80
5859,927,0,0x1651d8c0
5860,1036,0,0x165b9600
5861,2373,0,0x16655340
5862,101223,0,0x1678cdc0
5863,3662,0,0x16828b00
5864,2609,0,0x168c4840
5865,1019,0,0x16960580
5866,790,0,0x169fc2c0
5867,1126,0,0x16a98000
5868,512,0,0x16b33d40
5869,744,0,0x16bcfa80
5870,649,0,0x16c6b7c0
5871,771,0,0x16d07500
5872,147897,0,0x16da3240
5873,740,0,0x16e3ef80
5874,607,0,0x16edacc0
5875,519,0,0x16f76a00
5876,2664,0,0x17012740
5877,1025,0,0x170ae480
5878,2148,0,0x1714a1c0
5879,807,0,0x171e5f00
5880,610,0,0x17281c40
5881,987,0,0x1731d980
5882,1004,0,0x173b96c0
5883,535,0,0x17455400
5884,571,0,0x174f1140
5885,716,0,0x1758ce80
5886,584,0,0x17628bc0
5887,612,0,0x176c4900
5888,735,0,0x17760640
5889,581,0,0x177fc380
5890,979,0,0x178980c0
5891,718,0,0x17933e00
5892,595,0,0x179cfb40
5893,568,0,0x17a6b880
5894,747,0,0x17b075c0
5895,515,0,0x17ba3300
5896,760,0,0x17c3f040
5897,133955,0,0x17cdad80
5898,717,0,0x17d76ac0
5899,597,0,0x17e12800
5900,21656,0,0x17eae540
5901,797,0,0x17f4a280
5902,682,0,0x17fe5fc0
5903,721,0,0x18081d00
5904,132933,0,0x1811da40
5905,1448,0,0x181b9780
5906,304,0,0x182554c0
5907,99256,0,0x1838cf40
5908,2156,0,0x18428c80
5909,983,0,0x184c49c0
5910,1331,0,0x18560700
5911,2098,0,0x185fc440
5912,811,0,0x18698180
5913,786,0,0x18733ec0
5914,9997,0,0x187cfc00
5915,1184,0,0x1886b940
5916,536,0,0x18907680
5917,643,0,0x189a33c0
5918,597,0,0x18a3f100
5919,734,0,0x18adae40
5920,575,0,0x18b76b80
5921,546,0,0x18c128c0
5922,772,0,0x18cae600
5923,843,0,0x18d4a340
5924,532,0,0x18de6080
5925,577,0,0x18e81dc0
5926,536,0,0x18f1db00
5927,513,0,0x18fb9840
5928,618,0,0x19055580
5929,594,0,0x190f12c0
5930,1239,0,0x1918d000
5931,963,0,0x19228d40
5932,766,0,0x192c4a80
5933,536,0,0x193607c0
5934,577,0,0x193fc500
5935,795,0,0x19498240
5936,567,0,0x19533f80
5937,539,0,0x195cfcc0
5938,812,0,0x1966ba00
5939,121249,0,0x19707740
5940,1784,0,0x197a3480
5941,1015,0,0x1983f1c0
5942,580,0,0x198daf00
5943,580,0,0x19976c40
5944,810,0,0x19a12980
5945,29458,0,0x19aae6c0
5946,787,0,0x19b4a400
5947,548,0,0x19be6140
5948,580,0,0x19c81e80
5949,779,0,0x19d1dbc0
5950,566,0,0x19db9900
5951,592,0,0x19e55640
5952,766,0,0x19ef1380
5953,116916,0,0x19f8d0c0
5954,311,0,0x1a028e00
5955,1280,0,0x1a0c4b40
5956,1724,0,0x1a160880
5957,99179,0,0x1a298300
5958,430,0,0x1a334040
5959,2461,0,0x1a3cfd80
5960,1015,0,0x1a46bac0
5961,729,0,0x1a507800
5962,650,0,0x1a5a3540
5963,809,0,0x1a63f280
5964,606,0,0x1a6dafc0
5965,816,0,0x1a776d00
5966,25074,0,0x1a812a40
5967,735,0,0x1a8ae780
5968,517,0,0x1a94a4c0
5969,760,0,0x1a9e6200
5970,537,0,0x1aa81f40
5971,765,0,0x1ab1dc80
5972,990,0,0x1abb99c0
5973,532,0,0x1ac55700
5974,611,0,0x1acf1440
5975,834,0,0x1ad8d180
5976,115360,0,0x1ae28ec0
5977,793,0,0x1aec4c00
5978,595,0,0x1af60940
5979,1676,0,0x1affc680
5980,592,0,0x1b0983c0
5981,591,0,0x1b134100
5982,615,0,0x1b1cfe40
5983,589,0,0x1b26bb80
5984,810,0,0x1b3078c0
5985,579,0,0x1b3a3600
5986,609,0,0x1b43f340
5987,570,0,0x1b4db080
5988,657,0,0x1b576dc0
5989,63237,0,0x1b612b00
5990,1032,0,0x1b6ae840
5991,600,0,0x1b74a580
5992,629,0,0x1b7e62c0
5993,850,0,0x1b882000
5994,1907,0,0x1b91dd40
5995,807,0,0x1b9b9a80
5996,4928,0,0x1ba557c0
5997,1047,0,0x1baf1500
5998,624,0,0x1bb8d240
5999,577,0,0x1bc28f80
6000,545,0,0x1bcc4cc0
6001,616,0,0x1bd60a00
6002,620,0,0x1bdfc740
6003,597,0,0x1be98480
6004,540,0,0x1bf341c0
6005,1414,0,0x1bfcff00
6006,596,0,0x1c06bc40
6007,509,0,0x1c107980
6008,632,0,0x1c1a36c0
6009,588,0,0x1c23f400
6010,619,0,0x1c2db140
6011,619,0,0x1c376e80
6012,621,0,0x1c412bc0
6013,746,0,0x1c4ae900
6014,10904,0,0x1c54a640
6015,596,0,0x1c5e6380
6016,951,0,0x1c6820c0
6017,611,0,0x1c71de00
6018,612,0,0x1c7b9b40
6019,815,0,0x1c855880
6020,524,0,0x1c8f15c0
6021,880,0,0x1c98d300
6022,545,0,0x1ca29040
6023,717,0,0x1cac4d80
6024,916,0,0x1cb60ac0
6025,1159,0,0x1cbfc800
6026,838,0,0x1cc98540
6027,947,0,0x1cd34280
6028,511,0,0x1cdcffc0
6029,840,0,0x1ce6bd00
6030,525,0,0x1cf07a40
6031,774,0,0x1cfa3780
6032,103330,0,0x1d03f4c0
6033,1203,0,0x1d0db200
6034,617,0,0x1d176f40
6035,1870,0,0x1d212c80
6036,1125,0,0x1d2ae9c0
6037,751,0,0x1d34a700
6038,525,0,0x1d3e6440
6039,1207,0,0x1d482180
6040,997,0,0x1d51dec0
6041,592,0,0x1d5b9c00
6042,577,0,0x1d655940
6043,994,0,0x1d6f1680
6044,592,0,0x1d78d3c0
6045,596,0,0x1d829100
6046,844,0,0x1d8c4e40
6047,538,0,0x1d960b80
6048,589,0,0x1d9fc8c0
6049,566,0,0x1da98600
6050,640,0,0x1db34340
6051,997,0,0x1dbd0080
6052,596,0,0x1dc6bdc0
6053,881,0,0x1dd07b00
6054,827,0,0x1dda3840
6055,1007,0,0x1de3f580
6056,539,0,0x1dedb2c0
6057,593,0,0x1df77000
6058,568,0,0x1e012d40
6059,544,0,0x1e0aea80
6060,522,0,0x1e14a7c0
6061,769,0,0x1e1e6500
6062,22253,0,0x1e282240
6063,740,0,0x1e31df80
6064,768,0,0x1e3b9cc0
6065,569,0,0x1e455a00
6066,815,0,0x1e4f1740
6067,104432,0,0x1e58d480
6068,590,0,0x1e6291c0
6069,585,0,0x1e6c4f00
6070,517,0,0x1e760c40
6071,783,0,0x1e7fc980
6072,574,0,0x1e8986c0
6073,560,0,0x1e934400
6074,608,0,0x1e9d0140
6075,584,0,0x1ea6be80
6076,564,0,0x1eb07bc0
6077,1041,0,0x1eba3900
6078,610,0,0x1ec3f640
6079,755,0,0x1ecdb380
6080,546,0,0x1ed770c0
6081,610,0,0x1ee12e00
6082,607,0,0x1eeaeb40
6083,749,0,0x1ef4a880
6084,2844,0,0x1efe65c0
6085,752,0,0x1f082300
6086,533,0,0x1f11e040
6087,515,0,0x1f1b9d80
6088,822,0,0x1f255ac0
6089,3269,0,0x1f2f1800
6090,757,0,0x1f38d540
6091,619,0,0x1f429280
6092,560,0,0x1f4c4fc0
6093,572,0,0x1f560d00
6094,756,0,0x1f5fca40
6095,579,0,0x1f698780
6096,617,0,0x1f7344c0
6097,613,0,0x1f7d0200
6098,797,0,0x1f86bf40
6099,18015,0,0x1f907c80
6100,552,0,0x1f9a39c0
6101,732,0,0x1fa3f700
6102,584,0,0x1fadb440
6103,629,0,0x1fb77180
6104,736,0,0x1fc12ec0
6105,577,0,0x1fcaec00
6106,1174,0,0x1fd4a940
6107,524,0,0x1fde6680
6108,631,0,0x1fe823c0
6109,755,0,0x1ff1e100
6110,537,0,0x1ffb9e40
6111,853,0,0x20055b80
6112,540,0,0x200f18c0
6113,564,0,0x2018d600
6114,766,0,0x20229340
6115,606,0,0x202c5080
6116,590,0,0x20360dc0
6117,710,0,0x203fcb00
6118,587,0,0x20498840
6119,793,0,0x20534580
6120,100829,0,0x205d02c0
6121,6528,0,0x2066c000
6122,794,0,0x20707d40
6123,574,0,0x207a3a80
6124,584,0,0x2083f7c0
6125,590,0,0x208db500
6126,671,0,0x20977240
6127,779,0,0x20a12f80
6128,554,0,0x20aaecc0
6129,574,0,0x20b4aa00
6130,641,0,0x20be6740
6131,604,0,0x20c82480
6132,612,0,0x20d1e1c0
6133,757,0,0x20db9f00
6134,507,0,0x20e55c40
6135,79285,0,0x20f8d6c0
6136,577,0,0x21029400
6137,734,0,0x210c5140
6138,639,0,0x21160e80
6139,570,0,0x211fcbc0
6140,614,0,0x21298900
6141,586,0,0x21334640
6142,644,0,0x213d0380
6143,849,0,0x2146c0c0
6144,748,0,0x21507e00
6145,10007,0,0x215a3b40
6146,1917,0,0x2163f880
6147,608,0,0x216db5c0
6148,543,0,0x21777300
6149,854,0,0x21813040
6150,29663,0,0x218aed80
6151,743,0,0x2194aac0
6152,766,0,0x219e6800
6153,110116,0,0x21a82540
6154,656,0,0x21b1e280
6155,623,0,0x21bb9fc0
6156,767,0,0x21c55d00
6157,814,0,0x21cf1a40
6158,1013,0,0x21d8d780
6159,548,0,0x21e294c0
6160,621,0,0x21ec5200
6161,620,0,0x21f60f40
6162,609,0,0x21ffcc80
6163,798,0,0x220989c0
6164,592,0,0x22134700
6165,491,0,0x221d0440
6166,745,0,0x2226c180
6167,593,0,0x22307ec0
6168,655,0,0x223a3c00
6169,281,0,0x2243f940
6170,94386,0,0x225773c0
6171,827,0,0x22613100
6172,606,0,0x226aee40
6173,27111,0,0x2274ab80
6174,776,0,0x227e68c0
6175,565,0,0x22882600
6176,823,0,0x2291e340
6177,120900,0,0x229ba080
6178,1037,0,0x22a55dc0
6179,1669,0,0x22af1b00
6180,888,0,0x22b8d840
6181,316,0,0x22c29580
6182,644,0,0x22cc52c0
6183,94185,0,0x22dfcd40
6184,835,0,0x22e98a80
6185,4113,0,0x22f347c0
6186,1067,0,0x22fd0500
6187,778,0,0x2306c240
6188,639,0,0x23107f80
6189,623,0,0x231a3cc0
6190,763,0,0x2323fa00
6191,596,0,0x232db740
6192,603,0,0x23377480
6193,586,0,0x234131c0
6194,590,0,0x234aef00
6195,645,0,0x2354ac40
6196,617,0,0x235e6980
6197,609,0,0x236826c0
6198,747,0,0x2371e400
6199,595,0,0x237ba140
6200,589,0,0x23855e80
6201,572,0,0x238f1bc0
6202,798,0,0x2398d900
6203,11737,0,0x23a29640
6204,991,0,0x23ac5380
6205,971,0,0x23b610c0
6206,764,0,0x23bfce00
6207,546,0,0x23c98b40
6208,592,0,0x23d34880
6209,718,0,0x23dd05c0
6210,570,0,0x23e6c300
6211,571,0,0x23f08040
6212,546,0,0x23fa3d80
6213,772,0,0x2403fac0
6214,553,0,0x240db800
6215,586,0,0x24177540
6216,726,0,0x24213280
6217,572,0,0x242aefc0
6218,553,0,0x2434ad00
6219,585,0,0x243e6a40
6220,765,0,0x24482780
6221,108262,0,0x2451e4c0
6222,539,0,0x245ba200
6223,517,0,0x24655f40
6224,777,0,0x246f1c80
6225,1353,0,0x2478d9c0
6226,775,0,0x24829700
6227,577,0,0x248c5440
6228,902,0,0x24961180
6229,13426,0,0x249fcec0
6230,617,0,0x24a98c00
6231,591,0,0x24b34940
6232,576,0,0x24bd0680
6233,803,0,0x24c6c3c0
6234,23696,0,0x24d08100
6235,574,0,0x24da3e40
6236,609,0,0x24e3fb80
6237,749,0,0x24edb8c0
6238,108493,0,0x24f77600
6239,597,0,0x25013340
6240,786,0,0x250af080
6241,2418,0,0x2514adc0
6242,976,0,0x251e6b00
6243,619,0,0x25282840
6244,580,0,0x2531e580
6245,591,0,0x253ba2c0
6246,739,0,0x25456000
6247,600,0,0x254f1d40
6248,577,0,0x2558da80
6249,580,0,0x256297c0
6250,580,0,0x256c5500
6251,551,0,0x25761240
6252,1175,0,0x257fcf80
6253,628,0,0x25898cc0
6254,607,0,0x25934a00
6255,861,0,0x259d0740
6256,3173,0,0x25a6c480
6257,762,0,0x25b081c0
6258,578,0,0x25ba3f00
6259,572,0,0x25c3fc40
6260,591,0,0x25cdb980
6261,590,0,0x25d776c0
6262,1044,0,0x25e13400
6263,775,0,0x25eaf140
6264,572,0,0x25f4ae80
6265,646,0,0x25fe6bc0
6266,775,0,0x26082900
6267,547,0,0x2611e640
6268,1038,0,0x261ba380
6269,773,0,0x262560c0
6270,786,0,0x262f1e00
6271,565,0,0x2638db40
6272,607,0,0x26429880
6273,600,0,0x264c55c0
6274,644,0,0x26561300
6275,782,0,0x265fd040
6276,7745,0,0x26698d80
6277,856,0,0x26734ac0
6278,109120,0,0x267d0800
6279,582,0,0x2686c540
6280,790,0,0x26908280
6281,558,0,0x269a3fc0
6282,558,0,0x26a3fd00
6283,571,0,0x26adba40
6284,541,0,0x26b77780
6285,601,0,0x26c134c0
6286,581,0,0x26caf200
6287,555,0,0x26d4af40
6288,537,0,0x26de6c80
6289,601,0,0x26e829c0
6290,749,0,0x26f1e700
6291,542,0,0x26fba440
6292,596,0,0x27056180
6293,860,0,0x270f1ec0
6294,2744,0,0x2718dc00
6295,1046,0,0x27229940
6296,1001,0,0x272c5680
6297,580,0,0x273613c0
6298,600,0,0x273fd100
6299,573,0,0x27498e40
6300,609,0,0x27534b80
6301,626,0,0x275d08c0
6302,617,0,0x2766c600
6303,747,0,0x27708340
6304,12723,0,0x277a4080
6305,9089,0,0x2783fdc0
6306,758,0,0x278dbb00
6307,553,0,0x27977840
6308,785,0,0x27a13580
6309,119433,0,0x27aaf2c0
6310,905,0,0x27b4b000
6311,886,0,0x27be6d40
6312,9794,0,0x27c82a80
6313,610,0,0x27d1e7c0
6314,554,0,0x27dba500
6315,607,0,0x27e56240
6316,604,0,0x27ef1f80
6317,597,0,0x27f8dcc0
6318,630,0,0x28029a00
6319,590,0,0x280c5740
6320,580,0,0x28161480
6321,791,0,0x281fd1c0
6322,573,0,0x28298f00
6323,596,0,0x28334c40
6324,594,0,0x283d0980
6325,796,0,0x2846c6c0
6326,1070,0,0x28508400
6327,795,0,0x285a4140
6328,591,0,0x2863fe80
6329,578,0,0x286dbbc0
6330,586,0,0x28777900
6331,632,0,0x28813640
6332,603,0,0x288af380
6333,610,0,0x2894b0c0
6334,746,0,0x289e6e00
6335,575,0,0x28a82b40
6336,580,0,0x28b1e880
6337,555,0,0x28bba5c0
6338,561,0,0x28c56300
6339,631,0,0x28cf2040
6340,810,0,0x28d8dd80
6341,1013,0,0x28e29ac0
6342,1005,0,0x28ec5800
6343,553,0,0x28f61540
6344,526,0,0x28ffd280
6345,598,0,0x29098fc0
6346,775,0,0x29134d00
6347,114469,0,0x291d0a40
6348,1006,0,0x2926c780
6349,587,0,0x293084c0
6350,787,0,0x293a4200
6351,579,0,0x2943ff40
6352,638,0,0x294dbc80
6353,603,0,0x295779c0
6354,768,0,0x29613700
6355,564,0,0x296af440
6356,651,0,0x2974b180
6357,9966,0,0x297e6ec0
6358,825,0,0x29882c00
6359,592,0,0x2991e940
6360,527,0,0x299ba680
6361,807,0,0x29a563c0
6362,7798,0,0x29af2100
6363,713,0,0x29b8de40
6364,574,0,0x29c29b80
6365,546,0,0x29cc58c0
6366,838,0,0x29d61600
6367,4543,0,0x29dfd340
6368,774,0,0x29e99080
6369,560,0,0x29f34dc0
6370,618,0,0x29fd0b00
6371,572,0,0x2a06c840
6372,609,0,0x2a108580
6373,589,0,0x2a1a42c0
6374,655,0,0x2a240000
6375,597,0,0x2a2dbd40
6376,614,0,0x2a377a80
6377,596,0,0x2a4137c0
6378,656,0,0x2a4af500
6379,784,0,0x2a54b240
6380,818,0,0x2a5e6f80
6381,110656,0,0x2a682cc0
6382,987,0,0x2a71ea00
6383,548,0,0x2a7ba740
6384,610,0,0x2a856480
6385,568,0,0x2a8f21c0
6386,782,0,0x2a98df00
6387,590,0,0x2aa29c40
6388,540,0,0x2aac5980
6389,574,0,0x2ab616c0
6390,1022,0,0x2abfd400
6391,1005,0,0x2ac99140
6392,547,0,0x2ad34e80
6393,641,0,0x2add0bc0
6394,608,0,0x2ae6c900
6395,831,0,0x2af08640
6396,553,0,0x2afa4380
6397,608,0,0x2b0400c0
6398,562,0,0x2b0dbe00
6399,762,0,0x2b177b40
6400,792,0,0x2b213880
6401,574,0,0x2b2af5c0
6402,560,0,0x2b34b300
6403,557,0,0x2b3e7040
6404,626,0,0x2b482d80
6405,566,0,0x2b51eac0
6406,600,0,0x2b5ba800
6407,795,0,0x2b656540
6408,554,0,0x2b6f2280
6409,572,0,0x2b78dfc0
6410,792,0,0x2b829d00
6411,547,0,0x2b8c5a40
6412,1777,0,0x2b961780
6413,1183,0,0x2b9fd4c0
6414,1099,0,0x2ba99200
6415,12380,0,0x2bb34f40
6416,764,0,0x2bbd0c80
6417,545,0,0x2bc6c9c0
6418,604,0,0x2bd08700
6419,558,0,0x2bda4440
6420,593,0,0x2be40180
6421,565,0,0x2bedbec0
6422,622,0,0x2bf77c00
6423,1633,0,0x2c013940
6424,584,0,0x2c0af680
6425,810,0,0x2c14b3c0
6426,550,0,0x2c1e7100
6427,548,0,0x2c282e40
6428,613,0,0x2c31eb80
6429,605,0,0x2c3ba8c0
6430,754,0,0x2c456600
6431,633,0,0x2c4f2340
6432,602,0,0x2c58e080
6433,1220,0,0x2c629dc0
6434,109106,0,0x2c6c5b00
6435,800,0,0x2c761840
6436,632,0,0x2c7fd580
6437,609,0,0x2c8992c0
6438,770,0,0x2c935000
6439,1023,0,0x2c9d0d40
6440,540,0,0x2ca6ca80
6441,1226,0,0x2cb087c0
6442,585,0,0x2cba4500
6443,571,0,0x2cc40240
6444,552,0,0x2ccdbf80
6445,603,0,0x2cd77cc0
6446,804,0,0x2ce13a00
6447,982,0,0x2ceaf740
6448,1059,0,0x2cf4b480
6449,546,0,0x2cfe71c0
6450,678,0,0x2d082f00
6451,1509,0,0x2d11ec40
6452,782,0,0x2d1ba980
6453,544,0,0x2d2566c0
6454,736,0,0x2d2f2400
6455,26342,0,0x2d38e140
6456,864,0,0x2d429e80
6457,617,0,0x2d4c5bc0
6458,600,0,0x2d561900
6459,798,0,0x2d5fd640
6460,117830,0,0x2d699380
6461,1054,0,0x2d7350c0
6462,598,0,0x2d7d0e00
6463,588,0,0x2d86cb40
6464,748,0,0x2d908880
6465,420,0,0x2d9a45c0
6466,825,0,0x2da40300
6467,785,0,0x2dadc040
6468,669,0,0x2db77d80
6469,2005,0,0x2dc13ac0
6470,783,0,0x2dcaf800
6471,600,0,0x2dd4b540
6472,730,0,0x2dde7280
6473,25552,0,0x2de82fc0
6474,811,0,0x2df1ed00
6475,798,0,0x2dfbaa40
6476,120148,0,0x2e056780
6477,812,0,0x2e0f24c0
6478,989,0,0x2e18e200
6479,548,0,0x2e229f40
6480,605,0,0x2e2c5c80
6481,577,0,0x2e3619c0
6482,966,0,0x2e3fd700
6483,879,0,0x2e499440
6484,613,0,0x2e535180
6485,479,0,0x2e5d0ec0
6486,1395,0,0x2e66cc00
6487,753,0,0x2e708940
6488,1046,0,0x2e7a4680
6489,614,0,0x2e8403c0
6490,746,0,0x2e8dc100
6491,592,0,0x2e977e40
6492,561,0,0x2ea13b80
6493,1214,0,0x2eaaf8c0
6494,591,0,0x2eb4b600
6495,844,0,0x2ebe7340
6496,16568,0,0x2ec83080
6497,993,0,0x2ed1edc0
6498,592,0,0x2edbab00
6499,635,0,0x2ee56840
6500,607,0,0x2eef2580
6501,600,0,0x2ef8e2c0
6502,751,0,0x2f02a000
6503,575,0,0x2f0c5d40
6504,572,0,0x2f161a80
6505,1003,0,0x2f1fd7c0
6506,612,0,0x2f299500
6507,793,0,0x2f335240
6508,1025,0,0x2f3d0f80
6509,620,0,0x2f46ccc0
6510,622,0,0x2f508a00
6511,595,0,0x2f5a4740
6512,646,0,0x2f640480
6513,823,0,0x2f6dc1c0
6514,107016,0,0x2f777f00
6515,965,0,0x2f813c40
6516,623,0,0x2f8af980
6517,543,0,0x2f94b6c0
6518,594,0,0x2f9e7400
6519,800,0,0x2fa83140
6520,1259,0,0x2fb1ee80
6521,790,0,0x2fbbabc0
6522,562,0,0x2fc56900
6523,944,0,0x2fcf2640
6524,1009,0,0x2fd8e380
6525,811,0,0x2fe2a0c0
6526,544,0,0x2fec5e00
6527,598,0,0x2ff61b40
6528,848,0,0x2fffd880
6529,1027,0,0x300995c0
6530,772,0,0x30135300
6531,550,0,0x301d1040
6532,574,0,0x3026cd80
6533,650,0,0x30308ac0
6534,609,0,0x303a4800
6535,819,0,0x30440540
6536,596,0,0x304dc280
6537,580,0,0x30577fc0
6538,589,0,0x30613d00
6539,745,0,0x306afa40
6540,24204,0,0x3074b780
6541,109060,0,0x307e74c0
6542,784,0,0x30883200
6543,543,0,0x3091ef40
6544,572,0,0x309bac80
6545,594,0,0x30a569c0
6546,581,0,0x30af2700
6547,981,0,0x30b8e440
6548,1021,0,0x30c2a180
6549,569,0,0x30cc5ec0
6550,542,0,0x30d61c00
6551,354,0,0x30dfd940
6552,285,0,0x30e99680
6553,98563,0,0x30fd1100
6554,1436,0,0x3106ce40
6555,101431,0,0x311a48c0
6556,102294,0,0x312dc340
6557,1216,0,0x31378080
6558,100489,0,0x314afb00
6559,697,0,0x3154b840
6560,756,0,0x315e7580
6561,1490,0,0x316832c0
6562,96987,0,0x317bad40
6563,1026,0,0x31856a80
6564,827,0,0x318f27c0
6565,1372,0,0x3198e500
6566,2149,0,0x31a2a240
6567,1015,0,0x31ac5f80
6568,96842,0,0x31bfda00
6569,102845,0,0x31d35480
6570,778,0,0x31dd11c0
6571,734,0,0x31e6cf00
6572,2336,0,0x31f08c40
6573,100218,0,0x320406c0
6574,1917,0,0x320dc400
6575,2024,0,0x32178140
6576,292,0,0x32213e80
6577,1682,0,0x322afbc0
6578,1876,0,0x3234b900
6579,1266,0,0x323e7640
6580,596,0,0x32483380
6581,87496,0,0x325bae00
6582,718,0,0x32656b40
6583,746,0,0x326f2880
6584,1009,0,0x3278e5c0
6585,621,0,0x3282a300
6586,616,0,0x328c6040
6587,569,0,0x32961d80
6588,804,0,0x329fdac0
6589,515,0,0x32a99800
6590,593,0,0x32b35540
6591,798,0,0x32bd1280
6592,4657,0,0x32c6cfc0
6593,2452,0,0x32d08d00
6594,92049,0,0x32e40780
6595,510,0,0x32edc4c0
6596,754,0,0x32f78200
6597,5249,0,0x33013f40
6598,980,0,0x330afc80
6599,3306,0,0x3314b9c0
6600,84095,0,0x33283440
6601,535,0,0x3331f180
6602,327,0,0x333baec0
6603,98283,0,0x334f2940
6604,783,0,0x3358e680
6605,1158,0,0x3362a3c0
6606,3900,0,0x336c6100
6607,791,0,0x33761e40
6608,810,0,0x337fdb80
6609,1004,0,0x338998c0
6610,97632,0,0x339d1340
6611,603,0,0x33a6d080
6612,1437,0,0x33b08dc0
6613,1881,0,0x33ba4b00
6614,2385,0,0x33c40840
6615,101207,0,0x33d782c0
6616,119722,0,0x33eafd40
6617,112765,0,0x33fe77c0
6618,477,0,0x34083500
6619,1899,0,0x3411f240
6620,2084,0,0x341baf80
6621,297,0,0x34256cc0
6622,866,0,0x342f2a00
6623,95492,0,0x3442a480
6624,814,0,0x344c61c0
6625,771,0,0x34561f00
6626,797,0,0x345fdc40
6627,3698,0,0x34699980
6628,2599,0,0x347356c0
6629,336,0,0x347d1400
6630,538,0,0x3486d140
6631,1978,0,0x34908e80
6632,1073,0,0x349a4bc0
6633,974,0,0x34a40900
6634,858,0,0x34adc640
6635,609,0,0x34b78380
6636,606,0,0x34c140c0
6637,588,0,0x34cafe00
6638,655,0,0x34d4bb40
6639,844,0,0x34de7880
6640,137948,0,0x34e835c0
6641,781,0,0x34f1f300
6642,539,0,0x34fbb040
6643,578,0,0x35056d80
6644,556,0,0x350f2ac0
6645,558,0,0x3518e800
6646,624,0,0x3522a540
6647,825,0,0x352c6280
6648,588,0,0x35361fc0
6649,800,0,0x353fdd00
6650,1256,0,0x35499a40
6651,734,0,0x35535780
6652,1050,0,0x355d14c0
6653,714,0,0x3566d200
6654,569,0,0x35708f40
6655,616,0,0x357a4c80
6656,736,0,0x358409c0
6657,576,0,0x358dc700
6658,749,0,0x35978440
6659,995,0,0x35a14180
6660,657,0,0x35aafec0
6661,788,0,0x35b4bc00
6662,1021,0,0x35be7940
6663,561,0,0x35c83680
6664,778,0,0x35d1f3c0
6665,870,0,0x35dbb100
6666,135231,0,0x35e56e40
6667,794,0,0x35ef2b80
6668,749,0,0x35f8e8c0
6669,600,0,0x3602a600
6670,670,0,0x360c6340
6671,942,0,0x36162080
6672,1316,0,0x361fddc0
6673,743,0,0x36299b00
6674,600,0,0x36335840
6675,573,0,0x363d1580
6676,1096,0,0x3646d2c0
6677,633,0,0x36509000
6678,586,0,0x365a4d40
6679,616,0,0x36640a80
6680,2750,0,0x366dc7c0
6681,489,0,0x36778500
6682,950,0,0x36814240
6683,524,0,0x368aff80
6684,796,0,0x3694bcc0
6685,637,0,0x369e7a00
6686,2172,0,0x36a83740
6687,833,0,0x36b1f480
6688,619,0,0x36bbb1c0
6689,754,0,0x36c56f00
6690,534,0,0x36cf2c40
6691,873,0,0x36d8e980
6692,134261,0,0x36e2a6c0
6693,610,0,0x36ec6400
6694,591,0,0x36f62140
6695,587,0,0x36ffde80
6696,631,0,0x37099bc0
6697,582,0,0x37135900
6698,573,0,0x371d1640
6699,826,0,0x3726d380
6700,3156,0,0x373090c0
6701,794,0,0x373a4e00
6702,602,0,0x37440b40
6703,575,0,0x374dc880
6704,596,0,0x375785c0
6705,636,0,0x37614300
6706,623,0,0x376b0040
6707,643,0,0x3774bd80
6708,560,0,0x377e7ac0
6709,87911,0,0x3791f540
6710,1090,0,0x379bb280
6711,994,0,0x37a56fc0
6712,593,0,0x37af2d00
6713,586,0,0x37b8ea40
6714,599,0,0x37c2a780
6715,565,0,0x37cc64c0
6716,542,0,0x37d62200
6717,614,0,0x37dfdf40
6718,853,0,0x37e99c80
6719,885,0,0x37f359c0
6720,1834,0,0x37fd1700
6721,300,0,0x3806d440
6722,1078,0,0x38109180
6723,148443,0,0x381a4ec0
6724,783,0,0x38240c00
6725,582,0,0x382dc940
6726,1064,0,0x38378680
6727,2075,0,0x384143c0
6728,100023,0,0x3854be40
6729,918,0,0x385e7b80
6730,4072,0,0x386838c0
6731,1175,0,0x3871f600
6732,597,0,0x387bb340
6733,626,0,0x38857080
6734,768,0,0x388f2dc0
6735,559,0,0x3898eb00
6736,1024,0,0x38a2a840
6737,1004,0,0x38ac6580
6738,556,0,0x38b622c0
6739,571,0,0x38bfe000
6740,589,0,0x38c99d40
6741,819,0,0x38d35a80
6742,141093,0,0x38dd17c0
6743,781,0,0x38e6d500
6744,756,0,0x38f09240
6745,617,0,0x38fa4f80
6746,513,0,0x39040cc0
6747,99149,0,0x39178740
6748,1285,0,0x39214480
6749,102192,0,0x3934bf00
6750,758,0,0x393e7c40
6751,747,0,0x39483980
6752,607,0,0x3951f6c0
6753,798,0,0x395bb400
6754,716,0,0x39657140
6755,3355,0,0x396f2e80
6756,97175,0,0x3982a900
6757,360,0,0x398c6640
6758,99932,0,0x399fe0c0
6759,876,0,0x39a99e00
6760,6740,0,0x39b35b40
6761,726,0,0x39bd1880
6762,758,0,0x39c6d5c0
6763,808,0,0x39d09300
6764,146499,0,0x39da5040
6765,502,0,0x39e40d80
6766,615,0,0x39edcac0
6767,781,0,0x39f78800
6768,7798,0,0x3a014540
6769,820,0,0x3a0b0280
6770,577,0,0x3a14bfc0
6771,565,0,0x3a1e7d00
6772,636,0,0x3a283a40
6773,618,0,0x3a31f780
6774,604,0,0x3a3bb4c0
6775,596,0,0x3a457200
6776,636,0,0x3a4f2f40
6777,614,0,0x3a58ec80
6778,600,0,0x3a62a9c0
6779,595,0,0x3a6c6700
6780,541,0,0x3a762440
6781,990,0,0x3a7fe180
6782,551,0,0x3a899ec0
6783,631,0,0x3a935c00
6784,572,0,0x3a9d1940
6785,972,0,0x3aa6d680
6786,544,0,0x3ab093c0
6787,597,0,0x3aba5100
6788,621,0,0x3ac40e40
6789,1011,0,0x3acdcb80
6790,127267,0,0x3ad788c0
6791,481,0,0x3ae14600
6792,97780,0,0x3af4c080
6793,645,0,0x3afe7dc0
6794,1106,0,0x3b083b00
6795,466,0,0x3b11f840
6796,2028,0,0x3b1bb580
6797,1028,0,0x3b2572c0
6798,2691,0,0x3b2f3000
6799,56724,0,0x3b42aa80
6800,776,0,0x3b4c67c0
6801,843,0,0x3b562500
6802,98546,0,0x3b699f80
6803,583,0,0x3b735cc0
6804,800,0,0x3b7d1a00
6805,549,0,0x3b86d740
6806,533,0,0x3b909480
6807,2662,0,0x3b9a51c0
6808,98421,0,0x3badcc40
6809,754,0,0x3bb78980
6810,781,0,0x3bc146c0
6811,1649,0,0x3bcb0400
6812,1256,0,0x3bd4c140
6813,755,0,0x3bde7e80
6814,650,0,0x3be83bc0
6815,786,0,0x3bf1f900
6816,590,0,0x3bfbb640
6817,817,0,0x3c057380
6818,38360,0,0x3c0f30c0
6819,579,0,0x3c18ee00
6820,638,0,0x3c22ab40
6821,758,0,0x3c2c6880
6822,551,0,0x3c3625c0
6823,618,0,0x3c3fe300
6824,595,0,0x3c49a040
6825,792,0,0x3c535d80
6826,576,0,0x3c5d1ac0
6827,844,0,0x3c66d800
6828,101237,0,0x3c709540
6829,2697,0,0x3c7a5280
6830,99975,0,0x3c8dcd00
6831,270,0,0x3c978a40
6832,1774,0,0x3ca14780
6833,100304,0,0x3cb4c200
6834,941,0,0x3cbe7f40
6835,610,0,0x3cc83c80
6836,767,0,0x3cd1f9c0
6837,44060,0,0x3cdbb700
6838,652,0,0x3ce57440
6839,783,0,0x3cef3180
6840,552,0,0x3cf8eec0
6841,1250,0,0x3d02ac00
6842,1413,0,0x3d0c6940
6843,1195,0,0x3d162680
6844,102458,0,0x3d1fe3c0
6845,780,0,0x3d29a100
6846,768,0,0x3d335e40
6847,712,0,0x3d3d1b80
6848,1876,0,0x3d46d8c0
6849,756,0,0x3d509600
6850,852,0,0x3d5a5340
6851,542,0,0x3d641080
6852,558,0,0x3d6dcdc0
6853,768,0,0x3d778b00
6854,44840,0,0x3d814840
6855,584,0,0x3d8b0580
6856,554,0,0x3d94c2c0
6857,610,0,0x3d9e8000
6858,607,0,0x3da83d40
6859,604,0,0x3db1fa80
6860,607,0,0x3dbbb7c0
6861,988,0,0x3dc57500
6862,526,0,0x3dcf3240
6863,531,0,0x3dd8ef80
6864,604,0,0x3de2acc0
6865,614,0,0x3dec6a00
6866,588,0,0x3df62740
6867,620,0,0x3dffe480
6868,601,0,0x3e09a1c0
6869,567,0,0x3e135f00
6870,1024,0,0x3e1d1c40
6871,86973,0,0x3e26d980
6872,821,0,0x3e3096c0
6873,1015,0,0x3e3a5400
6874,633,0,0x3e441140
6875,815,0,0x3e4dce80
6876,809,0,0x3e578bc0
6877,621,0,0x3e614900
6878,778,0,0x3e6b0640
6879,2095,0,0x3e74c380
6880,807,0,0x3e7e80c0
6881,570,0,0x3e883e00
6882,552,0,0x3e91fb40
6883,548,0,0x3e9bb880
6884,762,0,0x3ea575c0
6885,47443,0,0x3eaf3300
6886,562,0,0x3eb8f040
6887,580,0,0x3ec2ad80
6888,560,0,0x3ecc6ac0
6889,619,0,0x3ed62800
6890,574,0,0x3edfe540
6891,605,0,0x3ee9a280
6892,793,0,0x3ef35fc0
6893,825,0,0x3efd1d00
6894,607,0,0x3f06da40
6895,584,0,0x3f109780
6896,536,0,0x3f1a54c0
6897,791,0,0x3f241200
6898,88380,0,0x3f2dcf40
6899,806,0,0x3f378c80
6900,747,0,0x3f4149c0
6901,477,0,0x3f4b0700
6902,1555,0,0x3f54c440
6903,6864,0,0x3f683ec0
6904,830,0,0x3f71fc00
6905,83019,0,0x3f7bb940
6906,1675,0,0x3f857680
6907,867,0,0x3f8f33c0
6908,1838,0,0x3f98f100
6909,966,0,0x3fa2ae40
6910,512,0,0x3fac6b80
6911,754,0,0x3fb628c0
6912,552,0,0x3fbfe600
6913,760,0,0x3fc9a340
6914,55422,0,0x3fd36080
6915,798,0,0x3fdd1dc0
6916,561,0,0x3fe6db00
6917,594,0,0x3ff09840
6918,817,0,0x3ffa5580
6919,88528,0,0x41300
6920,758,0,0xdd040
6921,604,0,0x178d80
6922,638,0,0x214ac0
6923,2004,0,0x2b0800
6924,4310,0,0x3e8280
6925,978,0,0x483fc0
6926,824,0,0x51fd00
6927,625,0,0x5bba40
6928,749,0,0x657780
6929,588,0,0x6f34c0
6930,592,0,0x78f200
6931,588,0,0x82af40
6932,574,0,0x8c6c80
6933,623,0,0x9629c0
6934,722,0,0x9fe700
6935,596,0,0xa9a440
6936,796,0,0xb36180
6937,82238,0,0xbd1ec0
6938,787,0,0xc6dc00
6939,1345,0,0xd09940
6940,12638,0,0xe413c0
6941,806,0,0xedd100
6942,591,0,0xf78e40
6943,835,0,0x1014b80
6944,622,0,0x10b08c0
6945,623,0,0x114c600
6946,759,0,0x11e8340
6947,632,0,0x1284080
6948,600,0,0x131fdc0
6949,587,0,0x13bbb00
6950,594,0,0x1457840
6951,517,0,0x14f3580
6952,618,0,0x158f2c0
6953,613,0,0x162b000
6954,573,0,0x16c6d40
6955,645,0,0x1762a80
6956,611,0,0x17fe7c0
6957,1017,0,0x189a500
6958,540,0,0x1936240
6959,766,0,0x19d1f80
6960,761,0,0x1a6dcc0
6961,539,0,0x1b09a00
6962,853,0,0x1ba5740
6963,558,0,0x1c41480
6964,790,0,0x1cdd1c0
6965,67101,0,0x1d78f00
6966,808,0,0x1e14c40
6967,1105,0,0x1eb0980
6968,43713,0,0x1fe8400
6969,811,0,0x2084140
6970,64356,0,0x211fe80
6971,794,0,0x21bbbc0
6972,1412,0,0x2257900
6973,552,0,0x22f3640
6974,816,0,0x238f380
6975,522,0,0x242b0c0
6976,603,0,0x24c6e00
6977,821,0,0x2562b40
6978,959,0,0x25fe880
6979,774,0,0x269a5c0
6980,536,0,0x2736300
6981,584,0,0x27d2040
6982,643,0,0x286dd80
6983,992,0,0x2909ac0
6984,1014,0,0x29a5800
6985,758,0,0x2a41540
6986,534,0,0x2add280
6987,614,0,0x2b78fc0
6988,759,0,0x2c14d00
6989,557,0,0x2cb0a40
6990,763,0,0x2d4c780
6991,543,0,0x2de84c0
6992,967,0,0x2e84200
6993,515,0,0x2f1ff40
6994,602,0,0x2fbbc80
6995,750,0,0x30579c0
6996,539,0,0x30f3700
6997,792,0,0x318f440
6998,65444,0,0x322b180
6999,758,0,0x32c6ec0
7000,619,0,0x3362c00
7001,579,0,0x33fe940
7002,574,0,0x349a680
7003,564,0,0x35363c0
7004,636,0,0x35d2100
7005,513,0,0x366de40
7006,606,0,0x3709b80
7007,586,0,0x37a58c0
7008,1266,0,0x3841600
7009,565,0,0x38dd340
7010,612,0,0x3979080
7011,589,0,0x3a14dc0
7012,622,0,0x3ab0b00
7013,749,0,0x3b4c840
7014,601,0,0x3be8580
7015,602,0,0x3c842c0
7016,1007,0,0x3d20000
7017,1066,0,0x3dbbd40
7018,1009,0,0x3e57a80
7019,1087,0,0x3ef37c0
7020,1025,0,0x3f8f500
7021,1079,0,0x402b240
7022,987,0,0x40c6f80
7023,1264,0,0x4162cc0
7024,1217,0,0x41fea00
7025,1194,0,0x429a740
7026,1008,0,0x4336480
7027,1191,0,0x43d21c0
7028,1042,0,0x446df00
7029,1007,0,0x4509c40
7030,1070,0,0x45a5980
7031,1228,0,0x46416c0
7032,990,0,0x46dd400
7033,980,0,0x4779140
7034,1205,0,0x4814e80
7035,1609,0,0x48b0bc0
7036,954,0,0x494c900
7037,1213,0,0x49e8640
7038,1011,0,0x4a84380
7039,1000,0,0x4b200c0
7040,1033,0,0x4bbbe00
7041,1682,0,0x4c57b40
7042,825,0,0x4cf3880
7043,1240,0,0x4d8f5c0
7044,593,0,0x4e2b300
7045,586,0,0x4ec7040
7046,573,0,0x4f62d80
7047,537,0,0x4ffeac0
7048,603,0,0x509a800
7049,768,0,0x5136540
7050,13885,0,0x51d2280
7051,87292,0,0x5309d00
7052,739,0,0x53a5a40
7053,13299,0,0x5441780
7054,789,0,0x54dd4c0
7055,1765,0,0x5579200
7056,285,0,0x5614f40
7057,1572,0,0x56b0c80
7058,590,0,0x574c9c0
7059,761,0,0x57e8700
7060,597,0,0x5884440
7061,594,0,0x5920180
7062,583,0,0x59bbec0
7063,797,0,0x5a57c00
7064,569,0,0x5af3940
7065,810,0,0x5b8f680
7066,675,0,0x5c2b3c0
7067,601,0,0x5cc7100
7068,1175,0,0x5d62e40
7069,625,0,0x5dfeb80
7070,757,0,0x5e9a8c0
7071,545,0,0x5f36600
7072,766,0,0x5fd2340
7073,123576,0,0x606e080
7074,1010,0,0x6109dc0
7075,15987,0,0x61a5b00
7076,808,0,0x6241840
7077,754,0,0x62dd580
7078,576,0,0x63792c0
7079,1222,0,0x6415000
7080,545,0,0x64b0d40
7081,618,0,0x654ca80
7082,570,0,0x65e87c0
7083,572,0,0x6684500
7084,842,0,0x6720240
7085,558,0,0x67bbf80
7086,571,0,0x6857cc0
7087,570,0,0x68f3a00
7088,536,0,0x698f740
7089,784,0,0x6a2b480
7090,615,0,0x6ac71c0
7091,780,0,0x6b62f00
7092,1595,0,0x6bfec40
7093,66934,0,0x6d366c0
7094,635,0,0x6dd2400
7095,632,0,0x6e6e140
7096,742,0,0x6f09e80
7097,16795,0,0x6fa5bc0
7098,593,0,0x7041900
7099,780,0,0x70dd640
7100,798,0,0x7179380
7101,573,0,0x72150c0
7102,793,0,0x72b0e00
7103,3481,0,0x734cb40
7104,1898,0,0x73e8880
7105,2208,0,0x74845c0
7106,645,0,0x7520300
7107,1377,0,0x75bc040
7108,60029,0,0x76f3ac0
7109,508,0,0x778f800
7110,788,0,0x782b540
7111,598,0,0x78c7280
7112,592,0,0x7962fc0
7113,882,0,0x79fed00
7114,550,0,0x7a9aa40
7115,613,0,0x7b36780
7116,514,0,0x7bd24c0
7117,591,0,0x7c6e200
7118,771,0,0x7d09f40
7119,1013,0,0x7da5c80
7120,589,0,0x7e419c0
7121,535,0,0x7edd700
7122,606,0,0x7f79440
7123,616,0,0x8015180
7124,748,0,0x80b0ec0
7125,596,0,0x814cc00
7126,635,0,0x81e8940
7127,590,0,0x8284680
7128,794,0,0x83203c0
7129,8652,0,0x83bc100
7130,639,0,0x8457e40
7131,996,0,0x84f3b80
7132,1025,0,0x858f8c0
7133,1004,0,0x862b600
7134,543,0,0x86c7340
7135,620,0,0x8763080
7136,595,0,0x87fedc0
7137,614,0,0x889ab00
7138,775,0,0x8936840
7139,1447,0,0x89d2580
7140,1068,0,0x8a6e2c0
7141,923,0,0x8b0a000
7142,785,0,0x8ba5d40
7143,846,0,0x8c41a80
7144,928,0,0x8cdd7c0
7145,593,0,0x8d79500
7146,591,0,0x8e15240
7147,735,0,0x8eb0f80
7148,795,0,0x8f4ccc0
7149,544,0,0x8fe8a00
7150,549,0,0x9084740
7151,764,0,0x9120480
7152,544,0,0x91bc1c0
7153,741,0,0x9257f00
7154,557,0,0x92f3c40
7155,876,0,0x938f980
7156,549,0,0x942b6c0
7157,805,0,0x94c7400
7158,572,0,0x9563140
7159,560,0,0x95fee80
7160,809,0,0x969abc0
7161,573,0,0x9736900
7162,1194,0,0x97d2640
7163,523,0,0x986e380
7164,658,0,0x990a0c0
7165,1178,0,0x99a5e00
7166,777,0,0x9a41b40
7167,553,0,0x9add880
7168,943,0,0x9b795c0
7169,652,0,0x9c15300
7170,973,0,0x9cb1040
7171,105167,0,0x9d4cd80
7172,795,0,0x9de8ac0
7173,569,0,0x9e84800
7174,573,0,0x9f20540
7175,563,0,0x9fbc280
7176,539,0,0xa057fc0
7177,1002,0,0xa0f3d00
7178,999,0,0xa18fa40
7179,773,0,0xa22b780
7180,585,0,0xa2c74c0
7181,1018,0,0xa363200
7182,556,0,0xa3fef40
7183,612,0,0xa49ac80
7184,794,0,0xa5369c0
7185,5903,0,0xa5d2700
7186,784,0,0xa66e440
7187,553,0,0xa70a180
7188,605,0,0xa7a5ec0
7189,605,0,0xa841c00
7190,625,0,0xa8dd940
7191,1922,0,0xa979680
7192,1102,0,0xaa153c0
7193,568,0,0xaab1100
7194,815,0,0xab4ce40
7195,584,0,0xabe8b80
7196,584,0,0xac848c0
7197,592,0,0xad20600
7198,591,0,0xadbc340
7199,787,0,0xae58080
7200,838,0,0xaef3dc0
7201,16546,0,0xaf8fb00
7202,670,0,0xb02b840
7203,596,0,0xb0c7580
7204,755,0,0xb1632c0
7205,569,0,0xb1ff000
7206,593,0,0xb29ad40
7207,742,0,0xb336a80
7208,541,0,0xb3d27c0
7209,597,0,0xb46e500
7210,757,0,0xb50a240
7211,530,0,0xb5a5f80
7212,613,0,0xb641cc0
7213,751,0,0xb6dda00
7214,535,0,0xb779740
7215,763,0,0xb815480
7216,544,0,0xb8b11c0
7217,560,0,0xb94cf00
7218,715,0,0xb9e8c40
7219,600,0,0xba84980
7220,836,0,0xbb206c0
7221,100946,0,0xbbbc400
7222,11815,0,0xbc58140
7223,1063,0,0xbcf3e80
7224,614,0,0xbd8fbc0
7225,758,0,0xbe2b900
7226,577,0,0xbec7640
7227,587,0,0xbf63380
7228,601,0,0xbfff0c0
7229,539,0,0xc09ae00
7230,535,0,0xc136b40
7231,618,0,0xc1d2880
7232,928,0,0xc26e5c0
7233,2276,0,0xc30a300
7234,813,0,0xc3a6040
7235,761,0,0xc441d80
7236,1094,0,0xc4ddac0
7237,575,0,0xc579800
7238,563,0,0xc615540
7239,595,0,0xc6b1280
7240,633,0,0xc74cfc0
7241,592,0,0xc7e8d00
7242,755,0,0xc884a40
7243,599,0,0xc920780
7244,582,0,0xc9bc4c0
7245,767,0,0xca58200
7246,849,0,0xcaf3f40
7247,559,0,0xcb8fc80
7248,505,0,0xcc2b9c0
7249,743,0,0xccc7700
7250,589,0,0xcd63440
7251,1185,0,0xcdff180
7252,13721,0,0xce9aec0
7253,1192,0,0xcf36c00
7254,776,0,0xcfd2940
7255,720,0,0xd06e680
7256,572,0,0xd10a3c0
7257,598,0,0xd1a6100
7258,844,0,0xd241e40
7259,630,0,0xd2ddb80
7260,755,0,0xd3798c0
7261,541,0,0xd415600
7262,988,0,0xd4b1340
7263,1232,0,0xd54d080
7264,572,0,0xd5e8dc0
7265,554,0,0xd684b00
7266,599,0,0xd720840
7267,721,0,0xd7bc580
7268,571,0,0xd8582c0
7269,566,0,0xd8f4000
7270,814,0,0xd98fd40
7271,574,0,0xda2ba80
7272,754,0,0xdac77c0
7273,570,0,0xdb63500
7274,764,0,0xdbff240
7275,552,0,0xdc9af80
7276,596,0,0xdd36cc0
7277,719,0,0xddd2a00
7278,583,0,0xde6e740
7279,823,0,0xdf0a480
7280,74417,0,0xdfa61c0
7281,22832,0,0xe041f00
7282,571,0,0xe0ddc40
7283,599,0,0xe179980
7284,746,0,0xe2156c0
7285,629,0,0xe2b1400
7286,847,0,0xe34d140
7287,13474,0,0xe3e8e80
7288,604,0,0xe484bc0
7289,761,0,0xe520900
7290,35263,0,0xe5bc640
7291,758,0,0xe658380
7292,556,0,0xe6f40c0
7293,760,0,0xe78fe00
7294,70740,0,0xe82bb40
7295,783,0,0xe8c7880
7296,536,0,0xe9635c0
7297,789,0,0xe9ff300
7298,25645,0,0xea9b040
7299,615,0,0xeb36d80
7300,864,0,0xebd2ac0
7301,561,0,0xec6e800
7302,613,0,0xed0a540
7303,829,0,0xeda6280
7304,743,0,0xee41fc0
7305,574,0,0xeeddd00
7306,591,0,0xef79a40
7307,557,0,0xf015780
7308,802,0,0xf0b14c0
7309,4967,0,0xf14d200
7310,859,0,0xf1e8f40
7311,616,0,0xf284c80
7312,839,0,0xf3209c0
7313,38900,0,0xf3bc700
7314,792,0,0xf458440
7315,552,0,0xf4f4180
7316,805,0,0xf58fec0
7317,592,0,0xf62bc00
7318,591,0,0xf6c7940
7319,1198,0,0xf763680
7320,624,0,0xf7ff3c0
7321,745,0,0xf89b100
7322,1210,0,0xf936e40
7323,552,0,0xf9d2b80
7324,1317,0,0xfa6e8c0
7325,595,0,0xfb0a600
7326,733,0,0xfba6340
7327,517,0,0xfc42080
7328,759,0,0xfcdddc0
7329,530,0,0xfd79b00
7330,771,0,0xfe15840
7331,535,0,0xfeb1580
7332,1128,0,0xff4d2c0
7333,574,0,0xffe9000
7334,569,0,0x10084d40
7335,590,0,0x10120a80
7336,768,0,0x101bc7c0
7337,765,0,0x10258500
7338,551,0,0x102f4240
7339,760,0,0x1038ff80
7340,849,0,0x1042bcc0
7341,730,0,0x104c7a00
7342,583,0,0x10563740
7343,573,0,0x105ff480
7344,589,0,0x1069b1c0
7345,712,0,0x10736f00
7346,586,0,0x107d2c40
7347,758,0,0x1086e980
7348,557,0,0x1090a6c0
7349,1002,0,0x109a6400
7350,816,0,0x10a42140
7351,522,0,0x10adde80
7352,641,0,0x10b79bc0
7353,758,0,0x10c15900
7354,535,0,0x10cb1640
7355,778,0,0x10d4d380
7356,549,0,0x10de90c0
7357,553,0,0x10e84e00
7358,569,0,0x10f20b40
7359,626,0,0x10fbc880
7360,759,0,0x110585c0
7361,1278,0,0x110f4300
7362,801,0,0x11190040
7363,729,0,0x1122bd80
7364,617,0,0x112c7ac0
7365,841,0,0x11363800
7366,522,0,0x113ff540
7367,513,0,0x1149b280
7368,751,0,0x11536fc0
7369,546,0,0x115d2d00
7370,545,0,0x1166ea40
7371,863,0,0x1170a780
7372,16166,0,0x117a64c0
7373,966,0,0x11842200
7374,595,0,0x118ddf40
7375,589,0,0x11979c80
7376,755,0,0x11a159c0
7377,627,0,0x11ab1700
7378,570,0,0x11b4d440
7379,516,0,0x11be9180
7380,753,0,0x11c84ec0
7381,1064,0,0x11d20c00
7382,553,0,0x11dbc940
7383,570,0,0x11e58680
7384,657,0,0x11ef43c0
7385,780,0,0x11f90100
7386,598,0,0x1202be40
7387,533,0,0x120c7b80
7388,613,0,0x121638c0
7389,614,0,0x121ff600
7390,730,0,0x1229b340
7391,614,0,0x12337080
7392,584,0,0x123d2dc0
7393,566,0,0x1246eb00
7394,1014,0,0x1250a840
7395,1029,0,0x125a6580
7396,547,0,0x126422c0
7397,856,0,0x126de000
7398,592,0,0x12779d40
7399,591,0,0x12815a80
7400,521,0,0x128b17c0
7401,789,0,0x1294d500
7402,578,0,0x129e9240
7403,794,0,0x12a84f80
7404,5409,0,0x12b20cc0
7405,786,0,0x12bbca00
7406,958,0,0x12c58740
7407,620,0,0x12cf4480
7408,777,0,0x12d901c0
7409,551,0,0x12e2bf00
7410,522,0,0x12ec7c40
7411,780,0,0x12f63980
7412,703,0,0x12fff6c0
7413,787,0,0x1309b400
7414,95753,0,0x13137140
7415,797,0,0x131d2e80
7416,755,0,0x1326ebc0
7417,797,0,0x1330a900
7418,571,0,0x133a6640
7419,572,0,0x13442380
7420,808,0,0x134de0c0
7421,1031,0,0x13579e00
7422,977,0,0x13615b40
7423,806,0,0x136b1880
7424,597,0,0x1374d5c0
7425,734,0,0x137e9300
7426,516,0,0x13885040
7427,835,0,0x13920d80
7428,538,0,0x139bcac0
7429,768,0,0x13a58800
7430,596,0,0x13af4540
7431,1159,0,0x13b90280
7432,562,0,0x13c2bfc0
7433,544,0,0x13cc7d00
7434,556,0,0x13d63a40
7435,776,0,0x13dff780
7436,548,0,0x13e9b4c0
7437,545,0,0x13f37200
7438,719,0,0x13fd2f40
7439,566,0,0x1406ec80
7440,759,0,0x1410a9c0
7441,521,0,0x141a6700
7442,616,0,0x14242440
7443,752,0,0x142de180
7444,535,0,0x14379ec0
7445,796,0,0x14415c00
7446,16497,0,0x144b1940
7447,986,0,0x1454d680
7448,556,0,0x145e93c0
7449,616,0,0x14685100
7450,588,0,0x14720e40
7451,795,0,0x147bcb80
7452,6717,0,0x148588c0
7453,804,0,0x148f4600
7454,621,0,0x14990340
7455,758,0,0x14a2c080
7456,626,0,0x14ac7dc0
7457,622,0,0x14b63b00
7458,1166,0,0x14bff840
7459,599,0,0x14c9b580
7460,589,0,0x14d372c0
7461,557,0,0x14dd3000
7462,795,0,0x14e6ed40
7463,118470,0,0x14f0aa80
7464,781,0,0x14fa67c0
7465,498,0,0x15042500
7466,837,0,0x150de240
7467,522,0,0x15179f80
7468,1230,0,0x15215cc0
7469,532,0,0x152b1a00
7470,510,0,0x1534d740
7471,586,0,0x153e9480
7472,717,0,0x154851c0
7473,564,0,0x15520f00
7474,626,0,0x155bcc40
7475,748,0,0x15658980
7476,992,0,0x156f46c0
7477,3681,0,0x15790400
7478,810,0,0x1582c140
7479,832,0,0x158c7e80
7480,5379,0,0x15963bc0
7481,879,0,0x159ff900
7482,832,0,0x15a9b640
7483,546,0,0x15b37380
7484,612,0,0x15bd30c0
7485,788,0,0x15c6ee00
7486,1675,0,0x15d0ab40
7487,1498,0,0x15da6880
7488,1072,0,0x15e425c0
7489,546,0,0x15ede300
7490,629,0,0x15f7a040
7491,613,0,0x16015d80
7492,757,0,0x160b1ac0
7493,592,0,0x1614d800
7494,807,0,0x161e9540
7495,124449,0,0x16285280
7496,747,0,0x16320fc0
7497,843,0,0x163bcd00
7498,578,0,0x16458a40
7499,580,0,0x164f4780
7500,733,0,0x165904c0
7501,609,0,0x1662c200
7502,4856,0,0x166c7f40
7503,833,0,0x16763c80
7504,561,0,0x167ff9c0
7505,580,0,0x1689b700
7506,1289,0,0x16937440
7507,799,0,0x169d3180
7508,809,0,0x16a6eec0
7509,6069,0,0x16b0ac00
7510,997,0,0x16ba6940
7511,571,0,0x16c42680
7512,571,0,0x16cde3c0
7513,579,0,0x16d7a100
7514,624,0,0x16e15e40
7515,789,0,0x16eb1b80
7516,556,0,0x16f4d8c0
7517,594,0,0x16fe9600
7518,1047,0,0x17085340
7519,1224,0,0x17121080
7520,68965,0,0x17258b00
7521,733,0,0x172f4840
7522,526,0,0x17390580
7523,841,0,0x1742c2c0
7524,8226,0,0x174c8000
7525,783,0,0x17563d40
7526,554,0,0x175ffa80
7527,594,0,0x1769b7c0
7528,805,0,0x17737500
7529,587,0,0x177d3240
7530,558,0,0x1786ef80
7531,1254,0,0x1790acc0
7532,11072,0,0x179a6a00
7533,789,0,0x17a42740
7534,2120,0,0x17ade480
7535,987,0,0x17b7a1c0
7536,593,0,0x17c15f00
7537,544,0,0x17cb1c40
7538,612,0,0x17d4d980
7539,764,0,0x17de96c0
7540,604,0,0x17e85400
7541,781,0,0x17f21140
7542,119467,0,0x17fbce80
7543,783,0,0x18058bc0
7544,551,0,0x180f4900
7545,570,0,0x18190640
7546,714,0,0x1822c380
7547,606,0,0x182c80c0
7548,829,0,0x18363e00
7549,659,0,0x183ffb40
7550,852,0,0x1849b880
7551,7953,0,0x185375c0
7552,814,0,0x185d3300
7553,614,0,0x1866f040
7554,619,0,0x1870ad80
7555,594,0,0x187a6ac0
7556,831,0,0x18842800
7557,569,0,0x188de540
7558,605,0,0x1897a280
7559,797,0,0x18a15fc0
7560,1009,0,0x18ab1d00
7561,2999,0,0x18b4da40
7562,788,0,0x18be9780
7563,545,0,0x18c854c0
7564,545,0,0x18d21200
7565,599,0,0x18dbcf40
7566,621,0,0x18e58c80
7567,748,0,0x18ef49c0
7568,590,0,0x18f90700
7569,619,0,0x1902c440
7570,609,0,0x190c8180
7571,733,0,0x19163ec0
7572,1213,0,0x191ffc00
7573,2294,0,0x1929b940
7574,69266,0,0x193d33c0
7575,17076,0,0x1946f100
7576,622,0,0x1950ae40
7577,597,0,0x195a6b80
7578,566,0,0x196428c0
7579,576,0,0x196de600
7580,1043,0,0x1977a340
7581,11735,0,0x19816080
7582,1221,0,0x198b1dc0
7583,811,0,0x1994db00
7584,644,0,0x199e9840
7585,776,0,0x19a85580
7586,560,0,0x19b212c0
7587,555,0,0x19bbd000
7588,808,0,0x19c58d40
7589,742,0,0x19cf4a80
7590,601,0,0x19d907c0
7591,590,0,0x19e2c500
7592,580,0,0x19ec8240
7593,592,0,0x19f63f80
7594,625,0,0x19fffcc0
7595,775,0,0x1a09ba00
7596,551,0,0x1a137740
7597,537,0,0x1a1d3480
7598,786,0,0x1a26f1c0
7599,537,0,0x1a30af00
7600,599,0,0x1a3a6c40
7601,562,0,0x1a442980
7602,788,0,0x1a4de6c0
7603,1222,0,0x1a57a400
7604,100978,0,0x1a616140
7605,632,0,0x1a6b1e80
7606,600,0,0x1a74dbc0
7607,730,0,0x1a7e9900
7608,509,0,0x1a885640
7609,844,0,0x1a921380
7610,557,0,0x1a9bd0c0
7611,764,0,0x1aa58e00
7612,550,0,0x1aaf4b40
7613,739,0,0x1ab90880
7614,566,0,0x1ac2c5c0
7615,859,0,0x1acc8300
7616,11254,0,0x1ad64040
7617,1236,0,0x1adffd80
7618,971,0,0x1ae9bac0
7619,602,0,0x1af37800
7620,605,0,0x1afd3540
7621,626,0,0x1b06f280
7622,758,0,0x1b10afc0
7623,601,0,0x1b1a6d00
7624,879,0,0x1b242a40
7625,547,0,0x1b2de780
7626,618,0,0x1b37a4c0
7627,575,0,0x1b416200
7628,807,0,0x1b4b1f40
7629,308,0,0x1b54dc80
7630,761,0,0x1b5e99c0
7631,74317,0,0x1b721440
7632,791,0,0x1b7bd180
7633,574,0,0x1b858ec0
7634,511,0,0x1b8f4c00
7635,758,0,0x1b990940
7636,618,0,0x1ba2c680
7637,765,0,0x1bac83c0
7638,555,0,0x1bb64100
7639,593,0,0x1bbffe40
7640,608,0,0x1bc9bb80
7641,851,0,0x1bd378c0
7642,548,0,0x1bdd3600
7643,1205,0,0x1be6f340
7644,16551,0,0x1bf0b080
7645,1882,0,0x1bfa6dc0
7646,81560,0,0x1c0de840
7647,617,0,0x1c17a580
7648,758,0,0x1c2162c0
7649,548,0,0x1c2b2000
7650,768,0,0x1c34dd40
7651,542,0,0x1c3e9a80
7652,559,0,0x1c4857c0
7653,713,0,0x1c521500
7654,575,0,0x1c5bd240
7655,494,0,0x1c658f80
7656,735,0,0x1c6f4cc0
7657,570,0,0x1c790a00
7658,491,0,0x1c82c740
7659,744,0,0x1c8c8480
7660,528,0,0x1c9641c0
7661,1664,0,0x1c9fff00
7662,92563,0,0x1cb37980
7663,594,0,0x1cbd36c0
7664,832,0,0x1cc6f400
7665,535,0,0x1cd0b140
7666,767,0,0x1cda6e80
7667,544,0,0x1ce42bc0
7668,569,0,0x1cede900
7669,551,0,0x1cf7a640
7670,792,0,0x1d016380
7671,2005,0,0x1d0b20c0
7672,57329,0,0x1d1e9b40
7673,577,0,0x1d285880
7674,387,0,0x1d3215c0
7675,99505,0,0x1d459040
7676,2950,0,0x1d4f4d80
7677,990,0,0x1d590ac0
7678,1058,0,0x1d62c800
7679,1260,0,0x1d6c8540
7680,94420,0,0x1d7fffc0
7681,536,0,0x1d89bd00
7682,995,0,0x1d937a40
7683,545,0,0x1d9d3780
7684,721,0,0x1da6f4c0
7685,591,0,0x1db0b200
7686,640,0,0x1dba6f40
7687,2079,0,0x1dc42c80
7688,1875,0,0x1dcde9c0
7689,1913,0,0x1dd7a700
7690,1946,0,0x1de16440
7691,766,0,0x1deb2180
7692,539,0,0x1df4dec0
7693,618,0,0x1dfe9c00
7694,744,0,0x1e085940
7695,546,0,0x1e121680
7696,618,0,0x1e1bd3c0
7697,789,0,0x1e259100
7698,551,0,0x1e2f4e40
7699,532,0,0x1e390b80
7700,784,0,0x1e42c8c0
7701,538,0,0x1e4c8600
7702,574,0,0x1e564340
7703,635,0,0x1e600080
7704,631,0,0x1e69bdc0
7705,759,0,0x1e737b00
7706,19144,0,0x1e7d3840
7707,793,0,0x1e86f580
7708,597,0,0x1e90b2c0
7709,524,0,0x1e9a7000
7710,735,0,0x1ea42d40
7711,622,0,0x1eadea80
7712,868,0,0x1eb7a7c0
7713,111207,0,0x1ec16500
7714,552,0,0x1ecb2240
7715,728,0,0x1ed4df80
7716,803,0,0x1ede9cc0
7717,757,0,0x1ee85a00
7718,536,0,0x1ef21740
7719,597,0,0x1efbd480
7720,795,0,0x1f0591c0
7721,562,0,0x1f0f4f00
7722,723,0,0x1f190c40
7723,573,0,0x1f22c980
7724,986,0,0x1f2c86c0
7725,768,0,0x1f364400
7726,552,0,0x1f400140
7727,565,0,0x1f49be80
7728,722,0,0x1f537bc0
7729,566,0,0x1f5d3900
7730,557,0,0x1f66f640
7731,735,0,0x1f70b380
7732,860,0,0x1f7a70c0
7733,548,0,0x1f842e00
7734,885,0,0x1f8deb40
7735,2959,0,0x1f97a880
7736,80181,0,0x1fab2300
7737,17195,0,0x1fb4e040
7738,470,0,0x1fbe9d80
7739,948,0,0x1fc85ac0
7740,80384,0,0x1fdbd540
7741,827,0,0x1fe59280
7742,576,0,0x1fef4fc0
7743,739,0,0x1ff90d00
7744,598,0,0x2002ca40
7745,589,0,0x200c8780
7746,561,0,0x201644c0
7747,575,0,0x20200200
7748,631,0,0x2029bf40
7749,582,0,0x20337c80
7750,583,0,0x203d39c0
7751,561,0,0x2046f700
7752,612,0,0x2050b440
7753,586,0,0x205a7180
7754,568,0,0x20642ec0
7755,588,0,0x206dec00
7756,1071,0,0x2077a940
7757,963,0,0x20816680
7758,600,0,0x208b23c0
7759,593,0,0x2094e100
7760,565,0,0x209e9e40
7761,1127,0,0x20a85b80
7762,1285,0,0x20b218c0
7763,861,0,0x20bbd600
7764,578,0,0x20c59340
7765,762,0,0x20cf5080
7766,870,0,0x20d90dc0
7767,541,0,0x20e2cb00
7768,555,0,0x20ec8840
7769,764,0,0x20f64580
7770,10134,0,0x210002c0
7771,809,0,0x2109c000
7772,570,0,0x21137d40
7773,1222,0,0x211d3a80
7774,573,0,0x2126f7c0
7775,849,0,0x2130b500
7776,542,0,0x213a7240
7777,607,0,0x21442f80
7778,574,0,0x214decc0
7779,600,0,0x2157aa00
7780,795,0,0x21616740
7781,541,0,0x216b2480
7782,627,0,0x2174e1c0
7783,748,0,0x217e9f00
7784,595,0,0x21885c40
7785,582,0,0x21921980
7786,491,0,0x219bd6c0
7787,798,0,0x21a59400
7788,607,0,0x21af5140
7789,609,0,0x21b90e80
7790,1195,0,0x21c2cbc0
7791,999,0,0x21cc8900
7792,589,0,0x21d64640
7793,554,0,0x21e00380
7794,609,0,0x21e9c0c0
7795,603,0,0x21f37e00
7796,776,0,0x21fd3b40
7797,111462,0,0x2206f880
7798,330,0,0x2210b5c0
7799,102220,0,0x22243040
7800,558,0,0x222ded80
7801,966,0,0x2237aac0
7802,97979,0,0x224b2540
7803,812,0,0x2254e280
7804,578,0,0x225e9fc0
7805,756,0,0x22685d00
7806,1029,0,0x22721a40
7807,2168,0,0x227bd780
7808,1157,0,0x228594c0
7809,93819,0,0x22990f40
7810,594,0,0x22a2cc80
7811,892,0,0x22ac89c0
7812,578,0,0x22b64700
7813,590,0,0x22c00440
7814,591,0,0x22c9c180
7815,635,0,0x22d37ec0
7816,592,0,0x22dd3c00
7817,810,0,0x22e6f940
7818,901,0,0x22f0b680
7819,1342,0,0x22fa73c0
7820,3705,0,0x23043100
7821,778,0,0x230dee40
7822,560,0,0x2317ab80
7823,730,0,0x232168c0
7824,522,0,0x232b2600
7825,759,0,0x2334e340
7826,12595,0,0x233ea080
7827,576,0,0x23485dc0
7828,639,0,0x23521b00
7829,622,0,0x235bd840
7830,625,0,0x23659580
7831,745,0,0x236f52c0
7832,612,0,0x23791000
7833,994,0,0x2382cd40
7834,1014,0,0x238c8a80
7835,617,0,0x239647c0
7836,767,0,0x23a00500
7837,1042,0,0x23a9c240
7838,1006,0,0x23b37f80
7839,599,0,0x23bd3cc0
7840,587,0,0x23c6fa00
7841,566,0,0x23d0b740
7842,577,0,0x23da7480
7843,829,0,0x23e431c0
7844,117849,0,0x23edef00
7845,580,0,0x23f7ac40
7846,1872,0,0x24016980
7847,1022,0,0x240b26c0
7848,567,0,0x2414e400
7849,554,0,0x241ea140
7850,638,0,0x24285e80
7851,851,0,0x24321bc0
7852,25984,0,0x243bd900
7853,782,0,0x24459640
7854,541,0,0x244f5380
7855,616,0,0x245910c0
7856,603,0,0x2462ce00
7857,620,0,0x246c8b40
7858,746,0,0x24764880
7859,124255,0,0x248005c0
7860,815,0,0x2489c300
7861,114338,0,0x249d3d80
7862,1263,0,0x24a6fac0
7863,1199,0,0x24b0b800
7864,1052,0,0x24ba7540
7865,1167,0,0x24c43280
7866,1019,0,0x24cdefc0
7867,81611,0,0x24e16a40
7868,522,0,0x24eb2780
7869,774,0,0x24f4e4c0
7870,560,0,0x24fea200
7871,588,0,0x25085f40
7872,851,0,0x25121c80
7873,597,0,0x251bd9c0
7874,2121,0,0x25259700
7875,756,0,0x252f5440
7876,544,0,0x25391180
7877,976,0,0x2542cec0
7878,997,0,0x254c8c00
7879,817,0,0x25564940
7880,531,0,0x25600680
7881,639,0,0x2569c3c0
7882,754,0,0x25738100
7883,13537,0,0x257d3e40
7884,824,0,0x2586fb80
7885,825,0,0x2590b8c0
7886,605,0,0x259a7600
7887,620,0,0x25a43340
7888,604,0,0x25adf080
7889,1005,0,0x25b7adc0
7890,583,0,0x25c16b00
7891,504,0,0x25cb2840
7892,604,0,0x25d4e580
7893,554,0,0x25dea2c0
7894,786,0,0x25e86000
7895,591,0,0x25f21d40
7896,536,0,0x25fbda80
7897,1207,0,0x260597c0
7898,570,0,0x260f5500
7899,611,0,0x26191240
7900,579,0,0x2622cf80
7901,575,0,0x262c8cc0
7902,590,0,0x26364a00
7903,606,0,0x26400740
7904,642,0,0x2649c480
7905,994,0,0x265381c0
7906,650,0,0x265d3f00
7907,612,0,0x2666fc40
7908,610,0,0x2670b980
7909,576,0,0x267a76c0
7910,658,0,0x26843400
7911,618,0,0x268df140
7912,610,0,0x2697ae80
7913,797,0,0x26a16bc0
7914,98742,0,0x26ab2900
7915,784,0,0x26b4e640
7916,602,0,0x26bea380
7917,511,0,0x26c860c0
7918,596,0,0x26d21e00
7919,606,0,0x26dbdb40
7920,654,0,0x26e59880
7921,520,0,0x26ef55c0
7922,1208,0,0x26f91300
7923,948,0,0x2702d040
7924,1226,0,0x270c8d80
7925,598,0,0x27164ac0
7926,605,0,0x27200800
7927,745,0,0x2729c540
7928,2142,0,0x27338280
7929,831,0,0x273d3fc0
7930,41472,0,0x2746fd00
7931,608,0,0x2750ba40
7932,623,0,0x275a7780
7933,749,0,0x276434c0
7934,593,0,0x276df200
7935,597,0,0x2777af40
7936,580,0,0x27816c80
7937,564,0,0x278b29c0
7938,656,0,0x2794e700
7939,797,0,0x279ea440
7940,560,0,0x27a86180
7941,536,0,0x27b21ec0
7942,772,0,0x27bbdc00
7943,975,0,0x27c59940
7944,600,0,0x27cf5680
7945,605,0,0x27d913c0
7946,580,0,0x27e2d100
7947,801,0,0x27ec8e40
7948,553,0,0x27f64b80
7949,565,0,0x280008c0
7950,565,0,0x2809c600
7951,517,0,0x28138340
7952,614,0,0x281d4080
7953,772,0,0x2826fdc0
7954,556,0,0x2830bb00
7955,603,0,0x283a7840
7956,606,0,0x28443580
7957,766,0,0x284df2c0
7958,83317,0,0x2857b000
7959,769,0,0x28616d40
7960,770,0,0x286b2a80
7961,4398,0,0x2874e7c0
7962,731,0,0x287ea500
7963,569,0,0x28886240
7964,590,0,0x28921f80
7965,747,0,0x289bdcc0
7966,856,0,0x28a59a00
7967,759,0,0x28af5740
7968,995,0,0x28b91480
7969,626,0,0x28c2d1c0
7970,754,0,0x28cc8f00
7971,523,0,0x28d64c40
7972,859,0,0x28e00980
7973,56555,0,0x28e9c6c0
7974,625,0,0x28f38400
7975,614,0,0x28fd4140
7976,542,0,0x2906fe80
7977,777,0,0x2910bbc0
7978,568,0,0x291a7900
7979,800,0,0x29243640
7980,568,0,0x292df380
7981,617,0,0x2937b0c0
7982,745,0,0x29416e00
7983,596,0,0x294b2b40
7984,578,0,0x2954e880
7985,588,0,0x295ea5c0
7986,805,0,0x29686300
7987,73492,0,0x29722040
7988,587,0,0x297bdd80
7989,1435,0,0x29859ac0
7990,594,0,0x298f5800
7991,13594,0,0x29991540
7992,653,0,0x29a2d280
7993,838,0,0x29ac8fc0
7994,64415,0,0x29b64d00
7995,605,0,0x29c00a40
7996,757,0,0x29c9c780
7997,596,0,0x29d384c0
7998,583,0,0x29dd4200
7999,576,0,0x29e6ff40
8000,592,0,0x29f0bc80
8001,638,0,0x29fa79c0
8002,588,0,0x2a043700
8003,539,0,0x2a0df440
8004,787,0,0x2a17b180
8005,64835,0,0x2a216ec0
8006,600,0,0x2a2b2c00
8007,668,0,0x2a34e940
8008,1977,0,0x2a3ea680
8009,755,0,0x2a4863c0
8010,607,0,0x2a522100
8011,566,0,0x2a5bde40
8012,553,0,0x2a659b80
8013,855,0,0x2a6f58c0
8014,9324,0,0x2a791600
8015,741,0,0x2a82d340
8016,73047,0,0x2a8c9080
8017,773,0,0x2a964dc0
8018,1062,0,0x2aa00b00
8019,618,0,0x2aa9c840
8020,584,0,0x2ab38580
8021,637,0,0x2abd42c0
8022,765,0,0x2ac70000
8023,557,0,0x2ad0bd40
8024,593,0,0x2ada7a80
8025,1037,0,0x2ae437c0
8026,58107,0,0x2aedf500
8027,747,0,0x2af7b240
8028,948,0,0x2b016f80
8029,785,0,0x2b0b2cc0
8030,593,0,0x2b14ea00
8031,577,0,0x2b1ea740
8032,606,0,0x2b286480
8033,732,0,0x2b3221c0
8034,577,0,0x2b3bdf00
8035,654,0,0x2b459c40
8036,760,0,0x2b4f5980
8037,2075,0,0x2b5916c0
8038,1013,0,0x2b62d400
8039,557,0,0x2b6c9140
8040,791,0,0x2b764e80
8041,78988,0,0x2b800bc0
8042,812,0,0x2b89c900
8043,582,0,0x2b938640
8044,852,0,0x2b9d4380
8045,593,0,0x2ba700c0
8046,755,0,0x2bb0be00
8047,587,0,0x2bba7b40
8048,573,0,0x2bc43880
8049,582,0,0x2bcdf5c0
8050,553,0,0x2bd7b300
8051,626,0,0x2be17040
8052,605,0,0x2beb2d80
8053,506,0,0x2bf4eac0
8054,751,0,0x2bfea800
8055,596,0,0x2c086540
8056,575,0,0x2c122280
8057,578,0,0x2c1bdfc0
8058,602,0,0x2c259d00
8059,747,0,0x2c2f5a40
8060,607,0,0x2c391780
8061,740,0,0x2c42d4c0
8062,40192,0,0x2c4c9200
8063,573,0,0x2c564f40
8064,637,0,0x2c600c80
8065,603,0,0x2c69c9c0
8066,561,0,0x2c738700
8067,590,0,0x2c7d4440
8068,622,0,0x2c870180
8069,762,0,0x2c90bec0
8070,6033,0,0x2c9a7c00
8071,1279,0,0x2ca43940
8072,559,0,0x2cadf680
8073,812,0,0x2cb7b3c0
8074,876,0,0x2cc17100
8075,747,0,0x2ccb2e40
8076,811,0,0x2cd4eb80
8077,96760,0,0x2cdea8c0
8078,753,0,0x2ce86600
8079,620,0,0x2cf22340
8080,560,0,0x2cfbe080
8081,573,0,0x2d059dc0
8082,575,0,0x2d0f5b00
8083,600,0,0x2d191840
8084,801,0,0x2d22d580
8085,40466,0,0x2d2c92c0
8086,970,0,0x2d365000
8087,1051,0,0x2d400d40
8088,618,0,0x2d49ca80
8089,579,0,0x2d5387c0
8090,617,0,0x2d5d4500
8091,502,0,0x2d670240
8092,762,0,0x2d70bf80
8093,4119,0,0x2d7a7cc0
8094,1747,0,0x2d843a00
8095,1042,0,0x2d8df740
8096,760,0,0x2d97b480
8097,540,0,0x2da171c0
8098,1036,0,0x2dab2f00
8099,734,0,0x2db4ec40
8100,615,0,0x2dbea980
8101,591,0,0x2dc866c0
8102,575,0,0x2dd22400
8103,791,0,0x2ddbe140
8104,1006,0,0x2de59e80
8105,92446,0,0x2def5bc0
8106,771,0,0x2df91900
8107,553,0,0x2e02d640
8108,611,0,0x2e0c9380
8109,981,0,0x2e1650c0
8110,550,0,0x2e200e00
8111,902,0,0x2e29cb40
8112,575,0,0x2e338880
8113,586,0,0x2e3d45c0
8114,632,0,0x2e470300
8115,616,0,0x2e50c040
8116,728,0,0x2e5a7d80
8117,821,0,0x2e643ac0
8118,596,0,0x2e6df800
8119,607,0,0x2e77b540
8120,606,0,0x2e817280
8121,635,0,0x2e8b2fc0
8122,783,0,0x2e94ed00
8123,544,0,0x2e9eaa40
8124,797,0,0x2ea86780
8125,28817,0,0x2eb224c0
8126,766,0,0x2ebbe200
8127,531,0,0x2ec59f40
8128,1009,0,0x2ecf5c80
8129,578,0,0x2ed919c0
8130,848,0,0x2ee2d700
8131,1679,0,0x2eec9440
8132,977,0,0x2ef65180
8133,9512,0,0x2f000ec0
8134,804,0,0x2f09cc00
8135,600,0,0x2f138940
8136,558,0,0x2f1d4680
8137,807,0,0x2f2703c0
8138,106078,0,0x2f30c100
8139,792,0,0x2f3a7e40
8140,553,0,0x2f443b80
8141,576,0,0x2f4df8c0
8142,576,0,0x2f57b600
8143,624,0,0x2f617340
8144,583,0,0x2f6b3080
8145,593,0,0x2f74edc0
8146,591,0,0x2f7eab00
8147,1017,0,0x2f886840
8148,981,0,0x2f922580
8149,541,0,0x2f9be2c0
8150,784,0,0x2fa5a000
8151,21691,0,0x2faf5d40
8152,1033,0,0x2fb91a80
8153,565,0,0x2fc2d7c0
8154,566,0,0x2fcc9500
8155,541,0,0x2fd65240
8156,13028,0,0x2fe00f80
8157,581,0,0x2fe9ccc0
8158,1228,0,0x2ff38a00
8159,574,0,0x2ffd4740
8160,569,0,0x30070480
8161,516,0,0x3010c1c0
8162,609,0,0x301a7f00
8163,761,0,0x30243c40
8164,552,0,0x302df980
8165,590,0,0x3037b6c0
8166,611,0,0x30417400
8167,757,0,0x304b3140
8168,608,0,0x3054ee80
8169,585,0,0x305eabc0
8170,514,0,0x30686900
8171,726,0,0x30722640
8172,595,0,0x307be380
8173,1023,0,0x3085a0c0
8174,792,0,0x308f5e00
8175,101101,0,0x30991b40
8176,800,0,0x30a2d880
8177,569,0,0x30ac95c0
8178,549,0,0x30b65300
8179,800,0,0x30c01040
8180,23079,0,0x30c9cd80
8181,783,0,0x30d38ac0
8182,77129,0,0x30e70540
8183,864,0,0x30f0c280
8184,20977,0,0x30fa7fc0
8185,607,0,0x31043d00
8186,1846,0,0x310dfa40
8187,1053,0,0x3117b780
8188,586,0,0x312174c0
8189,608,0,0x312b3200
8190,718,0,0x3134ef40
8191,792,0,0x313eac80
8192,543,0,0x314869c0
8193,575,0,0x31522700
8194,852,0,0x315be440
8195,16317,0,0x3165a180
8196,602,0,0x316f5ec0
8197,796,0,0x31791c00
8198,582,0,0x3182d940
8199,696,0,0x318c9680
8200,740,0,0x319653c0
8201,596,0,0x31a01100
8202,518,0,0x31a9ce40
8203,758,0,0x31b38b80
8204,101205,0,0x31bd48c0
8205,637,0,0x31c70600
8206,781,0,0x31d0c340
8207,20494,0,0x31da8080
8208,996,0,0x31e43dc0
8209,7118,0,0x31edfb00
8210,711,0,0x31f7b840
8211,572,0,0x32017580
8212,19250,0,0x320b32c0
8213,567,0,0x3214f000
8214,832,0,0x321ead40
8215,591,0,0x32286a80
8216,579,0,0x323227c0
8217,573,0,0x323be500
8218,554,0,0x3245a240
8219,541,0,0x324f5f80
8220,974,0,0x32591cc0
8221,730,0,0x3262da00
8222,93667,0,0x326c9740
8223,1005,0,0x32765480
8224,611,0,0x328011c0
8225,981,0,0x3289cf00
8226,541,0,0x32938c40
8227,851,0,0x329d4980
8228,983,0,0x32a706c0
8229,599,0,0x32b0c400
8230,561,0,0x32ba8140
8231,755,0,0x32c43e80
8232,537,0,0x32cdfbc0
8233,605,0,0x32d7b900
8234,590,0,0x32e17640
8235,755,0,0x32eb3380
8236,1039,0,0x32f4f0c0
8237,555,0,0x32feae00
8238,582,0,0x33086b40
8239,647,0,0x33122880
8240,620,0,0x331be5c0
8241,758,0,0x3325a300
8242,592,0,0x332f6040
8243,587,0,0x33391d80
8244,590,0,0x3342dac0
8245,2475,0,0x334c9800
8246,806,0,0x33565540
8247,589,0,0x33601280
8248,574,0,0x3369cfc0
8249,564,0,0x33738d00
8250,629,0,0x337d4a40
8251,579,0,0x33870780
8252,1458,0,0x3390c4c0
8253,1037,0,0x339a8200
8254,523,0,0x33a43f40
8255,660,0,0x33adfc80
8256,829,0,0x33b7b9c0
8257,26989,0,0x33c17700
8258,635,0,0x33cb3440
8259,811,0,0x33d4f180
8260,739,0,0x33deaec0
8261,573,0,0x33e86c00
8262,618,0,0x33f22940
8263,842,0,0x33fbe680
8264,111938,0,0x3405a3c0
8265,823,0,0x340f6100
8266,610,0,0x34191e40
8267,745,0,0x3422db80
8268,603,0,0x342c98c0
8269,589,0,0x34365600
8270,1595,0,0x34401340
8271,610,0,0x3449d080
8272,100877,0,0x345d4b00
8273,571,0,0x34670840
8274,100383,0,0x347a82c0
8275,495,0,0x34844000
8276,1326,0,0x348dfd40
8277,525,0,0x3497ba80
8278,100797,0,0x34ab3500
8279,2584,0,0x34b4f240
8280,3247,0,0x34beaf80
8281,1490,0,0x34c86cc0
8282,719,0,0x34d22a00
8283,17911,0,0x34dbe740
8284,622,0,0x34e5a480
8285,854,0,0x34ef61c0
8286,541,0,0x34f91f00
8287,656,0,0x3502dc40
8288,605,0,0x350c9980
8289,953,0,0x351656c0
8290,1250,0,0x35201400
8291,1084,0,0x3529d140
8292,563,0,0x35338e80
8293,594,0,0x353d4bc0
8294,565,0,0x35470900
8295,884,0,0x3550c640
8296,573,0,0x355a8380
8297,572,0,0x356440c0
8298,560,0,0x356dfe00
8299,619,0,0x3577bb40
8300,564,0,0x35817880
8301,616,0,0x358b35c0
8302,567,0,0x3594f300
8303,646,0,0x359eb040
8304,606,0,0x35a86d80
8305,600,0,0x35b22ac0
8306,1009,0,0x35bbe800
8307,994,0,0x35c5a540
8308,531,0,0x35cf6280
8309,636,0,0x35d91fc0
8310,792,0,0x35e2dd00
8311,539,0,0x35ec9a40
8312,607,0,0x35f65780
8313,863,0,0x360014c0
8314,105430,0,0x3609d200
8315,1525,0,0x36138f40
8316,1424,0,0x361d4c80
8317,1358,0,0x362709c0
8318,2438,0,0x3630c700
8319,233,0,0x363a8440
8320,3150,0,0x36444180
8321,93736,0,0x3657bc00
8322,727,0,0x36617940
8323,757,0,0x366b3680
8324,625,0,0x3674f3c0
8325,829,0,0x367eb100
8326,731,0,0x36886e40
8327,732,0,0x36922b80
8328,99673,0,0x36a5a600
8329,571,0,0x36af6340
8330,2463,0,0x36b92080
8331,65546,0,0x36cc9b00
8332,776,0,0x36d65840
8333,1272,0,0x36e01580
8334,1049,0,0x36e9d2c0
8335,512,0,0x36f39000
8336,740,0,0x36fd4d40
8337,570,0,0x37070a80
8338,580,0,0x3710c7c0
8339,552,0,0x371a8500
8340,568,0,0x37244240
8341,640,0,0x372dff80
8342,578,0,0x3737bcc0
8343,594,0,0x37417a00
8344,796,0,0x374b3740
8345,53281,0,0x3754f480
8346,572,0,0x375eb1c0
8347,788,0,0x37686f00
8348,580,0,0x37722c40
8349,506,0,0x377be980
8350,748,0,0x3785a6c0
8351,87834,0,0x378f6400
8352,780,0,0x37992140
8353,561,0,0x37a2de80
8354,782,0,0x37ac9bc0
8355,994,0,0x37b65900
8356,795,0,0x37c01640
8357,568,0,0x37c9d380
8358,962,0,0x37d390c0
8359,761,0,0x37dd4e00
8360,2799,0,0x37e70b40
8361,733,0,0x37f0c880
8362,1043,0,0x37fa85c0
8363,602,0,0x38044300
8364,794,0,0x380e0040
8365,53514,0,0x3817bd80
8366,759,0,0x38217ac0
8367,594,0,0x382b3800
8368,794,0,0x3834f540
8369,84449,0,0x383eb280
8370,808,0,0x38486fc0
8371,576,0,0x38522d00
8372,581,0,0x385bea40
8373,595,0,0x3865a780
8374,643,0,0x386f64c0
8375,574,0,0x38792200
8376,542,0,0x3882df40
8377,546,0,0x388c9c80
8378,1048,0,0x389659c0
8379,578,0,0x38a01700
8380,573,0,0x38a9d440
8381,633,0,0x38b39180
8382,621,0,0x38bd4ec0
8383,593,0,0x38c70c00
8384,784,0,0x38d0c940
8385,761,0,0x38da8680
8386,328,0,0x38e443c0
8387,630,0,0x38ee0100
8388,1745,0,0x38f7be40
8389,1243,0,0x39017b80
8390,508,0,0x390b38c0
8391,746,0,0x3914f600
8392,50554,0,0x391eb340
8393,1039,0,0x39287080
8394,568,0,0x39322dc0
8395,85309,0,0x393beb00
8396,735,0,0x3945a840
8397,516,0,0x394f6580
8398,1003,0,0x395922c0
8399,517,0,0x3962e000
8400,629,0,0x396c9d40
8401,761,0,0x39765a80
8402,529,0,0x398017c0
8403,763,0,0x3989d500
8404,617,0,0x39939240
8405,831,0,0x399d4f80
8406,1158,0,0x39a70cc0
8407,99854,0,0x39ba8740
8408,732,0,0x39c44480
8409,1090,0,0x39ce01c0
8410,11364,0,0x39d7bf00
8411,983,0,0x39e17c40
8412,900,0,0x39eb3980
8413,37697,0,0x39f4f6c0
8414,621,0,0x39feb400
8415,790,0,0x3a087140
8416,104982,0,0x3a122e80
8417,788,0,0x3a1bebc0
8418,1509,0,0x3a25a900
8419,99611,0,0x3a392380
8420,1745,0,0x3a42e0c0
8421,1913,0,0x3a4c9e00
8422,544,0,0x3a565b40
8423,2098,0,0x3a601880
8424,727,0,0x3a69d5c0
8425,880,0,0x3a739300
8426,548,0,0x3a7d5040
8427,719,0,0x3a870d80
8428,584,0,0x3a90cac0
8429,594,0,0x3a9a8800
8430,735,0,0x3aa44540
8431,511,0,0x3aae0280
8432,750,0,0x3ab7bfc0
8433,937,0,0x3ac17d00
8434,525,0,0x3acb3a40
8435,756,0,0x3ad4f780
8436,522,0,0x3adeb4c0
8437,854,0,0x3ae87200
8438,26575,0,0x3af22f40
8439,116308,0,0x3afbec80
8440,2066,0,0x3b05a9c0
8441,514,0,0x3b0f6700
8442,788,0,0x3b192440
8443,10371,0,0x3b22e180
8444,842,0,0x3b2c9ec0
8445,777,0,0x3b365c00
8446,554,0,0x3b401940
8447,821,0,0x3b49d680
8448,21563,0,0x3b5393c0
8449,902,0,0x3b5d5100
8450,116705,0,0x3b670e40
8451,824,0,0x3b70cb80
8452,684,0,0x3b7a88c0
8453,593,0,0x3b844600
8454,102940,0,0x3b97c080
8455,769,0,0x3ba17dc0
8456,583,0,0x3bab3b00
8457,653,0,0x3bb4f840
8458,762,0,0x3bbeb580
8459,1438,0,0x3bc872c0
8460,769,0,0x3bd23000
8461,569,0,0x3bdbed40
8462,604,0,0x3be5aa80
8463,577,0,0x3bef67c0
8464,537,0,0x3bf92500
8465,757,0,0x3c02e240
8466,943,0,0x3c0c9f80
8467,89345,0,0x3c201a00
8468,813,0,0x3c29d740
8469,8446,0,0x3c339480
8470,621,0,0x3c3d51c0
8471,89928,0,0x3c50cc40
8472,790,0,0x3c5a8980
8473,575,0,0x3c6446c0
8474,842,0,0x3c6e0400
8475,624,0,0x3c77c140
8476,607,0,0x3c817e80
8477,595,0,0x3c8b3bc0
8478,646,0,0x3c94f900
8479,790,0,0x3c9eb640
8480,4030,0,0x3ca87380
8481,621,0,0x3cb230c0
8482,755,0,0x3cbbee00
8483,521,0,0x3cc5ab40
8484,771,0,0x3ccf6880
8485,537,0,0x3cd925c0
8486,1000,0,0x3ce2e300
8487,4316,0,0x3ceca040
8488,622,0,0x3cf65d80
8489,1224,0,0x3d001ac0
8490,1202,0,0x3d09d800
8491,81973,0,0x3d1d5280
8492,574,0,0x3d270fc0
8493,847,0,0x3d30cd00
8494,589,0,0x3d3a8a40
8495,587,0,0x3d444780
8496,616,0,0x3d4e04c0
8497,572,0,0x3d57c200
8498,804,0,0x3d617f40
8499,1179,0,0x3d6b3c80
8500,859,0,0x3d74f9c0
8501,554,0,0x3d7eb700
8502,940,0,0x3d887440
8503,572,0,0x3d923180
8504,489,0,0x3d9beec0
8505,731,0,0x3da5ac00
8506,516,0,0x3daf6940
8507,845,0,0x3db92680
8508,759,0,0x3dc2e3c0
8509,617,0,0x3dcca100
8510,2132,0,0x3dd65e40
8511,1218,0,0x3de01b80
8512,2174,0,0x3de9d8c0
8513,82502,0,0x3dfd5340
8514,823,0,0x3e071080
8515,574,0,0x3e10cdc0
8516,516,0,0x3e1a8b00
8517,738,0,0x3e244840
8518,11812,0,0x3e2e0580
8519,845,0,0x3e37c2c0
8520,2292,0,0x3e418000
8521,888,0,0x3e4b3d40
8522,82620,0,0x3e5eb7c0
8523,585,0,0x3e687500
8524,570,0,0x3e723240
8525,647,0,0x3e7bef80
8526,596,0,0x3e85acc0
8527,854,0,0x3e8f6a00
8528,10012,0,0x3e992740
8529,613,0,0x3ea2e480
8530,1071,0,0x3eaca1c0
8531,1419,0,0x3eb65f00
8532,1015,0,0x3ec01c40
8533,142289,0,0x3ec9d980
8534,1217,0,0x3ed396c0
8535,561,0,0x3edd5400
8536,587,0,0x3ee71140
8537,800,0,0x3ef0ce80
8538,7768,0,0x3efa8bc0
8539,720,0,0x3f044900
8540,2114,0,0x3f0e0640
8541,87258,0,0x3f2180c0
8542,830,0,0x3f2b3e00
8543,512,0,0x3f34fb40
8544,776,0,0x3f3eb880
8545,8847,0,0x3f4875c0
8546,1234,0,0x3f523300
8547,288,0,0x3f5bf040
8548,974,0,0x3f65ad80
8549,85124,0,0x3f792800
8550,583,0,0x3f82e540
8551,606,0,0x3f8ca280
8552,628,0,0x3f965fc0
8553,1218,0,0x3fa01d00
8554,592,0,0x3fa9da40
8555,570,0,0x3fb39780
8556,1000,0,0x3fbd54c0
8557,1019,0,0x3fc71200
8558,588,0,0x3fd0cf40
8559,571,0,0x3fda8c80
8560,536,0,0x3fe449c0
8561,905,0,0x3fee0700
8562,1677,0,0x3ff7c440
8563,1753,0,0x181c0
8564,508,0,0xb3f00
8565,99565,0,0x1eb980
8566,783,0,0x2876c0
8567,724,0,0x323400
8568,1819,0,0x3bf140
8569,103285,0,0x4f6bc0
8570,2419,0,0x592900
8571,1342,0,0x62e640
8572,813,0,0x6ca380
8573,520,0,0x7660c0
8574,611,0,0x801e00
8575,745,0,0x89db40
8576,152380,0,0x939880
8577,1920,0,0x9d55c0
8578,155161,0,0xa71300
8579,1214,0,0xb0d040
8580,704,0,0xba8d80
8581,98103,0,0xce0800
8582,816,0,0xd7c540
8583,656,0,0xe18280
8584,3226,0,0xeb3fc0
8585,487,0,0xf4fd00
8586,1094,0,0xfeba40
8587,47233,0,0x11234c0
8588,2392,0,0x11bf200
8589,986,0,0x125af40
8590,821,0,0x12f6c80
8591,600,0,0x13929c0
8592,747,0,0x142e700
8593,597,0,0x14ca440
8594,577,0,0x1566180
8595,961,0,0x1601ec0
8596,43882,0,0x169dc00
8597,403,0,0x1739940
8598,1424,0,0x17d5680
8599,45055,0,0x190d100
8600,766,0,0x19a8e40
8601,791,0,0x1a44b80
8602,788,0,0x1ae08c0
8603,558,0,0x1b7c600
8604,566,0,0x1c18340
8605,644,0,0x1cb4080
8606,853,0,0x1d4fdc0
8607,402,0,0x1debb00
8608,2429,0,0x1e87840
8609,798,0,0x1f23580
8610,575,0,0x1fbf2c0
8611,583,0,0x205b000
8612,863,0,0x20f6d40
8613,575,0,0x2192a80
8614,782,0,0x222e7c0
8615,582,0,0x22ca500
8616,587,0,0x2366240
8617,979,0,0x2401f80
8618,535,0,0x249dcc0
8619,609,0,0x2539a00
8620,824,0,0x25d5740
8621,32759,0,0x2671480
8622,741,0,0x270d1c0
8623,2113,0,0x27a8f00
8624,844,0,0x2844c40
8625,784,0,0x28e0980
8626,571,0,0x297c6c0
8627,812,0,0x2a18400
8628,568,0,0x2ab4140
8629,572,0,0x2b4fe80
8630,567,0,0x2bebbc0
8631,627,0,0x2c87900
8632,611,0,0x2d23640
8633,758,0,0x2dbf380
8634,593,0,0x2e5b0c0
8635,1002,0,0x2ef6e00
8636,744,0,0x2f92b40
8637,95239,0,0x302e880
8638,783,0,0x30ca5c0
8639,589,0,0x3166300
8640,824,0,0x3202040
8641,616,0,0x329dd80
8642,741,0,0x3339ac0
8643,1075,0,0x33d5800
8644,563,0,0x3471540
8645,558,0,0x350d280
8646,623,0,0x35a8fc0
8647,871,0,0x3644d00
8648,2118,0,0x36e0a40
8649,1011,0,0x377c780
8650,567,0,0x38184c0
8651,561,0,0x38b4200
8652,859,0,0x394ff40
8653,31173,0,0x39ebc80
8654,827,0,0x3a879c0
8655,1352,0,0x3b23700
8656,10619,0,0x3bbf440
8657,821,0,0x3c5b180
8658,571,0,0x3cf6ec0
8659,1006,0,0x3d92c00
8660,613,0,0x3e2e940
8661,615,0,0x3eca680
8662,740,0,0x3f663c0
8663,595,0,0x4002100
8664,570,0,0x409de40
8665,990,0,0x4139b80
8666,1140,0,0x41d58c0
8667,94773,0,0x4271600
8668,747,0,0x430d340
8669,578,0,0x43a9080
8670,592,0,0x4444dc0
8671,574,0,0x44e0b00
8672,1024,0,0x457c840
8673,886,0,0x4618580
8674,493,0,0x46b42c0
8675,100974,0,0x47ebd40
8676,1391,0,0x4887a80
8677,101180,0,0x49bf500
8678,313,0,0x4a5b240
8679,670,0,0x4af6f80
8680,283,0,0x4b92cc0
8681,101591,0,0x4cca740
8682,1681,0,0x4d66480
8683,91887,0,0x4e9df00
8684,357,0,0x4f39c40
8685,461,0,0x4fd5980
8686,765,0,0x50716c0
8687,599,0,0x510d400
8688,584,0,0x51a9140
8689,859,0,0x5244e80
8690,9365,0,0x52e0bc0
8691,753,0,0x537c900
8692,724,0,0x5418640
8693,870,0,0x54b4380
8694,579,0,0x55500c0
8695,734,0,0x55ebe00
8696,577,0,0x5687b40
8697,572,0,0x5723880
8698,739,0,0x57bf5c0
8699,523,0,0x585b300
8700,598,0,0x58f7040
8701,564,0,0x5992d80
8702,727,0,0x5a2eac0
8703,593,0,0x5aca800
8704,551,0,0x5b66540
8705,587,0,0x5c02280
8706,716,0,0x5c9dfc0
8707,588,0,0x5d39d00
8708,591,0,0x5dd5a40
8709,737,0,0x5e71780
8710,596,0,0x5f0d4c0
8711,1997,0,0x5fa9200
8712,1235,0,0x6044f40
8713,1019,0,0x60e0c80
8714,588,0,0x617c9c0
8715,590,0,0x6218700
8716,801,0,0x62b4440
8717,116532,0,0x6350180
8718,1018,0,0x63ebec0
8719,1100,0,0x6487c00
8720,791,0,0x6523940
8721,577,0,0x65bf680
8722,767,0,0x665b3c0
8723,851,0,0x66f7100
8724,27110,0,0x6792e40
8725,761,0,0x682eb80
8726,617,0,0x68ca8c0
8727,599,0,0x6966600
8728,963,0,0x6a02340
8729,859,0,0x6a9e080
8730,1164,0,0x6b39dc0
8731,1013,0,0x6bd5b00
8732,577,0,0x6c71840
8733,745,0,0x6d0d580
8734,116785,0,0x6da92c0
8735,837,0,0x6e45000
8736,1673,0,0x6ee0d40
8737,874,0,0x6f7ca80
8738,554,0,0x70187c0
8739,594,0,0x70b4500
8740,789,0,0x7150240
8741,576,0,0x71ebf80
8742,982,0,0x7287cc0
8743,614,0,0x7323a00
8744,589,0,0x73bf740
8745,587,0,0x745b480
8746,745,0,0x74f71c0
8747,22301,0,0x7592f00
8748,1207,0,0x762ec40
8749,1635,0,0x76ca980
8750,1031,0,0x77666c0
8751,572,0,0x7802400
8752,616,0,0x789e140
8753,786,0,0x7939e80
8754,567,0,0x79d5bc0
8755,797,0,0x7a71900
8756,113137,0,0x7b0d640
8757,1268,0,0x7ba9380
8758,600,0,0x7c450c0
8759,748,0,0x7ce0e00
8760,8687,0,0x7d7cb40
8761,806,0,0x7e18880
8762,572,0,0x7eb45c0
8763,591,0,0x7f50300
8764,565,0,0x7fec040
8765,612,0,0x8087d80
8766,583,0,0x8123ac0
8767,603,0,0x81bf800
8768,794,0,0x825b540
8769,17916,0,0x82f7280
8770,118048,0,0x8392fc0
8771,617,0,0x842ed00
8772,603,0,0x84caa40
8773,548,0,0x8566780
8774,575,0,0x86024c0
8775,605,0,0x869e200
8776,580,0,0x8739f40
8777,569,0,0x87d5c80
8778,572,0,0x88719c0
8779,560,0,0x890d700
8780,621,0,0x89a9440
8781,628,0,0x8a45180
8782,598,0,0x8ae0ec0
8783,652,0,0x8b7cc00
8784,612,0,0x8c18940
8785,758,0,0x8cb4680
8786,1898,0,0x8d503c0
8787,805,0,0x8dec100
8788,16894,0,0x8e87e40
8789,805,0,0x8f23b80
8790,566,0,0x8fbf8c0
8791,590,0,0x905b600
8792,782,0,0x90f7340
8793,1482,0,0x9193080
8794,1392,0,0x922edc0
8795,71946,0,0x9366840
8796,776,0,0x9402580
8797,651,0,0x949e2c0
8798,1570,0,0x953a000
8799,634,0,0x95d5d40
8800,2480,0,0x9671a80
8801,759,0,0x970d7c0
8802,536,0,0x97a9500
8803,592,0,0x9845240
8804,565,0,0x98e0f80
8805,590,0,0x997ccc0
8806,794,0,0x9a18a00
8807,581,0,0x9ab4740
8808,599,0,0x9b50480
8809,799,0,0x9bec1c0
8810,10437,0,0x9c87f00
8811,883,0,0x9d23c40
8812,2134,0,0x9dbf980
8813,950,0,0x9e5b6c0
8814,602,0,0x9ef7400
8815,570,0,0x9f93140
8816,513,0,0xa02ee80
8817,999,0,0xa0cabc0
8818,585,0,0xa166900
8819,592,0,0xa202640
8820,603,0,0xa29e380
8821,814,0,0xa33a0c0
8822,570,0,0xa3d5e00
8823,589,0,0xa471b40
8824,536,0,0xa50d880
8825,619,0,0xa5a95c0
8826,784,0,0xa645300
8827,667,0,0xa6e1040
8828,628,0,0xa77cd80
8829,1000,0,0xa818ac0
8830,564,0,0xa8b4800
8831,601,0,0xa950540
8832,610,0,0xa9ec280
8833,600,0,0xaa87fc0
8834,797,0,0xab23d00
8835,112883,0,0xabbfa40
8836,581,0,0xac5b780
8837,801,0,0xacf74c0
8838,566,0,0xad93200
8839,602,0,0xae2ef40
8840,727,0,0xaecac80
8841,598,0,0xaf669c0
8842,553,0,0xb002700
8843,603,0,0xb09e440
8844,1035,0,0xb13a180
8845,1955,0,0xb1d5ec0
8846,1785,0,0xb271c00
8847,880,0,0xb30d940
8848,768,0,0xb3a9680
8849,549,0,0xb4453c0
8850,600,0,0xb4e1100
8851,561,0,0xb57ce40
8852,566,0,0xb618b80
8853,561,0,0xb6b48c0
8854,588,0,0xb750600
8855,593,0,0xb7ec340
8856,985,0,0xb888080
8857,603,0,0xb923dc0
8858,568,0,0xb9bfb00
8859,1193,0,0xba5b840
8860,749,0,0xbaf7580
8861,282,0,0xbb932c0
8862,1878,0,0xbc2f000
8863,748,0,0xbccad40
8864,609,0,0xbd66a80
8865,578,0,0xbe027c0
8866,834,0,0xbe9e500
8867,10631,0,0xbf3a240
8868,817,0,0xbfd5f80
8869,573,0,0xc071cc0
8870,557,0,0xc10da00
8871,1031,0,0xc1a9740
8872,857,0,0xc245480
8873,120672,0,0xc2e11c0
8874,656,0,0xc37cf00
8875,631,0,0xc418c40
8876,597,0,0xc4b4980
8877,781,0,0xc5506c0
8878,13645,0,0xc5ec400
8879,726,0,0xc688140
8880,516,0,0xc723e80
8881,752,0,0xc7bfbc0
8882,735,0,0xc85b900
8883,616,0,0xc8f7640
8884,754,0,0xc993380
8885,607,0,0xca2f0c0
8886,988,0,0xcacae00
8887,560,0,0xcb66b40
8888,573,0,0xcc02880
8889,775,0,0xcc9e5c0
8890,557,0,0xcd3a300
8891,551,0,0xcdd6040
8892,716,0,0xce71d80
8893,567,0,0xcf0dac0
8894,555,0,0xcfa9800
8895,552,0,0xd045540
8896,769,0,0xd0e1280
8897,1179,0,0xd17cfc0
8898,804,0,0xd218d00
8899,519,0,0xd2b4a40
8900,603,0,0xd350780
8901,744,0,0xd3ec4c0
8902,814,0,0xd488200
8903,578,0,0xd523f40
8904,570,0,0xd5bfc80
8905,621,0,0xd65b9c0
8906,788,0,0xd6f7700
8907,535,0,0xd793440
8908,592,0,0xd82f180
8909,621,0,0xd8caec0
8910,586,0,0xd966c00
8911,581,0,0xda02940
8912,1064,0,0xda9e680
8913,1175,0,0xdb3a3c0
8914,1023,0,0xdbd6100
8915,567,0,0xdc71e40
8916,547,0,0xdd0db80
8917,617,0,0xdda98c0
8918,857,0,0xde45600
8919,104009,0,0xdee1340
8920,1647,0,0xdf7d080
8921,1165,0,0xe018dc0
8922,824,0,0xe0b4b00
8923,1208,0,0xe150840
8924,990,0,0xe1ec580
8925,992,0,0xe2882c0
8926,985,0,0xe324000
8927,1019,0,0xe3bfd40
8928,996,0,0xe45ba80
8929,936,0,0xe4f77c0
8930,2577,0,0xe593500
8931,100601,0,0xe6caf80
8932,100002,0,0xe802a00
8933,801,0,0xe89e740
8934,548,0,0xe93a480
8935,762,0,0xe9d61c0
8936,5871,0,0xea71f00
8937,591,0,0xeb0dc40
8938,600,0,0xeba9980
8939,715,0,0xec456c0
8940,598,0,0xece1400
8941,829,0,0xed7d140
8942,39952,0,0xee18e80
8943,770,0,0xeeb4bc0
8944,1233,0,0xef50900
8945,589,0,0xefec640
8946,751,0,0xf088380
8947,98560,0,0xf1240c0
8948,780,0,0xf1bfe00
8949,763,0,0xf25bb40
8950,618,0,0xf2f7880
8951,1185,0,0xf3935c0
8952,646,0,0xf42f300
8953,600,0,0xf4cb040
8954,768,0,0xf566d80
8955,547,0,0xf602ac0
8956,605,0,0xf69e800
8957,986,0,0xf73a540
8958,868,0,0xf7d6280
8959,2133,0,0xf871fc0
8960,563,0,0xf90dd00
8961,597,0,0xf9a9a40
8962,38778,0,0xfa45780
8963,609,0,0xfae14c0
8964,602,0,0xfb7d200
8965,584,0,0xfc18f40
8966,774,0,0xfcb4c80
8967,567,0,0xfd509c0
8968,594,0,0xfdec700
8969,595,0,0xfe88440
8970,631,0,0xff24180
8971,615,0,0xffbfec0
8972,614,0,0x1005bc00
8973,597,0,0x100f7940
8974,629,0,0x10193680
8975,768,0,0x1022f3c0
8976,567,0,0x102cb100
8977,597,0,0x10366e40
8978,639,0,0x10402b80
8979,591,0,0x1049e8c0
8980,560,0,0x1053a600
8981,560,0,0x105d6340
8982,619,0,0x10672080
8983,571,0,0x1070ddc0
8984,549,0,0x107a9b00
8985,555,0,0x10845840
8986,622,0,0x108e1580
8987,811,0,0x1097d2c0
8988,771,0,0x10a19000
8989,595,0,0x10ab4d40
8990,578,0,0x10b50a80
8991,589,0,0x10bec7c0
8992,581,0,0x10c88500
8993,843,0,0x10d24240
8994,564,0,0x10dbff80
8995,745,0,0x10e5bcc0
8996,1264,0,0x10ef7a00
8997,68591,0,0x10f93740
8998,566,0,0x1102f480
8999,637,0,0x110cb1c0
9000,607,0,0x11166f00
9001,754,0,0x11202c40
9002,593,0,0x1129e980
9003,602,0,0x1133a6c0
9004,1198,0,0x113d6400
9005,606,0,0x11472140
9006,5011,0,0x1150de80
9007,597,0,0x115a9bc0
9008,1646,0,0x11645900
9009,72033,0,0x116e1640
9010,577,0,0x1177d380
9011,570,0,0x118190c0
9012,546,0,0x118b4e00
9013,624,0,0x11950b40
9014,1012,0,0x119ec880
9015,571,0,0x11a885c0
9016,601,0,0x11b24300
9017,591,0,0x11bc0040
9018,742,0,0x11c5bd80
9019,613,0,0x11cf7ac0
9020,1017,0,0x11d93800
9021,745,0,0x11e2f540
9022,598,0,0x11ecb280
9023,579,0,0x11f66fc0
9024,610,0,0x12002d00
9025,800,0,0x1209ea40
9026,62119,0,0x1213a780
9027,52043,0,0x12272200
9028,1066,0,0x1230df40
9029,763,0,0x123a9c80
9030,589,0,0x124459c0
9031,541,0,0x124e1700
9032,992,0,0x1257d440
9033,830,0,0x12619180
9034,535,0,0x126b4ec0
9035,575,0,0x12750c00
9036,564,0,0x127ec940
9037,538,0,0x12888680
9038,594,0,0x129243c0
9039,727,0,0x129c0100
9040,816,0,0x12a5be40
9041,997,0,0x12af7b80
9042,577,0,0x12b938c0
9043,618,0,0x12c2f600
9044,612,0,0x12ccb340
9045,952,0,0x12d67080
9046,557,0,0x12e02dc0
9047,615,0,0x12e9eb00
9048,762,0,0x12f3a840
9049,28824,0,0x12fd6580
9050,802,0,0x130722c0
9051,540,0,0x1310e000
9052,634,0,0x131a9d40
9053,608,0,0x13245a80
9054,771,0,0x132e17c0
9055,8715,0,0x1337d500
9056,1501,0,0x13419240
9057,1972,0,0x134b4f80
9058,743,0,0x13550cc0
9059,61944,0,0x13688740
9060,805,0,0x13724480
9061,570,0,0x137c01c0
9062,560,0,0x1385bf00
9063,574,0,0x138f7c40
9064,597,0,0x13993980
9065,576,0,0x13a2f6c0
9066,567,0,0x13acb400
9067,563,0,0x13b67140
9068,604,0,0x13c02e80
9069,620,0,0x13c9ebc0
9070,596,0,0x13d3a900
9071,583,0,0x13dd6640
9072,657,0,0x13e72380
9073,613,0,0x13f0e0c0
9074,1211,0,0x13fa9e00
9075,8211,0,0x14045b40
9076,578,0,0x140e1880
9077,660,0,0x1417d5c0
9078,788,0,0x14219300
9079,24479,0,0x142b5040
9080,824,0,0x14350d80
9081,637,0,0x143ecac0
9082,621,0,0x14488800
9083,623,0,0x14524540
9084,585,0,0x145c0280
9085,642,0,0x1465bfc0
9086,627,0,0x146f7d00
9087,601,0,0x14793a40
9088,733,0,0x1482f780
9089,112738,0,0x148cb4c0
9090,511,0,0x14967200
9091,1226,0,0x14a02f40
9092,810,0,0x14a9ec80
9093,768,0,0x14b3a9c0
9094,608,0,0x14bd6700
9095,585,0,0x14c72440
9096,626,0,0x14d0e180
9097,748,0,0x14da9ec0
9098,594,0,0x14e45c00
9099,528,0,0x14ee1940
9100,746,0,0x14f7d680
9101,381,0,0x150193c0
9102,1645,0,0x150b5100
9103,578,0,0x15150e40
9104,835,0,0x151ecb80
9105,518,0,0x152888c0
9106,749,0,0x15324600
9107,18779,0,0x153c0340
9108,711,0,0x1545c080
9109,591,0,0x154f7dc0
9110,838,0,0x15593b00
9111,4808,0,0x1562f840
9112,788,0,0x156cb580
9113,124504,0,0x157672c0
9114,825,0,0x15803000
9115,573,0,0x1589ed40
9116,753,0,0x1593aa80
9117,1011,0,0x159d67c0
9118,575,0,0x15a72500
9119,872,0,0x15b0e240
9120,19864,0,0x15ba9f80
9121,748,0,0x15c45cc0
9122,984,0,0x15ce1a00
9123,3853,0,0x15d7d740
9124,511,0,0x15e19480
9125,578,0,0x15eb51c0
9126,650,0,0x15f50f00
9127,626,0,0x15fecc40
9128,613,0,0x16088980
9129,749,0,0x161246c0
9130,603,0,0x161c0400
9131,647,0,0x1625c140
9132,611,0,0x162f7e80
9133,573,0,0x16393bc0
9134,664,0,0x1642f900
9135,621,0,0x164cb640
9136,617,0,0x16567380
9137,799,0,0x166030c0
9138,114813,0,0x1669ee00
9139,576,0,0x1673ab40
9140,872,0,0x167d6880
9141,23725,0,0x168725c0
9142,776,0,0x1690e300
9143,548,0,0x169aa040
9144,752,0,0x16a45d80
9145,1038,0,0x16ae1ac0
9146,601,0,0x16b7d800
9147,7792,0,0x16c19540
9148,798,0,0x16cb5280
9149,562,0,0x16d50fc0
9150,810,0,0x16decd00
9151,596,0,0x16e88a40
9152,602,0,0x16f24780
9153,546,0,0x16fc04c0
9154,553,0,0x1705c200
9155,653,0,0x170f7f40
9156,1212,0,0x17193c80
9157,615,0,0x1722f9c0
9158,569,0,0x172cb700
9159,543,0,0x17367440
9160,569,0,0x17403180
9161,523,0,0x1749eec0
9162,876,0,0x1753ac00
9163,103015,0,0x175d6940
9164,839,0,0x17672680
9165,795,0,0x1770e3c0
9166,557,0,0x177aa100
9167,574,0,0x17845e40
9168,562,0,0x178e1b80
9169,633,0,0x1797d8c0
9170,783,0,0x17a19600
9171,570,0,0x17ab5340
9172,555,0,0x17b51080
9173,621,0,0x17becdc0
9174,591,0,0x17c88b00
9175,548,0,0x17d24840
9176,793,0,0x17dc0580
9177,15421,0,0x17e5c2c0
9178,786,0,0x17ef8000
9179,24656,0,0x17f93d40
9180,793,0,0x1802fa80
9181,819,0,0x180cb7c0
9182,600,0,0x18167500
9183,806,0,0x18203240
9184,543,0,0x1829ef80
9185,537,0,0x1833acc0
9186,593,0,0x183d6a00
9187,587,0,0x18472740
9188,558,0,0x1850e480
9189,535,0,0x185aa1c0
9190,938,0,0x18645f00
9191,969,0,0x186e1c40
9192,595,0,0x1877d980
9193,595,0,0x188196c0
9194,562,0,0x188b5400
9195,576,0,0x18951140
9196,821,0,0x189ece80
9197,567,0,0x18a88bc0
9198,558,0,0x18b24900
9199,1008,0,0x18bc0640
9200,627,0,0x18c5c380
9201,748,0,0x18cf80c0
9202,82287,0,0x18d93e00
9203,606,0,0x18e2fb40
9204,572,0,0x18ecb880
9205,555,0,0x18f675c0
9206,550,0,0x19003300
9207,624,0,0x1909f040
9208,558,0,0x1913ad80
9209,959,0,0x191d6ac0
9210,612,0,0x19272800
9211,583,0,0x1930e540
9212,963,0,0x193aa280
9213,608,0,0x19445fc0
9214,628,0,0x194e1d00
9215,777,0,0x1957da40
9216,587,0,0x19619780
9217,576,0,0x196b54c0
9218,613,0,0x19751200
9219,748,0,0x197ecf40
9220,1030,0,0x19888c80
9221,10219,0,0x199249c0
9222,759,0,0x199c0700
9223,1005,0,0x19a5c440
9224,44554,0,0x19af8180
9225,962,0,0x19b93ec0
9226,593,0,0x19c2fc00
9227,617,0,0x19ccb940
9228,759,0,0x19d67680
9229,537,0,0x19e033c0
9230,578,0,0x19e9f100
9231,594,0,0x19f3ae40
9232,574,0,0x19fd6b80
9233,604,0,0x1a0728c0
9234,759,0,0x1a10e600
9235,608,0,0x1a1aa340
9236,794,0,0x1a246080
9237,1046,0,0x1a2e1dc0
9238,598,0,0x1a37db00
9239,645,0,0x1a419840
9240,599,0,0x1a4b5580
9241,604,0,0x1a5512c0
9242,744,0,0x1a5ed000
9243,75105,0,0x1a688d40
9244,643,0,0x1a724a80
9245,624,0,0x1a7c07c0
9246,615,0,0x1a85c500
9247,740,0,0x1a8f8240
9248,2590,0,0x1a993f80
9249,777,0,0x1aa2fcc0
9250,1010,0,0x1aacba00
9251,565,0,0x1ab67740
9252,757,0,0x1ac03480
9253,597,0,0x1ac9f1c0
9254,561,0,0x1ad3af00
9255,572,0,0x1add6c40
9256,561,0,0x1ae72980
9257,616,0,0x1af0e6c0
9258,511,0,0x1afaa400
9259,826,0,0x1b046140
9260,1016,0,0x1b0e1e80
9261,681,0,0x1b17dbc0
9262,82179,0,0x1b2b5640
9263,768,0,0x1b351380
9264,17964,0,0x1b3ed0c0
9265,2154,0,0x1b488e00
9266,280,0,0x1b524b40
9267,1046,0,0x1b5c0880
9268,765,0,0x1b65c5c0
9269,602,0,0x1b6f8300
9270,634,0,0x1b794040
9271,613,0,0x1b82fd80
9272,752,0,0x1b8cbac0
9273,594,0,0x1b967800
9274,807,0,0x1ba03540
9275,557,0,0x1ba9f280
9276,636,0,0x1bb3afc0
9277,610,0,0x1bbd6d00
9278,987,0,0x1bc72a40
9279,1030,0,0x1bd0e780
9280,569,0,0x1bdaa4c0
9281,739,0,0x1be46200
9282,601,0,0x1bee1f40
9283,489,0,0x1bf7dc80
9284,755,0,0x1c0199c0
9285,29051,0,0x1c0b5700
9286,755,0,0x1c151440
9287,796,0,0x1c1ed180
9288,86504,0,0x1c288ec0
9289,534,0,0x1c324c00
9290,792,0,0x1c3c0940
9291,19469,0,0x1c45c680
9292,776,0,0x1c4f83c0
9293,937,0,0x1c594100
9294,598,0,0x1c62fe40
9295,834,0,0x1c6cbb80
9296,990,0,0x1c7678c0
9297,1201,0,0x1c803600
9298,787,0,0x1c89f340
9299,836,0,0x1c93b080
9300,527,0,0x1c9d6dc0
9301,790,0,0x1ca72b00
9302,541,0,0x1cb0e840
9303,827,0,0x1cbaa580
9304,527,0,0x1cc462c0
9305,530,0,0x1cce2000
9306,604,0,0x1cd7dd40
9307,730,0,0x1ce19a80
9308,711,0,0x1ceb57c0
9309,608,0,0x1cf51500
9310,60682,0,0x1d088f80
9311,814,0,0x1d124cc0
9312,605,0,0x1d1c0a00
9313,759,0,0x1d25c740
9314,535,0,0x1d2f8480
9315,564,0,0x1d3941c0
9316,832,0,0x1d42ff00
9317,529,0,0x1d4cbc40
9318,629,0,0x1d567980
9319,581,0,0x1d6036c0
9320,568,0,0x1d69f400
9321,566,0,0x1d73b140
9322,629,0,0x1d7d6e80
9323,578,0,0x1d872bc0
9324,554,0,0x1d90e900
9325,594,0,0x1d9aa640
9326,1681,0,0x1da46380
9327,650,0,0x1dae20c0
9328,788,0,0x1db7de00
9329,535,0,0x1dc19b40
9330,855,0,0x1dcb5880
9331,15001,0,0x1dd515c0
9332,1606,0,0x1dded300
9333,87724,0,0x1df24d80
9334,1005,0,0x1dfc0ac0
9335,612,0,0x1e05c800
9336,772,0,0x1e0f8540
9337,8700,0,0x1e194280
9338,746,0,0x1e22ffc0
9339,653,0,0x1e2cbd00
9340,1044,0,0x1e367a40
9341,566,0,0x1e403780
9342,1242,0,0x1e49f4c0
9343,573,0,0x1e53b200
9344,629,0,0x1e5d6f40
9345,761,0,0x1e672c80
9346,15035,0,0x1e70e9c0
9347,590,0,0x1e7aa700
9348,576,0,0x1e846440
9349,581,0,0x1e8e2180
9350,796,0,0x1e97dec0
9351,124197,0,0x1ea19c00
9352,816,0,0x1eab5940
9353,599,0,0x1eb51680
9354,864,0,0x1ebed3c0
9355,1048,0,0x1ec89100
9356,1003,0,0x1ed24e40
9357,1077,0,0x1edc0b80
9358,1222,0,0x1ee5c8c0
9359,1005,0,0x1eef8600
9360,1441,0,0x1ef94340
9361,1029,0,0x1f030080
9362,535,0,0x1f0cbdc0
9363,453,0,0x1f167b00
9364,1163,0,0x1f203840
9365,938,0,0x1f29f580
9366,1166,0,0x1f33b2c0
9367,1006,0,0x1f3d7000
9368,816,0,0x1f472d40
9369,11839,0,0x1f50ea80
9370,566,0,0x1f5aa7c0
9371,554,0,0x1f646500
9372,1022,0,0x1f6e2240
9373,559,0,0x1f77df80
9374,553,0,0x1f819cc0
9375,536,0,0x1f8b5a00
9376,579,0,0x1f951740
9377,763,0,0x1f9ed480
9378,579,0,0x1fa891c0
9379,627,0,0x1fb24f00
9380,600,0,0x1fbc0c40
9381,600,0,0x1fc5c980
9382,795,0,0x1fcf86c0
9383,125434,0,0x1fd94400
9384,1237,0,0x1fe30140
9385,1010,0,0x1fecbe80
9386,1018,0,0x1ff67bc0
9387,1199,0,0x20003900
9388,920,0,0x2009f640
9389,1658,0,0x2013b380
9390,636,0,0x201d70c0
9391,709,0,0x20272e00
9392,103261,0,0x203aa880
9393,734,0,0x204465c0
9394,570,0,0x204e2300
9395,579,0,0x2057e040
9396,545,0,0x20619d80
9397,764,0,0x206b5ac0
9398,548,0,0x20751800
9399,811,0,0x207ed540
9400,11087,0,0x20889280
9401,766,0,0x20924fc0
9402,1905,0,0x209c0d00
9403,1188,0,0x20a5ca40
9404,86260,0,0x20b944c0
9405,771,0,0x20c30200
9406,564,0,0x20ccbf40
9407,763,0,0x20d67c80
9408,534,0,0x20e039c0
9409,570,0,0x20e9f700
9410,714,0,0x20f3b440
9411,589,0,0x20fd7180
9412,556,0,0x21072ec0
9413,730,0,0x2110ec00
9414,579,0,0x211aa940
9415,575,0,0x21246680
9416,746,0,0x212e23c0
9417,571,0,0x2137e100
9418,649,0,0x21419e40
9419,757,0,0x214b5b80
9420,529,0,0x215518c0
9421,784,0,0x215ed600
9422,483,0,0x21689340
9423,728,0,0x21725080
9424,515,0,0x217c0dc0
9425,612,0,0x2185cb00
9426,608,0,0x218f8840
9427,718,0,0x21994580
9428,572,0,0x21a302c0
9429,576,0,0x21acc000
9430,583,0,0x21b67d40
9431,774,0,0x21c03a80
9432,561,0,0x21c9f7c0
9433,548,0,0x21d3b500
9434,798,0,0x21dd7240
9435,819,0,0x21e72f80
9436,1020,0,0x21f0ecc0
9437,772,0,0x21faaa00
9438,4127,0,0x22046740
9439,73883,0,0x2217e1c0
9440,810,0,0x22219f00
9441,513,0,0x222b5c40
9442,589,0,0x22351980
9443,581,0,0x223ed6c0
9444,629,0,0x22489400
9445,623,0,0x22525140
9446,615,0,0x225c0e80
9447,748,0,0x2265cbc0
9448,607,0,0x226f8900
9449,787,0,0x22794640
9450,15559,0,0x22830380
9451,750,0,0x228cc0c0
9452,767,0,0x22967e00
9453,586,0,0x22a03b40
9454,742,0,0x22a9f880
9455,519,0,0x22b3b5c0
9456,601,0,0x22bd7300
9457,623,0,0x22c73040
9458,743,0,0x22d0ed80
9459,567,0,0x22daaac0
9460,581,0,0x22e46800
9461,552,0,0x22ee2540
9462,803,0,0x22f7e280
9463,571,0,0x23019fc0
9464,543,0,0x230b5d00
9465,585,0,0x23151a40
9466,780,0,0x231ed780
9467,613,0,0x232894c0
9468,577,0,0x23325200
9469,540,0,0x233c0f40
9470,640,0,0x2345cc80
9471,1984,0,0x234f89c0
9472,65157,0,0x23630440
9473,601,0,0x236cc180
9474,596,0,0x23767ec0
9475,741,0,0x23803c00
9476,590,0,0x2389f940
9477,586,0,0x2393b680
9478,574,0,0x239d73c0
9479,595,0,0x23a73100
9480,619,0,0x23b0ee40
9481,594,0,0x23baab80
9482,557,0,0x23c468c0
9483,556,0,0x23ce2600
9484,619,0,0x23d7e340
9485,587,0,0x23e1a080
9486,564,0,0x23eb5dc0
9487,572,0,0x23f51b00
9488,607,0,0x23fed840
9489,569,0,0x24089580
9490,544,0,0x241252c0
9491,594,0,0x241c1000
9492,559,0,0x2425cd40
9493,852,0,0x242f8a80
9494,19174,0,0x243947c0
9495,977,0,0x24430500
9496,588,0,0x244cc240
9497,780,0,0x24567f80
9498,568,0,0x24603cc0
9499,868,0,0x2469fa00
9500,2330,0,0x2473b740
9501,953,0,0x247d7480
9502,1262,0,0x248731c0
9503,948,0,0x2490ef00
9504,1217,0,0x249aac40
9505,1019,0,0x24a46980
9506,1204,0,0x24ae26c0
9507,1016,0,0x24b7e400
9508,992,0,0x24c1a140
9509,1010,0,0x24cb5e80
9510,332,0,0x24d51bc0
9511,432,0,0x24ded900
9512,58060,0,0x24f25380
9513,25472,0,0x24fc10c0
9514,31641,0,0x2505ce00
9515,39452,0,0x25194880
9516,607,0,0x252305c0
9517,606,0,0x252cc300
9518,800,0,0x25368040
9519,579,0,0x25403d80
9520,1186,0,0x2549fac0
9521,618,0,0x2553b800
9522,21634,0,0x255d7540
9523,937,0,0x25673280
9524,570,0,0x2570efc0
9525,575,0,0x257aad00
9526,726,0,0x25846a40
9527,576,0,0x258e2780
9528,1056,0,0x2597e4c0
9529,725,0,0x25a1a200
9530,567,0,0x25ab5f40
9531,546,0,0x25b51c80
9532,557,0,0x25bed9c0
9533,777,0,0x25c89700
9534,540,0,0x25d25440
9535,493,0,0x25dc1180
9536,1217,0,0x25e5cec0
9537,750,0,0x25ef8c00
9538,520,0,0x25f94940
9539,631,0,0x26030680
9540,977,0,0x260cc3c0
9541,561,0,0x26168100
9542,782,0,0x26203e40
9543,555,0,0x2629fb80
9544,724,0,0x2633b8c0
9545,590,0,0x263d7600
9546,564,0,0x26473340
9547,590,0,0x2650f080
9548,721,0,0x265aadc0
9549,581,0,0x26646b00
9550,554,0,0x266e2840
9551,725,0,0x2677e580
9552,569,0,0x2681a2c0
9553,543,0,0x268b6000
9554,615,0,0x26951d40
9555,717,0,0x269eda80
9556,571,0,0x26a897c0
9557,606,0,0x26b25500
9558,732,0,0x26bc1240
9559,1060,0,0x26c5cf80
9560,741,0,0x26cf8cc0
9561,520,0,0x26d94a00
9562,638,0,0x26e30740
9563,601,0,0x26ecc480
9564,730,0,0x26f681c0
9565,563,0,0x27003f00
9566,560,0,0x2709fc40
9567,1171,0,0x2713b980
9568,800,0,0x271d76c0
9569,546,0,0x27273400
9570,716,0,0x2730f140
9571,569,0,0x273aae80
9572,593,0,0x27446bc0
9573,935,0,0x274e2900
9574,587,0,0x2757e640
9575,588,0,0x2761a380
9576,739,0,0x276b60c0
9577,512,0,0x27751e00
9578,1835,0,0x277edb40
9579,22946,0,0x279255c0
9580,532,0,0x279c1300
9581,620,0,0x27a5d040
9582,607,0,0x27af8d80
9583,571,0,0x27b94ac0
9584,540,0,0x27c30800
9585,625,0,0x27ccc540
9586,772,0,0x27d68280
9587,72447,0,0x27e03fc0
9588,490,0,0x27e9fd00
9589,753,0,0x27f3ba40
9590,841,0,0x27fd7780
9591,15965,0,0x280734c0
9592,826,0,0x2810f200
9593,309,0,0x281aaf40
9594,526,0,0x28246c80
9595,872,0,0x282e29c0
9596,4046,0,0x2841a440
9597,864,0,0x284b6180
9598,1026,0,0x28551ec0
9599,587,0,0x285edc00
9600,579,0,0x28689940
9601,574,0,0x28725680
9602,622,0,0x287c13c0
9603,69860,0,0x2885d100
9604,607,0,0x288f8e40
9605,1166,0,0x28994b80
9606,869,0,0x28a308c0
9607,21626,0,0x28acc600
9608,1212,0,0x28b68340
9609,1051,0,0x28c04080
9610,1055,0,0x28c9fdc0
9611,1201,0,0x28d3bb00
9612,1020,0,0x28dd7840
9613,1468,0,0x28e73580
9614,998,0,0x28f0f2c0
9615,68427,0,0x29046d40
9616,750,0,0x290e2a80
9617,511,0,0x2917e7c0
9618,754,0,0x2921a500
9619,563,0,0x292b6240
9620,769,0,0x29351f80
9621,46755,0,0x293edcc0
9622,53433,0,0x29525740
9623,879,0,0x295c1480
9624,561,0,0x2965d1c0
9625,711,0,0x296f8f00
9626,568,0,0x29794c40
9627,569,0,0x29830980
9628,579,0,0x298cc6c0
9629,756,0,0x29968400
9630,60685,0,0x29a04140
9631,51940,0,0x29b3bbc0
9632,33134,0,0x29c73640
9633,752,0,0x29d0f380
9634,19320,0,0x29e46e00
9635,810,0,0x29ee2b40
9636,589,0,0x29f7e880
9637,795,0,0x2a01a5c0
9638,562,0,0x2a0b6300
9639,626,0,0x2a152040
9640,753,0,0x2a1edd80
9641,37543,0,0x2a289ac0
9642,776,0,0x2a325800
9643,597,0,0x2a3c1540
9644,1261,0,0x2a45d280
9645,18079,0,0x2a4f8fc0
9646,1245,0,0x2a594d00
9647,1235,0,0x2a630a40
9648,1012,0,0x2a6cc780
9649,1061,0,0x2a7684c0
9650,1056,0,0x2a804200
9651,1049,0,0x2a89ff40
9652,1444,0,0x2a93bc80
9653,1022,0,0x2a9d79c0
9654,1395,0,0x2aa73700
9655,1418,0,0x2ab0f440
9656,535,0,0x2abab180
9657,572,0,0x2ac46ec0
9658,828,0,0x2ace2c00
9659,81387,0,0x2ad7e940
9660,778,0,0x2ae1a680
9661,550,0,0x2aeb63c0
9662,642,0,0x2af52100
9663,608,0,0x2afede40
9664,601,0,0x2b089b80
9665,746,0,0x2b1258c0
9666,593,0,0x2b1c1600
9667,850,0,0x2b25d340
9668,557,0,0x2b2f9080
9669,644,0,0x2b394dc0
9670,850,0,0x2b430b00
9671,523,0,0x2b4cc840
9672,857,0,0x2b568580
9673,26683,0,0x2b6042c0
9674,615,0,0x2b6a0000
9675,966,0,0x2b73bd40
9676,820,0,0x2b7d7a80
9677,615,0,0x2b8737c0
9678,751,0,0x2b90f500
9679,19433,0,0x2b9ab240
9680,913,0,0x2ba46f80
9681,581,0,0x2bae2cc0
9682,571,0,0x2bb7ea00
9683,629,0,0x2bc1a740
9684,775,0,0x2bcb6480
9685,771,0,0x2bd521c0
9686,1226,0,0x2bdedf00
9687,1285,0,0x2be89c40
9688,824,0,0x2bf25980
9689,1020,0,0x2bfc16c0
9690,1100,0,0x2c05d400
9691,1287,0,0x2c0f9140
9692,379,0,0x2c194e80
9693,1970,0,0x2c230bc0
9694,1257,0,0x2c2cc900
9695,1054,0,0x2c368640
9696,1190,0,0x2c404380
9697,80359,0,0x2c4a00c0
9698,1112,0,0x2c53be00
9699,29477,0,0x2c5d7b40
9700,781,0,0x2c673880
9701,549,0,0x2c70f5c0
9702,597,0,0x2c7ab300
9703,560,0,0x2c847040
9704,516,0,0x2c8e2d80
9705,577,0,0x2c97eac0
9706,625,0,0x2ca1a800
9707,1008,0,0x2cab6540
9708,1214,0,0x2cb52280
9709,558,0,0x2cbedfc0
9710,579,0,0x2cc89d00
9711,600,0,0x2cd25a40
9712,556,0,0x2cdc1780
9713,628,0,0x2ce5d4c0
9714,601,0,0x2cef9200
9715,610,0,0x2cf94f40
9716,1052,0,0x2d030c80
9717,566,0,0x2d0cc9c0
9718,548,0,0x2d168700
9719,609,0,0x2d204440
9720,519,0,0x2d2a0180
9721,604,0,0x2d33bec0
9722,778,0,0x2d3d7c00
9723,15195,0,0x2d473940
9724,1046,0,0x2d50f680
9725,1405,0,0x2d5ab3c0
9726,1050,0,0x2d647100
9727,1231,0,0x2d6e2e40
9728,1003,0,0x2d77eb80
9729,1026,0,0x2d81a8c0
9730,1004,0,0x2d8b6600
9731,1018,0,0x2d952340
9732,1065,0,0x2d9ee080
9733,952,0,0x2da89dc0
9734,1455,0,0x2db25b00
9735,1246,0,0x2dbc1840
9736,561,0,0x2dc5d580
9737,578,0,0x2dcf92c0
9738,619,0,0x2dd95000
9739,69973,0,0x2de30d40
9740,767,0,0x2decca80
9741,577,0,0x2df687c0
9742,573,0,0x2e004500
9743,665,0,0x2e0a0240
9744,591,0,0x2e13bf80
9745,760,0,0x2e1d7cc0
9746,46285,0,0x2e273a00
9747,982,0,0x2e30f740
9748,1009,0,0x2e3ab480
9749,26712,0,0x2e4471c0
9750,936,0,0x2e4e2f00
9751,612,0,0x2e57ec40
9752,559,0,0x2e61a980
9753,597,0,0x2e6b66c0
9754,790,0,0x2e752400
9755,567,0,0x2e7ee140
9756,576,0,0x2e889e80
9757,597,0,0x2e925bc0
9758,862,0,0x2e9c1900
9759,823,0,0x2ea5d640
9760,1215,0,0x2eaf9380
9761,1013,0,0x2eb950c0
9762,1030,0,0x2ec30e00
9763,1012,0,0x2ecccb40
9764,1231,0,0x2ed68880
9765,955,0,0x2ee045c0
9766,1096,0,0x2eea0300
9767,1165,0,0x2ef3c040
9768,1046,0,0x2efd7d80
9769,1016,0,0x2f073ac0
9770,982,0,0x2f10f800
9771,1225,0,0x2f1ab540
9772,1023,0,0x2f247280
9773,1222,0,0x2f2e2fc0
9774,1054,0,0x2f37ed00
9775,1239,0,0x2f41aa40
9776,981,0,0x2f4b6780
9777,1063,0,0x2f5524c0
9778,1012,0,0x2f5ee200
9779,1509,0,0x2f689f40
9780,1009,0,0x2f725c80
9781,1029,0,0x2f7c19c0
9782,1012,0,0x2f85d700
9783,1006,0,0x2f8f9440
9784,941,0,0x2f995180
9785,1023,0,0x2fa30ec0
9786,1101,0,0x2faccc00
9787,1069,0,0x2fb68940
9788,751,0,0x2fc04680
9789,1051,0,0x2fca03c0
9790,971,0,0x2fd3c100
9791,838,0,0x2fdd7e40
9792,992,0,0x2fe73b80
9793,989,0,0x2ff0f8c0
9794,1236,0,0x2ffab600
9795,1037,0,0x30047340
9796,971,0,0x300e3080
9797,1033,0,0x3017edc0
9798,943,0,0x3021ab00
9799,1047,0,0x302b6840
9800,1216,0,0x30352580
9801,736,0,0x303ee2c0
9802,1221,0,0x3048a000
9803,993,0,0x30525d40
9804,1012,0,0x305c1a80
9805,1004,0,0x3065d7c0
9806,1466,0,0x306f9500
9807,11311,0,0x30830f80
9808,1232,0,0x308cccc0
9809,1010,0,0x30968a00
9810,1005,0,0x30a04740
9811,1005,0,0x30aa0480
9812,1003,0,0x30b3c1c0
9813,779,0,0x30bd7f00
9814,967,0,0x30c73c40
9815,1034,0,0x30d0f980
9816,955,0,0x30dab6c0
9817,1045,0,0x30e47400
9818,982,0,0x30ee3140
9819,1089,0,0x30f7ee80
9820,1234,0,0x3101abc0
9821,977,0,0x310b6900
9822,1050,0,0x31152640
9823,1418,0,0x311ee380
9824,970,0,0x3128a0c0
9825,279,0,0x31325e00
9826,1893,0,0x313c1b40
9827,747,0,0x3145d880
9828,28187,0,0x31595300
9829,1069,0,0x31631040
9830,918,0,0x316ccd80
9831,751,0,0x31768ac0
9832,827,0,0x31804800
9833,70358,0,0x318a0540
9834,595,0,0x3193c280
9835,579,0,0x319d7fc0
9836,1245,0,0x31a73d00
9837,593,0,0x31b0fa40
9838,774,0,0x31bab780
9839,1034,0,0x31c474c0
9840,588,0,0x31ce3200
9841,884,0,0x31d7ef40
9842,76081,0,0x31e1ac80
9843,584,0,0x31eb69c0
9844,666,0,0x31f52700
9845,780,0,0x31fee440
9846,969,0,0x3208a180
9847,626,0,0x32125ec0
9848,508,0,0x321c1c00
9849,597,0,0x3225d940
9850,602,0,0x322f9680
9851,628,0,0x323953c0
9852,1200,0,0x32431100
9853,1063,0,0x324cce40
9854,61873,0,0x32568b80
9855,590,0,0x326048c0
9856,612,0,0x326a0600
9857,614,0,0x3273c340
9858,613,0,0x327d8080
9859,751,0,0x32873dc0
9860,593,0,0x3290fb00
9861,820,0,0x329ab840
9862,575,0,0x32a47580
9863,623,0,0x32ae32c0
9864,790,0,0x32b7f000
9865,566,0,0x32c1ad40
9866,773,0,0x32cb6a80
9867,591,0,0x32d527c0
9868,577,0,0x32dee500
9869,557,0,0x32e8a240
9870,548,0,0x32f25f80
9871,592,0,0x32fc1cc0
9872,618,0,0x3305da00
9873,750,0,0x330f9740
9874,1022,0,0x33195480
9875,758,0,0x332311c0
9876,829,0,0x332ccf00
9877,620,0,0x33368c40
9878,609,0,0x33404980
9879,57792,0,0x334a06c0
9880,828,0,0x3353c400
9881,549,0,0x335d8140
9882,745,0,0x33673e80
9883,590,0,0x3370fbc0
9884,579,0,0x337ab900
9885,607,0,0x33847640
9886,782,0,0x338e3380
9887,3905,0,0x3397f0c0
9888,1194,0,0x33a1ae00
9889,525,0,0x33ab6b40
9890,870,0,0x33b52880
9891,561,0,0x33bee5c0
9892,556,0,0x33c8a300
9893,1066,0,0x33d26040
9894,610,0,0x33dc1d80
9895,603,0,0x33e5dac0
9896,625,0,0x33ef9800
9897,589,0,0x33f95540
9898,605,0,0x34031280
9899,812,0,0x340ccfc0
9900,57166,0,0x34168d00
9901,811,0,0x34204a40
9902,593,0,0x342a0780
9903,591,0,0x3433c4c0
9904,562,0,0x343d8200
9905,1245,0,0x34473f40
9906,10689,0,0x3450fc80
9907,838,0,0x345ab9c0
9908,66108,0,0x34647700
9909,1197,0,0x346e3440
9910,555,0,0x3477f180
9911,610,0,0x3481aec0
9912,743,0,0x348b6c00
9913,592,0,0x34952940
9914,1064,0,0x349ee680
9915,584,0,0x34a8a3c0
9916,628,0,0x34b26100
9917,574,0,0x34bc1e40
9918,552,0,0x34c5db80
9919,794,0,0x34cf98c0
9920,4958,0,0x34d95600
9921,791,0,0x34e31340
9922,571,0,0x34ecd080
9923,554,0,0x34f68dc0
9924,793,0,0x35004b00
9925,58526,0,0x350a0840
9926,778,0,0x3513c580
9927,565,0,0x351d82c0
9928,578,0,0x35274000
9929,591,0,0x3530fd40
9930,571,0,0x353aba80
9931,789,0,0x354477c0
9932,6114,0,0x354e3500
9933,760,0,0x3557f240
9934,623,0,0x3561af80
9935,649,0,0x356b6cc0
9936,600,0,0x35752a00
9937,823,0,0x357ee740
9938,597,0,0x3588a480
9939,566,0,0x359261c0
9940,554,0,0x359c1f00
9941,551,0,0x35a5dc40
9942,609,0,0x35af9980
9943,579,0,0x35b956c0
9944,552,0,0x35c31400
9945,598,0,0x35ccd140
9946,624,0,0x35d68e80
9947,592,0,0x35e04bc0
9948,585,0,0x35ea0900
9949,798,0,0x35f3c640
9950,61248,0,0x35fd8380
9951,816,0,0x360740c0
9952,7806,0,0x3610fe00
9953,800,0,0x361abb40
9954,63870,0,0x36247880
9955,744,0,0x362e35c0
9956,590,0,0x3637f300
9957,987,0,0x3641b040
9958,544,0,0x364b6d80
9959,617,0,0x36552ac0
9960,509,0,0x365ee800
9961,841,0,0x3668a540
9962,595,0,0x36726280
9963,601,0,0x367c1fc0
9964,576,0,0x3685dd00
9965,997,0,0x368f9a40
9966,573,0,0x36995780
9967,595,0,0x36a314c0
9968,598,0,0x36acd200
9969,609,0,0x36b68f40
9970,781,0,0x36c04c80
9971,6014,0,0x36ca09c0
9972,540,0,0x36d3c700
9973,611,0,0x36dd8440
9974,595,0,0x36e74180
9975,746,0,0x36f0fec0
9976,593,0,0x36fabc00
9977,997,0,0x37047940
9978,564,0,0x370e3680
9979,613,0,0x3717f3c0
9980,572,0,0x3721b100
9981,587,0,0x372b6e40
9982,555,0,0x37352b80
9983,635,0,0x373ee8c0
9984,805,0,0x3748a600
9985,820,0,0x37526340
9986,578,0,0x375c2080
9987,608,0,0x3765ddc0
9988,604,0,0x376f9b00
9989,585,0,0x37795840
9990,631,0,0x37831580
9991,604,0,0x378cd2c0
9992,982,0,0x37969000
9993,621,0,0x37a04d40
9994,611,0,0x37aa0a80
9995,601,0,0x37b3c7c0
9996,598,0,0x37bd8500
9997,623,0,0x37c74240
9998,561,0,0x37d0ff80
9999,826,0,0x37dabcc0
10000,1032,0,0x37e47a00
10001,584,0,0x37ee3740
10002,34161,0,0x37f7f480
10003,912,0,0x3801b1c0
10004,6239,0,0x380b6f00
10005,1456,0,0x38152c40
10006,557,0,0x381ee980
10007,546,0,0x3828a6c0
10008,609,0,0x38326400
10009,521,0,0x383c2140
10010,745,0,0x3845de80
10011,591,0,0x384f9bc0
10012,598,0,0x38595900
10013,577,0,0x38631640
10014,797,0,0x386cd380
10015,576,0,0x387690c0
10016,578,0,0x38804e00
10017,553,0,0x388a0b40
10018,1226,0,0x3893c880
10019,579,0,0x389d85c0
10020,597,0,0x38a74300
10021,1205,0,0x38b10040
10022,601,0,0x38babd80
10023,801,0,0x38c47ac0
10024,567,0,0x38ce3800
10025,560,0,0x38d7f540
10026,574,0,0x38e1b280
10027,651,0,0x38eb6fc0
10028,610,0,0x38f52d00
10029,624,0,0x38feea40
10030,590,0,0x3908a780
10031,547,0,0x391264c0
10032,615,0,0x391c2200
10033,777,0,0x3925df40
10034,549,0,0x392f9c80
10035,640,0,0x393959c0
10036,582,0,0x39431700
10037,565,0,0x394cd440
10038,570,0,0x39569180
10039,621,0,0x39604ec0
10040,607,0,0x396a0c00
10041,566,0,0x3973c940
10042,578,0,0x397d8680
10043,661,0,0x398743c0
10044,616,0,0x39910100
10045,765,0,0x399abe40
10046,40109,0,0x39a47b80
10047,555,0,0x39ae38c0
10048,608,0,0x39b7f600
10049,995,0,0x39c1b340
10050,798,0,0x39cb7080
10051,31179,0,0x39d52dc0
10052,815,0,0x39deeb00
10053,773,0,0x39e8a840
10054,33352,0,0x39f26580
10055,959,0,0x39fc22c0
10056,588,0,0x3a05e000
10057,791,0,0x3a0f9d40
10058,555,0,0x3a195a80
10059,853,0,0x3a2317c0
10060,535,0,0x3a2cd500
10061,36313,0,0x3a369240
10062,993,0,0x3a404f80
10063,43677,0,0x3a4a0cc0
10064,1020,0,0x3a53ca00
10065,984,0,0x3a5d8740
10066,825,0,0x3a674480
10067,860,0,0x3a7101c0
10068,545,0,0x3a7abf00
10069,585,0,0x3a847c40
10070,557,0,0x3a8e3980
10071,781,0,0x3a97f6c0
10072,533,0,0x3aa1b400
10073,805,0,0x3aab7140
10074,22018,0,0x3ab52e80
10075,789,0,0x3abeebc0
10076,578,0,0x3ac8a900
10077,783,0,0x3ad26640
10078,878,0,0x3adc2380
10079,35269,0,0x3ae5e0c0
10080,769,0,0x3aef9e00
10081,537,0,0x3af95b40
10082,802,0,0x3b031880
10083,38060,0,0x3b0cd5c0
10084,798,0,0x3b169300
10085,808,0,0x3b205040
10086,542,0,0x3b2a0d80
10087,613,0,0x3b33cac0
10088,626,0,0x3b3d8800
10089,775,0,0x3b474540
10090,567,0,0x3b510280
10091,625,0,0x3b5abfc0
10092,525,0,0x3b647d00
10093,601,0,0x3b6e3a40
10094,797,0,0x3b77f780
10095,43386,0,0x3b81b4c0
10096,811,0,0x3b8b7200
10097,604,0,0x3b952f40
10098,744,0,0x3b9eec80
10099,1031,0,0x3ba8a9c0
10100,565,0,0x3bb26700
10101,809,0,0x3bbc2440
10102,19726,0,0x3bc5e180
10103,790,0,0x3bcf9ec0
10104,560,0,0x3bd95c00
10105,1034,0,0x3be31940
10106,589,0,0x3becd680
10107,551,0,0x3bf693c0
10108,556,0,0x3c005100
10109,630,0,0x3c0a0e40
10110,796,0,0x3c13cb80
10111,1025,0,0x3c1d88c0
10112,28704,0,0x3c274600
10113,983,0,0x3c310340
10114,537,0,0x3c3ac080
10115,843,0,0x3c447dc0
10116,45928,0,0x3c4e3b00
10117,820,0,0x3c57f840
10118,591,0,0x3c61b580
10119,585,0,0x3c6b72c0
10120,589,0,0x3c753000
10121,818,0,0x3c7eed40
10122,44518,0,0x3c88aa80
10123,756,0,0x3c9267c0
10124,602,0,0x3c9c2500
10125,809,0,0x3ca5e240
10126,993,0,0x3caf9f80
10127,25231,0,0x3cb95cc0
10128,739,0,0x3cc31a00
10129,513,0,0x3cccd740
10130,620,0,0x3cd69480
10131,611,0,0x3ce051c0
10132,742,0,0x3cea0f00
10133,26797,0,0x3cf3cc40
10134,843,0,0x3cfd8980
10135,721,0,0x3d0746c0
10136,733,0,0x3d110400
10137,609,0,0x3d1ac140
10138,740,0,0x3d247e80
10139,537,0,0x3d2e3bc0
10140,803,0,0x3d37f900
10141,544,0,0x3d41b640
10142,860,0,0x3d4b7380
10143,26485,0,0x3d5530c0
10144,763,0,0x3d5eee00
10145,747,0,0x3d68ab40
10146,622,0,0x3d726880
10147,581,0,0x3d7c25c0
10148,558,0,0x3d85e300
10149,586,0,0x3d8fa040
10150,553,0,0x3d995d80
10151,789,0,0x3da31ac0
10152,583,0,0x3dacd800
10153,604,0,0x3db69540
10154,560,0,0x3dc05280
10155,593,0,0x3dca0fc0
10156,743,0,0x3dd3cd00
10157,51578,0,0x3ddd8a40
10158,772,0,0x3de74780
10159,566,0,0x3df104c0
10160,521,0,0x3dfac200
10161,599,0,0x3e047f40
10162,623,0,0x3e0e3c80
10163,566,0,0x3e17f9c0
10164,861,0,0x3e21b700
10165,24032,0,0x3e2b7440
10166,808,0,0x3e353180
10167,34948,0,0x3e3eeec0
10168,799,0,0x3e48ac00
10169,526,0,0x3e526940
10170,588,0,0x3e5c2680
10171,544,0,0x3e65e3c0
10172,865,0,0x3e6fa100
10173,33115,0,0x3e795e40
10174,758,0,0x3e831b80
10175,634,0,0x3e8cd8c0
10176,587,0,0x3e969600
10177,610,0,0x3ea05340
10178,750,0,0x3eaa1080
10179,53720,0,0x3eb3cdc0
10180,730,0,0x3ebd8b00
10181,605,0,0x3ec74840
10182,583,0,0x3ed10580
10183,573,0,0x3edac2c0
10184,787,0,0x3ee48000
10185,19943,0,0x3eee3d40
10186,801,0,0x3ef7fa80
10187,584,0,0x3f01b7c0
10188,828,0,0x3f0b7500
10189,36842,0,0x3f153240
10190,765,0,0x3f1eef80
10191,585,0,0x3f28acc0
10192,1052,0,0x3f326a00
10193,557,0,0x3f3c2740
10194,846,0,0x3f45e480
10195,32492,0,0x3f4fa1c0
10196,757,0,0x3f595f00
10197,1069,0,0x3f631c40
10198,56289,0,0x3f6cd980
10199,1058,0,0x3f7696c0
10200,599,0,0x3f805400
10201,556,0,0x3f8a1140
10202,563,0,0x3f93ce80
10203,557,0,0x3f9d8bc0
10204,626,0,0x3fa74900
10205,972,0,0x3fb10640
10206,802,0,0x3fbac380
10207,15045,0,0x3fc480c0
10208,755,0,0x3fce3e00
10209,614,0,0x3fd7fb40
10210,612,0,0x3fe1b880
10211,602,0,0x3feb75c0
10212,566,0,0x3ff53300
10213,892,0,0x3ffef040
10214,36780,0,0x8adc0
10215,754,0,0x126b00
10216,592,0,0x1c2840
10217,642,0,0x25e580
10218,835,0,0x2fa2c0
10219,30321,0,0x396000
10220,806,0,0x431d40
10221,515,0,0x4cda80
10222,602,0,0x5697c0
10223,787,0,0x605500
10224,559,0,0x6a1240
10225,588,0,0x73cf80
10226,542,0,0x7d8cc0
10227,539,0,0x874a00
10228,879,0,0x910740
10229,55865,0,0x9ac480
10230,888,0,0xa481c0
10231,798,0,0xae3f00
10232,610,0,0xb7fc40
10233,850,0,0xc1b980
10234,16560,0,0xcb76c0
10235,815,0,0xd53400
10236,608,0,0xdef140
10237,788,0,0xe8ae80
10238,38163,0,0xf26bc0
10239,34233,0,0xfc2900
10240,791,0,0x105e640
10241,59958,0,0x10fa380
10242,805,0,0x11960c0
10243,611,0,0x1231e00
10244,589,0,0x12cdb40
10245,628,0,0x1369880
10246,617,0,0x14055c0
10247,603,0,0x14a1300
10248,724,0,0x153d040
10249,592,0,0x15d8d80
10250,833,0,0x1674ac0
10251,556,0,0x1710800
10252,537,0,0x17ac540
10253,598,0,0x1848280
10254,573,0,0x18e3fc0
10255,522,0,0x197fd00
10256,798,0,0x1a1ba40
10257,4525,0,0x1ab7780
10258,579,0,0x1b534c0
10259,629,0,0x1bef200
10260,584,0,0x1c8af40
10261,612,0,0x1d26c80
10262,594,0,0x1dc29c0
10263,609,0,0x1e5e700
10264,1024,0,0x1efa440
10265,555,0,0x1f96180
10266,620,0,0x2031ec0
10267,513,0,0x20cdc00
10268,608,0,0x2169940
10269,808,0,0x2205680
10270,26997,0,0x22a13c0
10271,967,0,0x233d100
10272,612,0,0x23d8e40
10273,589,0,0x2474b80
10274,556,0,0x25108c0
10275,776,0,0x25ac600
10276,985,0,0x2648340
10277,721,0,0x26e4080
10278,605,0,0x277fdc0
10279,552,0,0x281bb00
10280,570,0,0x28b7840
10281,580,0,0x2953580
10282,655,0,0x29ef2c0
10283,893,0,0x2a8b000
10284,588,0,0x2b26d40
10285,515,0,0x2bc2a80
10286,781,0,0x2c5e7c0
10287,23589,0,0x2cfa500
10288,811,0,0x2d96240
10289,577,0,0x2e31f80
10290,547,0,0x2ecdcc0
10291,792,0,0x2f69a00
10292,562,0,0x3005740
10293,592,0,0x30a1480
10294,589,0,0x313d1c0
10295,814,0,0x31d8f00
10296,806,0,0x3274c40
10297,544,0,0x3310980
10298,541,0,0x33ac6c0
10299,622,0,0x3448400
10300,605,0,0x34e4140
10301,746,0,0x357fe80
10302,593,0,0x361bbc0
10303,1012,0,0x36b7900
10304,575,0,0x3753640
10305,625,0,0x37ef380
10306,491,0,0x388b0c0
10307,604,0,0x3926e00
10308,789,0,0x39c2b40
10309,54239,0,0x3a5e880
10310,1113,0,0x3afa5c0
10311,553,0,0x3b96300
10312,573,0,0x3c32040
10313,545,0,0x3ccdd80
10314,1200,0,0x3d69ac0
10315,1018,0,0x3e05800
10316,569,0,0x3ea1540
10317,519,0,0x3f3d280
10318,630,0,0x3fd8fc0
10319,787,0,0x4074d00
10320,547,0,0x4110a40
10321,554,0,0x41ac780
10322,722,0,0x42484c0
10323,609,0,0x42e4200
10324,755,0,0x437ff40
10325,611,0,0x441bc80
10326,1747,0,0x44b79c0
10327,29201,0,0x45ef440
10328,808,0,0x468b180
10329,574,0,0x4726ec0
10330,532,0,0x47c2c00
10331,598,0,0x485e940
10332,561,0,0x48fa680
10333,583,0,0x49963c0
10334,744,0,0x4a32100
10335,621,0,0x4acde40
10336,612,0,0x4b69b80
10337,800,0,0x4c058c0
10338,63697,0,0x4ca1600
10339,456,0,0x4d3d340
10340,1738,0,0x4dd9080
10341,612,0,0x4e74dc0
10342,774,0,0x4f10b00
10343,570,0,0x4fac840
10344,559,0,0x5048580
10345,555,0,0x50e42c0
10346,1287,0,0x5180000
10347,576,0,0x521bd40
10348,800,0,0x52b7a80
10349,585,0,0x53537c0
10350,579,0,0x53ef500
10351,568,0,0x548b240
10352,616,0,0x5526f80
10353,585,0,0x55c2cc0
10354,585,0,0x565ea00
10355,594,0,0x56fa740
10356,536,0,0x5796480
10357,604,0,0x58321c0
10358,621,0,0x58cdf00
10359,597,0,0x5969c40
10360,541,0,0x5a05980
10361,1212,0,0x5aa16c0
10362,536,0,0x5b3d400
10363,612,0,0x5bd9140
10364,592,0,0x5c74e80
10365,562,0,0x5d10bc0
10366,586,0,0x5dac900
10367,1291,0,0x5e48640
10368,587,0,0x5ee4380
10369,542,0,0x5f800c0
10370,594,0,0x601be00
10371,625,0,0x60b7b40
10372,586,0,0x6153880
10373,642,0,0x61ef5c0
10374,789,0,0x628b300
10375,2032,0,0x6327040
10376,740,0,0x63c2d80
10377,531,0,0x645eac0
10378,612,0,0x64fa800
10379,610,0,0x6596540
10380,738,0,0x6632280
10381,580,0,0x66cdfc0
10382,572,0,0x6769d00
10383,565,0,0x6805a40
10384,537,0,0x68a1780
10385,643,0,0x693d4c0
10386,595,0,0x69d9200
10387,961,0,0x6a74f40
10388,44313,0,0x6b10c80
10389,606,0,0x6bac9c0
10390,761,0,0x6c48700
10391,606,0,0x6ce4440
10392,589,0,0x6d80180
10393,563,0,0x6e1bec0
10394,581,0,0x6eb7c00
10395,637,0,0x6f53940
10396,596,0,0x6fef680
10397,772,0,0x708b3c0
10398,534,0,0x7127100
10399,621,0,0x71c2e40
10400,609,0,0x725eb80
10401,599,0,0x72fa8c0
10402,793,0,0x7396600
10403,52368,0,0x7432340
10404,818,0,0x74ce080
10405,553,0,0x7569dc0
10406,804,0,0x7605b00
10407,573,0,0x76a1840
10408,585,0,0x773d580
10409,994,0,0x77d92c0
10410,607,0,0x7875000
10411,580,0,0x7910d40
10412,551,0,0x79aca80
10413,1003,0,0x7a487c0
10414,570,0,0x7ae4500
10415,556,0,0x7b80240
10416,555,0,0x7c1bf80
10417,837,0,0x7cb7cc0
10418,560,0,0x7d53a00
10419,584,0,0x7def740
10420,657,0,0x7e8b480
10421,843,0,0x7f271c0
10422,15459,0,0x7fc2f00
10423,10192,0,0x805ec40
10424,627,0,0x80fa980
10425,611,0,0x81966c0
10426,719,0,0x8232400
10427,589,0,0x82ce140
10428,538,0,0x8369e80
10429,603,0,0x8405bc0
10430,763,0,0x84a1900
10431,565,0,0x853d640
10432,572,0,0x85d9380
10433,812,0,0x86750c0
10434,577,0,0x8710e00
10435,560,0,0x87acb40
10436,597,0,0x8848880
10437,870,0,0x88e45c0
10438,824,0,0x8980300
10439,43242,0,0x8a1c040
10440,794,0,0x8ab7d80
10441,599,0,0x8b53ac0
10442,813,0,0x8bef800
10443,1637,0,0x8c8b540
10444,586,0,0x8d27280
10445,577,0,0x8dc2fc0
10446,750,0,0x8e5ed00
10447,601,0,0x8efaa40
10448,599,0,0x8f96780
10449,573,0,0x90324c0
10450,552,0,0x90ce200
10451,1043,0,0x9169f40
10452,589,0,0x9205c80
10453,748,0,0x92a19c0
10454,611,0,0x933d700
10455,548,0,0x93d9440
10456,565,0,0x9475180
10457,572,0,0x9510ec0
10458,628,0,0x95acc00
10459,830,0,0x9648940
10460,753,0,0x96e4680
10461,49104,0,0x97803c0
10462,828,0,0x981c100
10463,14206,0,0x98b7e40
10464,782,0,0x9953b80
10465,586,0,0x99ef8c0
10466,656,0,0x9a8b600
10467,992,0,0x9b27340
10468,568,0,0x9bc3080
10469,842,0,0x9c5edc0
10470,624,0,0x9cfab00
10471,598,0,0x9d96840
10472,623,0,0x9e32580
10473,612,0,0x9ece2c0
10474,615,0,0x9f6a000
10475,752,0,0xa005d40
10476,14868,0,0xa0a1a80
10477,768,0,0xa13d7c0
10478,561,0,0xa1d9500
10479,917,0,0xa275240
10480,567,0,0xa310f80
10481,805,0,0xa3accc0
10482,597,0,0xa448a00
10483,529,0,0xa4e4740
10484,589,0,0xa580480
10485,796,0,0xa61c1c0
10486,56159,0,0xa6b7f00
10487,834,0,0xa753c40
10488,593,0,0xa7ef980
10489,802,0,0xa88b6c0
10490,47413,0,0xa927400
10491,779,0,0xa9c3140
10492,552,0,0xaa5ee80
10493,586,0,0xaafabc0
10494,554,0,0xab96900
10495,617,0,0xac32640
10496,737,0,0xacce380
10497,1008,0,0xad6a0c0
10498,546,0,0xae05e00
10499,609,0,0xaea1b40
10500,520,0,0xaf3d880
10501,621,0,0xafd95c0
10502,768,0,0xb075300
10503,14613,0,0xb111040
10504,808,0,0xb1acd80
10505,576,0,0xb248ac0
10506,571,0,0xb2e4800
10507,592,0,0xb380540
10508,587,0,0xb41c280
10509,593,0,0xb4b7fc0
10510,592,0,0xb553d00
10511,887,0,0xb5efa40
10512,553,0,0xb68b780
10513,539,0,0xb7274c0
10514,577,0,0xb7c3200
10515,603,0,0xb85ef40
10516,861,0,0xb8fac80
10517,547,0,0xb9969c0
10518,579,0,0xba32700
10519,571,0,0xbace440
10520,556,0,0xbb6a180
10521,564,0,0xbc05ec0
10522,540,0,0xbca1c00
10523,621,0,0xbd3d940
10524,501,0,0xbdd9680
10525,748,0,0xbe753c0
10526,2802,0,0xbf11100
10527,752,0,0xbface40
10528,1027,0,0xc048b80
10529,57637,0,0xc0e48c0
10530,795,0,0xc180600
10531,552,0,0xc21c340
10532,536,0,0xc2b8080
10533,628,0,0xc353dc0
10534,610,0,0xc3efb00
10535,585,0,0xc48b840
10536,639,0,0xc527580
10537,611,0,0xc5c32c0
10538,755,0,0xc65f000
10539,50302,0,0xc6fad40
10540,793,0,0xc796a80
10541,806,0,0xc8327c0
10542,1021,0,0xc8ce500
10543,548,0,0xc96a240
10544,589,0,0xca05f80
10545,585,0,0xcaa1cc0
10546,585,0,0xcb3da00
10547,574,0,0xcbd9740
10548,540,0,0xcc75480
10549,859,0,0xcd111c0
10550,560,0,0xcdacf00
10551,886,0,0xce48c40
10552,22403,0,0xcee4980
10553,820,0,0xcf806c0
10554,989,0,0xd01c400
10555,585,0,0xd0b8140
10556,641,0,0xd153e80
10557,727,0,0xd1efbc0
10558,1833,0,0xd28b900
10559,15278,0,0xd3c3380
10560,1076,0,0xd45f0c0
10561,607,0,0xd4fae00
10562,587,0,0xd596b40
10563,626,0,0xd632880
10564,606,0,0xd6ce5c0
10565,734,0,0xd76a300
10566,527,0,0xd806040
10567,583,0,0xd8a1d80
10568,566,0,0xd93dac0
10569,542,0,0xd9d9800
10570,794,0,0xda75540
10571,44205,0,0xdb11280
10572,762,0,0xdbacfc0
10573,29244,0,0xdc48d00
10574,604,0,0xdce4a40
10575,736,0,0xdd80780
10576,600,0,0xde1c4c0
10577,597,0,0xdeb8200
10578,552,0,0xdf53f40
10579,552,0,0xdfefc80
10580,627,0,0xe08b9c0
10581,596,0,0xe127700
10582,591,0,0xe1c3440
10583,722,0,0xe25f180
10584,588,0,0xe2faec0
10585,582,0,0xe396c00
10586,551,0,0xe432940
10587,1033,0,0xe4ce680
10588,597,0,0xe56a3c0
10589,1261,0,0xe606100
10590,516,0,0xe6a1e40
10591,615,0,0xe73db80
10592,738,0,0xe7d98c0
10593,66162,0,0xe875600
10594,741,0,0xe911340
10595,576,0,0xe9ad080
10596,1056,0,0xea48dc0
10597,530,0,0xeae4b00
10598,531,0,0xeb80840
10599,784,0,0xec1c580
10600,535,0,0xecb82c0
10601,788,0,0xed54000
10602,36067,0,0xedefd40
10603,809,0,0xee8ba80
10604,561,0,0xef277c0
10605,578,0,0xefc3500
10606,824,0,0xf05f240
10607,23484,0,0xf0faf80
10608,1235,0,0xf196cc0
10609,14131,0,0xf232a00
10610,607,0,0xf2ce740
10611,769,0,0xf36a480
10612,547,0,0xf4061c0
10613,622,0,0xf4a1f00
10614,556,0,0xf53dc40
10615,585,0,0xf5d9980
10616,800,0,0xf6756c0
10617,69178,0,0xf711400
10618,997,0,0xf7ad140
10619,38192,0,0xf848e80
10620,828,0,0xf8e4bc0
10621,878,0,0xf980900
10622,27335,0,0xfa1c640
10623,1082,0,0xfab8380
10624,16749,0,0xfb540c0
10625,795,0,0xfbefe00
10626,581,0,0xfc8bb40
10627,606,0,0xfd27880
10628,1110,0,0xfdc35c0
10629,1070,0,0xfe5f300
10630,595,0,0xfefb040
10631,556,0,0xff96d80
10632,556,0,0x10032ac0
10633,575,0,0x100ce800
10634,604,0,0x1016a540
10635,593,0,0x10206280
10636,742,0,0x102a1fc0
10637,1015,0,0x1033dd00
10638,59122,0,0x103d9a40
10639,851,0,0x10475780
10640,952,0,0x105114c0
10641,613,0,0x105ad200
10642,540,0,0x10648f40
10643,595,0,0x106e4c80
10644,764,0,0x107809c0
10645,576,0,0x1081c700
10646,550,0,0x108b8440
10647,586,0,0x10954180
10648,1043,0,0x109efec0
10649,855,0,0x10a8bc00
10650,525,0,0x10b27940
10651,1261,0,0x10bc3680
10652,753,0,0x10c5f3c0
10653,589,0,0x10cfb100
10654,572,0,0x10d96e40
10655,555,0,0x10e32b80
10656,857,0,0x10ece8c0
10657,563,0,0x10f6a600
10658,545,0,0x11006340
10659,713,0,0x110a2080
10660,1008,0,0x1113ddc0
10661,15944,0,0x111d9b00
10662,30943,0,0x11275840
10663,1012,0,0x11311580
10664,809,0,0x113ad2c0
10665,593,0,0x11449000
10666,610,0,0x114e4d40
10667,737,0,0x11580a80
10668,604,0,0x1161c7c0
10669,810,0,0x116b8500
10670,968,0,0x11754240
10671,875,0,0x117eff80
10672,17864,0,0x1188bcc0
10673,1216,0,0x11927a00
10674,82428,0,0x119c3740
10675,763,0,0x11a5f480
10676,578,0,0x11afb1c0
10677,540,0,0x11b96f00
10678,563,0,0x11c32c40
10679,602,0,0x11cce980
10680,736,0,0x11d6a6c0
10681,637,0,0x11e06400
10682,827,0,0x11ea2140
10683,732,0,0x11f3de80
10684,576,0,0x11fd9bc0
10685,601,0,0x12075900
10686,605,0,0x12111640
10687,711,0,0x121ad380
10688,578,0,0x122490c0
10689,987,0,0x122e4e00
10690,1648,0,0x12380b40
10691,970,0,0x1241c880
10692,587,0,0x124b85c0
10693,555,0,0x12554300
10694,590,0,0x125f0040
10695,591,0,0x1268bd80
10696,867,0,0x12727ac0
10697,568,0,0x127c3800
10698,742,0,0x1285f540
10699,814,0,0x128fb280
10700,556,0,0x12996fc0
10701,594,0,0x12a32d00
10702,609,0,0x12acea40
10703,613,0,0x12b6a780
10704,610,0,0x12c064c0
10705,723,0,0x12ca2200
10706,577,0,0x12d3df40
10707,1248,0,0x12dd9c80
10708,23797,0,0x12e759c0
10709,774,0,0x12f11700
10710,588,0,0x12fad440
10711,833,0,0x13049180
10712,523,0,0x130e4ec0
10713,722,0,0x13180c00
10714,594,0,0x1321c940
10715,786,0,0x132b8680
10716,534,0,0x133543c0
10717,849,0,0x133f0100
10718,8389,0,0x1348be40
10719,826,0,0x13527b80
10720,571,0,0x135c38c0
10721,601,0,0x1365f600
10722,536,0,0x136fb340
10723,872,0,0x13797080
10724,93373,0,0x13832dc0
10725,816,0,0x138ceb00
10726,571,0,0x1396a840
10727,533,0,0x13a06580
10728,810,0,0x13aa22c0
10729,14827,0,0x13b3e000
10730,781,0,0x13bd9d40
10731,650,0,0x13c75a80
10732,837,0,0x13d117c0
10733,517,0,0x13dad500
10734,630,0,0x13e49240
10735,835,0,0x13ee4f80
10736,528,0,0x13f80cc0
10737,762,0,0x1401ca00
10738,529,0,0x140b8740
10739,562,0,0x14154480
10740,736,0,0x141f01c0
10741,576,0,0x1428bf00
10742,556,0,0x14327c40
10743,595,0,0x143c3980
10744,788,0,0x1445f6c0
10745,553,0,0x144fb400
10746,5659,0,0x14597140
10747,2088,0,0x14632e80
10748,276,0,0x146cebc0
10749,1708,0,0x1476a900
10750,927,0,0x14806640
10751,3249,0,0x148a2380
10752,59312,0,0x149d9e00
10753,1031,0,0x14a75b40
10754,37521,0,0x14b11880
10755,771,0,0x14bad5c0
10756,596,0,0x14c49300
10757,533,0,0x14ce5040
10758,787,0,0x14d80d80
10759,767,0,0x14e1cac0
10760,596,0,0x14eb8800
10761,801,0,0x14f54540
10762,557,0,0x14ff0280
10763,537,0,0x1508bfc0
10764,620,0,0x15127d00
10765,604,0,0x151c3a40
10766,724,0,0x1525f780
10767,598,0,0x152fb4c0
10768,807,0,0x15397200
10769,544,0,0x15432f40
10770,608,0,0x154cec80
10771,502,0,0x1556a9c0
10772,597,0,0x15606700
10773,745,0,0x156a2440
10774,1033,0,0x1573e180
10775,101791,0,0x157d9ec0
10776,564,0,0x15875c00
10777,806,0,0x15911940
10778,1207,0,0x159ad680
10779,579,0,0x15a493c0
10780,616,0,0x15ae5100
10781,621,0,0x15b80e40
10782,770,0,0x15c1cb80
10783,611,0,0x15cb88c0
10784,43494,0,0x15d54600
10785,571,0,0x15df0340
10786,583,0,0x15e8c080
10787,590,0,0x15f27dc0
10788,1217,0,0x15fc3b00
10789,489,0,0x1605f840
10790,52252,0,0x161972c0
10791,788,0,0x16233000
10792,567,0,0x162ced40
10793,629,0,0x1636aa80
10794,610,0,0x164067c0
10795,608,0,0x164a2500
10796,594,0,0x1653e240
10797,540,0,0x165d9f80
10798,614,0,0x16675cc0
10799,610,0,0x16711a00
10800,996,0,0x167ad740
10801,994,0,0x16849480
10802,39656,0,0x168e51c0
10803,781,0,0x16980f00
10804,553,0,0x16a1cc40
10805,542,0,0x16ab8980
10806,615,0,0x16b546c0
10807,617,0,0x16bf0400
10808,581,0,0x16c8c140
10809,646,0,0x16d27e80
10810,598,0,0x16dc3bc0
10811,598,0,0x16e5f900
10812,758,0,0x16efb640
10813,597,0,0x16f97380
10814,601,0,0x170330c0
10815,576,0,0x170cee00
10816,1029,0,0x1716ab40
10817,1032,0,0x17206880
10818,553,0,0x172a25c0
10819,592,0,0x1733e300
10820,787,0,0x173da040
10821,99813,0,0x17475d80
10822,594,0,0x17511ac0
10823,627,0,0x175ad800
10824,585,0,0x17649540
10825,1221,0,0x176e5280
10826,1291,0,0x17780fc0
10827,548,0,0x1781cd00
10828,606,0,0x178b8a40
10829,575,0,0x17954780
10830,559,0,0x179f04c0
10831,800,0,0x17a8c200
10832,46805,0,0x17b27f40
10833,1002,0,0x17bc3c80
10834,610,0,0x17c5f9c0
10835,602,0,0x17cfb700
10836,795,0,0x17d97440
10837,577,0,0x17e33180
10838,583,0,0x17eceec0
10839,743,0,0x17f6ac00
10840,608,0,0x18006940
10841,592,0,0x180a2680
10842,738,0,0x1813e3c0
10843,599,0,0x181da100
10844,579,0,0x18275e40
10845,520,0,0x18311b80
10846,589,0,0x183ad8c0
10847,643,0,0x18449600
10848,784,0,0x184e5340
10849,95331,0,0x18581080
10850,600,0,0x1861cdc0
10851,575,0,0x186b8b00
10852,552,0,0x18754840
10853,538,0,0x187f0580
10854,649,0,0x1888c2c0
10855,612,0,0x18928000
10856,764,0,0x189c3d40
10857,45591,0,0x18a5fa80
10858,512,0,0x18afb7c0
10859,1223,0,0x18b97500
10860,1234,0,0x18c33240
10861,978,0,0x18ccef80
10862,1255,0,0x18d6acc0
10863,1449,0,0x18e06a00
10864,1572,0,0x18ea2740
10865,46384,0,0x18fda1c0
10866,52269,0,0x19075f00
10867,903,0,0x19111c40
10868,47616,0,0x192496c0
10869,604,0,0x192e5400
10870,582,0,0x19381140
10871,835,0,0x1941ce80
10872,594,0,0x194b8bc0
10873,574,0,0x19554900
10874,544,0,0x195f0640
10875,568,0,0x1968c380
10876,610,0,0x197280c0
10877,596,0,0x197c3e00
10878,562,0,0x1985fb40
10879,567,0,0x198fb880
10880,655,0,0x199975c0
10881,1042,0,0x19a33300
10882,1021,0,0x19acf040
10883,577,0,0x19b6ad80
10884,799,0,0x19c06ac0
10885,600,0,0x19ca2800
10886,869,0,0x19d3e540
10887,570,0,0x19dda280
10888,1230,0,0x19e75fc0
10889,586,0,0x19f11d00
10890,586,0,0x19fada40
10891,519,0,0x1a049780
10892,599,0,0x1a0e54c0
10893,808,0,0x1a181200
10894,834,0,0x1a21cf40
10895,1016,0,0x1a2b8c80
10896,594,0,0x1a3549c0
10897,875,0,0x1a3f0700
10898,566,0,0x1a48c440
10899,572,0,0x1a528180
10900,550,0,0x1a5c3ec0
10901,604,0,0x1a65fc00
10902,565,0,0x1a6fb940
10903,558,0,0x1a797680
10904,576,0,0x1a8333c0
10905,832,0,0x1a8cf100
10906,13001,0,0x1a96ae40
10907,1520,0,0x1aa06b80
10908,1451,0,0x1aaa28c0
10909,758,0,0x1ab3e600
10910,574,0,0x1abda340
10911,631,0,0x1ac76080
10912,601,0,0x1ad11dc0
10913,763,0,0x1adadb00
10914,1029,0,0x1ae49840
10915,503,0,0x1aee5580
10916,759,0,0x1af812c0
10917,12469,0,0x1b01d000
10918,789,0,0x1b0b8d40
10919,766,0,0x1b154a80
10920,802,0,0x1b1f07c0
10921,116475,0,0x1b28c500
10922,1227,0,0x1b328240
10923,559,0,0x1b3c3f80
10924,600,0,0x1b45fcc0
10925,591,0,0x1b4fba00
10926,647,0,0x1b597740
10927,789,0,0x1b633480
10928,9152,0,0x1b6cf1c0
10929,712,0,0x1b76af00
10930,608,0,0x1b806c40
10931,726,0,0x1b8a2980
10932,967,0,0x1b93e6c0
10933,842,0,0x1b9da400
10934,1188,0,0x1ba76140
10935,567,0,0x1bb11e80
10936,917,0,0x1bbadbc0
10937,86947,0,0x1bce5640
10938,572,0,0x1bd81380
10939,896,0,0x1be1d0c0
10940,7186,0,0x1beb8e00
10941,794,0,0x1bf54b40
10942,574,0,0x1bff0880
10943,626,0,0x1c08c5c0
10944,2231,0,0x1c128300
10945,986,0,0x1c1c4040
10946,555,0,0x1c25fd80
10947,1218,0,0x1c2fbac0
10948,537,0,0x1c397800
10949,547,0,0x1c433540
10950,810,0,0x1c4cf280
10951,535,0,0x1c56afc0
10952,566,0,0x1c606d00
10953,863,0,0x1c6a2a40
10954,550,0,0x1c73e780
10955,552,0,0x1c7da4c0
10956,547,0,0x1c876200
10957,603,0,0x1c911f40
10958,975,0,0x1c9adc80
10959,576,0,0x1ca499c0
10960,125978,0,0x1cae5700
10961,601,0,0x1cb81440
10962,602,0,0x1cc1d180
10963,1020,0,0x1ccb8ec0
10964,568,0,0x1cd54c00
10965,551,0,0x1cdf0940
10966,605,0,0x1ce8c680
10967,590,0,0x1cf283c0
10968,619,0,0x1cfc4100
10969,744,0,0x1d05fe40
10970,701,0,0x1d0fbb80
10971,863,0,0x1d1978c0
10972,667,0,0x1d233600
10973,820,0,0x1d2cf340
10974,592,0,0x1d36b080
10975,574,0,0x1d406dc0
10976,538,0,0x1d4a2b00
10977,596,0,0x1d53e840
10978,556,0,0x1d5da580
10979,843,0,0x1d6762c0
10980,598,0,0x1d712000
10981,617,0,0x1d7add40
10982,596,0,0x1d849a80
10983,597,0,0x1d8e57c0
10984,628,0,0x1d981500
10985,586,0,0x1da1d240
10986,765,0,0x1dab8f80
10987,1177,0,0x1db54cc0
10988,611,0,0x1dbf0a00
10989,680,0,0x1dc8c740
10990,1913,0,0x1dd28480
10991,796,0,0x1ddc41c0
10992,537,0,0x1de5ff00
10993,733,0,0x1defbc40
10994,1041,0,0x1df97980
10995,538,0,0x1e0336c0
10996,591,0,0x1e0cf400
10997,603,0,0x1e16b140
10998,596,0,0x1e206e80
10999,726,0,0x1e2a2bc0
11000,845,0,0x1e33e900
11001,610,0,0x1e3da640
11002,839,0,0x1e476380
11003,856,0,0x1e5120c0
11004,124957,0,0x1e5ade00
11005,1007,0,0x1e649b40
11006,1210,0,0x1e6e5880
11007,746,0,0x1e7815c0
11008,590,0,0x1e81d300
11009,601,0,0x1e8b9040
11010,602,0,0x1e954d80
11011,632,0,0x1e9f0ac0
11012,603,0,0x1ea8c800
11013,621,0,0x1eb28540
11014,578,0,0x1ebc4280
11015,649,0,0x1ec5ffc0
11016,798,0,0x1ecfbd00
11017,563,0,0x1ed97a40
11018,797,0,0x1ee33780
11019,568,0,0x1eecf4c0
11020,551,0,0x1ef6b200
11021,823,0,0x1f006f40
11022,809,0,0x1f0a2c80
11023,1715,0,0x1f13e9c0
11024,771,0,0x1f1da700
11025,551,0,0x1f276440
11026,802,0,0x1f312180
11027,9524,0,0x1f3adec0
11028,791,0,0x1f449c00
11029,566,0,0x1f4e5940
11030,1248,0,0x1f581680
11031,794,0,0x1f61d3c0
11032,547,0,0x1f6b9100
11033,538,0,0x1f754e40
11034,846,0,0x1f7f0b80
11035,532,0,0x1f88c8c0
11036,560,0,0x1f928600
11037,738,0,0x1f9c4340
11038,116471,0,0x1fa60080
11039,1190,0,0x1fafbdc0
11040,16578,0,0x1fb97b00
11041,567,0,0x1fc33840
11042,783,0,0x1fccf580
11043,331,0,0x1fd6b2c0
11044,79606,0,0x1fea2d40
11045,759,0,0x1ff3ea80
11046,19046,0,0x1ffda7c0
11047,787,0,0x20076500
11048,1031,0,0x20112240
11049,997,0,0x201adf80
11050,771,0,0x20249cc0
11051,565,0,0x202e5a00
11052,567,0,0x20381740
11053,548,0,0x2041d480
11054,598,0,0x204b91c0
11055,623,0,0x20554f00
11056,623,0,0x205f0c40
11057,982,0,0x2068c980
11058,587,0,0x207286c0
11059,583,0,0x207c4400
11060,818,0,0x20860140
11061,594,0,0x208fbe80
11062,567,0,0x20997bc0
11063,585,0,0x20a33900
11064,799,0,0x20acf640
11065,1007,0,0x20b6b380
11066,984,0,0x20c070c0
11067,598,0,0x20ca2e00
11068,748,0,0x20d3eb40
11069,115721,0,0x20dda880
11070,645,0,0x20e765c0
11071,621,0,0x20f12300
11072,837,0,0x20fae040
11073,524,0,0x21049d80
11074,876,0,0x210e5ac0
11075,622,0,0x21181800
11076,725,0,0x2121d540
11077,599,0,0x212b9280
11078,556,0,0x21354fc0
11079,576,0,0x213f0d00
11080,877,0,0x2148ca40
11081,9132,0,0x21528780
11082,502,0,0x215c44c0
11083,759,0,0x21660200
11084,601,0,0x216fbf40
11085,594,0,0x21797c80
11086,593,0,0x218339c0
11087,595,0,0x218cf700
11088,541,0,0x2196b440
11089,620,0,0x21a07180
11090,851,0,0x21aa2ec0
11091,564,0,0x21b3ec00
11092,619,0,0x21bda940
11093,586,0,0x21c76680
11094,555,0,0x21d123c0
11095,795,0,0x21dae100
11096,542,0,0x21e49e40
11097,770,0,0x21ee5b80
11098,1673,0,0x21f818c0
11099,755,0,0x2201d600
11100,624,0,0x220b9340
11101,1013,0,0x22155080
11102,1440,0,0x221f0dc0
11103,753,0,0x2228cb00
11104,525,0,0x22328840
11105,494,0,0x223c4580
11106,830,0,0x224602c0
11107,122116,0,0x224fc000
11108,1228,0,0x22597d40
11109,22483,0,0x22633a80
11110,808,0,0x226cf7c0
11111,576,0,0x2276b500
11112,587,0,0x22807240
11113,557,0,0x228a2f80
11114,607,0,0x2293ecc0
11115,843,0,0x229daa00
11116,743,0,0x22a76740
11117,607,0,0x22b12480
11118,630,0,0x22bae1c0
11119,591,0,0x22c49f00
11120,804,0,0x22ce5c40
11121,64652,0,0x22e1d6c0
11122,576,0,0x22eb9400
11123,540,0,0x22f55140
11124,811,0,0x22ff0e80
11125,26073,0,0x2308cbc0
11126,762,0,0x23128900
11127,4583,0,0x231c4640
11128,775,0,0x23260380
11129,810,0,0x232fc0c0
11130,1052,0,0x23397e00
11131,1208,0,0x23433b40
11132,120049,0,0x234cf880
11133,538,0,0x2356b5c0
11134,863,0,0x23607300
11135,534,0,0x236a3040
11136,21233,0,0x2373ed80
11137,601,0,0x237daac0
11138,640,0,0x23876800
11139,621,0,0x23912540
11140,594,0,0x239ae280
11141,839,0,0x23a49fc0
11142,418,0,0x23ae5d00
11143,789,0,0x23b81a40
11144,569,0,0x23c1d780
11145,1666,0,0x23cb94c0
11146,767,0,0x23d55200
11147,577,0,0x23df0f40
11148,586,0,0x23e8cc80
11149,560,0,0x23f289c0
11150,539,0,0x23fc4700
11151,562,0,0x24060440
11152,574,0,0x240fc180
11153,1215,0,0x24197ec0
11154,2940,0,0x24233c00
11155,1241,0,0x242cf940
11156,114676,0,0x2436b680
11157,625,0,0x244073c0
11158,851,0,0x244a3100
11159,22975,0,0x2453ee40
11160,757,0,0x245dab80
11161,627,0,0x246768c0
11162,615,0,0x24712600
11163,552,0,0x247ae340
11164,547,0,0x2484a080
11165,585,0,0x248e5dc0
11166,808,0,0x24981b00
11167,1013,0,0x24a1d840
11168,4531,0,0x24ab9580
11169,550,0,0x24b552c0
11170,539,0,0x24bf1000
11171,865,0,0x24c8cd40
11172,554,0,0x24d28a80
11173,569,0,0x24dc47c0
11174,615,0,0x24e60500
11175,587,0,0x24efc240
11176,569,0,0x24f97f80
11177,628,0,0x25033cc0
11178,1549,0,0x250cfa00
11179,953,0,0x2516b740
11180,59119,0,0x252a31c0
11181,845,0,0x2533ef00
11182,868,0,0x253dac40
11183,25819,0,0x25476980
11184,622,0,0x255126c0
11185,620,0,0x255ae400
11186,755,0,0x2564a140
11187,2368,0,0x256e5e80
11188,1402,0,0x25781bc0
11189,850,0,0x2581d900
11190,553,0,0x258b9640
11191,728,0,0x25955380
11192,813,0,0x259f10c0
11193,554,0,0x25a8ce00
11194,644,0,0x25b28b40
11195,646,0,0x25bc4880
11196,596,0,0x25c605c0
11197,767,0,0x25cfc300
11198,551,0,0x25d98040
11199,834,0,0x25e33d80
11200,575,0,0x25ecfac0
11201,738,0,0x25f6b800
11202,112833,0,0x26007540
11203,756,0,0x260a3280
11204,595,0,0x2613efc0
11205,587,0,0x261dad00
11206,569,0,0x26276a40
11207,857,0,0x26312780
11208,22060,0,0x263ae4c0
11209,584,0,0x2644a200
11210,1023,0,0x264e5f40
11211,975,0,0x26581c80
11212,612,0,0x2661d9c0
11213,720,0,0x266b9700
11214,533,0,0x26755440
11215,1422,0,0x267f1180
11216,43070,0,0x26928c00
11217,720,0,0x269c4940
11218,572,0,0x26a60680
11219,600,0,0x26afc3c0
11220,756,0,0x26b98100
11221,52287,0,0x26c33e40
11222,775,0,0x26ccfb80
11223,6071,0,0x26d6b8c0
11224,967,0,0x26e07600
11225,627,0,0x26ea3340
11226,857,0,0x26f3f080
11227,8028,0,0x26fdadc0
11228,782,0,0x27076b00
11229,562,0,0x27112840
11230,582,0,0x271ae580
11231,616,0,0x2724a2c0
11232,639,0,0x272e6000
11233,608,0,0x27381d40
11234,564,0,0x2741da80
11235,886,0,0x274b97c0
11236,79712,0,0x27555500
11237,844,0,0x275f1240
11238,555,0,0x2768cf80
11239,876,0,0x27728cc0
11240,48146,0,0x277c4a00
11241,763,0,0x27860740
11242,522,0,0x278fc480
11243,812,0,0x279981c0
11244,7137,0,0x27a33f00
11245,958,0,0x27acfc40
11246,622,0,0x27b6b980
11247,577,0,0x27c076c0
11248,1216,0,0x27ca3400
11249,567,0,0x27d3f140
11250,580,0,0x27ddae80
11251,596,0,0x27e76bc0
11252,893,0,0x27f12900
11253,995,0,0x27fae640
11254,1681,0,0x2804a380
11255,534,0,0x280e60c0
11256,546,0,0x28181e00
11257,497,0,0x2821db40
11258,776,0,0x282b9880
11259,598,0,0x283555c0
11260,646,0,0x283f1300
11261,2207,0,0x2848d040
11262,956,0,0x28528d80
11263,570,0,0x285c4ac0
11264,561,0,0x28660800
11265,580,0,0x286fc540
11266,750,0,0x28798280
11267,75747,0,0x28833fc0
11268,849,0,0x288cfd00
11269,47941,0,0x2896ba40
11270,596,0,0x28a07780
11271,502,0,0x28aa34c0
11272,1183,0,0x28b3f200
11273,22623,0,0x28bdaf40
11274,885,0,0x28c76c80
11275,6421,0,0x28d129c0
11276,839,0,0x28dae700
11277,650,0,0x28e4a440
11278,801,0,0x28ee6180
11279,597,0,0x28f81ec0
11280,559,0,0x2901dc00
11281,585,0,0x290b9940
11282,538,0,0x29155680
11283,633,0,0x291f13c0
11284,786,0,0x2928d100
11285,979,0,0x29328e40
11286,616,0,0x293c4b80
11287,609,0,0x294608c0
11288,758,0,0x294fc600
11289,64067,0,0x29598340
11290,748,0,0x29634080
11291,619,0,0x296cfdc0
11292,588,0,0x2976bb00
11293,581,0,0x29807840
11294,721,0,0x298a3580
11295,590,0,0x2993f2c0
11296,490,0,0x299db000
11297,753,0,0x29a76d40
11298,42100,0,0x29b12a80
11299,1026,0,0x29bae7c0
11300,977,0,0x29c4a500
11301,658,0,0x29ce6240
11302,626,0,0x29d81f80
11303,628,0,0x29e1dcc0
11304,750,0,0x29eb9a00
11305,16830,0,0x29f55740
11306,783,0,0x29ff1480
11307,1021,0,0x2a08d1c0
11308,768,0,0x2a128f00
11309,17716,0,0x2a1c4c40
11310,1006,0,0x2a260980
11311,66736,0,0x2a2fc6c0
11312,760,0,0x2a398400
11313,631,0,0x2a434140
11314,490,0,0x2a4cfe80
11315,759,0,0x2a56bbc0
11316,589,0,0x2a607900
11317,998,0,0x2a6a3640
11318,520,0,0x2a73f380
11319,864,0,0x2a7db0c0
11320,575,0,0x2a876e00
11321,538,0,0x2a912b40
11322,773,0,0x2a9ae880
11323,551,0,0x2aa4a5c0
11324,573,0,0x2aae6300
11325,975,0,0x2ab82040
11326,570,0,0x2ac1dd80
11327,580,0,0x2acb9ac0
11328,563,0,0x2ad55800
11329,609,0,0x2adf1540
11330,586,0,0x2ae8d280
11331,623,0,0x2af28fc0
11332,749,0,0x2afc4d00
11333,1238,0,0x2b060a40
11334,554,0,0x2b0fc780
11335,522,0,0x2b1984c0
11336,789,0,0x2b234200
11337,553,0,0x2b2cff40
11338,551,0,0x2b36bc80
11339,614,0,0x2b4079c0
11340,600,0,0x2b4a3700
11341,729,0,0x2b53f440
11342,594,0,0x2b5db180
11343,549,0,0x2b676ec0
11344,588,0,0x2b712c00
11345,609,0,0x2b7ae940
11346,626,0,0x2b84a680
11347,616,0,0x2b8e63c0
11348,614,0,0x2b982100
11349,978,0,0x2ba1de40
11350,543,0,0x2bab9b80
11351,552,0,0x2bb558c0
11352,585,0,0x2bbf1600
11353,614,0,0x2bc8d340
11354,605,0,0x2bd29080
11355,775,0,0x2bdc4dc0
11356,551,0,0x2be60b00
11357,586,0,0x2befc840
11358,608,0,0x2bf98580
11359,755,0,0x2c0342c0
11360,637,0,0x2c0d0000
11361,939,0,0x2c16bd40
11362,860,0,0x2c207a80
11363,806,0,0x2c2a37c0
11364,587,0,0x2c33f500
11365,566,0,0x2c3db240
11366,567,0,0x2c476f80
11367,555,0,0x2c512cc0
11368,622,0,0x2c5aea00
11369,1010,0,0x2c64a740
11370,625,0,0x2c6e6480
11371,818,0,0x2c7821c0
11372,9453,0,0x2c81df00
11373,899,0,0x2c8b9c40
11374,571,0,0x2c955980
11375,550,0,0x2c9f16c0
11376,539,0,0x2ca8d400
11377,862,0,0x2cb29140
11378,568,0,0x2cbc4e80
11379,548,0,0x2cc60bc0
11380,833,0,0x2ccfc900
11381,13085,0,0x2cd98640
11382,803,0,0x2ce34380
11383,559,0,0x2ced00c0
11384,601,0,0x2cf6be00
11385,790,0,0x2d007b40
11386,114834,0,0x2d0a3880
11387,786,0,0x2d13f5c0
11388,833,0,0x2d1db300
11389,4966,0,0x2d277040
11390,792,0,0x2d312d80
11391,16585,0,0x2d3aeac0
11392,873,0,0x2d44a800
11393,620,0,0x2d4e6540
11394,586,0,0x2d582280
11395,640,0,0x2d61dfc0
11396,614,0,0x2d6b9d00
11397,959,0,0x2d755a40
11398,580,0,0x2d7f1780
11399,565,0,0x2d88d4c0
11400,619,0,0x2d929200
11401,750,0,0x2d9c4f40
11402,9537,0,0x2da60c80
11403,762,0,0x2dafc9c0
11404,766,0,0x2db98700
11405,557,0,0x2dc34440
11406,580,0,0x2dcd0180
11407,560,0,0x2dd6bec0
11408,616,0,0x2de07c00
11409,614,0,0x2dea3940
11410,829,0,0x2df3f680
11411,521,0,0x2dfdb3c0
11412,653,0,0x2e077100
11413,788,0,0x2e112e40
11414,587,0,0x2e1aeb80
11415,640,0,0x2e24a8c0
11416,625,0,0x2e2e6600
11417,614,0,0x2e382340
11418,742,0,0x2e41e080
11419,101324,0,0x2e4b9dc0
11420,784,0,0x2e555b00
11421,586,0,0x2e5f1840
11422,557,0,0x2e68d580
11423,773,0,0x2e7292c0
11424,2010,0,0x2e7c5000
11425,1055,0,0x2e860d40
11426,592,0,0x2e8fca80
11427,650,0,0x2e9987c0
11428,782,0,0x2ea34500
11429,20053,0,0x2ead0240
11430,787,0,0x2eb6bf80
11431,26132,0,0x2ec07cc0
11432,781,0,0x2eca3a00
11433,604,0,0x2ed3f740
11434,762,0,0x2eddb480
11435,103741,0,0x2ee771c0
11436,755,0,0x2ef12f00
11437,533,0,0x2efaec40
11438,792,0,0x2f04a980
11439,999,0,0x2f0e66c0
11440,766,0,0x2f182400
11441,18964,0,0x2f21e140
11442,1025,0,0x2f2b9e80
11443,29599,0,0x2f355bc0
11444,790,0,0x2f3f1900
11445,555,0,0x2f48d640
11446,515,0,0x2f529380
11447,834,0,0x2f5c50c0
11448,528,0,0x2f660e00
11449,542,0,0x2f6fcb40
11450,641,0,0x2f798880
11451,760,0,0x2f8345c0
11452,520,0,0x2f8d0300
11453,626,0,0x2f96c040
11454,756,0,0x2fa07d80
11455,1298,0,0x2faa3ac0
11456,91376,0,0x2fb3f800
11457,784,0,0x2fbdb540
11458,550,0,0x2fc77280
11459,1507,0,0x2fd12fc0
11460,757,0,0x2fdaed00
11461,1869,0,0x2fe4aa40
11462,1096,0,0x2fee6780
11463,15422,0,0x2ff824c0
11464,1005,0,0x3001e200
11465,566,0,0x300b9f40
11466,641,0,0x30155c80
11467,758,0,0x301f19c0
11468,550,0,0x3028d700
11469,520,0,0x30329440
11470,806,0,0x303c5180
11471,606,0,0x30460ec0
11472,797,0,0x304fcc00
11473,35208,0,0x30598940
11474,756,0,0x30634680
11475,617,0,0x306d03c0
11476,793,0,0x3076c100
11477,91790,0,0x30807e40
11478,766,0,0x308a3b80
11479,2642,0,0x3093f8c0
11480,998,0,0x309db600
11481,21392,0,0x30a77340
11482,805,0,0x30b13080
11483,39248,0,0x30baedc0
11484,754,0,0x30c4ab00
11485,596,0,0x30ce6840
11486,565,0,0x30d82580
11487,84384,0,0x30e1e2c0
11488,729,0,0x30eba000
11489,4747,0,0x30f55d40
11490,742,0,0x30ff1a80
11491,779,0,0x3108d7c0
11492,18713,0,0x31129500
11493,776,0,0x311c5240
11494,579,0,0x31260f80
11495,800,0,0x312fccc0
11496,40966,0,0x31398a00
11497,733,0,0x31434740
11498,535,0,0x314d0480
11499,517,0,0x3156c1c0
11500,834,0,0x31607f00
11501,82949,0,0x316a3c40
11502,623,0,0x3173f980
11503,582,0,0x317db6c0
11504,577,0,0x31877400
11505,581,0,0x31913140
11506,551,0,0x319aee80
11507,782,0,0x31a4abc0
11508,3223,0,0x31ae6900
11509,815,0,0x31b82640
11510,787,0,0x31c1e380
11511,550,0,0x31cba0c0
11512,777,0,0x31d55e00
11513,527,0,0x31df1b40
11514,625,0,0x31e8d880
11515,583,0,0x31f295c0
11516,545,0,0x31fc5300
11517,772,0,0x32061040
11518,567,0,0x320fcd80
11519,497,0,0x32198ac0
11520,1227,0,0x32234800
11521,992,0,0x322d0540
11522,870,0,0x3236c280
11523,985,0,0x32407fc0
11524,741,0,0x324a3d00
11525,571,0,0x3253fa40
11526,567,0,0x325db780
11527,643,0,0x326774c0
11528,1703,0,0x32713200
11529,728,0,0x327aef40
11530,791,0,0x3284ac80
11531,72439,0,0x32982700
11532,594,0,0x32a1e440
11533,648,0,0x32aba180
11534,788,0,0x32b55ec0
11535,26856,0,0x32bf1c00
11536,801,0,0x32c8d940
11537,572,0,0x32d29680
11538,585,0,0x32dc53c0
11539,767,0,0x32e61100
11540,2602,0,0x32efce40
11541,746,0,0x32f98b80
11542,541,0,0x330348c0
11543,1240,0,0x330d0600
11544,599,0,0x3316c340
11545,627,0,0x33208080
11546,615,0,0x332a3dc0
11547,766,0,0x3333fb00
11548,33990,0,0x333db840
11549,764,0,0x33477580
11550,541,0,0x335132c0
11551,558,0,0x335af000
11552,805,0,0x3364ad40
11553,761,0,0x336e6a80
11554,76663,0,0x337827c0
11555,569,0,0x3381e500
11556,559,0,0x338ba240
11557,623,0,0x33955f80
11558,582,0,0x339f1cc0
11559,591,0,0x33a8da00
11560,778,0,0x33b29740
11561,558,0,0x33bc5480
11562,619,0,0x33c611c0
11563,584,0,0x33cfcf00
11564,545,0,0x33d98c40
11565,610,0,0x33e34980
11566,1191,0,0x33ed06c0
11567,596,0,0x33f6c400
11568,596,0,0x34008140
11569,564,0,0x340a3e80
11570,581,0,0x3413fbc0
11571,632,0,0x341db900
11572,621,0,0x34277640
11573,750,0,0x34313380
11574,587,0,0x343af0c0
11575,570,0,0x3444ae00
11576,585,0,0x344e6b40
11577,576,0,0x34582880
11578,544,0,0x3461e5c0
11579,1206,0,0x346ba300
11580,790,0,0x34756040
11581,6622,0,0x347f1d80
11582,1056,0,0x3488dac0
11583,9752,0,0x34929800
11584,816,0,0x349c5540
11585,791,0,0x34a61280
11586,525,0,0x34afcfc0
11587,808,0,0x34b98d00
11588,575,0,0x34c34a40
11589,602,0,0x34cd0780
11590,790,0,0x34d6c4c0
11591,32488,0,0x34e08200
11592,1225,0,0x34ea3f40
11593,559,0,0x34f3fc80
11594,554,0,0x34fdb9c0
11595,559,0,0x35077700
11596,641,0,0x35113440
11597,593,0,0x351af180
11598,733,0,0x3524aec0
11599,518,0,0x352e6c00
11600,981,0,0x35382940
11601,747,0,0x3541e680
11602,593,0,0x354ba3c0
11603,557,0,0x35556100
11604,551,0,0x355f1e40
11605,769,0,0x3568db80
11606,560,0,0x357298c0
11607,507,0,0x357c5600
11608,739,0,0x35861340
11609,591,0,0x358fd080
11610,608,0,0x35998dc0
11611,733,0,0x35a34b00
11612,573,0,0x35ad0840
11613,489,0,0x35b6c580
11614,773,0,0x35c082c0
11615,532,0,0x35ca4000
11616,603,0,0x35d3fd40
11617,843,0,0x35ddba80
11618,57305,0,0x35e777c0
11619,760,0,0x35f13500
11620,591,0,0x35faf240
11621,798,0,0x3604af80
11622,573,0,0x360e6cc0
11623,576,0,0x36182a00
11624,3975,0,0x3621e740
11625,768,0,0x362ba480
11626,825,0,0x363561c0
11627,575,0,0x363f1f00
11628,546,0,0x3648dc40
11629,1930,0,0x36529980
11630,268,0,0x365c56c0
11631,1652,0,0x36661400
11632,854,0,0x366fd140
11633,804,0,0x36798e80
11634,588,0,0x36834bc0
11635,580,0,0x368d0900
11636,613,0,0x3696c640
11637,657,0,0x36a08380
11638,596,0,0x36aa40c0
11639,573,0,0x36b3fe00
11640,591,0,0x36bdbb40
11641,1033,0,0x36c77880
11642,586,0,0x36d135c0
11643,575,0,0x36daf300
11644,544,0,0x36e4b040
11645,597,0,0x36ee6d80
11646,599,0,0x36f82ac0
11647,742,0,0x3701e800
11648,69435,0,0x370ba540
11649,752,0,0x37156280
11650,617,0,0x371f1fc0
11651,778,0,0x3728dd00
11652,983,0,0x37329a40
11653,593,0,0x373c5780
11654,565,0,0x374614c0
11655,597,0,0x374fd200
11656,773,0,0x37598f40
11657,552,0,0x37634c80
11658,563,0,0x376d09c0
11659,732,0,0x3776c700
11660,1031,0,0x37808440
11661,975,0,0x378a4180
11662,624,0,0x3793fec0
11663,789,0,0x379dbc00
11664,43124,0,0x37a77940
11665,771,0,0x37b13680
11666,595,0,0x37baf3c0
11667,819,0,0x37c4b100
11668,568,0,0x37ce6e40
11669,746,0,0x37d82b80
11670,597,0,0x37e1e8c0
11671,863,0,0x37eba600
11672,5160,0,0x37f56340
11673,941,0,0x37ff2080
11674,11849,0,0x3808ddc0
11675,758,0,0x38129b00
11676,584,0,0x381c5840
11677,797,0,0x38261580
11678,1006,0,0x382fd2c0
11679,511,0,0x38399000
11680,773,0,0x38434d40
11681,80029,0,0x384d0a80
11682,740,0,0x3856c7c0
11683,1073,0,0x38608500
11684,533,0,0x386a4240
11685,793,0,0x3873ff80
11686,508,0,0x387dbcc0
11687,619,0,0x38877a00
11688,718,0,0x38913740
11689,611,0,0x389af480
11690,578,0,0x38a4b1c0
11691,733,0,0x38ae6f00
11692,579,0,0x38b82c40
11693,622,0,0x38c1e980
11694,630,0,0x38cba6c0
11695,735,0,0x38d56400
11696,594,0,0x38df2140
11697,767,0,0x38e8de80
11698,720,0,0x38f29bc0
11699,35299,0,0x38fc5900
11700,783,0,0x39061640
11701,559,0,0x390fd380
11702,797,0,0x391990c0
11703,562,0,0x39234e00
11704,589,0,0x392d0b40
11705,1000,0,0x3936c880
11706,579,0,0x394085c0
11707,566,0,0x394a4300
11708,1931,0,0x39540040
11709,996,0,0x395dbd80
11710,558,0,0x39677ac0
11711,694,0,0x39713800
11712,733,0,0x397af540
11713,585,0,0x3984b280
11714,539,0,0x398e6fc0
11715,575,0,0x39982d00
11716,678,0,0x39a1ea40
11717,530,0,0x39aba780
11718,761,0,0x39b564c0
11719,4766,0,0x39bf2200
11720,798,0,0x39c8df40
11721,586,0,0x39d29c80
11722,520,0,0x39dc59c0
11723,778,0,0x39e61700
11724,540,0,0x39efd440
11725,547,0,0x39f99180
11726,610,0,0x3a034ec0
11727,993,0,0x3a0d0c00
11728,558,0,0x3a16c940
11729,661,0,0x3a208680
11730,609,0,0x3a2a43c0
11731,963,0,0x3a340100
11732,821,0,0x3a3dbe40
11733,750,0,0x3a477b80
11734,550,0,0x3a5138c0
11735,607,0,0x3a5af600
11736,571,0,0x3a64b340
11737,1227,0,0x3a6e7080
11738,80425,0,0x3a782dc0
11739,809,0,0x3a81eb00
11740,567,0,0x3a8ba840
11741,570,0,0x3a956580
11742,808,0,0x3a9f22c0
11743,38151,0,0x3aa8e000
11744,829,0,0x3ab29d40
11745,589,0,0x3abc5a80
11746,608,0,0x3ac617c0
11747,630,0,0x3acfd500
11748,858,0,0x3ad99240
11749,550,0,0x3ae34f80
11750,545,0,0x3aed0cc0
11751,611,0,0x3af6ca00
11752,571,0,0x3b008740
11753,564,0,0x3b0a4480
11754,550,0,0x3b1401c0
11755,627,0,0x3b1dbf00
11756,567,0,0x3b277c40
11757,2032,0,0x3b313980
11758,1228,0,0x3b3af6c0
11759,973,0,0x3b44b400
11760,812,0,0x3b4e7140
11761,592,0,0x3b582e80
11762,620,0,0x3b61ebc0
11763,729,0,0x3b6ba900
11764,577,0,0x3b756640
11765,597,0,0x3b7f2380
11766,766,0,0x3b88e0c0
11767,9982,0,0x3b929e00
11768,762,0,0x3b9c5b40
11769,1014,0,0x3ba61880
11770,611,0,0x3bafd5c0
11771,605,0,0x3bb99300
11772,574,0,0x3bc35040
11773,647,0,0x3bcd0d80
11774,793,0,0x3bd6cac0
11775,995,0,0x3be08800
11776,596,0,0x3bea4540
11777,565,0,0x3bf40280
11778,749,0,0x3bfdbfc0
11779,75535,0,0x3c077d00
11780,806,0,0x3c113a40
11781,617,0,0x3c1af780
11782,972,0,0x3c24b4c0
11783,585,0,0x3c2e7200
11784,606,0,0x3c382f40
11785,730,0,0x3c41ec80
11786,576,0,0x3c4ba9c0
11787,598,0,0x3c556700
11788,542,0,0x3c5f2440
11789,775,0,0x3c68e180
11790,40172,0,0x3c729ec0
11791,826,0,0x3c7c5c00
11792,564,0,0x3c861940
11793,560,0,0x3c8fd680
11794,542,0,0x3c9993c0
11795,576,0,0x3ca35100
11796,812,0,0x3cad0e40
11797,589,0,0x3cb6cb80
11798,923,0,0x3cc088c0
11799,3606,0,0x3cca4600
11800,755,0,0x3cd40340
11801,569,0,0x3cddc080
11802,629,0,0x3ce77dc0
11803,587,0,0x3cf13b00
11804,584,0,0x3cfaf840
11805,772,0,0x3d04b580
11806,13305,0,0x3d0e72c0
11807,995,0,0x3d183000
11808,845,0,0x3d21ed40
11809,610,0,0x3d2baa80
11810,595,0,0x3d3567c0
11811,620,0,0x3d3f2500
11812,589,0,0x3d48e240
11813,591,0,0x3d529f80
11814,585,0,0x3d5c5cc0
11815,551,0,0x3d661a00
11816,794,0,0x3d6fd740
11817,77753,0,0x3d799480
11818,823,0,0x3d8351c0
11819,569,0,0x3d8d0f00
11820,734,0,0x3d96cc40
11821,1016,0,0x3da08980
11822,543,0,0x3daa46c0
11823,788,0,0x3db40400
11824,39690,0,0x3dbdc140
11825,744,0,0x3dc77e80
11826,1159,0,0x3dd13bc0
11827,586,0,0x3ddaf900
11828,649,0,0x3de4b640
11829,608,0,0x3dee7380
11830,515,0,0x3df830c0
11831,834,0,0x3e01ee00
11832,4154,0,0x3e0bab40
11833,850,0,0x3e156880
11834,733,0,0x3e1f25c0
11835,18986,0,0x3e28e300
11836,783,0,0x3e32a040
11837,85194,0,0x3e3c5d80
11838,799,0,0x3e461ac0
11839,568,0,0x3e4fd800
11840,39133,0,0x3e599540
11841,816,0,0x3e635280
11842,567,0,0x3e6d0fc0
11843,765,0,0x3e76cd00
11844,528,0,0x3e808a40
11845,631,0,0x3e8a4780
11846,586,0,0x3e9404c0
11847,558,0,0x3e9dc200
11848,789,0,0x3ea77f40
11849,1910,0,0x3eb13c80
11850,1018,0,0x3ebaf9c0
11851,559,0,0x3ec4b700
11852,520,0,0x3ece7440
11853,1190,0,0x3ed83180
11854,1010,0,0x3ee1eec0
11855,550,0,0x3eebac00
11856,533,0,0x3ef56940
11857,1009,0,0x3eff2680
11858,799,0,0x3f08e3c0
11859,541,0,0x3f12a100
11860,523,0,0x3f1c5e40
11861,760,0,0x3f261b80
11862,550,0,0x3f2fd8c0
11863,557,0,0x3f399600
11864,659,0,0x3f435340
11865,1048,0,0x3f4d1080
11866,1223,0,0x3f56cdc0
11867,976,0,0x3f608b00
11868,591,0,0x3f6a4840
11869,611,0,0x3f740580
11870,1198,0,0x3f7dc2c0
11871,83598,0,0x3f878000
11872,957,0,0x3f913d40
11873,1317,0,0x3f9afa80
11874,47017,0,0x3fa4b7c0
11875,977,0,0x3fae7500
11876,627,0,0x3fb83240
11877,815,0,0x3fc1ef80
11878,16686,0,0x3fcbacc0
11879,846,0,0x3fd56a00
11880,584,0,0x3fdf2740
11881,1709,0,0x3fe8e480
11882,1258,0,0x3ff2a1c0
11883,35650,0,0x61c80
11884,754,0,0xfd9c0
11885,39881,0,0x199700
11886,984,0,0x235440
11887,1676,0,0x2d1180
11888,797,0,0x36cec0
11889,20263,0,0x408c00
11890,595,0,0x4a4940
11891,648,0,0x540680
11892,625,0,0x5dc3c0
11893,632,0,0x678100
11894,577,0,0x713e40
11895,637,0,0x7afb80
11896,925,0,0x84b8c0
11897,2268,0,0x8e7600
11898,585,0,0x983340
11899,33506,0,0xabadc0
11900,35071,0,0xb56b00
11901,588,0,0xbf2840
11902,657,0,0xc8e580
11903,603,0,0xd2a2c0
11904,769,0,0xdc6000
11905,29675,0,0xe61d40
11906,848,0,0xefda80
11907,599,0,0xf997c0
11908,596,0,0x1035500
11909,570,0,0x10d1240
11910,842,0,0x116cf80
11911,1037,0,0x1208cc0
11912,783,0,0x12a4a00
11913,638,0,0x1340740
11914,767,0,0x13dc480
11915,80355,0,0x14781c0
11916,597,0,0x1513f00
11917,771,0,0x15afc40
11918,552,0,0x164b980
11919,497,0,0x16e76c0
11920,720,0,0x1783400
11921,595,0,0x181f140
11922,603,0,0x18bae80
11923,730,0,0x1956bc0
11924,590,0,0x19f2900
11925,565,0,0x1a8e640
11926,769,0,0x1b2a380
11927,26606,0,0x1bc60c0
11928,621,0,0x1c61e00
11929,579,0,0x1cfdb40
11930,515,0,0x1d99880
11931,574,0,0x1e355c0
11932,643,0,0x1ed1300
11933,782,0,0x1f6d040
11934,29256,0,0x2008d80
11935,625,0,0x20a4ac0
11936,608,0,0x2140800
11937,745,0,0x21dc540
11938,578,0,0x2278280
11939,505,0,0x2313fc0
11940,596,0,0x23afd00
11941,1175,0,0x244ba40
11942,1037,0,0x24e7780
11943,830,0,0x25834c0
11944,604,0,0x261f200
11945,622,0,0x26baf40
11946,576,0,0x2756c80
11947,626,0,0x27f29c0
11948,631,0,0x288e700
11949,600,0,0x292a440
11950,734,0,0x29c6180
11951,1043,0,0x2a61ec0
11952,1248,0,0x2afdc00
11953,779,0,0x2b99940
11954,953,0,0x2c35680
11955,607,0,0x2cd13c0
11956,595,0,0x2d6d100
11957,585,0,0x2e08e40
11958,577,0,0x2ea4b80
11959,647,0,0x2f408c0
11960,612,0,0x2fdc600
11961,768,0,0x3078340
11962,69324,0,0x3114080
11963,759,0,0x31afdc0
11964,762,0,0x324bb00
11965,28281,0,0x32e7840
11966,557,0,0x3383580
11967,569,0,0x341f2c0
11968,552,0,0x34bb000
11969,545,0,0x3556d40
11970,844,0,0x35f2a80
11971,34022,0,0x368e7c0
11972,808,0,0x372a500
11973,569,0,0x37c6240
11974,589,0,0x3861f80
11975,1224,0,0x38fdcc0
11976,555,0,0x3999a00
11977,544,0,0x3a35740
11978,879,0,0x3ad1480
11979,11142,0,0x3b6d1c0
11980,759,0,0x3c08f00
11981,639,0,0x3ca4c40
11982,572,0,0x3d40980
11983,599,0,0x3ddc6c0
11984,550,0,0x3e78400
11985,609,0,0x3f14140
11986,577,0,0x3fafe80
11987,1089,0,0x404bbc0
11988,64914,0,0x40e7900
11989,828,0,0x4183640
11990,575,0,0x421f380
11991,596,0,0x42bb0c0
11992,771,0,0x4356e00
11993,766,0,0x43f2b40
11994,982,0,0x448e880
11995,599,0,0x452a5c0
11996,506,0,0x45c6300
11997,1229,0,0x4662040
11998,607,0,0x46fdd80
11999,611,0,0x4799ac0
12000,737,0,0x4835800
12001,590,0,0x48d1540
12002,615,0,0x496d280
12003,733,0,0x4a08fc0
12004,602,0,0x4aa4d00
12005,984,0,0x4b40a40
12006,602,0,0x4bdc780
12007,627,0,0x4c784c0
12008,610,0,0x4d14200
12009,601,0,0x4daff40
12010,745,0,0x4e4bc80
12011,8711,0,0x4ee79c0
12012,542,0,0x4f83700
12013,602,0,0x501f440
12014,616,0,0x50bb180
12015,573,0,0x5156ec0
12016,625,0,0x51f2c00
12017,606,0,0x528e940
12018,601,0,0x532a680
12019,569,0,0x53c63c0
12020,619,0,0x5462100
12021,615,0,0x54fde40
12022,642,0,0x5599b80
12023,27622,0,0x56358c0
12024,1097,0,0x56d1600
12025,584,0,0x576d340
12026,761,0,0x5809080
12027,13282,0,0x58a4dc0
12028,783,0,0x5940b00
12029,88126,0,0x59dc840
12030,794,0,0x5a78580
12031,773,0,0x5b142c0
12032,813,0,0x5bb0000
12033,592,0,0x5c4bd40
12034,547,0,0x5ce7a80
12035,617,0,0x5d837c0
12036,731,0,0x5e1f500
12037,590,0,0x5ebb240
12038,566,0,0x5f56f80
12039,603,0,0x5ff2cc0
12040,793,0,0x608ea00
12041,6077,0,0x612a740
12042,791,0,0x61c6480
12043,536,0,0x62621c0
12044,597,0,0x62fdf00
12045,612,0,0x6399c40
12046,743,0,0x6435980
12047,592,0,0x64d16c0
12048,567,0,0x656d400
12049,556,0,0x6609140
12050,797,0,0x66a4e80
12051,573,0,0x6740bc0
12052,576,0,0x67dc900
12053,537,0,0x6878640
12054,1028,0,0x6914380
12055,580,0,0x69b00c0
12056,569,0,0x6a4be00
12057,541,0,0x6ae7b40
12058,798,0,0x6b83880
12059,557,0,0x6c1f5c0
12060,573,0,0x6cbb300
12061,599,0,0x6d57040
12062,571,0,0x6df2d80
12063,560,0,0x6e8eac0
12064,541,0,0x6f2a800
12065,629,0,0x6fc6540
12066,584,0,0x7062280
12067,972,0,0x70fdfc0
12068,14216,0,0x7199d00
12069,1461,0,0x7235a40
12070,826,0,0x72d1780
12071,604,0,0x736d4c0
12072,772,0,0x7409200
12073,537,0,0x74a4f40
12074,623,0,0x7540c80
12075,562,0,0x75dc9c0
12076,1197,0,0x7678700
12077,536,0,0x7714440
12078,774,0,0x77b0180
12079,1067,0,0x784bec0
12080,502,0,0x78e7c00
12081,272,0,0x7983940
12082,23925,0,0x7abb3c0
12083,776,0,0x7b57100
12084,553,0,0x7bf2e40
12085,786,0,0x7c8eb80
12086,550,0,0x7d2a8c0
12087,566,0,0x7dc6600
12088,730,0,0x7e62340
12089,593,0,0x7efe080
12090,761,0,0x7f99dc0
12091,36708,0,0x8035b00
12092,592,0,0x80d1840
12093,575,0,0x816d580
12094,653,0,0x82092c0
12095,595,0,0x82a5000
12096,768,0,0x8340d40
12097,26853,0,0x83dca80
12098,773,0,0x84787c0
12099,575,0,0x8514500
12100,590,0,0x85b0240
12101,1075,0,0x864bf80
12102,562,0,0x86e7cc0
12103,721,0,0x8783a00
12104,2312,0,0x881f740
12105,281,0,0x88bb480
12106,803,0,0x89571c0
12107,767,0,0x89f2f00
12108,558,0,0x8a8ec40
12109,542,0,0x8b2a980
12110,573,0,0x8bc66c0
12111,622,0,0x8c62400
12112,540,0,0x8cfe140
12113,1002,0,0x8d99e80
12114,1223,0,0x8e35bc0
12115,534,0,0x8ed1900
12116,583,0,0x8f6d640
12117,613,0,0x9009380
12118,642,0,0x90a50c0
12119,813,0,0x9140e00
12120,67513,0,0x91dcb40
12121,746,0,0x9278880
12122,809,0,0x93145c0
12123,595,0,0x93b0300
12124,624,0,0x944c040
12125,726,0,0x94e7d80
12126,815,0,0x9583ac0
12127,560,0,0x961f800
12128,744,0,0x96bb540
12129,585,0,0x9757280
12130,611,0,0x97f2fc0
12131,827,0,0x988ed00
12132,576,0,0x992aa40
12133,586,0,0x99c6780
12134,538,0,0x9a624c0
12135,597,0,0x9afe200
12136,646,0,0x9b99f40
12137,614,0,0x9c35c80
12138,591,0,0x9cd19c0
12139,998,0,0x9d6d700
12140,543,0,0x9e09440
12141,955,0,0x9ea5180
12142,572,0,0x9f40ec0
12143,540,0,0x9fdcc00
12144,853,0,0xa078940
12145,15676,0,0xa114680
12146,582,0,0xa1b03c0
12147,1270,0,0xa24c100
12148,540,0,0xa2e7e40
12149,799,0,0xa383b80
12150,573,0,0xa41f8c0
12151,567,0,0xa4bb600
12152,555,0,0xa557340
12153,856,0,0xa5f3080
12154,1039,0,0xa68edc0
12155,579,0,0xa72ab00
12156,634,0,0xa7c6840
12157,564,0,0xa862580
12158,585,0,0xa8fe2c0
12159,559,0,0xa99a000
12160,609,0,0xaa35d40
12161,568,0,0xaad1a80
12162,566,0,0xab6d7c0
12163,556,0,0xac09500
12164,606,0,0xaca5240
12165,569,0,0xad40f80
12166,566,0,0xaddccc0
12167,593,0,0xae78a00
12168,627,0,0xaf14740
12169,592,0,0xafb0480
12170,567,0,0xb04c1c0
12171,552,0,0xb0e7f00
12172,582,0,0xb183c40
12173,603,0,0xb21f980
12174,586,0,0xb2bb6c0
12175,604,0,0xb357400
12176,630,0,0xb3f3140
12177,999,0,0xb48ee80
12178,552,0,0xb52abc0
12179,624,0,0xb5c6900
12180,1047,0,0xb662640
12181,602,0,0xb6fe380
12182,626,0,0xb79a0c0
12183,540,0,0xb835e00
12184,547,0,0xb8d1b40
12185,618,0,0xb96d880
12186,632,0,0xba095c0
12187,607,0,0xbaa5300
12188,1219,0,0xbb41040
12189,9943,0,0xbbdcd80
12190,767,0,0xbc78ac0
12191,839,0,0xbd14800
12192,88679,0,0xbdb0540
12193,616,0,0xbe4c280
12194,753,0,0xbee7fc0
12195,47914,0,0xbf83d00
12196,615,0,0xc01fa40
12197,611,0,0xc0bb780
12198,599,0,0xc1574c0
12199,632,0,0xc1f3200
12200,631,0,0xc28ef40
12201,802,0,0xc32ac80
12202,2004,0,0xc3c69c0
12203,747,0,0xc462700
12204,1011,0,0xc4fe440
12205,830,0,0xc59a180
12206,624,0,0xc635ec0
12207,2868,0,0xc6d1c00
12208,1091,0,0xc76d940
12209,89155,0,0xc809680
12210,753,0,0xc8a53c0
12211,534,0,0xc941100
12212,854,0,0xc9dce40
12213,662,0,0xca78b80
12214,1012,0,0xcb148c0
12215,629,0,0xcbb0600
12216,758,0,0xcc4c340
12217,573,0,0xcce8080
12218,588,0,0xcd83dc0
12219,573,0,0xce1fb00
12220,545,0,0xcebb840
12221,800,0,0xcf57580
12222,603,0,0xcff32c0
12223,734,0,0xd08f000
12224,39551,0,0xd12ad40
12225,749,0,0xd1c6a80
12226,532,0,0xd2627c0
12227,770,0,0xd2fe500
12228,760,0,0xd39a240
12229,840,0,0xd435f80
12230,62545,0,0xd56da00
12231,1231,0,0xd609740
12232,578,0,0xd6a5480
12233,560,0,0xd7411c0
12234,646,0,0xd7dcf00
12235,607,0,0xd878c40
12236,827,0,0xd914980
12237,780,0,0xd9b06c0
12238,30576,0,0xda4c400
12239,759,0,0xdae8140
12240,603,0,0xdb83e80
12241,2209,0,0xdc1fbc0
12242,804,0,0xdcbb900
12243,606,0,0xdd57640
12244,635,0,0xddf3380
12245,601,0,0xde8f0c0
12246,605,0,0xdf2ae00
12247,754,0,0xdfc6b40
12248,6455,0,0xe062880
12249,720,0,0xe0fe5c0
12250,580,0,0xe19a300
12251,550,0,0xe236040
12252,578,0,0xe2d1d80
12253,780,0,0xe36dac0
12254,514,0,0xe409800
12255,836,0,0xe4a5540
12256,546,0,0xe541280
12257,637,0,0xe5dcfc0
12258,843,0,0xe678d00
12259,104438,0,0xe714a40
12260,1038,0,0xe7b0780
12261,1022,0,0xe84c4c0
12262,814,0,0xe8e8200
12263,976,0,0xe983f40
12264,1069,0,0xea1fc80
12265,785,0,0xeabb9c0
12266,853,0,0xeb57700
12267,1439,0,0xebf3440
12268,981,0,0xec8f180
12269,1014,0,0xed2aec0
12270,776,0,0xedc6c00
12271,968,0,0xee62940
12272,787,0,0xeefe680
12273,1414,0,0xef9a3c0
12274,846,0,0xf036100
12275,1192,0,0xf0d1e40
12276,1001,0,0xf16db80
12277,1017,0,0xf2098c0
12278,997,0,0xf2a5600
12279,988,0,0xf341340
12280,998,0,0xf3dd080
12281,1210,0,0xf478dc0
12282,2086,0,0xf514b00
12283,1090,0,0xf5b0840
12284,100406,0,0xf6e82c0
12285,508,0,0xf784000
12286,605,0,0xf81fd40
12287,753,0,0xf8bba80
12288,593,0,0xf9577c0
12289,2013,0,0xf9f3500
12290,1184,0,0xfa8f240
12291,556,0,0xfb2af80
12292,596,0,0xfbc6cc0
12293,583,0,0xfc62a00
12294,556,0,0xfcfe740
12295,593,0,0xfd9a480
12296,624,0,0xfe361c0
12297,592,0,0xfed1f00
12298,1194,0,0xff6dc40
12299,19336,0,0x10009980
12300,1053,0,0x100a56c0
12301,773,0,0x10141400
12302,538,0,0x101dd140
12303,783,0,0x10278e80
12304,124950,0,0x10314bc0
12305,860,0,0x103b0900
12306,537,0,0x1044c640
12307,769,0,0x104e8380
12308,599,0,0x105840c0
12309,799,0,0x1061fe00
12310,562,0,0x106bbb40
12311,2254,0,0x10757880
12312,835,0,0x107f35c0
12313,609,0,0x1088f300
12314,603,0,0x1092b040
12315,568,0,0x109c6d80
12316,654,0,0x10a62ac0
12317,602,0,0x10afe800
12318,609,0,0x10b9a540
12319,800,0,0x10c36280
12320,17989,0,0x10cd1fc0
12321,788,0,0x10d6dd00
12322,130306,0,0x10e09a40
12323,566,0,0x10ea5780
12324,291,0,0x10f414c0
12325,101510,0,0x11078f40
12326,1193,0,0x11114c80
12327,98996,0,0x1124c700
12328,1927,0,0x112e8440
12329,1014,0,0x11384180
12330,970,0,0x1141fec0
12331,572,0,0x114bbc00
12332,595,0,0x11557940
12333,982,0,0x115f3680
12334,605,0,0x1168f3c0
12335,847,0,0x1172b100
12336,12700,0,0x117c6e40
12337,805,0,0x11862b80
12338,596,0,0x118fe8c0
12339,551,0,0x1199a600
12340,597,0,0x11a36340
12341,632,0,0x11ad2080
12342,616,0,0x11b6ddc0
12343,760,0,0x11c09b00
12344,14574,0,0x11ca5840
12345,780,0,0x11d41580
12346,553,0,0x11ddd2c0
12347,596,0,0x11e79000
12348,817,0,0x11f14d40
12349,110630,0,0x11fb0a80
12350,1064,0,0x1204c7c0
12351,601,0,0x120e8500
12352,747,0,0x12184240
12353,797,0,0x1221ff80
12354,3792,0,0x122bbcc0
12355,773,0,0x12357a00
12356,553,0,0x123f3740
12357,615,0,0x1248f480
12358,557,0,0x1252b1c0
12359,559,0,0x125c6f00
12360,568,0,0x12662c40
12361,630,0,0x126fe980
12362,600,0,0x1279a6c0
12363,749,0,0x12836400
12364,530,0,0x128d2140
12365,1034,0,0x1296de80
12366,744,0,0x12a09bc0
12367,600,0,0x12aa5900
12368,556,0,0x12b41640
12369,829,0,0x12bdd380
12370,532,0,0x12c790c0
12371,546,0,0x12d14e00
12372,842,0,0x12db0b40
12373,4057,0,0x12e4c880
12374,815,0,0x12ee85c0
12375,587,0,0x12f84300
12376,580,0,0x13020040
12377,566,0,0x130bbd80
12378,594,0,0x13157ac0
12379,577,0,0x131f3800
12380,581,0,0x1328f540
12381,860,0,0x1332b280
12382,605,0,0x133c6fc0
12383,612,0,0x13462d00
12384,747,0,0x134fea40
12385,1471,0,0x1359a780
12386,2369,0,0x136364c0
12387,54221,0,0x1376df40
12388,527,0,0x13809c80
12389,803,0,0x138a59c0
12390,564,0,0x13941700
12391,553,0,0x139dd440
12392,641,0,0x13a79180
12393,517,0,0x13b14ec0
12394,833,0,0x13bb0c00
12395,14366,0,0x13c4c940
12396,833,0,0x13ce8680
12397,827,0,0x13d843c0
12398,543,0,0x13e20100
12399,603,0,0x13ebbe40
12400,606,0,0x13f57b80
12401,738,0,0x13ff38c0
12402,590,0,0x1408f600
12403,584,0,0x1412b340
12404,580,0,0x141c7080
12405,592,0,0x14262dc0
12406,635,0,0x142feb00
12407,856,0,0x1439a840
12408,547,0,0x14436580
12409,856,0,0x144d22c0
12410,13768,0,0x1456e000
12411,1067,0,0x14609d40
12412,13940,0,0x146a5a80
12413,777,0,0x147417c0
12414,576,0,0x147dd500
12415,637,0,0x14879240
12416,614,0,0x14914f80
12417,777,0,0x149b0cc0
12418,661,0,0x14a4ca00
12419,554,0,0x14ae8740
12420,618,0,0x14b84480
12421,601,0,0x14c201c0
12422,807,0,0x14cbbf00
12423,90356,0,0x14d57c40
12424,850,0,0x14df3980
12425,26840,0,0x14e8f6c0
12426,825,0,0x14f2b400
12427,16337,0,0x14fc7140
12428,819,0,0x15062e80
12429,826,0,0x150febc0
12430,20286,0,0x1519a900
12431,793,0,0x15236640
12432,573,0,0x152d2380
12433,539,0,0x1536e0c0
12434,627,0,0x15409e00
12435,845,0,0x154a5b40
12436,807,0,0x15541880
12437,83695,0,0x155dd5c0
12438,1041,0,0x15679300
12439,566,0,0x15715040
12440,605,0,0x157b0d80
12441,670,0,0x1584cac0
12442,607,0,0x158e8800
12443,755,0,0x15984540
12444,21328,0,0x15a20280
12445,665,0,0x15abbfc0
12446,776,0,0x15b57d00
12447,784,0,0x15bf3a40
12448,600,0,0x15c8f780
12449,576,0,0x15d2b4c0
12450,588,0,0x15dc7200
12451,801,0,0x15e62f40
12452,14162,0,0x15efec80
12453,600,0,0x15f9a9c0
12454,605,0,0x16036700
12455,747,0,0x160d2440
12456,23103,0,0x1616e180
12457,778,0,0x16209ec0
12458,87054,0,0x162a5c00
12459,578,0,0x16341940
12460,578,0,0x163dd680
12461,713,0,0x164793c0
12462,603,0,0x16515100
12463,585,0,0x165b0e40
12464,572,0,0x1664cb80
12465,1016,0,0x166e88c0
12466,591,0,0x16784600
12467,578,0,0x16820340
12468,560,0,0x168bc080
12469,818,0,0x16957dc0
12470,598,0,0x169f3b00
12471,598,0,0x16a8f840
12472,539,0,0x16b2b580
12473,809,0,0x16bc72c0
12474,556,0,0x16c63000
12475,544,0,0x16cfed40
12476,590,0,0x16d9aa80
12477,573,0,0x16e367c0
12478,555,0,0x16ed2500
12479,542,0,0x16f6e240
12480,594,0,0x17009f80
12481,771,0,0x170a5cc0
12482,568,0,0x17141a00
12483,520,0,0x171dd740
12484,610,0,0x17279480
12485,606,0,0x173151c0
12486,747,0,0x173b0f00
12487,595,0,0x1744cc40
12488,995,0,0x174e8980
12489,798,0,0x175846c0
12490,554,0,0x17620400
12491,582,0,0x176bc140
12492,519,0,0x17757e80
12493,612,0,0x177f3bc0
12494,606,0,0x1788f900
12495,842,0,0x1792b640
12496,12413,0,0x179c7380
12497,835,0,0x17a630c0
12498,877,0,0x17afee00
12499,21812,0,0x17b9ab40
12500,792,0,0x17c36880
12501,111288,0,0x17cd25c0
12502,612,0,0x17d6e300
12503,587,0,0x17e0a040
12504,617,0,0x17ea5d80
12505,744,0,0x17f41ac0
12506,586,0,0x17fdd800
12507,565,0,0x18079540
12508,760,0,0x18115280
12509,806,0,0x181b0fc0
12510,766,0,0x1824cd00
12511,582,0,0x182e8a40
12512,883,0,0x18384780
12513,13332,0,0x184204c0
12514,828,0,0x184bc200
12515,1001,0,0x18557f40
12516,540,0,0x185f3c80
12517,536,0,0x1868f9c0
12518,615,0,0x1872b700
12519,619,0,0x187c7440
12520,605,0,0x18863180
12521,544,0,0x188feec0
12522,600,0,0x1899ac00
12523,1186,0,0x18a36940
12524,1055,0,0x18ad2680
12525,13287,0,0x18b6e3c0
12526,831,0,0x18c0a100
12527,493,0,0x18ca5e40
12528,745,0,0x18d41b80
12529,111680,0,0x18ddd8c0
12530,1049,0,0x18e79600
12531,2427,0,0x18f15340
12532,760,0,0x18fb1080
12533,532,0,0x1904cdc0
12534,635,0,0x190e8b00
12535,759,0,0x19184840
12536,22848,0,0x19220580
12537,738,0,0x192bc2c0
12538,541,0,0x19358000
12539,815,0,0x193f3d40
12540,979,0,0x1948fa80
12541,600,0,0x1952b7c0
12542,581,0,0x195c7500
12543,555,0,0x19663240
12544,589,0,0x196fef80
12545,1043,0,0x1979acc0
12546,957,0,0x19836a00
12547,1053,0,0x198d2740
12548,1013,0,0x1996e480
12549,1051,0,0x19a0a1c0
12550,1220,0,0x19aa5f00
12551,1011,0,0x19b41c40
12552,928,0,0x19bdd980
12553,55929,0,0x19d15400
12554,1051,0,0x19db1140
12555,1238,0,0x19e4ce80
12556,1475,0,0x19ee8bc0
12557,941,0,0x19f84900
12558,1010,0,0x1a020640
12559,1227,0,0x1a0bc380
12560,15586,0,0x1a1f3e00
12561,1060,0,0x1a28fb40
12562,83156,0,0x1a32b880
12563,809,0,0x1a3c75c0
12564,604,0,0x1a463300
12565,563,0,0x1a4ff040
12566,635,0,0x1a59ad80
12567,622,0,0x1a636ac0
12568,617,0,0x1a6d2800
12569,778,0,0x1a76e540
12570,1016,0,0x1a80a280
12571,741,0,0x1a8a5fc0
12572,567,0,0x1a941d00
12573,549,0,0x1a9dda40
12574,846,0,0x1aa79780
12575,534,0,0x1ab154c0
12576,818,0,0x1abb1200
12577,58743,0,0x1ac4cf40
12578,548,0,0x1ace8c80
12579,517,0,0x1ad849c0
12580,1497,0,0x1ae20700
12581,28997,0,0x1af58180
12582,751,0,0x1aff3ec0
12583,638,0,0x1b08fc00
12584,605,0,0x1b12b940
12585,852,0,0x1b1c7680
12586,11313,0,0x1b2633c0
12587,796,0,0x1b2ff100
12588,824,0,0x1b39ae40
12589,578,0,0x1b436b80
12590,988,0,0x1b4d28c0
12591,561,0,0x1b56e600
12592,827,0,0x1b60a340
12593,837,0,0x1b6a6080
12594,541,0,0x1b741dc0
12595,606,0,0x1b7ddb00
12596,610,0,0x1b879840
12597,762,0,0x1b915580
12598,13262,0,0x1b9b12c0
12599,834,0,0x1ba4d000
12600,591,0,0x1bae8d40
12601,642,0,0x1bb84a80
12602,609,0,0x1bc207c0
12603,609,0,0x1bcbc500
12604,718,0,0x1bd58240
12605,595,0,0x1bdf3f80
12606,492,0,0x1be8fcc0
12607,735,0,0x1bf2ba00
12608,813,0,0x1bfc7740
12609,32126,0,0x1c063480
12610,801,0,0x1c0ff1c0
12611,643,0,0x1c19af00
12612,791,0,0x1c236c40
12613,75584,0,0x1c2d2980
12614,568,0,0x1c36e6c0
12615,614,0,0x1c40a400
12616,592,0,0x1c4a6140
12617,560,0,0x1c541e80
12618,572,0,0x1c5ddbc0
12619,655,0,0x1c679900
12620,613,0,0x1c715640
12621,768,0,0x1c7b1380
12622,17627,0,0x1c84d0c0
12623,809,0,0x1c8e8e00
12624,591,0,0x1c984b40
12625,576,0,0x1ca20880
12626,777,0,0x1cabc5c0
12627,18941,0,0x1cb58300
12628,824,0,0x1cbf4040
12629,554,0,0x1cc8fd80
12630,1030,0,0x1cd2bac0
12631,600,0,0x1cdc7800
12632,566,0,0x1ce63540
12633,1217,0,0x1ceff280
12634,922,0,0x1cf9afc0
12635,767,0,0x1d036d00
12636,574,0,0x1d0d2a40
12637,551,0,0x1d16e780
12638,761,0,0x1d20a4c0
12639,844,0,0x1d2a6200
12640,20088,0,0x1d341f40
12641,966,0,0x1d3ddc80
12642,612,0,0x1d4799c0
12643,589,0,0x1d515700
12644,1240,0,0x1d5b1440
12645,563,0,0x1d64d180
12646,560,0,0x1d6e8ec0
12647,504,0,0x1d784c00
12648,904,0,0x1d820940
12649,577,0,0x1d8bc680
12650,562,0,0x1d9583c0
12651,896,0,0x1d9f4100
12652,803,0,0x1da8fe40
12653,70285,0,0x1db2bb80
12654,493,0,0x1dbc78c0
12655,613,0,0x1dc63600
12656,766,0,0x1dcff340
12657,21352,0,0x1dd9b080
12658,719,0,0x1de36dc0
12659,528,0,0x1ded2b00
12660,613,0,0x1df6e840
12661,726,0,0x1e00a580
12662,568,0,0x1e0a62c0
12663,511,0,0x1e142000
12664,833,0,0x1e1ddd40
12665,553,0,0x1e279a80
12666,886,0,0x1e3157c0
12667,541,0,0x1e3b1500
12668,565,0,0x1e44d240
12669,1015,0,0x1e4e8f80
12670,554,0,0x1e584cc0
12671,538,0,0x1e620a00
12672,863,0,0x1e6bc740
12673,539,0,0x1e758480
12674,831,0,0x1e7f41c0
12675,577,0,0x1e88ff00
12676,762,0,0x1e92bc40
12677,14209,0,0x1e9c7980
12678,971,0,0x1ea636c0
12679,592,0,0x1eaff400
12680,507,0,0x1eb9b140
12681,752,0,0x1ec36e80
12682,25487,0,0x1ecd2bc0
12683,601,0,0x1ed6e900
12684,836,0,0x1ee0a640
12685,606,0,0x1eea6380
12686,571,0,0x1ef420c0
12687,569,0,0x1efdde00
12688,576,0,0x1f079b40
12689,578,0,0x1f115880
12690,577,0,0x1f1b15c0
12691,553,0,0x1f24d300
12692,776,0,0x1f2e9040
12693,570,0,0x1f384d80
12694,585,0,0x1f420ac0
12695,567,0,0x1f4bc800
12696,533,0,0x1f558540
12697,859,0,0x1f5f4280
12698,58567,0,0x1f68ffc0
12699,625,0,0x1f72bd00
12700,1012,0,0x1f7c7a40
12701,39965,0,0x1f863780
12702,759,0,0x1f8ff4c0
12703,516,0,0x1f99b200
12704,782,0,0x1fa36f40
12705,555,0,0x1fad2c80
12706,1040,0,0x1fb6e9c0
12707,1003,0,0x1fc0a700
12708,562,0,0x1fca6440
12709,606,0,0x1fd42180
12710,571,0,0x1fdddec0
12711,604,0,0x1fe79c00
12712,51685,0,0x1ffb1680
12713,812,0,0x2004d3c0
12714,570,0,0x200e9100
12715,567,0,0x20184e40
12716,555,0,0x20220b80
12717,647,0,0x202bc8c0
12718,592,0,0x20358600
12719,615,0,0x203f4340
12720,854,0,0x20490080
12721,51774,0,0x2052bdc0
12722,1017,0,0x205c7b00
12723,773,0,0x20663840
12724,12624,0,0x206ff580
12725,1199,0,0x2079b2c0
12726,608,0,0x20837000
12727,601,0,0x208d2d40
12728,575,0,0x2096ea80
12729,662,0,0x20a0a7c0
12730,775,0,0x20aa6500
12731,559,0,0x20b42240
12732,819,0,0x20bddf80
12733,1090,0,0x20c79cc0
12734,540,0,0x20d15a00
12735,599,0,0x20db1740
12736,612,0,0x20e4d480
12737,603,0,0x20ee91c0
12738,67750,0,0x20f84f00
12739,731,0,0x21020c40
12740,599,0,0x210bc980
12741,593,0,0x211586c0
12742,876,0,0x211f4400
12743,599,0,0x21290140
12744,602,0,0x2132be80
12745,554,0,0x213c7bc0
12746,596,0,0x21463900
12747,824,0,0x214ff640
12748,837,0,0x2159b380
12749,750,0,0x216370c0
12750,45464,0,0x216d2e00
12751,619,0,0x2176eb40
12752,606,0,0x2180a880
12753,619,0,0x218a65c0
12754,1007,0,0x21942300
12755,21565,0,0x219de040
12756,738,0,0x21a79d80
12757,855,0,0x21b15ac0
12758,3203,0,0x21bb1800
12759,1453,0,0x21c4d540
12760,1003,0,0x21ce9280
12761,558,0,0x21d84fc0
12762,586,0,0x21e20d00
12763,827,0,0x21ebca40
12764,596,0,0x21f58780
12765,581,0,0x21ff44c0
12766,568,0,0x22090200
12767,575,0,0x2212bf40
12768,893,0,0x221c7c80
12769,601,0,0x222639c0
12770,746,0,0x222ff700
12771,67110,0,0x2239b440
12772,795,0,0x22437180
12773,50202,0,0x224d2ec0
12774,1272,0,0x2256ec00
12775,862,0,0x2260a940
12776,574,0,0x226a6680
12777,555,0,0x227423c0
12778,853,0,0x227de100
12779,18546,0,0x22879e40
12780,734,0,0x22915b80
12781,593,0,0x229b18c0
12782,562,0,0x22a4d600
12783,574,0,0x22ae9340
12784,1015,0,0x22b85080
12785,8641,0,0x22c20dc0
12786,793,0,0x22cbcb00
12787,537,0,0x22d58840
12788,595,0,0x22df4580
12789,625,0,0x22e902c0
12790,515,0,0x22f2c000
12791,595,0,0x22fc7d40
12792,801,0,0x23063a80
12793,1238,0,0x230ff7c0
12794,60459,0,0x2319b500
12795,574,0,0x23237240
12796,588,0,0x232d2f80
12797,777,0,0x2336ecc0
12798,54900,0,0x2340aa00
12799,1181,0,0x234a6740
12800,875,0,0x23542480
12801,544,0,0x235de1c0
12802,823,0,0x23679f00
12803,19031,0,0x23715c40
12804,769,0,0x237b1980
12805,13694,0,0x2384d6c0
12806,617,0,0x238e9400
12807,588,0,0x23985140
12808,585,0,0x23a20e80
12809,750,0,0x23abcbc0
12810,59833,0,0x23b58900
12811,606,0,0x23bf4640
12812,584,0,0x23c90380
12813,820,0,0x23d2c0c0
12814,600,0,0x23dc7e00
12815,592,0,0x23e63b40
12816,601,0,0x23eff880
12817,797,0,0x23f9b5c0
12818,54317,0,0x24037300
12819,776,0,0x240d3040
12820,543,0,0x2416ed80
12821,793,0,0x2420aac0
12822,16986,0,0x242a6800
12823,776,0,0x24342540
12824,803,0,0x243de280
12825,551,0,0x24479fc0
12826,557,0,0x24515d00
12827,1326,0,0x245b1a40
12828,10436,0,0x2464d780
12829,602,0,0x246e94c0
12830,795,0,0x24785200
12831,64221,0,0x24820f40
12832,1105,0,0x248bcc80
12833,551,0,0x249589c0
12834,592,0,0x249f4700
12835,594,0,0x24a90440
12836,634,0,0x24b2c180
12837,586,0,0x24bc7ec0
12838,545,0,0x24c63c00
12839,794,0,0x24cff940
12840,51256,0,0x24d9b680
12841,824,0,0x24e373c0
12842,777,0,0x24ed3100
12843,20395,0,0x24f6ee40
12844,785,0,0x2500ab80
12845,559,0,0x250a68c0
12846,569,0,0x25142600
12847,741,0,0x251de340
12848,1039,0,0x2527a080
12849,519,0,0x25315dc0
12850,563,0,0x253b1b00
12851,658,0,0x2544d840
12852,845,0,0x254e9580
12853,1958,0,0x255852c0
12854,764,0,0x25621000
12855,650,0,0x256bcd40
12856,611,0,0x25758a80
12857,1202,0,0x257f47c0
12858,1004,0,0x25890500
12859,1008,0,0x2592c240
12860,64755,0,0x259c7f80
12861,816,0,0x25a63cc0
12862,569,0,0x25affa00
12863,565,0,0x25b9b740
12864,650,0,0x25c37480
12865,518,0,0x25cd31c0
12866,605,0,0x25d6ef00
12867,575,0,0x25e0ac40
12868,880,0,0x25ea6980
12869,547,0,0x25f426c0
12870,584,0,0x25fde400
12871,603,0,0x2607a140
12872,616,0,0x26115e80
12873,811,0,0x261b1bc0
12874,43040,0,0x2624d900
12875,1001,0,0x262e9640
12876,540,0,0x26385380
12877,519,0,0x264210c0
12878,1074,0,0x264bce00
12879,522,0,0x26558b40
12880,830,0,0x265f4880
12881,549,0,0x266905c0
12882,750,0,0x2672c300
12883,512,0,0x267c8040
12884,764,0,0x26863d80
12885,550,0,0x268ffac0
12886,796,0,0x2699b800
12887,597,0,0x26a37540
12888,750,0,0x26ad3280
12889,15889,0,0x26b6efc0
12890,798,0,0x26c0ad00
12891,568,0,0x26ca6a40
12892,615,0,0x26d42780
12893,736,0,0x26dde4c0
12894,613,0,0x26e7a200
12895,577,0,0x26f15f40
12896,630,0,0x26fb1c80
12897,791,0,0x2704d9c0
12898,76169,0,0x270e9700
12899,594,0,0x27185440
12900,770,0,0x27221180
12901,57028,0,0x272bcec0
12902,773,0,0x27358c00
12903,665,0,0x273f4940
12904,868,0,0x27490680
12905,525,0,0x2752c3c0
12906,521,0,0x275c8100
12907,783,0,0x27663e40
12908,13938,0,0x276ffb80
12909,601,0,0x2779b8c0
12910,597,0,0x27837600
12911,538,0,0x278d3340
12912,638,0,0x2796f080
12913,73095,0,0x27a0adc0
12914,888,0,0x27aa6b00
12915,528,0,0x27b42840
12916,561,0,0x27bde580
12917,610,0,0x27c7a2c0
12918,740,0,0x27d16000
12919,596,0,0x27db1d40
12920,588,0,0x27e4da80
12921,551,0,0x27ee97c0
12922,584,0,0x27f85500
12923,630,0,0x28021240
12924,618,0,0x280bcf80
12925,604,0,0x28158cc0
12926,732,0,0x281f4a00
12927,616,0,0x28290740
12928,962,0,0x2832c480
12929,50001,0,0x283c81c0
12930,755,0,0x28463f00
12931,535,0,0x284ffc40
12932,628,0,0x2859b980
12933,608,0,0x286376c0
12934,609,0,0x286d3400
12935,721,0,0x2876f140
12936,9992,0,0x2880ae80
12937,596,0,0x288a6bc0
12938,807,0,0x28942900
12939,1892,0,0x289de640
12940,973,0,0x28a7a380
12941,540,0,0x28b160c0
12942,1267,0,0x28bb1e00
12943,1732,0,0x28c4db40
12944,80878,0,0x28ce9880
12945,833,0,0x28d855c0
12946,586,0,0x28e21300
12947,55762,0,0x28ebd040
12948,1088,0,0x28f58d80
12949,523,0,0x28ff4ac0
12950,639,0,0x29090800
12951,785,0,0x2912c540
12952,564,0,0x291c8280
12953,651,0,0x29263fc0
12954,607,0,0x292ffd00
12955,603,0,0x2939ba40
12956,752,0,0x29437780
12957,584,0,0x294d34c0
12958,827,0,0x2956f200
12959,1511,0,0x2960af40
12960,29317,0,0x297429c0
12961,857,0,0x297de700
12962,72377,0,0x2987a440
12963,824,0,0x29916180
12964,644,0,0x299b1ec0
12965,945,0,0x29a4dc00
12966,23324,0,0x29b85680
12967,576,0,0x29c213c0
12968,542,0,0x29cbd100
12969,610,0,0x29d58e40
12970,622,0,0x29df4b80
12971,749,0,0x29e908c0
12972,74742,0,0x29f2c600
12973,800,0,0x29fc8340
12974,1010,0,0x2a064080
12975,570,0,0x2a0ffdc0
12976,603,0,0x2a19bb00
12977,574,0,0x2a237840
12978,586,0,0x2a2d3580
12979,1080,0,0x2a36f2c0
12980,515,0,0x2a40b000
12981,759,0,0x2a4a6d40
12982,8255,0,0x2a542a80
12983,291,0,0x2a5de7c0
12984,1219,0,0x2a67a500
12985,996,0,0x2a716240
12986,1057,0,0x2a7b1f80
12987,1173,0,0x2a84dcc0
12988,1937,0,0x2a8e9a00
12989,1126,0,0x2a985740
12990,771,0,0x2aa21480
12991,568,0,0x2aabd1c0
12992,614,0,0x2ab58f00
12993,602,0,0x2abf4c40
12994,813,0,0x2ac90980
12995,531,0,0x2ad2c6c0
12996,565,0,0x2adc8400
12997,974,0,0x2ae64140
12998,46651,0,0x2aeffe80
12999,516,0,0x2af9bbc0
13000,792,0,0x2b037900
13001,82298,0,0x2b0d3640
13002,580,0,0x2b16f380
13003,610,0,0x2b20b0c0
13004,573,0,0x2b2a6e00
13005,646,0,0x2b342b40
13006,877,0,0x2b3de880
13007,563,0,0x2b47a5c0
13008,570,0,0x2b516300
13009,1146,0,0x2b5b2040
13010,540,0,0x2b64dd80
13011,568,0,0x2b6e9ac0
13012,555,0,0x2b785800
13013,1650,0,0x2b821540
13014,3642,0,0x2b958fc0
13015,631,0,0x2b9f4d00
13016,572,0,0x2ba90a40
13017,770,0,0x2bb2c780
13018,997,0,0x2bbc84c0
13019,992,0,0x2bc64200
13020,554,0,0x2bcfff40
13021,620,0,0x2bd9bc80
13022,89998,0,0x2be379c0
13023,799,0,0x2bed3700
13024,630,0,0x2bf6f440
13025,608,0,0x2c00b180
13026,748,0,0x2c0a6ec0
13027,604,0,0x2c142c00
13028,611,0,0x2c1de940
13029,2151,0,0x2c27a680
13030,881,0,0x2c3163c0
13031,638,0,0x2c3b2100
13032,783,0,0x2c44de40
13033,959,0,0x2c4e9b80
13034,1017,0,0x2c5858c0
13035,970,0,0x2c621600
13036,986,0,0x2c6bd340
13037,1017,0,0x2c759080
13038,1043,0,0x2c7f4dc0
13039,1221,0,0x2c890b00
13040,817,0,0x2c92c840
13041,88610,0,0x2ca642c0
13042,597,0,0x2cb00000
13043,546,0,0x2cb9bd40
13044,628,0,0x2cc37a80
13045,595,0,0x2ccd37c0
13046,604,0,0x2cd6f500
13047,625,0,0x2ce0b240
13048,1010,0,0x2cea6f80
13049,809,0,0x2cf42cc0
13050,635,0,0x2cfdea00
13051,519,0,0x2d07a740
13052,584,0,0x2d116480
13053,530,0,0x2d1b21c0
13054,624,0,0x2d24df00
13055,611,0,0x2d2e9c40
13056,595,0,0x2d385980
13057,537,0,0x2d4216c0
13058,594,0,0x2d4bd400
13059,585,0,0x2d559140
13060,557,0,0x2d5f4e80
13061,520,0,0x2d690bc0
13062,516,0,0x2d72c900
13063,602,0,0x2d7c8640
13064,594,0,0x2d864380
13065,538,0,0x2d9000c0
13066,776,0,0x2d99be00
13067,570,0,0x2da37b40
13068,791,0,0x2dad3880
13069,6867,0,0x2db6f5c0
13070,95609,0,0x2dca7040
13071,787,0,0x2dd42d80
13072,796,0,0x2dddeac0
13073,508,0,0x2de7a800
13074,619,0,0x2df16540
13075,572,0,0x2dfb2280
13076,863,0,0x2e04dfc0
13077,610,0,0x2e0e9d00
13078,735,0,0x2e185a40
13079,18213,0,0x2e221780
13080,1625,0,0x2e2bd4c0
13081,1108,0,0x2e359200
13082,1443,0,0x2e3f4f40
13083,763,0,0x2e490c80
13084,741,0,0x2e52c9c0
13085,591,0,0x2e5c8700
13086,557,0,0x2e664440
13087,130442,0,0x2e700180
13088,22829,0,0x2e79bec0
13089,1175,0,0x2e837c00
13090,362,0,0x2e8d3940
13091,1872,0,0x2e96f680
13092,520,0,0x2ea0b3c0
13093,1873,0,0x2eaa7100
13094,62492,0,0x2ebdeb80
13095,566,0,0x2ec7a8c0
13096,570,0,0x2ed16600
13097,578,0,0x2edb2340
13098,1475,0,0x2ee4e080
13099,102822,0,0x2ef85b00
13100,514,0,0x2f021840
13101,603,0,0x2f0bd580
13102,1829,0,0x2f1592c0
13103,907,0,0x2f1f5000
13104,1340,0,0x2f290d40
13105,1529,0,0x2f32ca80
13106,785,0,0x2f3c87c0
13107,11380,0,0x2f464500
13108,1279,0,0x2f500240
13109,1061,0,0x2f59bf80
13110,1663,0,0x2f637cc0
13111,995,0,0x2f6d3a00
13112,1921,0,0x2f76f740
13113,571,0,0x2f80b480
13114,536,0,0x2f8a71c0
13115,1664,0,0x2f942f00
13116,1067,0,0x2f9dec40
13117,1222,0,0x2fa7a980
13118,1005,0,0x2fb166c0
13119,1199,0,0x2fbb2400
13120,1412,0,0x2fc4e140
13121,1246,0,0x2fce9e80
13122,123076,0,0x2fd85bc0
13123,798,0,0x2fe21900
13124,539,0,0x2febd640
13125,631,0,0x2ff59380
13126,101088,0,0x30090e00
13127,591,0,0x3012cb40
13128,806,0,0x301c8880
13129,533,0,0x302645c0
13130,641,0,0x30300300
13131,602,0,0x3039c040
13132,610,0,0x30437d80
13133,590,0,0x304d3ac0
13134,633,0,0x3056f800
13135,583,0,0x3060b540
13136,567,0,0x306a7280
13137,564,0,0x30742fc0
13138,615,0,0x307ded00
13139,568,0,0x3087aa40
13140,587,0,0x30916780
13141,561,0,0x309b24c0
13142,1058,0,0x30a4e200
13143,551,0,0x30ae9f40
13144,568,0,0x30b85c80
13145,619,0,0x30c219c0
13146,574,0,0x30cbd700
13147,558,0,0x30d59440
13148,559,0,0x30df5180
13149,630,0,0x30e90ec0
13150,1027,0,0x30f2cc00
13151,602,0,0x30fc8940
13152,615,0,0x31064680
13153,508,0,0x311003c0
13154,624,0,0x3119c100
13155,797,0,0x31237e40
13156,580,0,0x312d3b80
13157,556,0,0x3136f8c0
13158,582,0,0x3140b600
13159,545,0,0x314a7340
13160,580,0,0x31543080
13161,598,0,0x315dedc0
13162,564,0,0x3167ab00
13163,547,0,0x31716840
13164,573,0,0x317b2580
13165,591,0,0x3184e2c0
13166,590,0,0x318ea000
13167,521,0,0x31985d40
13168,793,0,0x31a21a80
13169,3428,0,0x31abd7c0
13170,610,0,0x31b59500
13171,724,0,0x31bf5240
13172,581,0,0x31c90f80
13173,591,0,0x31d2ccc0
13174,595,0,0x31dc8a00
13175,767,0,0x31e64740
13176,534,0,0x31f00480
13177,573,0,0x31f9c1c0
13178,773,0,0x32037f00
13179,631,0,0x320d3c40
13180,785,0,0x3216f980
13181,571,0,0x3220b6c0
13182,605,0,0x322a7400
13183,766,0,0x32343140
13184,929,0,0x323dee80
13185,613,0,0x3247abc0
13186,510,0,0x32516900
13187,608,0,0x325b2640
13188,766,0,0x3264e380
13189,546,0,0x326ea0c0
13190,852,0,0x32785e00
13191,95957,0,0x32821b40
13192,757,0,0x328bd880
13193,607,0,0x329595c0
13194,625,0,0x329f5300
13195,634,0,0x32a91040
13196,759,0,0x32b2cd80
13197,22285,0,0x32bc8ac0
13198,1211,0,0x32c64800
13199,568,0,0x32d00540
13200,771,0,0x32d9c280
13201,569,0,0x32e37fc0
13202,554,0,0x32ed3d00
13203,571,0,0x32f6fa40
13204,560,0,0x3300b780
13205,609,0,0x330a74c0
13206,612,0,0x33143200
13207,740,0,0x331def40
13208,807,0,0x3327ac80
13209,2224,0,0x333169c0
13210,66042,0,0x3344e440
13211,728,0,0x334ea180
13212,611,0,0x33585ec0
13213,609,0,0x33621c00
13214,580,0,0x336bd940
13215,565,0,0x33759680
13216,643,0,0x337f53c0
13217,787,0,0x33891100
13218,549,0,0x3392ce40
13219,624,0,0x339c8b80
13220,589,0,0x33a648c0
13221,616,0,0x33b00600
13222,749,0,0x33b9c340
13223,814,0,0x33c38080
13224,605,0,0x33cd3dc0
13225,594,0,0x33d6fb00
13226,633,0,0x33e0b840
13227,875,0,0x33ea7580
13228,17277,0,0x33f432c0
13229,792,0,0x33fdf000
13230,6500,0,0x3407ad40
13231,828,0,0x34116a80
13232,542,0,0x341b27c0
13233,542,0,0x3424e500
13234,619,0,0x342ea240
13235,832,0,0x34385f80
13236,16969,0,0x34421cc0
13237,746,0,0x344bda00
13238,108682,0,0x34559740
13239,565,0,0x345f5480
13240,604,0,0x346911c0
13241,622,0,0x3472cf00
13242,754,0,0x347c8c40
13243,616,0,0x34864980
13244,579,0,0x349006c0
13245,574,0,0x3499c400
13246,736,0,0x34a38140
13247,593,0,0x34ad3e80
13248,572,0,0x34b6fbc0
13249,778,0,0x34c0b900
13250,599,0,0x34ca7640
13251,581,0,0x34d43380
13252,563,0,0x34ddf0c0
13253,557,0,0x34e7ae00
13254,541,0,0x34f16b40
13255,851,0,0x34fb2880
13256,750,0,0x3504e5c0
13257,593,0,0x350ea300
13258,2186,0,0x35186040
13259,227,0,0x35221d80
13260,1444,0,0x352bdac0
13261,98541,0,0x353f5540
13262,741,0,0x35491280
13263,12485,0,0x3552cfc0
13264,6835,0,0x355c8d00
13265,1438,0,0x35664a40
13266,752,0,0x35700780
13267,130467,0,0x3579c4c0
13268,1245,0,0x35838200
13269,594,0,0x358d3f40
13270,602,0,0x3596fc80
13271,778,0,0x35a0b9c0
13272,8508,0,0x35aa7700
13273,808,0,0x35b43440
13274,590,0,0x35bdf180
13275,578,0,0x35c7aec0
13276,648,0,0x35d16c00
13277,1845,0,0x35db2940
13278,85027,0,0x35eea3c0
13279,813,0,0x35f86100
13280,803,0,0x36021e40
13281,564,0,0x360bdb80
13282,1179,0,0x361598c0
13283,12363,0,0x361f5600
13284,813,0,0x36291340
13285,630,0,0x3632d080
13286,577,0,0x363c8dc0
13287,637,0,0x36464b00
13288,738,0,0x36500840
13289,617,0,0x3659c580
13290,331,0,0x366382c0
13291,824,0,0x366d4000
13292,576,0,0x3676fd40
13293,603,0,0x3680ba80
13294,798,0,0x368a77c0
13295,9987,0,0x36943500
13296,784,0,0x369df240
13297,592,0,0x36a7af80
13298,746,0,0x36b16cc0
13299,1206,0,0x36bb2a00
13300,997,0,0x36c4e740
13301,532,0,0x36cea480
13302,617,0,0x36d861c0
13303,763,0,0x36e21f00
13304,529,0,0x36ebdc40
13305,643,0,0x36f59980
13306,595,0,0x36ff56c0
13307,729,0,0x37091400
13308,596,0,0x3712d140
13309,574,0,0x371c8e80
13310,609,0,0x37264bc0
13311,726,0,0x37300900
13312,570,0,0x3739c640
13313,586,0,0x37438380
13314,748,0,0x374d40c0
13315,521,0,0x3756fe00
13316,526,0,0x3760bb40
13317,753,0,0x376a7880
13318,1053,0,0x377435c0
13319,974,0,0x377df300
13320,581,0,0x3787b040
13321,801,0,0x37916d80
13322,976,0,0x379b2ac0
13323,540,0,0x37a4e800
13324,612,0,0x37aea540
13325,606,0,0x37b86280
13326,730,0,0x37c21fc0
13327,606,0,0x37cbdd00
13328,582,0,0x37d59a40
13329,578,0,0x37df5780
13330,1208,0,0x37e914c0
13331,580,0,0x37f2d200
13332,717,0,0x37fc8f40
13333,575,0,0x38064c80
13334,783,0,0x381009c0
13335,520,0,0x3819c700
13336,785,0,0x38238440
13337,563,0,0x382d4180
13338,986,0,0x3836fec0
13339,597,0,0x3840bc00
13340,578,0,0x384a7940
13341,735,0,0x38543680
13342,590,0,0x385df3c0
13343,600,0,0x3867b100
13344,595,0,0x38716e40
13345,724,0,0x387b2b80
13346,619,0,0x3884e8c0
13347,496,0,0x388ea600
13348,735,0,0x38986340
13349,591,0,0x38a22080
13350,561,0,0x38abddc0
13351,1010,0,0x38b59b00
13352,814,0,0x38bf5840
13353,555,0,0x38c91580
13354,753,0,0x38d2d2c0
13355,576,0,0x38dc9000
13356,506,0,0x38e64d40
13357,594,0,0x38f00a80
13358,725,0,0x38f9c7c0
13359,1055,0,0x39038500
13360,1198,0,0x390d4240
13361,508,0,0x3916ff80
13362,773,0,0x3920bcc0
13363,537,0,0x392a7a00
13364,644,0,0x39343740
13365,597,0,0x393df480
13366,740,0,0x3947b1c0
13367,586,0,0x39516f00
13368,550,0,0x395b2c40
13369,569,0,0x3964e980
13370,766,0,0x396ea6c0
13371,591,0,0x39786400
13372,536,0,0x39822140
13373,557,0,0x398bde80
13374,590,0,0x39959bc0
13375,644,0,0x399f5900
13376,833,0,0x39a91640
13377,553,0,0x39b2d380
13378,521,0,0x39bc90c0
13379,781,0,0x39c64e00
13380,807,0,0x39d00b40
13381,41164,0,0x39d9c880
13382,578,0,0x39e385c0
13383,588,0,0x39ed4300
13384,777,0,0x39f70040
13385,569,0,0x3a00bd80
13386,571,0,0x3a0a7ac0
13387,987,0,0x3a143800
13388,854,0,0x3a1df540
13389,759,0,0x3a27b280
13390,594,0,0x3a316fc0
13391,586,0,0x3a3b2d00
13392,590,0,0x3a44ea40
13393,598,0,0x3a4ea780
13394,625,0,0x3a5864c0
13395,790,0,0x3a622200
13396,7550,0,0x3a6bdf40
13397,805,0,0x3a759c80
13398,559,0,0x3a7f59c0
13399,796,0,0x3a891700
13400,795,0,0x3a92d440
13401,550,0,0x3a9c9180
13402,616,0,0x3aa64ec0
13403,728,0,0x3ab00c00
13404,596,0,0x3ab9c940
13405,512,0,0x3ac38680
13406,731,0,0x3acd43c0
13407,1031,0,0x3ad70100
13408,1000,0,0x3ae0be40
13409,573,0,0x3aea7b80
13410,836,0,0x3af438c0
13411,82651,0,0x3afdf600
13412,732,0,0x3b07b340
13413,590,0,0x3b117080
13414,612,0,0x3b1b2dc0
13415,745,0,0x3b24eb00
13416,582,0,0x3b2ea840
13417,567,0,0x3b386580
13418,829,0,0x3b4222c0
13419,551,0,0x3b4be000
13420,600,0,0x3b559d40
13421,780,0,0x3b5f5a80
13422,1019,0,0x3b6917c0
13423,588,0,0x3b72d500
13424,557,0,0x3b7c9240
13425,592,0,0x3b864f80
13426,853,0,0x3b900cc0
13427,37650,0,0x3b99ca00
13428,541,0,0x3ba38740
13429,639,0,0x3bad4480
13430,621,0,0x3bb701c0
13431,620,0,0x3bc0bf00
13432,747,0,0x3bca7c40
13433,599,0,0x3bd43980
13434,574,0,0x3bddf6c0
13435,576,0,0x3be7b400
13436,594,0,0x3bf17140
13437,609,0,0x3bfb2e80
13438,1250,0,0x3c04ebc0
13439,606,0,0x3c0ea900
13440,573,0,0x3c186640
13441,7609,0,0x3c222380
13442,733,0,0x3c2be0c0
13443,578,0,0x3c359e00
13444,762,0,0x3c3f5b40
13445,1001,0,0x3c491880
13446,584,0,0x3c52d5c0
13447,555,0,0x3c5c9300
13448,789,0,0x3c665040
13449,89807,0,0x3c700d80
13450,780,0,0x3c79cac0
13451,791,0,0x3c838800
13452,590,0,0x3c8d4540
13453,574,0,0x3c970280
13454,1214,0,0x3ca0bfc0
13455,597,0,0x3caa7d00
13456,758,0,0x3cb43a40
13457,523,0,0x3cbdf780
13458,584,0,0x3cc7b4c0
13459,591,0,0x3cd17200
13460,1294,0,0x3cdb2f40
13461,813,0,0x3ce4ec80
13462,609,0,0x3ceea9c0
13463,1441,0,0x3cf86700
13464,585,0,0x3d022440
13465,768,0,0x3d0be180
13466,1004,0,0x3d159ec0
13467,1214,0,0x3d1f5c00
13468,487,0,0x3d291940
13469,768,0,0x3d32d680
13470,564,0,0x3d3c93c0
13471,563,0,0x3d465100
13472,614,0,0x3d500e40
13473,741,0,0x3d59cb80
13474,578,0,0x3d6388c0
13475,577,0,0x3d6d4600
13476,607,0,0x3d770340
13477,765,0,0x3d80c080
13478,563,0,0x3d8a7dc0
13479,814,0,0x3d943b00
13480,534,0,0x3d9df840
13481,625,0,0x3da7b580
13482,781,0,0x3db172c0
13483,538,0,0x3dbb3000
13484,508,0,0x3dc4ed40
13485,1023,0,0x3dceaa80
13486,1023,0,0x3dd867c0
13487,841,0,0x3de22500
13488,6726,0,0x3debe240
13489,594,0,0x3df59f80
13490,713,0,0x3dff5cc0
13491,1967,0,0x3e091a00
13492,96780,0,0x3e1c9480
13493,809,0,0x3e2651c0
13494,1201,0,0x3e300f00
13495,819,0,0x3e39cc40
13496,24816,0,0x3e438980
13497,596,0,0x3e4d46c0
13498,794,0,0x3e570400
13499,578,0,0x3e60c140
13500,600,0,0x3e6a7e80
13501,747,0,0x3e743bc0
13502,564,0,0x3e7df900
13503,552,0,0x3e87b640
13504,994,0,0x3e917380
13505,611,0,0x3e9b30c0
13506,568,0,0x3ea4ee00
13507,754,0,0x3eaeab40
13508,613,0,0x3eb86880
13509,589,0,0x3ec225c0
13510,491,0,0x3ecbe300
13511,749,0,0x3ed5a040
13512,117339,0,0x3edf5d80
13513,1315,0,0x3ee91ac0
13514,810,0,0x3ef2d800
13515,805,0,0x3efc9540
13516,765,0,0x3f065280
13517,598,0,0x3f100fc0
13518,593,0,0x3f19cd00
13519,589,0,0x3f238a40
13520,574,0,0x3f2d4780
13521,639,0,0x3f3704c0
13522,857,0,0x3f40c200
13523,551,0,0x3f4a7f40
13524,790,0,0x3f543c80
13525,29241,0,0x3f5df9c0
13526,780,0,0x3f67b700
13527,563,0,0x3f717440
13528,581,0,0x3f7b3180
13529,541,0,0x3f84eec0
13530,616,0,0x3f8eac00
13531,602,0,0x3f986940
13532,752,0,0x3fa22680
13533,589,0,0x3fabe3c0
13534,605,0,0x3fb5a100
13535,777,0,0x3fbf5e40
13536,534,0,0x3fc91b80
13537,868,0,0x3fd2d8c0
13538,542,0,0x3fdc9600
13539,1247,0,0x3fe65340
13540,536,0,0x3ff01080
13541,614,0,0x3ff9cdc0
13542,742,0,0x38b40
13543,589,0,0xd4880
13544,774,0,0x1705c0
13545,664,0,0x20c300
13546,882,0,0x2a8040
13547,551,0,0x343d80
13548,968,0,0x3dfac0
13549,1256,0,0x47b800
13550,998,0,0x517540
13551,91961,0,0x5b3280
13552,980,0,0x64efc0
13553,1821,0,0x6ead00
13554,15358,0,0x822780
13555,750,0,0x8be4c0
13556,615,0,0x95a200
13557,580,0,0x9f5f40
13558,752,0,0xa91c80
13559,82862,0,0xb2d9c0
13560,778,0,0xbc9700
13561,562,0,0xc65440
13562,874,0,0xd01180
13563,4512,0,0xd9cec0
13564,291,0,0xe38c00
13565,2025,0,0xed4940
13566,779,0,0xf70680
13567,64171,0,0x100c3c0
13568,1000,0,0x10a8100
13569,83108,0,0x1143e40
13570,540,0,0x11dfb80
13571,623,0,0x127b8c0
13572,613,0,0x1317600
13573,769,0,0x13b3340
13574,1021,0,0x144f080
13575,517,0,0x14eadc0
13576,607,0,0x1586b00
13577,790,0,0x1622840
13578,1228,0,0x16be580
13579,100250,0,0x17f6000
13580,278,0,0x1891d40
13581,100859,0,0x19c97c0
13582,592,0,0x1a65500
13583,630,0,0x1b01240
13584,732,0,0x1b9cf80
13585,590,0,0x1c38cc0
13586,572,0,0x1cd4a00
13587,760,0,0x1d70740
13588,598,0,0x1e0c480
13589,591,0,0x1ea81c0
13590,594,0,0x1f43f00
13591,592,0,0x1fdfc40
13592,655,0,0x207b980
13593,986,0,0x21176c0
13594,558,0,0x21b3400
13595,849,0,0x224f140
13596,578,0,0x22eae80
13597,572,0,0x2386bc0
13598,861,0,0x2422900
13599,8471,0,0x24be640
13600,860,0,0x255a380
13601,792,0,0x25f60c0
13602,1383,0,0x2691e00
13603,88100,0,0x27c9880
13604,821,0,0x28655c0
13605,1096,0,0x2901300
13606,808,0,0x299d040
13607,749,0,0x2a38d80
13608,1074,0,0x2ad4ac0
13609,853,0,0x2b70800
13610,10767,0,0x2c0c540
13611,1229,0,0x2ca8280
13612,580,0,0x2d43fc0
13613,591,0,0x2ddfd00
13614,1224,0,0x2e7ba40
13615,571,0,0x2f17780
13616,655,0,0x2fb34c0
13617,885,0,0x304f200
13618,547,0,0x30eaf40
13619,590,0,0x3186c80
13620,637,0,0x32229c0
13621,126238,0,0x32be700
13622,558,0,0x335a440
13623,550,0,0x33f6180
13624,1210,0,0x3491ec0
13625,549,0,0x352dc00
13626,620,0,0x35c9940
13627,616,0,0x3665680
13628,976,0,0x37013c0
13629,598,0,0x379d100
13630,869,0,0x3838e40
13631,557,0,0x38d4b80
13632,542,0,0x39708c0
13633,593,0,0x3a0c600
13634,582,0,0x3aa8340
13635,561,0,0x3b44080
13636,549,0,0x3bdfdc0
13637,813,0,0x3c7bb00
13638,585,0,0x3d17840
13639,1238,0,0x3db3580
13640,985,0,0x3e4f2c0
13641,1023,0,0x3eeb000
13642,996,0,0x3f86d40
13643,1280,0,0x4022a80
13644,1206,0,0x40be7c0
13645,819,0,0x415a500
13646,860,0,0x41f6240
13647,801,0,0x4291f80
13648,849,0,0x432dcc0
13649,1012,0,0x43c9a00
13650,133893,0,0x4465740
13651,579,0,0x4501480
13652,565,0,0x459d1c0
13653,971,0,0x4638f00
13654,1004,0,0x46d4c40
13655,553,0,0x4770980
13656,608,0,0x480c6c0
13657,775,0,0x48a8400
13658,553,0,0x4944140
13659,613,0,0x49dfe80
13660,561,0,0x4a7bbc0
13661,570,0,0x4b17900
13662,799,0,0x4bb3640
13663,564,0,0x4c4f380
13664,580,0,0x4ceb0c0
13665,601,0,0x4d86e00
13666,636,0,0x4e22b40
13667,771,0,0x4ebe880
13668,6393,0,0x4f5a5c0
13669,310,0,0x4ff6300
13670,1191,0,0x5092040
13671,2088,0,0x512dd80
13672,89426,0,0x5265800
13673,596,0,0x5301540
13674,864,0,0x539d280
13675,4950,0,0x5438fc0
13676,1164,0,0x54d4d00
13677,591,0,0x5570a40
13678,845,0,0x560c780
13679,20486,0,0x56a84c0
13680,70170,0,0x57dff40
13681,823,0,0x587bc80
13682,577,0,0x59179c0
13683,740,0,0x59b3700
13684,5860,0,0x5a4f440
13685,619,0,0x5aeb180
13686,747,0,0x5b86ec0
13687,593,0,0x5c22c00
13688,789,0,0x5cbe940
13689,525,0,0x5d5a680
13690,766,0,0x5df63c0
13691,38828,0,0x5e92100
13692,312,0,0x5f2de40
13693,776,0,0x5fc9b80
13694,1043,0,0x60658c0
13695,1016,0,0x6101600
13696,1272,0,0x619d340
13697,970,0,0x6239080
13698,2144,0,0x62d4dc0
13699,1012,0,0x6370b00
13700,37798,0,0x64a8580
13701,632,0,0x65442c0
13702,591,0,0x65e0000
13703,620,0,0x667bd40
13704,790,0,0x6717a80
13705,9121,0,0x67b37c0
13706,570,0,0x684f500
13707,858,0,0x68eb240
13708,597,0,0x6986f80
13709,602,0,0x6a22cc0
13710,614,0,0x6abea00
13711,754,0,0x6b5a740
13712,44937,0,0x6bf6480
13713,753,0,0x6c921c0
13714,619,0,0x6d2df00
13715,510,0,0x6dc9c40
13716,757,0,0x6e65980
13717,11827,0,0x6f016c0
13718,808,0,0x6f9d400
13719,1251,0,0x7039140
13720,570,0,0x70d4e80
13721,800,0,0x7170bc0
13722,76425,0,0x720c900
13723,1068,0,0x72a8640
13724,618,0,0x7344380
13725,755,0,0x73e00c0
13726,576,0,0x747be00
13727,589,0,0x7517b40
13728,1210,0,0x75b3880
13729,8268,0,0x764f5c0
13730,714,0,0x76eb300
13731,585,0,0x7787040
13732,558,0,0x7822d80
13733,564,0,0x78beac0
13734,866,0,0x795a800
13735,46527,0,0x79f6540
13736,747,0,0x7a92280
13737,622,0,0x7b2dfc0
13738,772,0,0x7bc9d00
13739,561,0,0x7c65a40
13740,809,0,0x7d01780
13741,590,0,0x7d9d4c0
13742,554,0,0x7e39200
13743,565,0,0x7ed4f40
13744,931,0,0x7f70c80
13745,1021,0,0x800c9c0
13746,1038,0,0x80a8700
13747,1185,0,0x8144440
13748,1034,0,0x81e0180
13749,972,0,0x827bec0
13750,1492,0,0x8317c00
13751,1059,0,0x83b3940
13752,1194,0,0x844f680
13753,1048,0,0x84eb3c0
13754,1041,0,0x8587100
13755,1747,0,0x8622e40
13756,1458,0,0x86beb80
13757,769,0,0x875a8c0
13758,1245,0,0x87f6600
13759,553,0,0x8892340
13760,556,0,0x892e080
13761,614,0,0x89c9dc0
13762,582,0,0x8a65b00
13763,569,0,0x8b01840
13764,568,0,0x8b9d580
13765,607,0,0x8c392c0
13766,581,0,0x8cd5000
13767,757,0,0x8d70d40
13768,60331,0,0x8e0ca80
13769,574,0,0x8ea87c0
13770,594,0,0x8f44500
13771,1082,0,0x8fe0240
13772,521,0,0x907bf80
13773,604,0,0x9117cc0
13774,579,0,0x91b3a00
13775,634,0,0x924f740
13776,597,0,0x92eb480
13777,614,0,0x93871c0
13778,585,0,0x9422f00
13779,550,0,0x94bec40
13780,614,0,0x955a980
13781,740,0,0x95f66c0
13782,1912,0,0x9692400
13783,635,0,0x972e140
13784,848,0,0x97c9e80
13785,537,0,0x9865bc0
13786,772,0,0x9901900
13787,59872,0,0x999d640
13788,791,0,0x9a39380
13789,814,0,0x9ad50c0
13790,18157,0,0x9b70e00
13791,787,0,0x9c0cb40
13792,71179,0,0x9ca8880
13793,791,0,0x9d445c0
13794,3245,0,0x9de0300
13795,748,0,0x9e7c040
13796,62565,0,0x9f17d80
13797,770,0,0x9fb3ac0
13798,538,0,0xa04f800
13799,555,0,0xa0eb540
13800,619,0,0xa187280
13801,772,0,0xa222fc0
13802,607,0,0xa2bed00
13803,1023,0,0xa35aa40
13804,9627,0,0xa3f6780
13805,783,0,0xa4924c0
13806,590,0,0xa52e200
13807,1019,0,0xa5c9f40
13808,601,0,0xa665c80
13809,884,0,0xa7019c0
13810,64054,0,0xa79d700
13811,617,0,0xa839440
13812,604,0,0xa8d5180
13813,656,0,0xa970ec0
13814,870,0,0xaa0cc00
13815,398,0,0xaaa8940
13816,26333,0,0xabe03c0
13817,808,0,0xac7c100
13818,770,0,0xad17e40
13819,14125,0,0xadb3b80
13820,622,0,0xae4f8c0
13821,608,0,0xaeeb600
13822,746,0,0xaf87340
13823,604,0,0xb023080
13824,588,0,0xb0bedc0
13825,578,0,0xb15ab00
13826,803,0,0xb1f6840
13827,52578,0,0xb292580
13828,716,0,0xb32e2c0
13829,889,0,0xb3ca000
13830,34174,0,0xb501a80
13831,618,0,0xb59d7c0
13832,754,0,0xb639500
13833,578,0,0xb6d5240
13834,550,0,0xb770f80
13835,849,0,0xb80ccc0
13836,532,0,0xb8a8a00
13837,614,0,0xb944740
13838,834,0,0xb9e0480
13839,550,0,0xba7c1c0
13840,658,0,0xbb17f00
13841,590,0,0xbbb3c40
13842,611,0,0xbc4f980
13843,755,0,0xbceb6c0
13844,609,0,0xbd87400
13845,552,0,0xbe23140
13846,742,0,0xbebee80
13847,51329,0,0xbf5abc0
13848,808,0,0xbff6900
13849,566,0,0xc092640
13850,586,0,0xc12e380
13851,1037,0,0xc1ca0c0
13852,541,0,0xc265e00
13853,802,0,0xc301b40
13854,3191,0,0xc39d880
13855,814,0,0xc4395c0
13856,618,0,0xc4d5300
13857,618,0,0xc571040
13858,794,0,0xc60cd80
13859,90512,0,0xc6a8ac0
13860,801,0,0xc744800
13861,579,0,0xc7e0540
13862,714,0,0xc87c280
13863,295,0,0xc917fc0
13864,12615,0,0xca4fa40
13865,776,0,0xcaeb780
13866,543,0,0xcb874c0
13867,619,0,0xcc23200
13868,746,0,0xccbef40
13869,594,0,0xcd5ac80
13870,504,0,0xcdf69c0
13871,726,0,0xce92700
13872,578,0,0xcf2e440
13873,493,0,0xcfca180
13874,778,0,0xd065ec0
13875,62444,0,0xd101c00
13876,1192,0,0xd19d940
13877,1008,0,0xd239680
13878,617,0,0xd2d53c0
13879,797,0,0xd371100
13880,19603,0,0xd40ce40
13881,796,0,0xd4a8b80
13882,574,0,0xd5448c0
13883,612,0,0xd5e0600
13884,783,0,0xd67c340
13885,41931,0,0xd718080
13886,585,0,0xd7b3dc0
13887,749,0,0xd84fb00
13888,596,0,0xd8eb840
13889,555,0,0xd987580
13890,589,0,0xda232c0
13891,796,0,0xdabf000
13892,572,0,0xdb5ad40
13893,565,0,0xdbf6a80
13894,555,0,0xdc927c0
13895,548,0,0xdd2e500
13896,593,0,0xddca240
13897,599,0,0xde65f80
13898,576,0,0xdf01cc0
13899,536,0,0xdf9da00
13900,582,0,0xe039740
13901,598,0,0xe0d5480
13902,558,0,0xe1711c0
13903,808,0,0xe20cf00
13904,566,0,0xe2a8c40
13905,756,0,0xe344980
13906,529,0,0xe3e06c0
13907,580,0,0xe47c400
13908,605,0,0xe518140
13909,748,0,0xe5b3e80
13910,596,0,0xe64fbc0
13911,1012,0,0xe6eb900
13912,791,0,0xe787640
13913,797,0,0xe823380
13914,568,0,0xe8bf0c0
13915,791,0,0xe95ae00
13916,56968,0,0xe9f6b40
13917,1196,0,0xea92880
13918,1851,0,0xeb2e5c0
13919,1266,0,0xebca300
13920,1075,0,0xec66040
13921,1164,0,0xed01d80
13922,1040,0,0xed9dac0
13923,996,0,0xee39800
13924,1521,0,0xeed5540
13925,25490,0,0xf00cfc0
13926,889,0,0xf0a8d00
13927,570,0,0xf144a40
13928,588,0,0xf1e0780
13929,829,0,0xf27c4c0
13930,322,0,0xf318200
13931,766,0,0xf3b3f40
13932,570,0,0xf44fc80
13933,623,0,0xf4eb9c0
13934,574,0,0xf587700
13935,1246,0,0xf623440
13936,63332,0,0xf6bf180
13937,780,0,0xf75aec0
13938,593,0,0xf7f6c00
13939,639,0,0xf892940
13940,783,0,0xf92e680
13941,12640,0,0xf9ca3c0
13942,1224,0,0xfa66100
13943,568,0,0xfb01e40
13944,559,0,0xfb9db80
13945,569,0,0xfc398c0
13946,654,0,0xfcd5600
13947,618,0,0xfd71340
13948,843,0,0xfe0d080
13949,594,0,0xfea8dc0
13950,585,0,0xff44b00
13951,589,0,0xffe0840
13952,586,0,0x1007c580
13953,633,0,0x101182c0
13954,861,0,0x101b4000
13955,555,0,0x1024fd40
13956,1063,0,0x102eba80
13957,1654,0,0x103877c0
13958,572,0,0x10423500
13959,572,0,0x104bf240
13960,570,0,0x1055af80
13961,618,0,0x105f6cc0
13962,505,0,0x10692a00
13963,621,0,0x1072e740
13964,577,0,0x107ca480
13965,636,0,0x108661c0
13966,1210,0,0x10901f00
13967,842,0,0x1099dc40
13968,616,0,0x10a39980
13969,858,0,0x10ad56c0
13970,553,0,0x10b71400
13971,608,0,0x10c0d140
13972,571,0,0x10ca8e80
13973,601,0,0x10d44bc0
13974,797,0,0x10de0900
13975,38255,0,0x10e7c640
13976,624,0,0x10f18380
13977,777,0,0x10fb40c0
13978,861,0,0x1104fe00
13979,824,0,0x110ebb40
13980,70251,0,0x11187880
13981,769,0,0x112235c0
13982,519,0,0x112bf300
13983,613,0,0x1135b040
13984,772,0,0x113f6d80
13985,42137,0,0x11492ac0
13986,37790,0,0x1152e800
13987,819,0,0x115ca540
13988,779,0,0x11666280
13989,514,0,0x11701fc0
13990,606,0,0x1179dd00
13991,579,0,0x11839a40
13992,878,0,0x118d5780
13993,557,0,0x119714c0
13994,565,0,0x11a0d200
13995,794,0,0x11aa8f40
13996,563,0,0x11b44c80
13997,585,0,0x11be09c0
13998,744,0,0x11c7c700
13999,63496,0,0x11d18440
14000,631,0,0x11db4180
14001,621,0,0x11e4fec0
14002,750,0,0x11eebc00
14003,606,0,0x11f87940
14004,549,0,0x12023680
14005,556,0,0x120bf3c0
14006,804,0,0x1215b100
14007,35762,0,0x121f6e40
14008,584,0,0x12292b80
14009,1013,0,0x1232e8c0
14010,1017,0,0x123ca600
14011,516,0,0x12466340
14012,556,0,0x12502080
14013,799,0,0x1259ddc0
14014,529,0,0x12639b00
14015,542,0,0x126d5840
14016,619,0,0x12771580
14017,750,0,0x1280d2c0
14018,537,0,0x128a9000
14019,902,0,0x12944d40
14020,27964,0,0x129e0a80
14021,775,0,0x12a7c7c0
14022,811,0,0x12b18500
14023,8259,0,0x12bb4240
14024,1667,0,0x12c4ff80
14025,545,0,0x12cebcc0
14026,770,0,0x12d87a00
14027,845,0,0x12e23740
14028,536,0,0x12ebf480
14029,766,0,0x12f5b1c0
14030,550,0,0x12ff6f00
14031,583,0,0x13092c40
14032,584,0,0x1312e980
14033,865,0,0x131ca6c0
14034,579,0,0x13266400
14035,543,0,0x13302140
14036,774,0,0x1339de80
14037,537,0,0x13439bc0
14038,572,0,0x134d5900
14039,715,0,0x13571640
14040,586,0,0x1360d380
14041,540,0,0x136a90c0
14042,733,0,0x13744e00
14043,588,0,0x137e0b40
14044,505,0,0x1387c880
14045,607,0,0x139185c0
14046,737,0,0x139b4300
14047,573,0,0x13a50040
14048,564,0,0x13aebd80
14049,809,0,0x13b87ac0
14050,594,0,0x13c23800
14051,1027,0,0x13cbf540
14052,1013,0,0x13d5b280
14053,594,0,0x13df6fc0
14054,588,0,0x13e92d00
14055,557,0,0x13f2ea40
14056,538,0,0x13fca780
14057,610,0,0x140664c0
14058,609,0,0x14102200
14059,987,0,0x1419df40
14060,982,0,0x14239c80
14061,527,0,0x142d59c0
14062,595,0,0x14371700
14063,589,0,0x1440d440
14064,574,0,0x144a9180
14065,742,0,0x14544ec0
14066,588,0,0x145e0c00
14067,801,0,0x1467c940
14068,29458,0,0x14718680
14069,811,0,0x147b43c0
14070,596,0,0x14850100
14071,662,0,0x148ebe40
14072,845,0,0x14987b80
14073,43415,0,0x14a238c0
14074,824,0,0x14abf600
14075,27103,0,0x14b5b340
14076,624,0,0x14bf7080
14077,617,0,0x14c92dc0
14078,1005,0,0x14d2eb00
14079,582,0,0x14dca840
14080,770,0,0x14e66580
14081,559,0,0x14f022c0
14082,615,0,0x14f9e000
14083,616,0,0x15039d40
14084,989,0,0x150d5a80
14085,612,0,0x151717c0
14086,758,0,0x1520d500
14087,571,0,0x152a9240
14088,811,0,0x15344f80
14089,579,0,0x153e0cc0
14090,579,0,0x1547ca00
14091,569,0,0x15518740
14092,1065,0,0x155b4480
14093,569,0,0x156501c0
14094,797,0,0x156ebf00
14095,32551,0,0x15787c40
14096,723,0,0x15823980
14097,576,0,0x158bf6c0
14098,582,0,0x1595b400
14099,934,0,0x159f7140
14100,1035,0,0x15a92e80
14101,555,0,0x15b2ebc0
14102,797,0,0x15bca900
14103,552,0,0x15c66640
14104,554,0,0x15d02380
14105,547,0,0x15d9e0c0
14106,636,0,0x15e39e00
14107,759,0,0x15ed5b40
14108,938,0,0x15f71880
14109,606,0,0x1600d5c0
14110,769,0,0x160a9300
14111,556,0,0x16145040
14112,516,0,0x161e0d80
14113,783,0,0x1627cac0
14114,17834,0,0x16318800
14115,760,0,0x163b4540
14116,610,0,0x16450280
14117,591,0,0x164ebfc0
14118,618,0,0x16587d00
14119,794,0,0x16623a40
14120,39084,0,0x166bf780
14121,776,0,0x1675b4c0
14122,546,0,0x167f7200
14123,613,0,0x16892f40
14124,560,0,0x1692ec80
14125,587,0,0x169ca9c0
14126,795,0,0x16a66700
14127,556,0,0x16b02440
14128,998,0,0x16b9e180
14129,534,0,0x16c39ec0
14130,600,0,0x16cd5c00
14131,592,0,0x16d71940
14132,572,0,0x16e0d680
14133,544,0,0x16ea93c0
14134,568,0,0x16f45100
14135,627,0,0x16fe0e40
14136,592,0,0x1707cb80
14137,649,0,0x171188c0
14138,603,0,0x171b4600
14139,844,0,0x17250340
14140,531,0,0x172ec080
14141,594,0,0x17387dc0
14142,584,0,0x17423b00
14143,580,0,0x174bf840
14144,871,0,0x1755b580
14145,21808,0,0x175f72c0
14146,709,0,0x17693000
14147,594,0,0x1772ed40
14148,595,0,0x177caa80
14149,493,0,0x178667c0
14150,1016,0,0x17902500
14151,1007,0,0x1799e240
14152,555,0,0x17a39f80
14153,659,0,0x17ad5cc0
14154,611,0,0x17b71a00
14155,595,0,0x17c0d740
14156,748,0,0x17ca9480
14157,592,0,0x17d451c0
14158,568,0,0x17de0f00
14159,578,0,0x17e7cc40
14160,778,0,0x17f18980
14161,1222,0,0x17fb46c0
14162,1009,0,0x18050400
14163,29681,0,0x180ec140
14164,775,0,0x18187e80
14165,658,0,0x18223bc0
14166,629,0,0x182bf900
14167,623,0,0x1835b640
14168,841,0,0x183f7380
14169,570,0,0x184930c0
14170,803,0,0x1852ee00
14171,17534,0,0x185cab40
14172,836,0,0x18666880
14173,743,0,0x187025c0
14174,814,0,0x1879e300
14175,551,0,0x1883a040
14176,588,0,0x188d5d80
14177,540,0,0x18971ac0
14178,617,0,0x18a0d800
14179,622,0,0x18aa9540
14180,759,0,0x18b45280
14181,605,0,0x18be0fc0
14182,576,0,0x18c7cd00
14183,814,0,0x18d18a40
14184,1033,0,0x18db4780
14185,1002,0,0x18e504c0
14186,1058,0,0x18eec200
14187,46111,0,0x18f87f40
14188,800,0,0x19023c80
14189,36209,0,0x190bf9c0
14190,816,0,0x1915b700
14191,607,0,0x191f7440
14192,614,0,0x19293180
14193,598,0,0x1932eec0
14194,552,0,0x193cac00
14195,598,0,0x19466940
14196,603,0,0x19502680
14197,749,0,0x1959e3c0
14198,594,0,0x1963a100
14199,501,0,0x196d5e40
14200,755,0,0x19771b80
14201,604,0,0x1980d8c0
14202,634,0,0x198a9600
14203,784,0,0x19945340
14204,26473,0,0x199e1080
14205,636,0,0x19a7cdc0
14206,600,0,0x19b18b00
14207,772,0,0x19bb4840
14208,542,0,0x19c50580
14209,658,0,0x19cec2c0
14210,849,0,0x19d88000
14211,29485,0,0x19e23d40
14212,782,0,0x19ebfa80
14213,597,0,0x19f5b7c0
14214,883,0,0x19ff7500
14215,44480,0,0x1a093240
14216,808,0,0x1a12ef80
14217,591,0,0x1a1cacc0
14218,603,0,0x1a266a00
14219,746,0,0x1a302740
14220,595,0,0x1a39e480
14221,585,0,0x1a43a1c0
14222,580,0,0x1a4d5f00
14223,570,0,0x1a571c40
14224,607,0,0x1a60d980
14225,592,0,0x1a6a96c0
14226,591,0,0x1a745400
14227,579,0,0x1a7e1140
14228,633,0,0x1a87ce80
14229,517,0,0x1a918bc0
14230,611,0,0x1a9b4900
14231,797,0,0x1aa50640
14232,1058,0,0x1aaec380
14233,1226,0,0x1ab880c0
14234,560,0,0x1ac23e00
14235,556,0,0x1acbfb40
14236,571,0,0x1ad5b880
14237,603,0,0x1adf75c0
14238,595,0,0x1ae93300
14239,849,0,0x1af2f040
14240,592,0,0x1afcad80
14241,592,0,0x1b066ac0
14242,590,0,0x1b102800
14243,557,0,0x1b19e540
14244,538,0,0x1b23a280
14245,609,0,0x1b2d5fc0
14246,1184,0,0x1b371d00
14247,599,0,0x1b40da40
14248,596,0,0x1b4a9780
14249,577,0,0x1b5454c0
14250,585,0,0x1b5e1200
14251,547,0,0x1b67cf40
14252,615,0,0x1b718c80
14253,587,0,0x1b7b49c0
14254,1238,0,0x1b850700
14255,585,0,0x1b8ec440
14256,492,0,0x1b988180
14257,647,0,0x1ba23ec0
14258,627,0,0x1babfc00
14259,617,0,0x1bb5b940
14260,609,0,0x1bbf7680
14261,537,0,0x1bc933c0
14262,610,0,0x1bd2f100
14263,1008,0,0x1bdcae40
14264,806,0,0x1be66b80
14265,784,0,0x1bf028c0
14266,551,0,0x1bf9e600
14267,618,0,0x1c03a340
14268,577,0,0x1c0d6080
14269,574,0,0x1c171dc0
14270,562,0,0x1c20db00
14271,1020,0,0x1c2a9840
14272,619,0,0x1c345580
14273,599,0,0x1c3e12c0
14274,539,0,0x1c47d000
14275,869,0,0x1c518d40
14276,21790,0,0x1c5b4a80
14277,807,0,0x1c6507c0
14278,33624,0,0x1c6ec500
14279,1192,0,0x1c788240
14280,1059,0,0x1c823f80
14281,561,0,0x1c8bfcc0
14282,578,0,0x1c95ba00
14283,624,0,0x1c9f7740
14284,621,0,0x1ca93480
14285,754,0,0x1cb2f1c0
14286,596,0,0x1cbcaf00
14287,594,0,0x1cc66c40
14288,586,0,0x1cd02980
14289,591,0,0x1cd9e6c0
14290,638,0,0x1ce3a400
14291,608,0,0x1ced6140
14292,607,0,0x1cf71e80
14293,748,0,0x1d00dbc0
14294,613,0,0x1d0a9900
14295,623,0,0x1d145640
14296,588,0,0x1d1e1380
14297,803,0,0x1d27d0c0
14298,69603,0,0x1d318e00
14299,805,0,0x1d3b4b40
14300,853,0,0x1d450880
14301,11489,0,0x1d4ec5c0
14302,799,0,0x1d588300
14303,987,0,0x1d624040
14304,951,0,0x1d6bfd80
14305,615,0,0x1d75bac0
14306,744,0,0x1d7f7800
14307,597,0,0x1d893540
14308,579,0,0x1d92f280
14309,561,0,0x1d9cafc0
14310,573,0,0x1da66d00
14311,627,0,0x1db02a40
14312,609,0,0x1db9e780
14313,761,0,0x1dc3a4c0
14314,576,0,0x1dcd6200
14315,569,0,0x1dd71f40
14316,509,0,0x1de0dc80
14317,588,0,0x1dea99c0
14318,639,0,0x1df45700
14319,632,0,0x1dfe1440
14320,622,0,0x1e07d180
14321,581,0,0x1e118ec0
14322,641,0,0x1e1b4c00
14323,772,0,0x1e250940
14324,1280,0,0x1e2ec680
14325,1870,0,0x1e424100
14326,630,0,0x1e4bfe40
14327,775,0,0x1e55bb80
14328,572,0,0x1e5f78c0
14329,796,0,0x1e693600
14330,59308,0,0x1e72f340
14331,629,0,0x1e7cb080
14332,570,0,0x1e866dc0
14333,1213,0,0x1e902b00
14334,35355,0,0x1e99e840
14335,781,0,0x1ea3a580
14336,463,0,0x1ead62c0
14337,883,0,0x1eb72000
14338,2127,0,0x1ec0dd40
14339,52631,0,0x1eca9a80
14340,1658,0,0x1ed457c0
14341,575,0,0x1ede1500
14342,829,0,0x1ee7d240
14343,56765,0,0x1ef18f80
14344,578,0,0x1efb4cc0
14345,993,0,0x1f050a00
14346,1016,0,0x1f0ec740
14347,979,0,0x1f188480
14348,611,0,0x1f2241c0
14349,586,0,0x1f2bff00
14350,982,0,0x1f35bc40
14351,1049,0,0x1f3f7980
14352,561,0,0x1f4936c0
14353,552,0,0x1f52f400
14354,581,0,0x1f5cb140
14355,589,0,0x1f666e80
14356,583,0,0x1f702bc0
14357,595,0,0x1f79e900
14358,550,0,0x1f83a640
14359,591,0,0x1f8d6380
14360,750,0,0x1f9720c0
14361,604,0,0x1fa0de00
14362,585,0,0x1faa9b40
14363,776,0,0x1fb45880
14364,555,0,0x1fbe15c0
14365,616,0,0x1fc7d300
14366,584,0,0x1fd19040
14367,577,0,0x1fdb4d80
14368,873,0,0x1fe50ac0
14369,12820,0,0x1feec800
14370,770,0,0x1ff88540
14371,1006,0,0x20024280
14372,578,0,0x200bffc0
14373,543,0,0x2015bd00
14374,555,0,0x201f7a40
14375,2235,0,0x20293780
14376,782,0,0x2032f4c0
14377,517,0,0x203cb200
14378,590,0,0x20466f40
14379,820,0,0x20502c80
14380,573,0,0x2059e9c0
14381,547,0,0x2063a700
14382,531,0,0x206d6440
14383,610,0,0x20772180
14384,780,0,0x2080dec0
14385,559,0,0x208a9c00
14386,631,0,0x20945940
14387,566,0,0x209e1680
14388,552,0,0x20a7d3c0
14389,774,0,0x20b19100
14390,1010,0,0x20bb4e40
14391,1482,0,0x20c50b80
14392,624,0,0x20cec8c0
14393,746,0,0x20d88600
14394,38045,0,0x20e24340
14395,1016,0,0x20ec0080
14396,579,0,0x20f5bdc0
14397,990,0,0x20ff7b00
14398,633,0,0x21093840
14399,591,0,0x2112f580
14400,587,0,0x211cb2c0
14401,794,0,0x21267000
14402,73300,0,0x21302d40
14403,908,0,0x2139ea80
14404,568,0,0x2143a7c0
14405,589,0,0x214d6500
14406,624,0,0x21572240
14407,620,0,0x2160df80
14408,595,0,0x216a9cc0
14409,725,0,0x21745a00
14410,858,0,0x217e1740
14411,636,0,0x2187d480
14412,570,0,0x219191c0
14413,551,0,0x219b4f00
14414,618,0,0x21a50c40
14415,612,0,0x21aec980
14416,749,0,0x21b886c0
14417,599,0,0x21c24400
14418,572,0,0x21cc0140
14419,584,0,0x21d5be80
14420,546,0,0x21df7bc0
14421,556,0,0x21e93900
14422,597,0,0x21f2f640
14423,832,0,0x21fcb380
14424,598,0,0x220670c0
14425,579,0,0x22102e00
14426,780,0,0x2219eb40
14427,15477,0,0x2223a880
14428,731,0,0x222d65c0
14429,515,0,0x22372300
14430,605,0,0x2240e040
14431,833,0,0x224a9d80
14432,550,0,0x22545ac0
14433,753,0,0x225e1800
14434,573,0,0x2267d540
14435,777,0,0x22719280
14436,645,0,0x227b4fc0
14437,849,0,0x22850d00
14438,541,0,0x228eca40
14439,836,0,0x22988780
14440,772,0,0x22a244c0
14441,34527,0,0x22ac0200
14442,783,0,0x22b5bf40
14443,582,0,0x22bf7c80
14444,619,0,0x22c939c0
14445,596,0,0x22d2f700
14446,608,0,0x22dcb440
14447,751,0,0x22e67180
14448,598,0,0x22f02ec0
14449,581,0,0x22f9ec00
14450,583,0,0x2303a940
14451,570,0,0x230d6680
14452,621,0,0x231723c0
14453,615,0,0x2320e100
14454,837,0,0x232a9e40
14455,596,0,0x23345b80
14456,487,0,0x233e18c0
14457,607,0,0x2347d600
14458,746,0,0x23519340
14459,602,0,0x235b5080
14460,604,0,0x23650dc0
14461,756,0,0x236ecb00
14462,594,0,0x23788840
14463,568,0,0x23824580
14464,809,0,0x238c02c0
14465,558,0,0x2395c000
14466,622,0,0x239f7d40
14467,1024,0,0x23a93a80
14468,571,0,0x23b2f7c0
14469,614,0,0x23bcb500
14470,586,0,0x23c67240
14471,567,0,0x23d02f80
14472,475,0,0x23d9ecc0
14473,551,0,0x23e3aa00
14474,1000,0,0x23ed6740
14475,604,0,0x23f72480
14476,601,0,0x2400e1c0
14477,596,0,0x240a9f00
14478,603,0,0x24145c40
14479,801,0,0x241e1980
14480,59123,0,0x2427d6c0
14481,545,0,0x24319400
14482,1258,0,0x243b5140
14483,1030,0,0x24450e80
14484,580,0,0x244ecbc0
14485,513,0,0x24588900
14486,748,0,0x24624640
14487,20865,0,0x246c0380
14488,828,0,0x2475c0c0
14489,599,0,0x247f7e00
14490,751,0,0x24893b40
14491,585,0,0x2492f880
14492,542,0,0x249cb5c0
14493,989,0,0x24a67300
14494,528,0,0x24b03040
14495,573,0,0x24b9ed80
14496,1192,0,0x24c3aac0
14497,594,0,0x24cd6800
14498,569,0,0x24d72540
14499,560,0,0x24e0e280
14500,790,0,0x24ea9fc0
14501,59732,0,0x24f45d00
14502,1195,0,0x24fe1a40
14503,549,0,0x2507d780
14504,819,0,0x251194c0
14505,54218,0,0x251b5200
14506,603,0,0x25250f40
14507,743,0,0x252ecc80
14508,575,0,0x253889c0
14509,841,0,0x25424700
14510,583,0,0x254c0440
14511,811,0,0x2555c180
14512,579,0,0x255f7ec0
14513,2198,0,0x25693c00
14514,728,0,0x2572f940
14515,25732,0,0x257cb680
14516,809,0,0x258673c0
14517,575,0,0x25903100
14518,512,0,0x2599ee40
14519,737,0,0x25a3ab80
14520,617,0,0x25ad68c0
14521,848,0,0x25b72600
14522,59454,0,0x25c0e340
14523,1087,0,0x25caa080
14524,58935,0,0x25d45dc0
14525,801,0,0x25de1b00
14526,598,0,0x25e7d840
14527,598,0,0x25f19580
14528,595,0,0x25fb52c0
14529,830,0,0x26051000
14530,538,0,0x260ecd40
14531,560,0,0x26188a80
14532,555,0,0x262247c0
14533,629,0,0x262c0500
14534,597,0,0x2635c240
14535,1202,0,0x263f7f80
14536,507,0,0x26493cc0
14537,615,0,0x2652fa00
14538,579,0,0x265cb740
14539,625,0,0x26667480
14540,606,0,0x267031c0
14541,606,0,0x2679ef00
14542,744,0,0x2683ac40
14543,600,0,0x268d6980
14544,576,0,0x269726c0
14545,594,0,0x26a0e400
14546,802,0,0x26aaa140
14547,16034,0,0x26b45e80
14548,769,0,0x26be1bc0
14549,769,0,0x26c7d900
14550,613,0,0x26d19640
14551,765,0,0x26db5380
14552,550,0,0x26e510c0
14553,824,0,0x26eece00
14554,1026,0,0x26f88b40
14555,719,0,0x27024880
14556,574,0,0x270c05c0
14557,551,0,0x2715c300
14558,543,0,0x271f8040
14559,782,0,0x27293d80
14560,567,0,0x2732fac0
14561,512,0,0x273cb800
14562,712,0,0x27467540
14563,621,0,0x27503280
14564,492,0,0x2759efc0
14565,758,0,0x2763ad00
14566,576,0,0x276d6a40
14567,573,0,0x27772780
14568,594,0,0x2780e4c0
14569,588,0,0x278aa200
14570,636,0,0x27945f40
14571,617,0,0x279e1c80
14572,774,0,0x27a7d9c0
14573,549,0,0x27b19700
14574,590,0,0x27bb5440
14575,560,0,0x27c51180
14576,738,0,0x27cecec0
14577,1008,0,0x27d88c00
14578,776,0,0x27e24940
14579,521,0,0x27ec0680
14580,613,0,0x27f5c3c0
14581,777,0,0x27ff8100
14582,525,0,0x28093e40
14583,643,0,0x2812fb80
14584,846,0,0x281cb8c0
14585,26978,0,0x28267600
14586,821,0,0x28303340
14587,618,0,0x2839f080
14588,601,0,0x2843adc0
14589,595,0,0x284d6b00
14590,629,0,0x28572840
14591,616,0,0x2860e580
14592,753,0,0x286aa2c0
14593,593,0,0x28746000
14594,582,0,0x287e1d40
14595,574,0,0x2887da80
14596,595,0,0x289197c0
14597,631,0,0x289b5500
14598,607,0,0x28a51240
14599,1170,0,0x28aecf80
14600,582,0,0x28b88cc0
14601,583,0,0x28c24a00
14602,566,0,0x28cc0740
14603,796,0,0x28d5c480
14604,45242,0,0x28df81c0
14605,637,0,0x28e93f00
14606,1003,0,0x28f2fc40
14607,590,0,0x28fcb980
14608,890,0,0x290676c0
14609,588,0,0x29103400
14610,590,0,0x2919f140
14611,799,0,0x2923ae80
14612,8197,0,0x292d6bc0
14613,801,0,0x29372900
14614,50890,0,0x2940e640
14615,775,0,0x294aa380
14616,577,0,0x295460c0
14617,758,0,0x295e1e00
14618,546,0,0x2967db40
14619,952,0,0x29719880
14620,545,0,0x297b55c0
14621,833,0,0x29851300
14622,526,0,0x298ed040
14623,580,0,0x29988d80
14624,899,0,0x29a24ac0
14625,36016,0,0x29ac0800
14626,864,0,0x29b5c540
14627,603,0,0x29bf8280
14628,762,0,0x29c93fc0
14629,600,0,0x29d2fd00
14630,574,0,0x29dcba40
14631,599,0,0x29e67780
14632,813,0,0x29f034c0
14633,594,0,0x29f9f200
14634,606,0,0x2a03af40
14635,581,0,0x2a0d6c80
14636,579,0,0x2a1729c0
14637,617,0,0x2a20e700
14638,577,0,0x2a2aa440
14639,602,0,0x2a346180
14640,802,0,0x2a3e1ec0
14641,589,0,0x2a47dc00
14642,802,0,0x2a519940
14643,20212,0,0x2a5b5680
14644,830,0,0x2a6513c0
14645,553,0,0x2a6ed100
14646,606,0,0x2a788e40
14647,590,0,0x2a824b80
14648,515,0,0x2a8c08c0
14649,745,0,0x2a95c600
14650,580,0,0x2a9f8340
14651,860,0,0x2aa94080
14652,77398,0,0x2ab2fdc0
14653,806,0,0x2abcbb00
14654,859,0,0x2ac67840
14655,528,0,0x2ad03580
14656,574,0,0x2ad9f2c0
14657,631,0,0x2ae3b000
14658,591,0,0x2aed6d40
14659,743,0,0x2af72a80
14660,584,0,0x2b00e7c0
14661,563,0,0x2b0aa500
14662,612,0,0x2b146240
14663,741,0,0x2b1e1f80
14664,598,0,0x2b27dcc0
14665,858,0,0x2b319a00
14666,527,0,0x2b3b5740
14667,1090,0,0x2b451480
14668,38951,0,0x2b4ed1c0
14669,970,0,0x2b588f00
14670,592,0,0x2b624c40
14671,624,0,0x2b6c0980
14672,597,0,0x2b75c6c0
14673,602,0,0x2b7f8400
14674,845,0,0x2b894140
14675,991,0,0x2b92fe80
14676,539,0,0x2b9cbbc0
14677,565,0,0x2ba67900
14678,605,0,0x2bb03640
14679,751,0,0x2bb9f380
14680,598,0,0x2bc3b0c0
14681,588,0,0x2bcd6e00
14682,567,0,0x2bd72b40
14683,571,0,0x2be0e880
14684,819,0,0x2beaa5c0
14685,865,0,0x2bf46300
14686,1026,0,0x2bfe2040
14687,1182,0,0x2c07dd80
14688,1031,0,0x2c119ac0
14689,1181,0,0x2c1b5800
14690,1062,0,0x2c251540
14691,1467,0,0x2c2ed280
14692,35113,0,0x2c424d00
14693,649,0,0x2c4c0a40
14694,790,0,0x2c55c780
14695,737,0,0x2c5f84c0
14696,573,0,0x2c694200
14697,556,0,0x2c72ff40
14698,545,0,0x2c7cbc80
14699,766,0,0x2c8679c0
14700,79232,0,0x2c903700
14701,1601,0,0x2c99f440
14702,19406,0,0x2cad6ec0
14703,588,0,0x2cb72c00
14704,560,0,0x2cc0e940
14705,546,0,0x2ccaa680
14706,863,0,0x2cd463c0
14707,98710,0,0x2cde2100
14708,285,0,0x2ce7de40
14709,11086,0,0x2cfb58c0
14710,66582,0,0x2d0ed340
14711,477,0,0x2d189080
14712,537,0,0x2d224dc0
14713,405,0,0x2d2c0b00
14714,1016,0,0x2d35c840
14715,89892,0,0x2d4942c0
14716,1264,0,0x2d530000
14717,2091,0,0x2d5cbd40
14718,100911,0,0x2d7037c0
14719,757,0,0x2d79f500
14720,582,0,0x2d83b240
14721,592,0,0x2d8d6f80
14722,534,0,0x2d972cc0
14723,624,0,0x2da0ea00
14724,615,0,0x2daaa740
14725,843,0,0x2db46480
14726,572,0,0x2dbe21c0
14727,579,0,0x2dc7df00
14728,789,0,0x2dd19c40
14729,524,0,0x2ddb5980
14730,607,0,0x2de516c0
14731,624,0,0x2deed400
14732,600,0,0x2df89140
14733,580,0,0x2e024e80
14734,548,0,0x2e0c0bc0
14735,601,0,0x2e15c900
14736,759,0,0x2e1f8640
14737,1315,0,0x2e294380
14738,2485,0,0x2e3300c0
14739,1233,0,0x2e3cbe00
14740,1189,0,0x2e467b40
14741,1300,0,0x2e503880
14742,1675,0,0x2e59f5c0
14743,1447,0,0x2e63b300
14744,795,0,0x2e6d7040
14745,548,0,0x2e772d80
14746,623,0,0x2e80eac0
14747,577,0,0x2e8aa800
14748,584,0,0x2e946540
14749,487,0,0x2e9e2280
14750,637,0,0x2ea7dfc0
14751,624,0,0x2eb19d00
14752,624,0,0x2ebb5a40
14753,742,0,0x2ec51780
14754,602,0,0x2eced4c0
14755,1009,0,0x2ed89200
14756,4953,0,0x2ee24f40
14757,81795,0,0x2ef5c9c0
14758,817,0,0x2eff8700
14759,592,0,0x2f094440
14760,587,0,0x2f130180
14761,775,0,0x2f1cbec0
14762,571,0,0x2f267c00
14763,601,0,0x2f303940
14764,583,0,0x2f39f680
14765,744,0,0x2f43b3c0
14766,392,0,0x2f4d7100
14767,102121,0,0x2f60eb80
14768,784,0,0x2f6aa8c0
14769,613,0,0x2f746600
14770,783,0,0x2f7e2340
14771,548,0,0x2f87e080
14772,564,0,0x2f919dc0
14773,818,0,0x2f9b5b00
14774,797,0,0x2fa51840
14775,2158,0,0x2faed580
14776,393,0,0x2fb892c0
14777,2195,0,0x2fc25000
14778,828,0,0x2fcc0d40
14779,761,0,0x2fd5ca80
14780,576,0,0x2fdf87c0
14781,784,0,0x2fe94500
14782,576,0,0x2ff30240
14783,568,0,0x2ffcbf80
14784,1248,0,0x30067cc0
14785,542,0,0x30103a00
14786,514,0,0x3019f740
14787,782,0,0x3023b480
14788,565,0,0x302d71c0
14789,581,0,0x30372f00
14790,608,0,0x3040ec40
14791,961,0,0x304aa980
14792,543,0,0x305466c0
14793,620,0,0x305e2400
14794,580,0,0x3067e140
14795,782,0,0x30719e80
14796,534,0,0x307b5bc0
14797,593,0,0x30851900
14798,594,0,0x308ed640
14799,778,0,0x30989380
14800,621,0,0x30a250c0
14801,878,0,0x30ac0e00
14802,131461,0,0x30b5cb40
14803,800,0,0x30bf8880
14804,1241,0,0x30c945c0
14805,103391,0,0x30dcc040
14806,550,0,0x30e67d80
14807,867,0,0x30f03ac0
14808,550,0,0x30f9f800
14809,714,0,0x3103b540
14810,571,0,0x310d7280
14811,570,0,0x31172fc0
14812,735,0,0x3120ed00
14813,810,0,0x312aaa40
14814,2196,0,0x31346780
14815,1178,0,0x313e24c0
14816,611,0,0x3147e200
14817,631,0,0x31519f40
14818,761,0,0x315b5c80
14819,101865,0,0x316ed700
14820,787,0,0x31789440
14821,4145,0,0x31825180
14822,98232,0,0x3195cc00
14823,492,0,0x319f8940
14824,602,0,0x31a94680
14825,785,0,0x31b303c0
14826,591,0,0x31bcc100
14827,791,0,0x31c67e40
14828,555,0,0x31d03b80
14829,611,0,0x31d9f8c0
14830,743,0,0x31e3b600
14831,600,0,0x31ed7340
14832,570,0,0x31f73080
14833,1004,0,0x3200edc0
14834,596,0,0x320aab00
14835,604,0,0x32146840
14836,582,0,0x321e2580
14837,792,0,0x3227e2c0
14838,570,0,0x3231a000
14839,554,0,0x323b5d40
14840,751,0,0x32451a80
14841,7634,0,0x324ed7c0
14842,78343,0,0x32625240
14843,816,0,0x326c0f80
14844,12574,0,0x3275ccc0
14845,807,0,0x327f8a00
14846,26785,0,0x32894740
14847,58724,0,0x329cc1c0
14848,764,0,0x32a67f00
14849,546,0,0x32b03c40
14850,575,0,0x32b9f980
14851,726,0,0x32c3b6c0
14852,593,0,0x32cd7400
14853,792,0,0x32d73140
14854,789,0,0x32e0ee80
14855,575,0,0x32eaabc0
14856,554,0,0x32f46900
14857,606,0,0x32fe2640
14858,771,0,0x3307e380
14859,1951,0,0x3311a0c0
14860,787,0,0x331b5e00
14861,603,0,0x33251b40
14862,796,0,0x332ed880
14863,45054,0,0x333895c0
14864,54034,0,0x334c1040
14865,519,0,0x3355cd80
14866,1236,0,0x335f8ac0
14867,53579,0,0x33694800
14868,41866,0,0x337cc280
14869,578,0,0x33867fc0
14870,924,0,0x33903d00
14871,572,0,0x3399fa40
14872,557,0,0x33a3b780
14873,775,0,0x33ad74c0
14874,541,0,0x33b73200
14875,592,0,0x33c0ef40
14876,581,0,0x33caac80
14877,545,0,0x33d469c0
14878,520,0,0x33de2700
14879,780,0,0x33e7e440
14880,809,0,0x33f1a180
14881,46636,0,0x33fb5ec0
14882,330,0,0x34051c00
14883,1595,0,0x340ed940
14884,1367,0,0x34189680
14885,47254,0,0x342c1100
14886,807,0,0x3435ce40
14887,579,0,0x343f8b80
14888,585,0,0x344948c0
14889,798,0,0x34530600
14890,49794,0,0x345cc340
14891,775,0,0x34668080
14892,691,0,0x34703dc0
14893,2203,0,0x3479fb00
14894,818,0,0x3483b840
14895,589,0,0x348d7580
14896,637,0,0x349732c0
14897,804,0,0x34a0f000
14898,969,0,0x34aaad40
14899,861,0,0x34b46a80
14900,1166,0,0x34be27c0
14901,1040,0,0x34c7e500
14902,1483,0,0x34d1a240
14903,1195,0,0x34db5f80
14904,1036,0,0x34e51cc0
14905,1473,0,0x34eeda00
14906,1054,0,0x34f89740
14907,2358,0,0x35025480
14908,1246,0,0x350c11c0
14909,590,0,0x3515cf00
14910,810,0,0x351f8c40
14911,588,0,0x35294980
14912,586,0,0x353306c0
14913,1126,0,0x353cc400
14914,76867,0,0x35468140
14915,635,0,0x35503e80
14916,604,0,0x3559fbc0
14917,755,0,0x3563b900
14918,812,0,0x356d7640
14919,972,0,0x35773380
14920,550,0,0x3580f0c0
14921,617,0,0x358aae00
14922,627,0,0x35946b40
14923,964,0,0x359e2880
14924,655,0,0x35a7e5c0
14925,792,0,0x35b1a300
14926,41701,0,0x35bb6040
14927,748,0,0x35c51d80
14928,751,0,0x35cedac0
14929,534,0,0x35d89800
14930,608,0,0x35e25540
14931,741,0,0x35ec1280
14932,9647,0,0x35f5cfc0
14933,986,0,0x35ff8d00
14934,605,0,0x36094a40
14935,604,0,0x36130780
14936,602,0,0x361cc4c0
14937,732,0,0x36268200
14938,1065,0,0x36303f40
14939,37474,0,0x3643b9c0
14940,46501,0,0x364d7700
14941,1189,0,0x36573440
14942,997,0,0x3660f180
14943,577,0,0x366aaec0
14944,811,0,0x36746c00
14945,587,0,0x367e2940
14946,551,0,0x3687e680
14947,744,0,0x3691a3c0
14948,543,0,0x369b6100
14949,615,0,0x36a51e40
14950,611,0,0x36aedb80
14951,838,0,0x36b898c0
14952,566,0,0x36c25600
14953,566,0,0x36cc1340
14954,1070,0,0x36d5d080
14955,619,0,0x36df8dc0
14956,763,0,0x36e94b00
14957,1008,0,0x36f30840
14958,558,0,0x36fcc580
14959,762,0,0x370682c0
14960,552,0,0x37104000
14961,535,0,0x3719fd40
14962,579,0,0x3723ba80
14963,592,0,0x372d77c0
14964,748,0,0x37373500
14965,573,0,0x3740f240
14966,561,0,0x374aaf80
14967,859,0,0x37546cc0
14968,750,0,0x375e2a00
14969,24650,0,0x3771a480
14970,76260,0,0x377b61c0
14971,1646,0,0x37851f00
14972,570,0,0x378edc40
14973,801,0,0x37989980
14974,573,0,0x37a256c0
14975,514,0,0x37ac1400
14976,591,0,0x37b5d140
14977,787,0,0x37bf8e80
14978,1486,0,0x37c94bc0
14979,13289,0,0x37dcc640
14980,778,0,0x37e68380
14981,750,0,0x37f040c0
14982,530,0,0x37f9fe00
14983,788,0,0x3803bb40
14984,750,0,0x380d7880
14985,613,0,0x381735c0
14986,696,0,0x3820f300
14987,614,0,0x382ab040
14988,750,0,0x38346d80
14989,76789,0,0x383e2ac0
14990,855,0,0x3847e800
14991,549,0,0x3851a540
14992,491,0,0x385b6280
14993,716,0,0x38651fc0
14994,615,0,0x386edd00
14995,555,0,0x38789a40
14996,606,0,0x38825780
14997,789,0,0x388c14c0
14998,530,0,0x3895d200
14999,749,0,0x389f8f40
15000,838,0,0x38a94c80
15001,12903,0,0x38b309c0
15002,825,0,0x38bcc700
15003,795,0,0x38c68440
15004,566,0,0x38d04180
15005,517,0,0x38d9fec0
15006,750,0,0x38e3bc00
15007,596,0,0x38ed7940
15008,585,0,0x38f73680
15009,760,0,0x3900f3c0
15010,606,0,0x390ab100
15011,592,0,0x39146e40
15012,510,0,0x391e2b80
15013,748,0,0x3927e8c0
15014,620,0,0x3931a600
15015,570,0,0x393b6340
15016,593,0,0x39452080
15017,780,0,0x394eddc0
15018,1014,0,0x39589b00
15019,537,0,0x39625840
15020,625,0,0x396c1580
15021,762,0,0x3975d2c0
15022,769,0,0x397f9000
15023,601,0,0x39894d40
15024,591,0,0x39930a80
15025,787,0,0x399cc7c0
15026,555,0,0x39a68500
15027,620,0,0x39b04240
15028,612,0,0x39b9ff80
15029,758,0,0x39c3bcc0
15030,570,0,0x39cd7a00
15031,761,0,0x39d73740
15032,576,0,0x39e0f480
15033,800,0,0x39eab1c0
15034,25870,0,0x39f46f00
15035,813,0,0x39fe2c40
15036,86228,0,0x3a07e980
15037,1559,0,0x3a11a6c0
15038,781,0,0x3a1b6400
15039,524,0,0x3a252140
15040,633,0,0x3a2ede80
15041,873,0,0x3a389bc0
15042,39542,0,0x3a425900
15043,19144,0,0x3a4c1640
15044,827,0,0x3a55d380
15045,558,0,0x3a5f90c0
15046,842,0,0x3a694e00
15047,87175,0,0x3a730b40
15048,827,0,0x3a7cc880
15049,574,0,0x3a8685c0
15050,555,0,0x3a904300
15051,602,0,0x3a9a0040
15052,647,0,0x3aa3bd80
15053,987,0,0x3aad7ac0
15054,588,0,0x3ab73800
15055,659,0,0x3ac0f540
15056,623,0,0x3acab280
15057,612,0,0x3ad46fc0
15058,794,0,0x3ade2d00
15059,33094,0,0x3ae7ea40
15060,812,0,0x3af1a780
15061,584,0,0x3afb64c0
15062,585,0,0x3b052200
15063,635,0,0x3b0edf40
15064,599,0,0x3b189c80
15065,609,0,0x3b2259c0
15066,979,0,0x3b2c1700
15067,19364,0,0x3b35d440
15068,588,0,0x3b3f9180
15069,594,0,0x3b494ec0
15070,564,0,0x3b530c00
15071,619,0,0x3b5cc940
15072,566,0,0x3b668680
15073,516,0,0x3b7043c0
15074,585,0,0x3b7a0100
15075,643,0,0x3b83be40
15076,619,0,0x3b8d7b80
15077,598,0,0x3b9738c0
15078,747,0,0x3ba0f600
15079,624,0,0x3baab340
15080,565,0,0x3bb47080
15081,758,0,0x3bbe2dc0
15082,594,0,0x3bc7eb00
15083,598,0,0x3bd1a840
15084,607,0,0x3bdb6580
15085,1011,0,0x3be522c0
15086,593,0,0x3beee000
15087,810,0,0x3bf89d40
15088,795,0,0x3c025a80
15089,540,0,0x3c0c17c0
15090,572,0,0x3c15d500
15091,570,0,0x3c1f9240
15092,638,0,0x3c294f80
15093,1009,0,0x3c330cc0
15094,565,0,0x3c3cca00
15095,615,0,0x3c468740
15096,588,0,0x3c504480
15097,579,0,0x3c5a01c0
15098,596,0,0x3c63bf00
15099,545,0,0x3c6d7c40
15100,604,0,0x3c773980
15101,621,0,0x3c80f6c0
15102,597,0,0x3c8ab400
15103,534,0,0x3c947140
15104,863,0,0x3c9e2e80
15105,562,0,0x3ca7ebc0
15106,1332,0,0x3cb1a900
15107,578,0,0x3cbb6640
15108,567,0,0x3cc52380
15109,544,0,0x3ccee0c0
15110,623,0,0x3cd89e00
15111,609,0,0x3ce25b40
15112,826,0,0x3cec1880
15113,599,0,0x3cf5d5c0
15114,1014,0,0x3cff9300
15115,1038,0,0x3d095040
15116,609,0,0x3d130d80
15117,603,0,0x3d1ccac0
15118,776,0,0x3d268800
15119,40988,0,0x3d304540
15120,2075,0,0x3d3a0280
15121,813,0,0x3d43bfc0
15122,537,0,0x3d4d7d00
15123,627,0,0x3d573a40
15124,766,0,0x3d60f780
15125,596,0,0x3d6ab4c0
15126,770,0,0x3d747200
15127,41110,0,0x3d7e2f40
15128,1002,0,0x3d87ec80
15129,778,0,0x3d91a9c0
15130,584,0,0x3d9b6700
15131,595,0,0x3da52440
15132,550,0,0x3daee180
15133,862,0,0x3db89ec0
15134,550,0,0x3dc25c00
15135,520,0,0x3dcc1940
15136,608,0,0x3dd5d680
15137,1189,0,0x3ddf93c0
15138,596,0,0x3de95100
15139,564,0,0x3df30e40
15140,567,0,0x3dfccb80
15141,591,0,0x3e0688c0
15142,825,0,0x3e104600
15143,51751,0,0x3e1a0340
15144,794,0,0x3e23c080
15145,587,0,0x3e2d7dc0
15146,573,0,0x3e373b00
15147,591,0,0x3e40f840
15148,550,0,0x3e4ab580
15149,617,0,0x3e5472c0
15150,846,0,0x3e5e3000
15151,37375,0,0x3e67ed40
15152,510,0,0x3e71aa80
15153,1515,0,0x3e7b67c0
15154,2579,0,0x3e852500
15155,1490,0,0x3e8ee240
15156,55889,0,0x3e989f80
15157,786,0,0x3ea25cc0
15158,575,0,0x3eac1a00
15159,581,0,0x3eb5d740
15160,648,0,0x3ebf9480
15161,627,0,0x3ec951c0
15162,607,0,0x3ed30f00
15163,796,0,0x3edccc40
15164,49878,0,0x3ee68980
15165,768,0,0x3ef046c0
15166,631,0,0x3efa0400
15167,592,0,0x3f03c140
15168,595,0,0x3f0d7e80
15169,588,0,0x3f173bc0
15170,639,0,0x3f20f900
15171,789,0,0x3f2ab640
15172,34968,0,0x3f347380
15173,1238,0,0x3f3e30c0
15174,676,0,0x3f47ee00
15175,782,0,0x3f51ab40
15176,577,0,0x3f5b6880
15177,542,0,0x3f6525c0
15178,625,0,0x3f6ee300
15179,602,0,0x3f78a040
15180,743,0,0x3f825d80
15181,849,0,0x3f8c1ac0
15182,623,0,0x3f95d800
15183,741,0,0x3f9f9540
15184,596,0,0x3fa95280
15185,604,0,0x3fb30fc0
15186,754,0,0x3fbccd00
15187,600,0,0x3fc68a40
15188,582,0,0x3fd04780
15189,1007,0,0x3fda04c0
15190,612,0,0x3fe3c200
15191,584,0,0x3fed7f40
15192,591,0,0x3ff73c80
15193,595,0,0xfa00
15194,540,0,0xab740
15195,1013,0,0x147480
15196,546,0,0x1e31c0
15197,547,0,0x27ef00
15198,633,0,0x31ac40
15199,616,0,0x3b6980
15200,726,0,0x4526c0
15201,610,0,0x4ee400
15202,625,0,0x58a140
15203,1220,0,0x625e80
15204,36243,0,0x6c1bc0
15205,783,0,0x75d900
15206,614,0,0x7f9640
15207,593,0,0x895380
15208,747,0,0x9310c0
15209,50586,0,0x9cce00
15210,815,0,0xa68b40
15211,35657,0,0xb04880
15212,756,0,0xba05c0
15213,598,0,0xc3c300
15214,489,0,0xcd8040
15215,742,0,0xd73d80
15216,523,0,0xe0fac0
15217,531,0,0xeab800
15218,775,0,0xf47540
15219,533,0,0xfe3280
15220,536,0,0x107efc0
15221,18981,0,0x111ad00
15222,818,0,0x11b6a40
15223,38832,0,0x1252780
15224,766,0,0x12ee4c0
15225,601,0,0x138a200
15226,564,0,0x1425f40
15227,748,0,0x14c1c80
15228,545,0,0x155d9c0
15229,610,0,0x15f9700
15230,572,0,0x1695440
15231,587,0,0x1731180
15232,798,0,0x17ccec0
15233,41639,0,0x1868c00
15234,864,0,0x1904940
15235,976,0,0x19a0680
15236,788,0,0x1a3c3c0
15237,40099,0,0x1ad8100
15238,1097,0,0x1b73e40
15239,543,0,0x1c0fb80
15240,593,0,0x1cab8c0
15241,644,0,0x1d47600
15242,617,0,0x1de3340
15243,944,0,0x1e7f080
15244,1092,0,0x1f1adc0
15245,538,0,0x1fb6b00
15246,579,0,0x2052840
15247,551,0,0x20ee580
15248,854,0,0x218a2c0
15249,529,0,0x2226000
15250,615,0,0x22c1d40
15251,855,0,0x235da80
15252,566,0,0x23f97c0
15253,556,0,0x2495500
15254,1155,0,0x2531240
15255,805,0,0x25ccf80
15256,515,0,0x2668cc0
15257,788,0,0x2704a00
15258,5819,0,0x27a0740
15259,813,0,0x283c480
15260,1015,0,0x28d81c0
15261,563,0,0x2973f00
15262,830,0,0x2a0fc40
15263,567,0,0x2aab980
15264,554,0,0x2b476c0
15265,568,0,0x2be3400
15266,615,0,0x2c7f140
15267,511,0,0x2d1ae80
15268,606,0,0x2db6bc0
15269,573,0,0x2e52900
15270,635,0,0x2eee640
15271,595,0,0x2f8a380
15272,737,0,0x30260c0
15273,530,0,0x30c1e00
15274,607,0,0x315db40
15275,768,0,0x31f9880
15276,539,0,0x32955c0
15277,674,0,0x3331300
15278,1025,0,0x33cd040
15279,778,0,0x3468d80
15280,572,0,0x3504ac0
15281,522,0,0x35a0800
15282,579,0,0x363c540
15283,630,0,0x36d8280
15284,784,0,0x3773fc0
15285,540,0,0x380fd00
15286,802,0,0x38aba40
15287,20030,0,0x3947780
15288,1201,0,0x39e34c0
15289,880,0,0x3a7f200
15290,40698,0,0x3b1af40
15291,1018,0,0x3bb6c80
15292,581,0,0x3c529c0
15293,1005,0,0x3cee700
15294,1037,0,0x3d8a440
15295,571,0,0x3e26180
15296,568,0,0x3ec1ec0
15297,610,0,0x3f5dc00
15298,492,0,0x3ff9940
15299,740,0,0x4095680
15300,594,0,0x41313c0
15301,491,0,0x41cd100
15302,761,0,0x4268e40
15303,604,0,0x4304b80
15304,555,0,0x43a08c0
15305,619,0,0x443c600
15306,776,0,0x44d8340
15307,1040,0,0x4574080
15308,1502,0,0x460fdc0
15309,636,0,0x46abb00
15310,612,0,0x4747840
15311,755,0,0x47e3580
15312,598,0,0x487f2c0
15313,563,0,0x491b000
15314,843,0,0x49b6d40
15315,596,0,0x4a52a80
15316,595,0,0x4aee7c0
15317,586,0,0x4b8a500
15318,583,0,0x4c26240
15319,623,0,0x4cc1f80
15320,784,0,0x4d5dcc0
15321,973,0,0x4df9a00
15322,598,0,0x4e95740
15323,859,0,0x4f31480
15324,27497,0,0x4fcd1c0
15325,992,0,0x5068f00
15326,529,0,0x5104c40
15327,626,0,0x51a0980
15328,594,0,0x523c6c0
15329,729,0,0x52d8400
15330,581,0,0x5374140
15331,555,0,0x540fe80
15332,732,0,0x54abbc0
15333,523,0,0x5547900
15334,647,0,0x55e3640
15335,762,0,0x567f380
15336,554,0,0x571b0c0
15337,580,0,0x57b6e00
15338,1185,0,0x5852b40
15339,536,0,0x58ee880
15340,630,0,0x598a5c0
15341,564,0,0x5a26300
15342,597,0,0x5ac2040
15343,796,0,0x5b5dd80
15344,558,0,0x5bf9ac0
15345,510,0,0x5c95800
15346,726,0,0x5d31540
15347,592,0,0x5dcd280
15348,582,0,0x5e68fc0
15349,584,0,0x5f04d00
15350,771,0,0x5fa0a40
15351,999,0,0x603c780
15352,551,0,0x60d84c0
15353,521,0,0x6174200
15354,780,0,0x620ff40
15355,5214,0,0x62abc80
15356,988,0,0x63479c0
15357,543,0,0x63e3700
15358,579,0,0x647f440
15359,579,0,0x651b180
15360,559,0,0x65b6ec0
15361,539,0,0x6652c00
15362,608,0,0x66ee940
15363,612,0,0x678a680
15364,730,0,0x68263c0
15365,623,0,0x68c2100
15366,607,0,0x695de40
15367,759,0,0x69f9b80
15368,601,0,0x6a958c0
15369,579,0,0x6b31600
15370,594,0,0x6bcd340
15371,827,0,0x6c69080
15372,864,0,0x6d04dc0
15373,1179,0,0x6da0b00
15374,1046,0,0x6e3c840
15375,976,0,0x6ed8580
15376,1461,0,0x6f742c0
15377,1047,0,0x7010000
15378,1257,0,0x70abd40
15379,13107,0,0x71e37c0
15380,652,0,0x727f500
15381,1191,0,0x731b240
15382,650,0,0x73b6f80
15383,631,0,0x7452cc0
15384,606,0,0x74eea00
15385,544,0,0x758a740
15386,540,0,0x7626480
15387,1017,0,0x76c21c0
15388,562,0,0x775df00
15389,620,0,0x77f9c40
15390,606,0,0x7895980
15391,624,0,0x79316c0
15392,725,0,0x79cd400
15393,601,0,0x7a69140
15394,568,0,0x7b04e80
15395,584,0,0x7ba0bc0
15396,581,0,0x7c3c900
15397,1041,0,0x7cd8640
15398,990,0,0x7d74380
15399,621,0,0x7e100c0
15400,616,0,0x7eabe00
15401,597,0,0x7f47b40
15402,834,0,0x7fe3880
15403,607,0,0x807f5c0
15404,624,0,0x811b300
15405,586,0,0x81b7040
15406,26155,0,0x8252d80
15407,881,0,0x82eeac0
15408,50431,0,0x838a800
15409,19074,0,0x84c2280
15410,564,0,0x855dfc0
15411,820,0,0x85f9d00
15412,27934,0,0x8695a40
15413,1003,0,0x8731780
15414,819,0,0x87cd4c0
15415,596,0,0x8869200
15416,577,0,0x8904f40
15417,754,0,0x89a0c80
15418,517,0,0x8a3c9c0
15419,777,0,0x8ad8700
15420,590,0,0x8b74440
15421,803,0,0x8c10180
15422,565,0,0x8cabec0
15423,843,0,0x8d47c00
15424,541,0,0x8de3940
15425,613,0,0x8e7f680
15426,852,0,0x8f1b3c0
15427,551,0,0x8fb7100
15428,607,0,0x9052e40
15429,570,0,0x90eeb80
15430,589,0,0x918a8c0
15431,585,0,0x9226600
15432,801,0,0x92c2340
15433,1014,0,0x935e080
15434,777,0,0x93f9dc0
15435,559,0,0x9495b00
15436,579,0,0x9531840
15437,568,0,0x95cd580
15438,525,0,0x96692c0
15439,756,0,0x9705000
15440,535,0,0x97a0d40
15441,879,0,0x983ca80
15442,568,0,0x98d87c0
15443,565,0,0x9974500
15444,734,0,0x9a10240
15445,599,0,0x9aabf80
15446,582,0,0x9b47cc0
15447,547,0,0x9be3a00
15448,769,0,0x9c7f740
15449,36173,0,0x9d1b480
15450,505,0,0x9db71c0
15451,480,0,0x9e52f00
15452,985,0,0x9eeec40
15453,60940,0,0xa0266c0
15454,566,0,0xa0c2400
15455,842,0,0xa15e140
15456,531,0,0xa1f9e80
15457,893,0,0xa295bc0
15458,54639,0,0xa331900
15459,293,0,0xa3cd640
15460,1240,0,0xa469380
15461,1195,0,0xa5050c0
15462,1034,0,0xa5a0e00
15463,1184,0,0xa63cb40
15464,1512,0,0xa6d8880
15465,1461,0,0xa7745c0
15466,572,0,0xa810300
15467,589,0,0xa8ac040
15468,656,0,0xa947d80
15469,624,0,0xa9e3ac0
15470,747,0,0xaa7f800
15471,583,0,0xab1b540
15472,598,0,0xabb7280
15473,593,0,0xac52fc0
15474,560,0,0xaceed00
15475,602,0,0xad8aa40
15476,586,0,0xae26780
15477,520,0,0xaec24c0
15478,1220,0,0xaf5e200
15479,592,0,0xaff9f40
15480,574,0,0xb095c80
15481,801,0,0xb1319c0
15482,8221,0,0xb1cd700
15483,781,0,0xb269440
15484,522,0,0xb305180
15485,786,0,0xb3a0ec0
15486,1049,0,0xb43cc00
15487,1017,0,0xb4d8940
15488,546,0,0xb574680
15489,601,0,0xb6103c0
15490,581,0,0xb6ac100
15491,580,0,0xb747e40
15492,592,0,0xb7e3b80
15493,648,0,0xb87f8c0
15494,582,0,0xb91b600
15495,583,0,0xb9b7340
15496,811,0,0xba53080
15497,54938,0,0xbaeedc0
15498,809,0,0xbb8ab00
15499,603,0,0xbc26840
15500,587,0,0xbcc2580
15501,802,0,0xbd5e2c0
15502,1220,0,0xbdfa000
15503,954,0,0xbe95d40
15504,519,0,0xbf31a80
15505,609,0,0xbfcd7c0
15506,748,0,0xc069500
15507,577,0,0xc105240
15508,649,0,0xc1a0f80
15509,757,0,0xc23ccc0
15510,758,0,0xc2d8a00
15511,598,0,0xc374740
15512,589,0,0xc410480
15513,731,0,0xc4ac1c0
15514,577,0,0xc547f00
15515,578,0,0xc5e3c40
15516,602,0,0xc67f980
15517,718,0,0xc71b6c0
15518,1043,0,0xc7b7400
15519,554,0,0xc853140
15520,571,0,0xc8eee80
15521,874,0,0xc98abc0
15522,569,0,0xca26900
15523,800,0,0xcac2640
15524,573,0,0xcb5e380
15525,744,0,0xcbfa0c0
15526,541,0,0xcc95e00
15527,1224,0,0xcd31b40
15528,982,0,0xcdcd880
15529,603,0,0xce695c0
15530,798,0,0xcf05300
15531,23112,0,0xcfa1040
15532,1012,0,0xd03cd80
15533,1088,0,0xd0d8ac0
15534,22303,0,0xd174800
15535,770,0,0xd210540
15536,671,0,0xd2ac280
15537,611,0,0xd347fc0
15538,608,0,0xd3e3d00
15539,597,0,0xd47fa40
15540,807,0,0xd51b780
15541,566,0,0xd5b74c0
15542,576,0,0xd653200
15543,584,0,0xd6eef40
15544,541,0,0xd78ac80
15545,608,0,0xd8269c0
15546,622,0,0xd8c2700
15547,978,0,0xd95e440
15548,595,0,0xd9fa180
15549,603,0,0xda95ec0
15550,565,0,0xdb31c00
15551,543,0,0xdbcd940
15552,581,0,0xdc69680
15553,520,0,0xdd053c0
15554,588,0,0xdda1100
15555,760,0,0xde3ce40
15556,2311,0,0xded8b80
15557,1441,0,0xdf748c0
15558,1008,0,0xe010600
15559,492,0,0xe0ac340
15560,805,0,0xe148080
15561,579,0,0xe1e3dc0
15562,562,0,0xe27fb00
15563,790,0,0xe31b840
15564,78857,0,0xe3b7580
15565,848,0,0xe4532c0
15566,528,0,0xe4ef000
15567,579,0,0xe58ad40
15568,553,0,0xe626a80
15569,846,0,0xe6c27c0
15570,538,0,0xe75e500
15571,516,0,0xe7fa240
15572,612,0,0xe895f80
15573,954,0,0xe931cc0
15574,1016,0,0xe9cda00
15575,582,0,0xea69740
15576,735,0,0xeb05480
15577,594,0,0xeba11c0
15578,840,0,0xec3cf00
15579,13940,0,0xecd8c40
15580,757,0,0xed74980
15581,544,0,0xee106c0
15582,618,0,0xeeac400
15583,597,0,0xef48140
15584,600,0,0xefe3e80
15585,822,0,0xf07fbc0
15586,593,0,0xf11b900
15587,765,0,0xf1b7640
15588,595,0,0xf253380
15589,1000,0,0xf2ef0c0
15590,29729,0,0xf38ae00
15591,999,0,0xf426b40
15592,624,0,0xf4c2880
15593,607,0,0xf55e5c0
15594,749,0,0xf5fa300
15595,814,0,0xf696040
15596,657,0,0xf731d80
15597,384,0,0xf7cdac0
15598,1025,0,0xf869800
15599,34043,0,0xf9a1280
15600,752,0,0xfa3cfc0
15601,534,0,0xfad8d00
15602,765,0,0xfb74a40
15603,538,0,0xfc10780
15604,578,0,0xfcac4c0
15605,811,0,0xfd48200
15606,577,0,0xfde3f40
15607,563,0,0xfe7fc80
15608,509,0,0xff1b9c0
15609,622,0,0xffb7700
15610,611,0,0x10053440
15611,813,0,0x100ef180
15612,21874,0,0x1018aec0
15613,773,0,0x10226c00
15614,30869,0,0x102c2940
15615,775,0,0x1035e680
15616,559,0,0x103fa3c0
15617,640,0,0x10496100
15618,621,0,0x10531e40
15619,598,0,0x105cdb80
15620,1224,0,0x106698c0
15621,590,0,0x10705600
15622,562,0,0x107a1340
15623,581,0,0x1083d080
15624,1486,0,0x108d8dc0
15625,34087,0,0x10a10840
15626,617,0,0x10aac580
15627,549,0,0x10b482c0
15628,748,0,0x10be4000
15629,998,0,0x10c7fd40
15630,609,0,0x10d1ba80
15631,600,0,0x10db77c0
15632,789,0,0x10e53500
15633,26578,0,0x10eef240
15634,837,0,0x10f8af80
15635,544,0,0x11026cc0
15636,641,0,0x110c2a00
15637,606,0,0x1115e740
15638,623,0,0x111fa480
15639,598,0,0x112961c0
15640,549,0,0x11331f00
15641,521,0,0x113cdc40
15642,612,0,0x11469980
15643,579,0,0x115056c0
15644,623,0,0x115a1400
15645,602,0,0x1163d140
15646,623,0,0x116d8e80
15647,743,0,0x11774bc0
15648,608,0,0x11810900
15649,584,0,0x118ac640
15650,609,0,0x11948380
15651,577,0,0x119e40c0
15652,902,0,0x11a7fe00
15653,567,0,0x11b1bb40
15654,552,0,0x11bb7880
15655,648,0,0x11c535c0
15656,606,0,0x11cef300
15657,619,0,0x11d8b040
15658,748,0,0x11e26d80
15659,9851,0,0x11ec2ac0
15660,582,0,0x11f5e800
15661,798,0,0x11ffa540
15662,619,0,0x12096280
15663,601,0,0x12131fc0
15664,1055,0,0x121cdd00
15665,785,0,0x12269a40
15666,546,0,0x12305780
15667,797,0,0x123a14c0
15668,89450,0,0x1243d200
15669,818,0,0x124d8f40
15670,616,0,0x12574c80
15671,583,0,0x126109c0
15672,621,0,0x126ac700
15673,577,0,0x12748440
15674,744,0,0x127e4180
15675,45867,0,0x1287fec0
15676,797,0,0x1291bc00
15677,561,0,0x129b7940
15678,1041,0,0x12a53680
15679,12586,0,0x12aef3c0
15680,579,0,0x12b8b100
15681,570,0,0x12c26e40
15682,832,0,0x12cc2b80
15683,612,0,0x12d5e8c0
15684,591,0,0x12dfa600
15685,797,0,0x12e96340
15686,89303,0,0x12f32080
15687,573,0,0x12fcddc0
15688,581,0,0x13069b00
15689,758,0,0x13105840
15690,48418,0,0x131a1580
15691,734,0,0x1323d2c0
15692,825,0,0x132d9000
15693,573,0,0x13374d40
15694,985,0,0x13410a80
15695,604,0,0x134ac7c0
15696,784,0,0x13548500
15697,1006,0,0x135e4240
15698,999,0,0x1367ff80
15699,1055,0,0x1371bcc0
15700,1206,0,0x137b7a00
15701,1004,0,0x13853740
15702,1035,0,0x138ef480
15703,1040,0,0x1398b1c0
15704,34441,0,0x13ac2c40
15705,570,0,0x13b5e980
15706,621,0,0x13bfa6c0
15707,766,0,0x13c96400
15708,61770,0,0x13d32140
15709,1000,0,0x13dcde80
15710,616,0,0x13e69bc0
15711,768,0,0x13f05900
15712,623,0,0x13fa1640
15713,577,0,0x1403d380
15714,588,0,0x140d90c0
15715,552,0,0x14174e00
15716,624,0,0x14210b40
15717,586,0,0x142ac880
15718,744,0,0x143485c0
15719,581,0,0x143e4300
15720,608,0,0x14480040
15721,621,0,0x1451bd80
15722,837,0,0x145b7ac0
15723,596,0,0x14653800
15724,512,0,0x146ef540
15725,828,0,0x1478b280
15726,4322,0,0x14826fc0
15727,16529,0,0x1495ea40
15728,637,0,0x149fa780
15729,1206,0,0x14a964c0
15730,567,0,0x14b32200
15731,763,0,0x14bcdf40
15732,792,0,0x14c69c80
15733,73509,0,0x14d059c0
15734,611,0,0x14da1700
15735,510,0,0x14e3d440
15736,774,0,0x14ed9180
15737,788,0,0x14f74ec0
15738,619,0,0x15010c00
15739,774,0,0x150ac940
15740,1017,0,0x15148680
15741,579,0,0x151e43c0
15742,829,0,0x15280100
15743,901,0,0x1531be40
15744,549,0,0x153b7b80
15745,567,0,0x154538c0
15746,590,0,0x154ef600
15747,556,0,0x1558b340
15748,626,0,0x15627080
15749,618,0,0x156c2dc0
15750,800,0,0x1575eb00
15751,9642,0,0x157fa840
15752,88817,0,0x159322c0
15753,642,0,0x159ce000
15754,781,0,0x15a69d40
15755,557,0,0x15b05a80
15756,519,0,0x15ba17c0
15757,613,0,0x15c3d500
15758,605,0,0x15cd9240
15759,746,0,0x15d74f80
15760,622,0,0x15e10cc0
15761,10247,0,0x15eaca00
15762,1260,0,0x15f48740
15763,2183,0,0x15fe4480
15764,331,0,0x160801c0
15765,88934,0,0x161b7c40
15766,6505,0,0x16253980
15767,1506,0,0x162ef6c0
15768,595,0,0x1638b400
15769,772,0,0x16427140
15770,1012,0,0x164c2e80
15771,822,0,0x1655ebc0
15772,729,0,0x165fa900
15773,586,0,0x16696640
15774,615,0,0x16732380
15775,615,0,0x167ce0c0
15776,764,0,0x16869e00
15777,593,0,0x16905b40
15778,741,0,0x169a1880
15779,535,0,0x16a3d5c0
15780,629,0,0x16ad9300
15781,783,0,0x16b75040
15782,12500,0,0x16c10d80
15783,1024,0,0x16cacac0
15784,781,0,0x16d48800
15785,598,0,0x16de4540
15786,793,0,0x16e80280
15787,594,0,0x16f1bfc0
15788,596,0,0x16fb7d00
15789,733,0,0x17053a40
15790,592,0,0x170ef780
15791,506,0,0x1718b4c0
15792,612,0,0x17227200
15793,797,0,0x172c2f40
15794,106094,0,0x1735ec80
15795,808,0,0x173fa9c0
15796,22905,0,0x17496700
15797,815,0,0x17532440
15798,798,0,0x175ce180
15799,542,0,0x17669ec0
15800,73720,0,0x177a1940
15801,580,0,0x1783d680
15802,614,0,0x178d93c0
15803,742,0,0x17975100
15804,871,0,0x17a10e40
15805,598,0,0x17aacb80
15806,728,0,0x17b488c0
15807,1068,0,0x17be4600
15808,834,0,0x17c80340
15809,603,0,0x17d1c080
15810,594,0,0x17db7dc0
15811,609,0,0x17e53b00
15812,730,0,0x17eef840
15813,582,0,0x17f8b580
15814,1220,0,0x180272c0
15815,1152,0,0x180c3000
15816,860,0,0x1815ed40
15817,808,0,0x181faa80
15818,9553,0,0x182967c0
15819,759,0,0x18332500
15820,509,0,0x183ce240
15821,599,0,0x18469f80
15822,770,0,0x18505cc0
15823,790,0,0x185a1a00
15824,5172,0,0x1863d740
15825,642,0,0x186d9480
15826,829,0,0x187751c0
15827,742,0,0x18810f00
15828,598,0,0x188acc40
15829,510,0,0x18948980
15830,771,0,0x189e46c0
15831,16837,0,0x18a80400
15832,729,0,0x18b1c140
15833,605,0,0x18bb7e80
15834,666,0,0x18c53bc0
15835,622,0,0x18cef900
15836,590,0,0x18d8b640
15837,800,0,0x18e27380
15838,108361,0,0x18ec30c0
15839,622,0,0x18f5ee00
15840,593,0,0x18ffab40
15841,576,0,0x19096880
15842,564,0,0x191325c0
15843,609,0,0x191ce300
15844,590,0,0x1926a040
15845,581,0,0x19305d80
15846,786,0,0x193a1ac0
15847,6733,0,0x1943d800
15848,810,0,0x194d9540
15849,588,0,0x19575280
15850,594,0,0x19610fc0
15851,771,0,0x196acd00
15852,575,0,0x19748a40
15853,617,0,0x197e4780
15854,737,0,0x198804c0
15855,597,0,0x1991c200
15856,599,0,0x199b7f40
15857,720,0,0x19a53c80
15858,628,0,0x19aef9c0
15859,1629,0,0x19b8b700
15860,597,0,0x19c27440
15861,2463,0,0x19cc3180
15862,778,0,0x19d5eec0
15863,783,0,0x19dfac00
15864,549,0,0x19e96940
15865,565,0,0x19f32680
15866,552,0,0x19fce3c0
15867,617,0,0x1a06a100
15868,589,0,0x1a105e40
15869,586,0,0x1a1a1b80
15870,1233,0,0x1a23d8c0
15871,1081,0,0x1a2d9600
15872,597,0,0x1a375340
15873,575,0,0x1a411080
15874,820,0,0x1a4acdc0
15875,1041,0,0x1a548b00
15876,1314,0,0x1a5e4840
15877,1007,0,0x1a680580
15878,1000,0,0x1a71c2c0
15879,1495,0,0x1a7b8000
15880,1011,0,0x1a853d40
15881,55578,0,0x1a98b7c0
15882,759,0,0x1aa27500
15883,603,0,0x1aac3240
15884,598,0,0x1ab5ef80
15885,611,0,0x1abfacc0
15886,756,0,0x1ac96a00
15887,15103,0,0x1ad32740
15888,753,0,0x1adce480
15889,512,0,0x1ae6a1c0
15890,765,0,0x1af05f00
15891,544,0,0x1afa1c40
15892,536,0,0x1b03d980
15893,1062,0,0x1b0d96c0
15894,39474,0,0x1b175400
15895,39577,0,0x1b2ace80
15896,598,0,0x1b348bc0
15897,559,0,0x1b3e4900
15898,542,0,0x1b480640
15899,589,0,0x1b51c380
15900,511,0,0x1b5b80c0
15901,600,0,0x1b653e00
15902,541,0,0x1b6efb40
15903,864,0,0x1b78b880
15904,563,0,0x1b8275c0
15905,579,0,0x1b8c3300
15906,612,0,0x1b95f040
15907,785,0,0x1b9fad80
15908,550,0,0x1ba96ac0
15909,530,0,0x1bb32800
15910,595,0,0x1bbce540
15911,770,0,0x1bc6a280
15912,793,0,0x1bd05fc0
15913,5438,0,0x1bda1d00
15914,784,0,0x1be3da40
15915,58678,0,0x1bed9780
15916,779,0,0x1bf754c0
15917,1065,0,0x1c011200
15918,1268,0,0x1c0acf40
15919,1221,0,0x1c148c80
15920,1025,0,0x1c1e49c0
15921,1030,0,0x1c280700
15922,942,0,0x1c31c440
15923,1486,0,0x1c3b8180
15924,1456,0,0x1c453ec0
15925,574,0,0x1c4efc00
15926,581,0,0x1c58b940
15927,553,0,0x1c627680
15928,541,0,0x1c6c33c0
15929,603,0,0x1c75f100
15930,635,0,0x1c7fae40
15931,755,0,0x1c896b80
15932,607,0,0x1c9328c0
15933,579,0,0x1c9ce600
15934,544,0,0x1ca6a340
15935,563,0,0x1cb06080
15936,554,0,0x1cba1dc0
15937,1198,0,0x1cc3db00
15938,66440,0,0x1ccd9840
15939,594,0,0x1cd75580
15940,628,0,0x1ce112c0
15941,600,0,0x1cead000
15942,63245,0,0x1cf48d40
15943,736,0,0x1cfe4a80
15944,1246,0,0x1d0807c0
15945,1113,0,0x1d11c500
15946,19228,0,0x1d1b8240
15947,802,0,0x1d253f80
15948,598,0,0x1d2efcc0
15949,803,0,0x1d38ba00
15950,63802,0,0x1d427740
15951,597,0,0x1d4c3480
15952,660,0,0x1d55f1c0
15953,298,0,0x1d5faf00
15954,41702,0,0x1d732980
15955,816,0,0x1d7ce6c0
15956,556,0,0x1d86a400
15957,750,0,0x1d906140
15958,816,0,0x1d9a1e80
15959,55018,0,0x1da3dbc0
15960,866,0,0x1dad9900
15961,565,0,0x1db75640
15962,604,0,0x1dc11380
15963,722,0,0x1dcad0c0
15964,609,0,0x1dd48e00
15965,891,0,0x1dde4b40
15966,1089,0,0x1de80880
15967,27484,0,0x1df1c5c0
15968,806,0,0x1dfb8300
15969,571,0,0x1e054040
15970,577,0,0x1e0efd80
15971,756,0,0x1e18bac0
15972,600,0,0x1e227800
15973,802,0,0x1e2c3540
15974,606,0,0x1e35f280
15975,639,0,0x1e3fafc0
15976,608,0,0x1e496d00
15977,981,0,0x1e532a40
15978,1026,0,0x1e5ce780
15979,585,0,0x1e66a4c0
15980,748,0,0x1e706200
15981,590,0,0x1e7a1f40
15982,504,0,0x1e83dc80
15983,761,0,0x1e8d99c0
15984,602,0,0x1e975700
15985,583,0,0x1ea11440
15986,858,0,0x1eaad180
15987,50080,0,0x1eb48ec0
15988,784,0,0x1ebe4c00
15989,744,0,0x1ec80940
15990,597,0,0x1ed1c680
15991,593,0,0x1edb83c0
15992,571,0,0x1ee54100
15993,794,0,0x1eeefe40
15994,577,0,0x1ef8bb80
15995,579,0,0x1f0278c0
15996,564,0,0x1f0c3600
15997,521,0,0x1f15f340
15998,620,0,0x1f1fb080
15999,615,0,0x1f296dc0
16000,750,0,0x1f332b00
16001,588,0,0x1f3ce840
16002,576,0,0x1f46a580
16003,553,0,0x1f5062c0
16004,880,0,0x1f5a2000
16005,36845,0,0x1f63dd40
16006,784,0,0x1f6d9a80
16007,553,0,0x1f7757c0
16008,572,0,0x1f811500
16009,789,0,0x1f8ad240
16010,618,0,0x1f948f80
16011,751,0,0x1f9e4cc0
16012,1398,0,0x1fa80a00
16013,1461,0,0x1fbb8480
16014,1206,0,0x1fc541c0
16015,1014,0,0x1fceff00
16016,1044,0,0x1fd8bc40
16017,1025,0,0x1fe27980
16018,1019,0,0x1fec36c0
16019,1017,0,0x1ff5f400
16020,1425,0,0x1fffb140
16021,1056,0,0x20096e80
16022,1001,0,0x20132bc0
16023,1029,0,0x201ce900
16024,1206,0,0x2026a640
16025,987,0,0x20306380
16026,1215,0,0x203a20c0
16027,997,0,0x2043de00
16028,1016,0,0x204d9b40
16029,998,0,0x20575880
16030,1040,0,0x206115c0
16031,1025,0,0x206ad300
16032,1054,0,0x20749040
16033,17886,0,0x20880ac0
16034,783,0,0x2091c800
16035,603,0,0x209b8540
16036,297,0,0x20a54280
16037,42420,0,0x20b8bd00
16038,542,0,0x20c27a40
16039,553,0,0x20cc3780
16040,608,0,0x20d5f4c0
16041,770,0,0x20dfb200
16042,906,0,0x20e96f40
16043,992,0,0x20f32c80
16044,547,0,0x20fce9c0
16045,621,0,0x2106a700
16046,607,0,0x21106440
16047,757,0,0x211a2180
16048,597,0,0x2123dec0
16049,510,0,0x212d9c00
16050,770,0,0x21375940
16051,1004,0,0x21411680
16052,558,0,0x214ad3c0
16053,578,0,0x21549100
16054,603,0,0x215e4e40
16055,666,0,0x21680b80
16056,614,0,0x2171c8c0
16057,605,0,0x217b8600
16058,788,0,0x21854340
16059,1021,0,0x218f0080
16060,600,0,0x2198bdc0
16061,882,0,0x21a27b00
16062,572,0,0x21ac3840
16063,553,0,0x21b5f580
16064,817,0,0x21bfb2c0
16065,1006,0,0x21c97000
16066,1010,0,0x21d32d40
16067,1024,0,0x21dcea80
16068,964,0,0x21e6a7c0
16069,1036,0,0x21f06500
16070,1053,0,0x21fa2240
16071,1039,0,0x2203df80
16072,996,0,0x220d9cc0
16073,1847,0,0x22175a00
16074,1209,0,0x22211740
16075,1012,0,0x222ad480
16076,986,0,0x223491c0
16077,1051,0,0x223e4f00
16078,1991,0,0x22480c40
16079,1400,0,0x2251c980
16080,9155,0,0x225b86c0
16081,2058,0,0x22654400
16082,89908,0,0x2278be80
16083,1473,0,0x22827bc0
16084,515,0,0x228c3900
16085,603,0,0x2295f640
16086,796,0,0x229fb380
16087,996,0,0x22a970c0
16088,1003,0,0x22b32e00
16089,1005,0,0x22bceb40
16090,1102,0,0x22c6a880
16091,2331,0,0x22d065c0
16092,988,0,0x22da2300
16093,587,0,0x22e3e040
16094,865,0,0x22ed9d80
16095,2658,0,0x22f75ac0
16096,1907,0,0x23011800
16097,573,0,0x230ad540
16098,1199,0,0x23149280
16099,1474,0,0x231e4fc0
16100,594,0,0x23280d00
16101,1445,0,0x2331ca40
16102,90579,0,0x234544c0
16103,642,0,0x234f0200
16104,587,0,0x2358bf40
16105,609,0,0x23627c80
16106,788,0,0x236c39c0
16107,5701,0,0x2375f700
16108,842,0,0x237fb440
16109,724,0,0x23897180
16110,596,0,0x23932ec0
16111,603,0,0x239cec00
16112,751,0,0x23a6a940
16113,524,0,0x23b06680
16114,833,0,0x23ba23c0
16115,3838,0,0x23c3e100
16116,1003,0,0x23cd9e40
16117,133421,0,0x23d75b80
16118,756,0,0x23e118c0
16119,2099,0,0x23ead600
16120,428,0,0x23f49340
16121,1798,0,0x23fe5080
16122,506,0,0x24080dc0
16123,759,0,0x2411cb00
16124,1040,0,0x241b8840
16125,590,0,0x24254580
16126,578,0,0x242f02c0
16127,821,0,0x2438c000
16128,300,0,0x24427d40
16129,91943,0,0x2455f7c0
16130,823,0,0x245fb500
16131,590,0,0x24697240
16132,767,0,0x24732f80
16133,587,0,0x247cecc0
16134,625,0,0x2486aa00
16135,822,0,0x24906740
16136,554,0,0x249a2480
16137,601,0,0x24a3e1c0
16138,582,0,0x24ad9f00
16139,575,0,0x24b75c40
16140,572,0,0x24c11980
16141,1050,0,0x24cad6c0
16142,572,0,0x24d49400
16143,771,0,0x24de5140
16144,6488,0,0x24e80e80
16145,798,0,0x24f1cbc0
16146,579,0,0x24fb8900
16147,792,0,0x25054640
16148,1032,0,0x250f0380
16149,1004,0,0x2518c0c0
16150,1041,0,0x25227e00
16151,1051,0,0x252c3b40
16152,1073,0,0x2535f880
16153,1052,0,0x253fb5c0
16154,1079,0,0x25497300
16155,1011,0,0x25533040
16156,1038,0,0x255ced80
16157,1005,0,0x2566aac0
16158,1029,0,0x25706800
16159,1176,0,0x257a2540
16160,1066,0,0x2583e280
16161,1732,0,0x258d9fc0
16162,66519,0,0x25a11a40
16163,640,0,0x25aad780
16164,575,0,0x25b494c0
16165,596,0,0x25be5200
16166,773,0,0x25c80f40
16167,556,0,0x25d1cc80
16168,569,0,0x25db89c0
16169,671,0,0x25e54700
16170,101662,0,0x25f8c180
16171,467,0,0x26027ec0
16172,315,0,0x260c3c00
16173,3867,0,0x261fb680
16174,1269,0,0x262973c0
16175,1217,0,0x26333100
16176,979,0,0x263cee40
16177,1017,0,0x2646ab80
16178,1198,0,0x265068c0
16179,845,0,0x265a2600
16180,1196,0,0x2663e340
16181,1029,0,0x266da080
16182,979,0,0x26775dc0
16183,1027,0,0x26811b00
16184,3441,0,0x26949580
16185,1223,0,0x269e52c0
16186,1111,0,0x26a81000
16187,966,0,0x26b1cd40
16188,1059,0,0x26bb8a80
16189,980,0,0x26c547c0
16190,980,0,0x26cf0500
16191,1166,0,0x26d8c240
16192,1062,0,0x26e27f80
16193,953,0,0x26ec3cc0
16194,1010,0,0x26f5fa00
16195,961,0,0x26ffb740
16196,998,0,0x27097480
16197,749,0,0x271331c0
16198,1168,0,0x271cef00
16199,1264,0,0x2726ac40
16200,812,0,0x27306980
16201,1373,0,0x273a26c0
16202,1195,0,0x2743e400
16203,1064,0,0x274da140
16204,965,0,0x27575e80
16205,981,0,0x27611bc0
16206,786,0,0x276ad900
16207,1005,0,0x27749640
16208,969,0,0x277e5380
16209,1252,0,0x278810c0
16210,964,0,0x2791ce00
16211,1000,0,0x279b8b40
16212,1178,0,0x27a54880
16213,838,0,0x27af05c0
16214,983,0,0x27b8c300
16215,824,0,0x27c28040
16216,1003,0,0x27cc3d80
16217,923,0,0x27d5fac0
16218,971,0,0x27dfb800
16219,934,0,0x27e97540
16220,1519,0,0x27f33280
16221,1215,0,0x27fcefc0
16222,954,0,0x2806ad00
16223,1017,0,0x28106a40
16224,1037,0,0x281a2780
16225,1308,0,0x2823e4c0
16226,1207,0,0x282da200
16227,987,0,0x28375f40
16228,1431,0,0x28411c80
16229,952,0,0x284ad9c0
16230,32136,0,0x285e5440
16231,540,0,0x28681180
16232,626,0,0x2871cec0
16233,620,0,0x287b8c00
16234,756,0,0x28854940
16235,586,0,0x288f0680
16236,587,0,0x2898c3c0
16237,596,0,0x28a28100
16238,611,0,0x28ac3e40
16239,1094,0,0x28b5fb80
16240,743,0,0x28bfb8c0
16241,595,0,0x28c97600
16242,570,0,0x28d33340
16243,581,0,0x28dcf080
16244,557,0,0x28e6adc0
16245,529,0,0x28f06b00
16246,789,0,0x28fa2840
16247,597,0,0x2903e580
16248,775,0,0x290da2c0
16249,572,0,0x29176000
16250,594,0,0x29211d40
16251,599,0,0x292ada80
16252,628,0,0x293497c0
16253,784,0,0x293e5500
16254,46601,0,0x29481240
16255,755,0,0x2951cf80
16256,556,0,0x295b8cc0
16257,762,0,0x29654a00
16258,549,0,0x296f0740
16259,615,0,0x2978c480
16260,711,0,0x298281c0
16261,572,0,0x298c3f00
16262,835,0,0x2995fc40
16263,822,0,0x299fb980
16264,602,0,0x29a976c0
16265,849,0,0x29b33400
16266,535,0,0x29bcf140
16267,776,0,0x29c6ae80
16268,554,0,0x29d06bc0
16269,812,0,0x29da2900
16270,568,0,0x29e3e640
16271,555,0,0x29eda380
16272,859,0,0x29f760c0
16273,255,0,0x2a011e00
16274,34588,0,0x2a149880
16275,616,0,0x2a1e55c0
16276,793,0,0x2a281300
16277,598,0,0x2a31d040
16278,561,0,0x2a3b8d80
16279,571,0,0x2a454ac0
16280,1003,0,0x2a4f0800
16281,1020,0,0x2a58c540
16282,579,0,0x2a628280
16283,626,0,0x2a6c3fc0
16284,589,0,0x2a75fd00
16285,579,0,0x2a7fba40
16286,590,0,0x2a897780
16287,1054,0,0x2a9334c0
16288,52744,0,0x2a9cf200
16289,711,0,0x2aa6af40
16290,588,0,0x2ab06c80
16291,592,0,0x2aba29c0
16292,36994,0,0x2ac3e700
16293,744,0,0x2acda440
16294,623,0,0x2ad76180
16295,1031,0,0x2ae11ec0
16296,606,0,0x2aeadc00
16297,640,0,0x2af49940
16298,623,0,0x2afe5680
16299,782,0,0x2b0813c0
16300,52778,0,0x2b11d100
16301,818,0,0x2b1b8e40
16302,585,0,0x2b254b80
16303,594,0,0x2b2f08c0
16304,662,0,0x2b38c600
16305,613,0,0x2b428340
16306,617,0,0x2b4c4080
16307,580,0,0x2b55fdc0
16308,615,0,0x2b5fbb00
16309,1044,0,0x2b697840
16310,757,0,0x2b733580
16311,44997,0,0x2b7cf2c0
16312,726,0,0x2b86b000
16313,592,0,0x2b906d40
16314,592,0,0x2b9a2a80
16315,729,0,0x2ba3e7c0
16316,508,0,0x2bada500
16317,764,0,0x2bb76240
16318,999,0,0x2bc11f80
16319,782,0,0x2bcadcc0
16320,773,0,0x2bd49a00
16321,606,0,0x2bde5740
16322,645,0,0x2be81480
16323,622,0,0x2bf1d1c0
16324,762,0,0x2bfb8f00
16325,38302,0,0x2c054c40
16326,868,0,0x2c0f0980
16327,59694,0,0x2c18c6c0
16328,780,0,0x2c228400
16329,574,0,0x2c2c4140
16330,565,0,0x2c35fe80
16331,617,0,0x2c3fbbc0
16332,579,0,0x2c497900
16333,572,0,0x2c533640
16334,577,0,0x2c5cf380
16335,633,0,0x2c66b0c0
16336,587,0,0x2c706e00
16337,567,0,0x2c7a2b40
16338,593,0,0x2c83e880
16339,546,0,0x2c8da5c0
16340,779,0,0x2c976300
16341,38410,0,0x2ca12040
16342,743,0,0x2caadd80
16343,7649,0,0x2cb49ac0
16344,1083,0,0x2cbe5800
16345,38472,0,0x2cc81540
16346,1229,0,0x2cd1d280
16347,67752,0,0x2cdb8fc0
16348,649,0,0x2ce54d00
16349,616,0,0x2cef0a40
16350,609,0,0x2cf8c780
16351,736,0,0x2d0284c0
16352,601,0,0x2d0c4200
16353,568,0,0x2d15ff40
16354,564,0,0x2d1fbc80
16355,580,0,0x2d2979c0
16356,667,0,0x2d333700
16357,615,0,0x2d3cf440
16358,761,0,0x2d46b180
16359,29243,0,0x2d506ec0
16360,587,0,0x2d5a2c00
16361,769,0,0x2d63e940
16362,556,0,0x2d6da680
16363,827,0,0x2d7763c0
16364,522,0,0x2d812100
16365,524,0,0x2d8ade40
16366,756,0,0x2d949b80
16367,542,0,0x2d9e58c0
16368,780,0,0x2da81600
16369,579,0,0x2db1d340
16370,849,0,0x2dbb9080
16371,293,0,0x2dc54dc0
16372,877,0,0x2dcf0b00
16373,607,0,0x2dd8c840
16374,750,0,0x2de28580
16375,596,0,0x2dec42c0
16376,605,0,0x2df60000
16377,609,0,0x2dffbd40
16378,797,0,0x2e097a80
16379,550,0,0x2e1337c0
16380,606,0,0x2e1cf500
16381,597,0,0x2e26b240
16382,812,0,0x2e306f80
16383,564,0,0x2e3a2cc0
16384,751,0,0x2e43ea00
16385,537,0,0x2e4da740
16386,583,0,0x2e576480
16387,581,0,0x2e6121c0
16388,1020,0,0x2e6adf00
16389,588,0,0x2e749c40
16390,769,0,0x2e7e5980
16391,545,0,0x2e8816c0
16392,621,0,0x2e91d400
16393,601,0,0x2e9b9140
16394,770,0,0x2ea54e80
16395,810,0,0x2eaf0bc0
16396,800,0,0x2eb8c900
16397,557,0,0x2ec28640
16398,812,0,0x2ecc4380
16399,568,0,0x2ed600c0
16400,15288,0,0x2edfbe00
16401,780,0,0x2ee97b40
16402,624,0,0x2ef33880
16403,587,0,0x2efcf5c0
16404,634,0,0x2f06b300
16405,595,0,0x2f107040
16406,558,0,0x2f1a2d80
16407,1243,0,0x2f23eac0
16408,562,0,0x2f2da800
16409,579,0,0x2f376540
16410,637,0,0x2f412280
16411,785,0,0x2f4adfc0
16412,571,0,0x2f549d00
16413,589,0,0x2f5e5a40
16414,631,0,0x2f681780
16415,595,0,0x2f71d4c0
16416,835,0,0x2f7b9200
16417,58172,0,0x2f854f40
16418,813,0,0x2f8f0c80
16419,1002,0,0x2f98c9c0
16420,618,0,0x2fa28700
16421,609,0,0x2fac4440
16422,602,0,0x2fb60180
16423,815,0,0x2fbfbec0
16424,594,0,0x2fc97c00
16425,597,0,0x2fd33940
16426,738,0,0x2fdcf680
16427,610,0,0x2fe6b3c0
16428,572,0,0x2ff07100
16429,594,0,0x2ffa2e40
16430,800,0,0x3003eb80
16431,556,0,0x300da8c0
16432,568,0,0x30176600
16433,580,0,0x30212340
16434,895,0,0x302ae080
16435,544,0,0x30349dc0
16436,588,0,0x303e5b00
16437,804,0,0x30481840
16438,780,0,0x3051d580
16439,768,0,0x305b92c0
16440,602,0,0x30655000
16441,572,0,0x306f0d40
16442,620,0,0x3078ca80
16443,746,0,0x308287c0
16444,599,0,0x308c4500
16445,865,0,0x30960240
16446,746,0,0x309fbf80
16447,558,0,0x30a97cc0
16448,609,0,0x30b33a00
16449,761,0,0x30bcf740
16450,602,0,0x30c6b480
16451,582,0,0x30d071c0
16452,1005,0,0x30da2f00
16453,648,0,0x30e3ec40
16454,804,0,0x30eda980
16455,606,0,0x30f766c0
16456,580,0,0x31012400
16457,646,0,0x310ae140
16458,746,0,0x31149e80
16459,2583,0,0x311e5bc0
16460,1018,0,0x31281900
16461,553,0,0x3131d640
16462,769,0,0x313b9380
16463,550,0,0x314550c0
16464,615,0,0x314f0e00
16465,715,0,0x3158cb40
16466,570,0,0x31628880
16467,566,0,0x316c45c0
16468,15975,0,0x31760300
16469,758,0,0x317fc040
16470,614,0,0x31897d80
16471,594,0,0x31933ac0
16472,583,0,0x319cf800
16473,1241,0,0x31a6b540
16474,621,0,0x31b07280
16475,787,0,0x31ba2fc0
16476,629,0,0x31c3ed00
16477,586,0,0x31cdaa40
16478,570,0,0x31d76780
16479,595,0,0x31e124c0
16480,624,0,0x31eae200
16481,1088,0,0x31f49f40
16482,551,0,0x31fe5c80
16483,577,0,0x320819c0
16484,573,0,0x3211d700
16485,581,0,0x321b9440
16486,812,0,0x32255180
16487,560,0,0x322f0ec0
16488,565,0,0x3238cc00
16489,995,0,0x32428940
16490,12142,0,0x324c4680
16491,815,0,0x325603c0
16492,95280,0,0x325fc100
16493,795,0,0x32697e40
16494,6852,0,0x32733b80
16495,826,0,0x327cf8c0
16496,829,0,0x3286b600
16497,844,0,0x32907340
16498,527,0,0x329a3080
16499,497,0,0x32a3edc0
16500,724,0,0x32adab00
16501,600,0,0x32b76840
16502,835,0,0x32c12580
16503,523,0,0x32cae2c0
16504,513,0,0x32d4a000
16505,755,0,0x32de5d40
16506,535,0,0x32e81a80
16507,588,0,0x32f1d7c0
16508,622,0,0x32fb9500
16509,597,0,0x33055240
16510,932,0,0x330f0f80
16511,1045,0,0x3318ccc0
16512,749,0,0x33228a00
16513,579,0,0x332c4740
16514,836,0,0x33360480
16515,22264,0,0x333fc1c0
16516,768,0,0x33497f00
16517,1218,0,0x33533c40
16518,983,0,0x335cf980
16519,549,0,0x3366b6c0
16520,539,0,0x33707400
16521,45827,0,0x3383ee80
16522,829,0,0x338dabc0
16523,797,0,0x33976900
16524,23477,0,0x33a12640
16525,553,0,0x33aae380
16526,599,0,0x33b4a0c0
16527,724,0,0x33be5e00
16528,595,0,0x33c81b40
16529,564,0,0x33d1d880
16530,581,0,0x33db95c0
16531,775,0,0x33e55300
16532,547,0,0x33ef1040
16533,818,0,0x33f8cd80
16534,531,0,0x34028ac0
16535,626,0,0x340c4800
16536,760,0,0x34160540
16537,734,0,0x341fc280
16538,578,0,0x34297fc0
16539,781,0,0x34333d00
16540,1023,0,0x343cfa40
16541,758,0,0x3446b780
16542,738,0,0x345074c0
16543,19945,0,0x345a3200
16544,770,0,0x3463ef40
16545,579,0,0x346dac80
16546,576,0,0x347769c0
16547,551,0,0x34812700
16548,878,0,0x348ae440
16549,550,0,0x3494a180
16550,1030,0,0x349e5ec0
16551,1046,0,0x34a81c00
16552,986,0,0x34b1d940
16553,1029,0,0x34bb9680
16554,1041,0,0x34c553c0
16555,974,0,0x34cf1100
16556,1251,0,0x34d8ce40
16557,952,0,0x34e28b80
16558,334,0,0x34ec48c0
16559,592,0,0x34f60600
16560,280,0,0x34ffc340
16561,1098,0,0x35098080
16562,1088,0,0x35133dc0
16563,1662,0,0x351cfb00
16564,992,0,0x3526b840
16565,1052,0,0x35307580
16566,1263,0,0x353a32c0
16567,51961,0,0x354dad40
16568,724,0,0x35576a80
16569,575,0,0x356127c0
16570,493,0,0x356ae500
16571,729,0,0x3574a240
16572,509,0,0x357e5f80
16573,757,0,0x35881cc0
16574,43525,0,0x3591da00
16575,808,0,0x359b9740
16576,802,0,0x35a55480
16577,13305,0,0x35af11c0
16578,722,0,0x35b8cf00
16579,615,0,0x35c28c40
16580,571,0,0x35cc4980
16581,1240,0,0x35d606c0
16582,559,0,0x35dfc400
16583,607,0,0x35e98140
16584,592,0,0x35f33e80
16585,656,0,0x35fcfbc0
16586,626,0,0x3606b900
16587,590,0,0x36107640
16588,755,0,0x361a3380
16589,612,0,0x3623f0c0
16590,574,0,0x362dae00
16591,608,0,0x36376b40
16592,803,0,0x36412880
16593,82940,0,0x364ae5c0
16594,733,0,0x3654a300
16595,523,0,0x365e6040
16596,759,0,0x36681d80
16597,525,0,0x3671dac0
16598,841,0,0x367b9800
16599,43098,0,0x36855540
16600,740,0,0x368f1280
16601,606,0,0x3698cfc0
16602,1010,0,0x36a28d00
16603,550,0,0x36ac4a40
16604,848,0,0x36b60780
16605,571,0,0x36bfc4c0
16606,594,0,0x36c98200
16607,614,0,0x36d33f40
16608,627,0,0x36dcfc80
16609,619,0,0x36e6b9c0
16610,745,0,0x36f07700
16611,589,0,0x36fa3440
16612,783,0,0x3703f180
16613,543,0,0x370daec0
16614,608,0,0x37176c00
16615,587,0,0x37212940
16616,576,0,0x372ae680
16617,589,0,0x3734a3c0
16618,651,0,0x373e6100
16619,788,0,0x37481e40
16620,565,0,0x3751db80
16621,1120,0,0x375b98c0
16622,1006,0,0x37655600
16623,1342,0,0x376f1340
16624,972,0,0x3778d080
16625,1027,0,0x37828dc0
16626,1454,0,0x378c4b00
16627,1011,0,0x37960840
16628,1018,0,0x379fc580
16629,25654,0,0x37b34000
16630,578,0,0x37bcfd40
16631,719,0,0x37c6ba80
16632,594,0,0x37d077c0
16633,588,0,0x37da3500
16634,735,0,0x37e3f240
16635,589,0,0x37edaf80
16636,767,0,0x37f76cc0
16637,55411,0,0x38012a00
16638,784,0,0x380ae740
16639,994,0,0x3814a480
16640,643,0,0x381e61c0
16641,783,0,0x38281f00
16642,549,0,0x3831dc40
16643,607,0,0x383b9980
16644,23500,0,0x384556c0
16645,12414,0,0x3858d140
16646,740,0,0x38628e80
16647,765,0,0x386c4bc0
16648,534,0,0x38760900
16649,557,0,0x387fc640
16650,803,0,0x38898380
16651,577,0,0x389340c0
16652,542,0,0x389cfe00
16653,733,0,0x38a6bb40
16654,1024,0,0x38b07880
16655,556,0,0x38ba35c0
16656,721,0,0x38c3f300
16657,578,0,0x38cdb040
16658,543,0,0x38d76d80
16659,543,0,0x38e12ac0
16660,765,0,0x38eae800
16661,546,0,0x38f4a540
16662,585,0,0x38fe6280
16663,572,0,0x39081fc0
16664,634,0,0x3911dd00
16665,758,0,0x391b9a40
16666,42547,0,0x39255780
16667,541,0,0x392f14c0
16668,823,0,0x3938d200
16669,575,0,0x39428f40
16670,560,0,0x394c4c80
16671,538,0,0x395609c0
16672,619,0,0x395fc700
16673,597,0,0x39698440
16674,728,0,0x39734180
16675,580,0,0x397cfec0
16676,513,0,0x3986bc00
16677,600,0,0x39907940
16678,803,0,0x399a3680
16679,38474,0,0x39a3f3c0
16680,8688,0,0x39b76e40
16681,736,0,0x39c12b80
16682,622,0,0x39cae8c0
16683,606,0,0x39d4a600
16684,732,0,0x39de6340
16685,513,0,0x39e82080
16686,591,0,0x39f1ddc0
16687,745,0,0x39fb9b00
16688,521,0,0x3a055840
16689,882,0,0x3a0f1580
16690,45379,0,0x3a18d2c0
16691,612,0,0x3a229000
16692,605,0,0x3a2c4d40
16693,791,0,0x3a360a80
16694,555,0,0x3a3fc7c0
16695,624,0,0x3a498500
16696,600,0,0x3a534240
16697,627,0,0x3a5cff80
16698,829,0,0x3a66bcc0
16699,739,0,0x3a707a00
16700,531,0,0x3a7a3740
16701,593,0,0x3a83f480
16702,593,0,0x3a8db1c0
16703,748,0,0x3a976f00
16704,600,0,0x3aa12c40
16705,580,0,0x3aaae980
16706,600,0,0x3ab4a6c0
16707,802,0,0x3abe6400
16708,42035,0,0x3ac82140
16709,510,0,0x3ad1de80
16710,516,0,0x3adb9bc0
16711,515,0,0x3ae55900
16712,318,0,0x3aef1640
16713,2176,0,0x3af8d380
16714,52007,0,0x3b0c4e00
16715,578,0,0x3b160b40
16716,781,0,0x3b1fc880
16717,573,0,0x3b2985c0
16718,593,0,0x3b334300
16719,557,0,0x3b3d0040
16720,529,0,0x3b46bd80
16721,785,0,0x3b507ac0
16722,553,0,0x3b5a3800
16723,578,0,0x3b63f540
16724,598,0,0x3b6db280
16725,596,0,0x3b776fc0
16726,572,0,0x3b812d00
16727,1044,0,0x3b8aea40
16728,1648,0,0x3b94a780
16729,591,0,0x3b9e64c0
16730,593,0,0x3ba82200
16731,585,0,0x3bb1df40
16732,636,0,0x3bbb9c80
16733,622,0,0x3bc559c0
16734,772,0,0x3bcf1700
16735,815,0,0x3bd8d440
16736,25312,0,0x3be29180
16737,784,0,0x3bec4ec0
16738,751,0,0x3bf60c00
16739,855,0,0x3bffc940
16740,727,0,0x3c098680
16741,599,0,0x3c1343c0
16742,1252,0,0x3c1d0100
16743,1065,0,0x3c26be40
16744,1086,0,0x3c307b80
16745,1227,0,0x3c3a38c0
16746,1015,0,0x3c43f600
16747,1464,0,0x3c4db340
16748,1447,0,0x3c577080
16749,116305,0,0x3c612dc0
16750,585,0,0x3c6aeb00
16751,1036,0,0x3c74a840
16752,569,0,0x3c7e6580
16753,1000,0,0x3c8822c0
16754,575,0,0x3c91e000
16755,512,0,0x3c9b9d40
16756,754,0,0x3ca55a80
16757,576,0,0x3caf17c0
16758,594,0,0x3cb8d500
16759,959,0,0x3cc29240
16760,617,0,0x3ccc4f80
16761,589,0,0x3cd60cc0
16762,580,0,0x3cdfca00
16763,579,0,0x3ce98740
16764,537,0,0x3cf34480
16765,628,0,0x3cfd01c0
16766,762,0,0x3d06bf00
16767,1040,0,0x3d107c40
16768,992,0,0x3d1a3980
16769,1016,0,0x3d23f6c0
16770,507,0,0x3d2db400
16771,747,0,0x3d377140
16772,599,0,0x3d412e80
16773,582,0,0x3d4aebc0
16774,554,0,0x3d54a900
16775,573,0,0x3d5e6640
16776,621,0,0x3d682380
16777,1220,0,0x3d71e0c0
16778,607,0,0x3d7b9e00
16779,282,0,0x3d855b40
16780,101403,0,0x3d98d5c0
16781,781,0,0x3da29300
16782,101141,0,0x3db60d80
16783,102947,0,0x3dc98800
16784,101747,0,0x3ddd0280
16785,500,0,0x3de6bfc0
16786,2231,0,0x3df07d00
16787,1059,0,0x3dfa3a40
16788,782,0,0x3e03f780
16789,559,0,0x3e0db4c0
16790,615,0,0x3e177200
16791,590,0,0x3e212f40
16792,570,0,0x3e2aec80
16793,565,0,0x3e34a9c0
16794,666,0,0x3e3e6700
16795,606,0,0x3e482440
16796,756,0,0x3e51e180
16797,587,0,0x3e5b9ec0
16798,574,0,0x3e655c00
16799,574,0,0x3e6f1940
16800,593,0,0x3e78d680
16801,617,0,0x3e8293c0
16802,1206,0,0x3e8c5100
16803,569,0,0x3e960e40
16804,905,0,0x3e9fcb80
16805,578,0,0x3ea988c0
16806,582,0,0x3eb34600
16807,813,0,0x3ebd0340
16808,3672,0,0x3ec6c080
16809,994,0,0x3ed07dc0
16810,17299,0,0x3eda3b00
16811,1232,0,0x3ee3f840
16812,112275,0,0x3eedb580
16813,974,0,0x3ef772c0
16814,718,0,0x3f013000
16815,634,0,0x3f0aed40
16816,751,0,0x3f14aa80
16817,560,0,0x3f1e67c0
16818,630,0,0x3f282500
16819,753,0,0x3f31e240
16820,8936,0,0x3f3b9f80
16821,732,0,0x3f455cc0
16822,605,0,0x3f4f1a00
16823,609,0,0x3f58d740
16824,592,0,0x3f629480
16825,780,0,0x3f6c51c0
16826,542,0,0x3f760f00
16827,627,0,0x3f7fcc40
16828,1863,0,0x3f898980
16829,264,0,0x3f9346c0
16830,1239,0,0x3f9d0400
16831,73185,0,0x3fb07e80
16832,824,0,0x3fba3bc0
16833,32419,0,0x3fc3f900
16834,1048,0,0x3fcdb640
16835,759,0,0x3fd77380
16836,643,0,0x3fe130c0
16837,614,0,0x3feaee00
16838,593,0,0x3ff4ab40
16839,3093,0,0x3ffe6880
16840,59337,0,0x11e340
16841,767,0,0x1ba080
16842,603,0,0x255dc0
16843,751,0,0x2f1b00
16844,533,0,0x38d840
16845,614,0,0x429580
16846,829,0,0x4c52c0
16847,534,0,0x561000
16848,607,0,0x5fcd40
16849,753,0,0x698a80
16850,530,0,0x7347c0
16851,766,0,0x7d0500
16852,759,0,0x86c240
16853,1195,0,0x907f80
16854,31856,0,0x9a3cc0
16855,772,0,0xa3fa00
16856,798,0,0xadb740
16857,574,0,0xb77480
16858,507,0,0xc131c0
16859,1069,0,0xcaef00
16860,818,0,0xd4ac40
16861,838,0,0xde6980
16862,529,0,0xe826c0
16863,638,0,0xf1e400
16864,757,0,0xfba140
16865,9502,0,0x1055e80
16866,852,0,0x10f1bc0
16867,505,0,0x118d900
16868,747,0,0x1229640
16869,625,0,0x12c5380
16870,590,0,0x13610c0
16871,756,0,0x13fce00
16872,828,0,0x1498b40
16873,987,0,0x1534880
16874,591,0,0x15d05c0
16875,656,0,0x166c300
16876,1205,0,0x1708040
16877,585,0,0x17a3d80
16878,595,0,0x183fac0
16879,790,0,0x18db800
16880,91087,0,0x1977540
16881,38890,0,0x1a13280
16882,541,0,0x1aaefc0
16883,589,0,0x1b4ad00
16884,576,0,0x1be6a40
16885,277,0,0x1c82780
16886,56419,0,0x1dba200
16887,527,0,0x1e55f40
16888,1065,0,0x1ef1c80
16889,979,0,0x1f8d9c0
16890,609,0,0x2029700
16891,757,0,0x20c5440
16892,518,0,0x2161180
16893,767,0,0x21fcec0
16894,757,0,0x2298c00
16895,532,0,0x2334940
16896,768,0,0x23d0680
16897,547,0,0x246c3c0
16898,578,0,0x2508100
16899,716,0,0x25a3e40
16900,576,0,0x263fb80
16901,1201,0,0x26db8c0
16902,1005,0,0x2777600
16903,557,0,0x2813340
16904,713,0,0x28af080
16905,567,0,0x294adc0
16906,557,0,0x29e6b00
16907,579,0,0x2a82840
16908,763,0,0x2b1e580
16909,551,0,0x2bba2c0
16910,1186,0,0x2c56000
16911,564,0,0x2cf1d40
16912,485,0,0x2d8da80
16913,1194,0,0x2e297c0
16914,545,0,0x2ec5500
16915,820,0,0x2f61240
16916,543,0,0x2ffcf80
16917,838,0,0x3098cc0
16918,741,0,0x3134a00
16919,525,0,0x31d0740
16920,802,0,0x326c480
16921,759,0,0x33081c0
16922,9124,0,0x33a3f00
16923,780,0,0x343fc40
16924,1025,0,0x34db980
16925,829,0,0x35776c0
16926,534,0,0x3613400
16927,826,0,0x36af140
16928,522,0,0x374ae80
16929,622,0,0x37e6bc0
16930,1718,0,0x3882900
16931,82681,0,0x39ba380
16932,593,0,0x3a560c0
16933,743,0,0x3af1e00
16934,539,0,0x3b8db40
16935,644,0,0x3c29880
16936,621,0,0x3cc55c0
16937,726,0,0x3d61300
16938,592,0,0x3dfd040
16939,590,0,0x3e98d80
16940,765,0,0x3f34ac0
16941,764,0,0x3fd0800
16942,534,0,0x406c540
16943,573,0,0x4108280
16944,580,0,0x41a3fc0
16945,1227,0,0x423fd00
16946,809,0,0x42dba40
16947,875,0,0x4377780
16948,551,0,0x44134c0
16949,817,0,0x44af200
16950,576,0,0x454af40
16951,564,0,0x45e6c80
16952,743,0,0x46829c0
16953,6505,0,0x471e700
16954,835,0,0x47ba440
16955,795,0,0x4856180
16956,576,0,0x48f1ec0
16957,877,0,0x498dc00
16958,906,0,0x4a29940
16959,17676,0,0x4ac5680
16960,778,0,0x4b613c0
16961,2307,0,0x4bfd100
16962,66443,0,0x4d34b80
16963,714,0,0x4dd08c0
16964,569,0,0x4e6c600
16965,598,0,0x4f08340
16966,734,0,0x4fa4080
16967,568,0,0x503fdc0
16968,551,0,0x50dbb00
16969,571,0,0x5177840
16970,719,0,0x5213580
16971,593,0,0x52af2c0
16972,836,0,0x534b000
16973,1213,0,0x53e6d40
16974,968,0,0x5482a80
16975,578,0,0x551e7c0
16976,887,0,0x55ba500
16977,6061,0,0x5656240
16978,1016,0,0x56f1f80
16979,569,0,0x578dcc0
16980,580,0,0x5829a00
16981,598,0,0x58c5740
16982,910,0,0x5961480
16983,597,0,0x59fd1c0
16984,742,0,0x5a98f00
16985,619,0,0x5b34c40
16986,591,0,0x5bd0980
16987,843,0,0x5c6c6c0
16988,575,0,0x5d08400
16989,592,0,0x5da4140
16990,571,0,0x5e3fe80
16991,591,0,0x5edbbc0
16992,3436,0,0x5f77900
16993,298,0,0x6013640
16994,72632,0,0x614b0c0
16995,809,0,0x61e6e00
16996,751,0,0x6282b40
16997,568,0,0x631e880
16998,966,0,0x63ba5c0
16999,772,0,0x6456300
17000,552,0,0x64f2040
17001,821,0,0x658dd80
17002,534,0,0x6629ac0
17003,528,0,0x66c5800
17004,11738,0,0x6761540
17005,818,0,0x67fd280
17006,644,0,0x6898fc0
17007,745,0,0x6934d00
17008,615,0,0x69d0a40
17009,777,0,0x6a6c780
17010,542,0,0x6b084c0
17011,617,0,0x6ba4200
17012,565,0,0x6c3ff40
17013,505,0,0x6cdbc80
17014,730,0,0x6d779c0
17015,656,0,0x6e13700
17016,72256,0,0x6f4b180
17017,560,0,0x6fe6ec0
17018,781,0,0x7082c00
17019,569,0,0x711e940
17020,566,0,0x71ba680
17021,716,0,0x72563c0
17022,859,0,0x72f2100
17023,1161,0,0x738de40
17024,595,0,0x7429b80
17025,763,0,0x74c58c0
17026,547,0,0x7561600
17027,515,0,0x75fd340
17028,849,0,0x7699080
17029,536,0,0x7734dc0
17030,768,0,0x77d0b00
17031,552,0,0x786c840
17032,578,0,0x7908580
17033,805,0,0x79a42c0
17034,789,0,0x7a40000
17035,571,0,0x7adbd40
17036,729,0,0x7b77a80
17037,576,0,0x7c137c0
17038,791,0,0x7caf500
17039,567,0,0x7d4b240
17040,779,0,0x7de6f80
17041,604,0,0x7e82cc0
17042,739,0,0x7f1ea00
17043,516,0,0x7fba740
17044,749,0,0x8056480
17045,1042,0,0x80f21c0
17046,554,0,0x818df00
17047,789,0,0x8229c40
17048,589,0,0x82c5980
17049,631,0,0x83616c0
17050,781,0,0x83fd400
17051,545,0,0x8499140
17052,552,0,0x8534e80
17053,595,0,0x85d0bc0
17054,681,0,0x866c900
17055,90126,0,0x87a4380
17056,792,0,0x88400c0
17057,745,0,0x88dbe00
17058,9309,0,0x8977b40
17059,809,0,0x8a13880
17060,614,0,0x8aaf5c0
17061,748,0,0x8b4b300
17062,592,0,0x8be7040
17063,620,0,0x8c82d80
17064,617,0,0x8d1eac0
17065,750,0,0x8dba800
17066,2391,0,0x8e56540
17067,800,0,0x8ef2280
17068,494,0,0x8f8dfc0
17069,617,0,0x9029d00
17070,790,0,0x90c5a40
17071,555,0,0x9161780
17072,838,0,0x91fd4c0
17073,795,0,0x9299200
17074,800,0,0x9334f40
17075,1069,0,0x93d0c80
17076,1170,0,0x946c9c0
17077,1033,0,0x9508700
17078,963,0,0x95a4440
17079,1046,0,0x9640180
17080,975,0,0x96dbec0
17081,1106,0,0x9777c00
17082,976,0,0x9813940
17083,860,0,0x98af680
17084,717,0,0x994b3c0
17085,295,0,0x99e7100
17086,1312,0,0x9a82e40
17087,1226,0,0x9b1eb80
17088,1000,0,0x9bba8c0
17089,1055,0,0x9c56600
17090,1419,0,0x9cf2340
17091,1674,0,0x9d8e080
17092,1257,0,0x9e29dc0
17093,604,0,0x9ec5b00
17094,755,0,0x9f61840
17095,600,0,0x9ffd580
17096,575,0,0xa0992c0
17097,565,0,0xa135000
17098,800,0,0xa1d0d40
17099,100470,0,0xa26ca80
17100,575,0,0xa3087c0
17101,762,0,0xa3a4500
17102,552,0,0xa440240
17103,563,0,0xa4dbf80
17104,715,0,0xa577cc0
17105,568,0,0xa613a00
17106,574,0,0xa6af740
17107,739,0,0xa74b480
17108,513,0,0xa7e71c0
17109,761,0,0xa882f00
17110,552,0,0xa91ec40
17111,772,0,0xa9ba980
17112,575,0,0xaa566c0
17113,1155,0,0xaaf2400
17114,1018,0,0xab8e140
17115,753,0,0xac29e80
17116,2223,0,0xacc5bc0
17117,819,0,0xad61900
17118,655,0,0xadfd640
17119,596,0,0xae99380
17120,800,0,0xaf350c0
17121,702,0,0xafd0e00
17122,770,0,0xb06cb40
17123,535,0,0xb108880
17124,640,0,0xb1a45c0
17125,605,0,0xb240300
17126,767,0,0xb2dc040
17127,15040,0,0xb377d80
17128,585,0,0xb413ac0
17129,606,0,0xb4af800
17130,540,0,0xb54b540
17131,878,0,0xb5e7280
17132,12898,0,0xb682fc0
17133,792,0,0xb71ed00
17134,112897,0,0xb7baa40
17135,763,0,0xb856780
17136,590,0,0xb8f24c0
17137,739,0,0xb98e200
17138,590,0,0xba29f40
17139,644,0,0xbac5c80
17140,493,0,0xbb619c0
17141,739,0,0xbbfd700
17142,587,0,0xbc99440
17143,560,0,0xbd35180
17144,1142,0,0xbdd0ec0
17145,657,0,0xbe6cc00
17146,607,0,0xbf08940
17147,102006,0,0xc0403c0
17148,733,0,0xc0dc100
17149,101992,0,0xc213b80
17150,2171,0,0xc2af8c0
17151,911,0,0xc34b600
17152,789,0,0xc3e7340
17153,29140,0,0xc483080
17154,600,0,0xc51edc0
17155,1002,0,0xc5bab00
17156,628,0,0xc656840
17157,610,0,0xc6f2580
17158,775,0,0xc78e2c0
17159,998,0,0xc82a000
17160,982,0,0xc8c5d40
17161,8416,0,0xc961a80
17162,976,0,0xc9fd7c0
17163,1050,0,0xca99500
17164,1045,0,0xcb35240
17165,1036,0,0xcbd0f80
17166,1254,0,0xcc6ccc0
17167,58603,0,0xcd08a00
17168,1333,0,0xcda4740
17169,773,0,0xce40480
17170,566,0,0xcedc1c0
17171,545,0,0xcf77f00
17172,807,0,0xd013c40
17173,553,0,0xd0af980
17174,811,0,0xd14b6c0
17175,818,0,0xd1e7400
17176,995,0,0xd283140
17177,1015,0,0xd31ee80
17178,578,0,0xd3babc0
17179,558,0,0xd456900
17180,576,0,0xd4f2640
17181,658,0,0xd58e380
17182,760,0,0xd62a0c0
17183,28687,0,0xd6c5e00
17184,1042,0,0xd761b40
17185,1669,0,0xd7fd880
17186,823,0,0xd8995c0
17187,585,0,0xd935300
17188,42287,0,0xd9d1040
17189,846,0,0xda6cd80
17190,746,0,0xdb08ac0
17191,592,0,0xdba4800
17192,1019,0,0xdc40540
17193,597,0,0xdcdc280
17194,548,0,0xdd77fc0
17195,615,0,0xde13d00
17196,997,0,0xdeafa40
17197,1042,0,0xdf4b780
17198,581,0,0xdfe74c0
17199,798,0,0xe083200
17200,72177,0,0xe11ef40
17201,760,0,0xe1bac80
17202,1209,0,0xe2569c0
17203,541,0,0xe2f2700
17204,573,0,0xe38e440
17205,857,0,0xe42a180
17206,18916,0,0xe4c5ec0
17207,1006,0,0xe561c00
17208,855,0,0xe5fd940
17209,689,0,0xe699680
17210,93428,0,0xe7d1100
17211,102723,0,0xe908b80
17212,806,0,0xe9a48c0
17213,1009,0,0xea40600
17214,605,0,0xeadc340
17215,625,0,0xeb78080
17216,621,0,0xec13dc0
17217,745,0,0xecafb00
17218,578,0,0xed4b840
17219,640,0,0xede7580
17220,1812,0,0xee832c0
17221,1018,0,0xef1f000
17222,604,0,0xefbad40
17223,629,0,0xf056a80
17224,801,0,0xf0f27c0
17225,548,0,0xf18e500
17226,634,0,0xf22a240
17227,862,0,0xf2c5f80
17228,545,0,0xf361cc0
17229,643,0,0xf3fda00
17230,604,0,0xf499740
17231,609,0,0xf535480
17232,746,0,0xf5d11c0
17233,8893,0,0xf66cf00
17234,559,0,0xf708c40
17235,774,0,0xf7a4980
17236,131960,0,0xf8406c0
17237,563,0,0xf8dc400
17238,737,0,0xf978140
17239,1836,0,0xfa13e80
17240,1017,0,0xfaafbc0
17241,1147,0,0xfb4b900
17242,738,0,0xfbe7640
17243,593,0,0xfc83380
17244,621,0,0xfd1f0c0
17245,1210,0,0xfdbae00
17246,575,0,0xfe56b40
17247,830,0,0xfef2880
17248,527,0,0xff8e5c0
17249,1728,0,0x1002a300
17250,1757,0,0x100c6040
17251,86027,0,0x101fdac0
17252,762,0,0x10299800
17253,575,0,0x10335540
17254,843,0,0x103d1280
17255,12886,0,0x1046cfc0
17256,84431,0,0x105a4a40
17257,1000,0,0x10640780
17258,957,0,0x106dc4c0
17259,515,0,0x10778200
17260,870,0,0x10813f40
17261,541,0,0x108afc80
17262,718,0,0x1094b9c0
17263,574,0,0x109e7700
17264,834,0,0x10a83440
17265,548,0,0x10b1f180
17266,511,0,0x10bbaec0
17267,616,0,0x10c56c00
17268,953,0,0x10cf2940
17269,851,0,0x10d8e680
17270,736,0,0x10e2a3c0
17271,2176,0,0x10ec6100
17272,94895,0,0x10ffdb80
17273,534,0,0x110998c0
17274,820,0,0x11135600
17275,410,0,0x111d1340
17276,984,0,0x1126d080
17277,755,0,0x11308dc0
17278,520,0,0x113a4b00
17279,826,0,0x11440840
17280,556,0,0x114dc580
17281,2106,0,0x115782c0
17282,98919,0,0x116afd40
17283,795,0,0x1174ba80
17284,565,0,0x117e77c0
17285,581,0,0x11883500
17286,763,0,0x1191f240
17287,578,0,0x119baf80
17288,795,0,0x11a56cc0
17289,599,0,0x11af2a00
17290,559,0,0x11b8e740
17291,568,0,0x11c2a480
17292,2308,0,0x11cc61c0
17293,1259,0,0x11d61f00
17294,112218,0,0x11e99980
17295,1029,0,0x11f356c0
17296,1130,0,0x11fd1400
17297,621,0,0x1206d140
17298,1477,0,0x12108e80
17299,1470,0,0x121a4bc0
17300,755,0,0x12240900
17301,533,0,0x122dc640
17302,781,0,0x12378380
17303,547,0,0x124140c0
17304,583,0,0x124afe00
17305,632,0,0x1254bb40
17306,795,0,0x125e7880
17307,552,0,0x126835c0
17308,612,0,0x1271f300
17309,590,0,0x127bb040
17310,600,0,0x12856d80
17311,742,0,0x128f2ac0
17312,594,0,0x1298e800
17313,634,0,0x12a2a540
17314,605,0,0x12ac6280
17315,794,0,0x12b61fc0
17316,976,0,0x12bfdd00
17317,1003,0,0x12c99a40
17318,1017,0,0x12d35780
17319,1214,0,0x12dd14c0
17320,1026,0,0x12e6d200
17321,87089,0,0x12fa4c80
17322,1135,0,0x130409c0
17323,817,0,0x130dc700
17324,962,0,0x13178440
17325,1076,0,0x13214180
17326,25114,0,0x132afec0
17327,1217,0,0x1334bc00
17328,1040,0,0x133e7940
17329,1017,0,0x13483680
17330,1008,0,0x1351f3c0
17331,1041,0,0x135bb100
17332,1199,0,0x13656e40
17333,1017,0,0x136f2b80
17334,969,0,0x1378e8c0
17335,1035,0,0x1382a600
17336,1659,0,0x138c6340
17337,977,0,0x13962080
17338,1225,0,0x139fddc0
17339,976,0,0x13a99b00
17340,1033,0,0x13b35840
17341,973,0,0x13bd1580
17342,847,0,0x13c6d2c0
17343,1046,0,0x13d09000
17344,1007,0,0x13da4d40
17345,985,0,0x13e40a80
17346,1591,0,0x13edc7c0
17347,1212,0,0x13f78500
17348,1015,0,0x14014240
17349,948,0,0x140aff80
17350,1001,0,0x1414bcc0
17351,1010,0,0x141e7a00
17352,1613,0,0x14283740
17353,1039,0,0x1431f480
17354,1443,0,0x143bb1c0
17355,1013,0,0x14456f00
17356,1048,0,0x144f2c40
17357,994,0,0x1458e980
17358,1021,0,0x1462a6c0
17359,995,0,0x146c6400
17360,1117,0,0x14762140
17361,1207,0,0x147fde80
17362,1048,0,0x14899bc0
17363,1023,0,0x14935900
17364,1228,0,0x149d1640
17365,68362,0,0x14a6d380
17366,709,0,0x14b090c0
17367,585,0,0x14ba4e00
17368,553,0,0x14c40b40
17369,39876,0,0x14d785c0
17370,1211,0,0x14e14300
17371,1218,0,0x14eb0040
17372,975,0,0x14f4bd80
17373,1253,0,0x14fe7ac0
17374,809,0,0x15083800
17375,1025,0,0x1511f540
17376,1190,0,0x151bb280
17377,1028,0,0x15256fc0
17378,963,0,0x152f2d00
17379,957,0,0x1538ea40
17380,996,0,0x1542a780
17381,1237,0,0x154c64c0
17382,1211,0,0x15562200
17383,1029,0,0x155fdf40
17384,1239,0,0x15699c80
17385,1007,0,0x157359c0
17386,1523,0,0x157d1700
17387,963,0,0x1586d440
17388,1050,0,0x15909180
17389,981,0,0x159a4ec0
17390,1270,0,0x15a40c00
17391,954,0,0x15adc940
17392,1212,0,0x15b78680
17393,1017,0,0x15c143c0
17394,1029,0,0x15cb0100
17395,1235,0,0x15d4be40
17396,1030,0,0x15de7b80
17397,1049,0,0x15e838c0
17398,979,0,0x15f1f600
17399,1038,0,0x15fbb340
17400,1549,0,0x16057080
17401,1189,0,0x160f2dc0
17402,995,0,0x1618eb00
17403,1399,0,0x1622a840
17404,1332,0,0x162c6580
17405,1004,0,0x163622c0
17406,997,0,0x163fe000
17407,943,0,0x16499d40
17408,977,0,0x16535a80
17409,1005,0,0x165d17c0
17410,996,0,0x1666d500
17411,1016,0,0x16709240
17412,1000,0,0x167a4f80
17413,994,0,0x16840cc0
17414,2526,0,0x168dca00
17415,784,0,0x16978740
17416,3678,0,0x16a14480
17417,1069,0,0x16ab01c0
17418,557,0,0x16b4bf00
17419,809,0,0x16be7c40
17420,585,0,0x16c83980
17421,284,0,0x16d1f6c0
17422,852,0,0x16dbb400
17423,1119,0,0x16e57140
17424,767,0,0x16ef2e80
17425,598,0,0x16f8ebc0
17426,803,0,0x1702a900
17427,146658,0,0x170c6640
17428,807,0,0x17162380
17429,786,0,0x171fe0c0
17430,579,0,0x17299e00
17431,1558,0,0x17335b40
17432,1261,0,0x173d1880
17433,101719,0,0x17509300
17434,595,0,0x175a5040
17435,804,0,0x17640d80
17436,510,0,0x176dcac0
17437,98548,0,0x17814540
17438,1474,0,0x178b0280
17439,798,0,0x1794bfc0
17440,764,0,0x179e7d00
17441,627,0,0x17a83a40
17442,623,0,0x17b1f780
17443,626,0,0x17bbb4c0
17444,595,0,0x17c57200
17445,814,0,0x17cf2f40
17446,18772,0,0x17d8ec80
17447,1927,0,0x17e2a9c0
17448,1223,0,0x17ec6700
17449,955,0,0x17f62440
17450,1038,0,0x17ffe180
17451,1639,0,0x18099ec0
17452,1024,0,0x18135c00
17453,1250,0,0x181d1940
17454,994,0,0x1826d680
17455,1003,0,0x183093c0
17456,946,0,0x183a5100
17457,1080,0,0x18440e40
17458,1003,0,0x184dcb80
17459,1287,0,0x185788c0
17460,997,0,0x18614600
17461,1034,0,0x186b0340
17462,996,0,0x1874c080
17463,991,0,0x187e7dc0
17464,909,0,0x18883b00
17465,1083,0,0x1891f840
17466,1024,0,0x189bb580
17467,1281,0,0x18a572c0
17468,1011,0,0x18af3000
17469,1026,0,0x18b8ed40
17470,1064,0,0x18c2aa80
17471,1218,0,0x18cc67c0
17472,999,0,0x18d62500
17473,784,0,0x18dfe240
17474,949,0,0x18e99f80
17475,1207,0,0x18f35cc0
17476,1081,0,0x18fd1a00
17477,1277,0,0x1906d740
17478,863,0,0x19109480
17479,991,0,0x191a51c0
17480,1006,0,0x19240f00
17481,974,0,0x192dcc40
17482,1024,0,0x19378980
17483,1005,0,0x194146c0
17484,1082,0,0x194b0400
17485,1179,0,0x1954c140
17486,1031,0,0x195e7e80
17487,966,0,0x19683bc0
17488,1292,0,0x1971f900
17489,1245,0,0x197bb640
17490,1130,0,0x19857380
17491,1211,0,0x198f30c0
17492,1198,0,0x1998ee00
17493,1040,0,0x19a2ab40
17494,1173,0,0x19ac6880
17495,1249,0,0x19b625c0
17496,941,0,0x19bfe300
17497,1053,0,0x19c9a040
17498,1057,0,0x19d35d80
17499,1219,0,0x19dd1ac0
17500,1047,0,0x19e6d800
17501,1072,0,0x19f09540
17502,1053,0,0x19fa5280
17503,1197,0,0x1a040fc0
17504,1049,0,0x1a0dcd00
17505,1181,0,0x1a178a40
17506,1058,0,0x1a214780
17507,1218,0,0x1a2b04c0
17508,1420,0,0x1a34c200
17509,1242,0,0x1a3e7f40
17510,1018,0,0x1a483c80
17511,1339,0,0x1a51f9c0
17512,1046,0,0x1a5bb700
17513,1204,0,0x1a657440
17514,1047,0,0x1a6f3180
17515,1031,0,0x1a78eec0
17516,1448,0,0x1a82ac00
17517,1226,0,0x1a8c6940
17518,1278,0,0x1a962680
17519,1240,0,0x1a9fe3c0
17520,1020,0,0x1aa9a100
17521,1252,0,0x1ab35e40
17522,992,0,0x1abd1b80
17523,1533,0,0x1ac6d8c0
17524,1076,0,0x1ad09600
17525,1192,0,0x1ada5340
17526,1042,0,0x1ae41080
17527,1182,0,0x1aedcdc0
17528,1042,0,0x1af78b00
17529,1220,0,0x1b014840
17530,1005,0,0x1b0b0580
17531,977,0,0x1b14c2c0
17532,1642,0,0x1b1e8000
17533,1015,0,0x1b283d40
17534,1216,0,0x1b31fa80
17535,1058,0,0x1b3bb7c0
17536,1215,0,0x1b457500
17537,5197,0,0x1b4f3240
17538,891,0,0x1b58ef80
17539,578,0,0x1b62acc0
17540,609,0,0x1b6c6a00
17541,582,0,0x1b762740
17542,582,0,0x1b7fe480
17543,1010,0,0x1b89a1c0
17544,141384,0,0x1b935f00
17545,808,0,0x1b9d1c40
17546,1699,0,0x1ba6d980
17547,1227,0,0x1bb096c0
17548,1187,0,0x1bba5400
17549,740,0,0x1bc41140
17550,1761,0,0x1bcdce80
17551,92295,0,0x1be14900
17552,1069,0,0x1beb0640
17553,11301,0,0x1bf4c380
17554,629,0,0x1bfe80c0
17555,519,0,0x1c083e00
17556,592,0,0x1c11fb40
17557,741,0,0x1c1bb880
17558,1072,0,0x1c2575c0
17559,747,0,0x1c2f3300
17560,617,0,0x1c38f040
17561,561,0,0x1c42ad80
17562,600,0,0x1c4c6ac0
17563,699,0,0x1c562800
17564,2242,0,0x1c5fe540
17565,77240,0,0x1c735fc0
17566,552,0,0x1c7d1d00
17567,585,0,0x1c86da40
17568,738,0,0x1c909780
17569,13648,0,0x1c9a54c0
17570,999,0,0x1ca41200
17571,556,0,0x1cadcf40
17572,1628,0,0x1cb78c80
17573,725,0,0x1cc149c0
17574,554,0,0x1ccb0700
17575,639,0,0x1cd4c440
17576,746,0,0x1cde8180
17577,808,0,0x1ce83ec0
17578,294,0,0x1cf1fc00
17579,1906,0,0x1cfbb940
17580,2434,0,0x1d057680
17581,1833,0,0x1d0f33c0
17582,1658,0,0x1d18f100
17583,125061,0,0x1d22ae40
17584,1225,0,0x1d2c6b80
17585,559,0,0x1d3628c0
17586,577,0,0x1d3fe600
17587,751,0,0x1d49a340
17588,609,0,0x1d536080
17589,567,0,0x1d5d1dc0
17590,1076,0,0x1d66db00
17591,683,0,0x1d709840
17592,784,0,0x1d7a5580
17593,18741,0,0x1d8412c0
17594,739,0,0x1d8dd000
17595,80942,0,0x1da14a80
17596,805,0,0x1dab07c0
17597,595,0,0x1db4c500
17598,744,0,0x1dbe8240
17599,605,0,0x1dc83f80
17600,577,0,0x1dd1fcc0
17601,563,0,0x1ddbba00
17602,1503,0,0x1de57740
17603,1719,0,0x1def3480
17604,4860,0,0x1df8f1c0
17605,813,0,0x1e02af00
17606,602,0,0x1e0c6c40
17607,591,0,0x1e162980
17608,806,0,0x1e1fe6c0
17609,147110,0,0x1e29a400
17610,1192,0,0x1e336140
17611,1463,0,0x1e3d1e80
17612,96551,0,0x1e509900
17613,759,0,0x1e5a5640
17614,884,0,0x1e641380
17615,1145,0,0x1e6dd0c0
17616,474,0,0x1e778e00
17617,1561,0,0x1e814b40
17618,810,0,0x1e8b0880
17619,1295,0,0x1e94c5c0
17620,807,0,0x1e9e8300
17621,990,0,0x1ea84040
17622,998,0,0x1eb1fd80
17623,517,0,0x1ebbbac0
17624,750,0,0x1ec57800
17625,806,0,0x1ecf3540
17626,146944,0,0x1ed8f280
17627,488,0,0x1ee2afc0
17628,2840,0,0x1eec6d00
17629,2863,0,0x1ef62a40
17630,1455,0,0x1effe780
17631,1280,0,0x1f09a4c0
17632,577,0,0x1f136200
17633,807,0,0x1f1d1f40
17634,149157,0,0x1f26dc80
17635,731,0,0x1f3099c0
17636,1631,0,0x1f3a5700
17637,2590,0,0x1f441440
17638,288,0,0x1f4dd180
17639,2093,0,0x1f578ec0
17640,542,0,0x1f614c00
17641,1716,0,0x1f6b0940
17642,786,0,0x1f74c680
17643,990,0,0x1f7e83c0
17644,562,0,0x1f884100
17645,957,0,0x1f91fe40
17646,576,0,0x1f9bbb80
17647,832,0,0x1fa578c0
17648,565,0,0x1faf3600
17649,575,0,0x1fb8f340
17650,551,0,0x1fc2b080
17651,586,0,0x1fcc6dc0
17652,584,0,0x1fd62b00
17653,573,0,0x1fdfe840
17654,567,0,0x1fe9a580
17655,579,0,0x1ff362c0
17656,604,0,0x1ffd2000
17657,753,0,0x2006dd40
17658,611,0,0x20109a80
17659,589,0,0x201a57c0
17660,826,0,0x20241500
17661,131445,0,0x202dd240
17662,799,0,0x20378f80
17663,778,0,0x20414cc0
17664,718,0,0x204b0a00
17665,2139,0,0x2054c740
17666,1706,0,0x205e8480
17667,2085,0,0x206841c0
17668,97892,0,0x207bbc40
17669,775,0,0x20857980
17670,553,0,0x208f36c0
17671,948,0,0x2098f400
17672,100345,0,0x20ac6e80
17673,725,0,0x20b62bc0
17674,850,0,0x20bfe900
17675,1354,0,0x20c9a640
17676,767,0,0x20d36380
17677,96937,0,0x20e6de00
17678,1024,0,0x20f09b40
17679,2124,0,0x20fa5880
17680,539,0,0x210415c0
17681,3494,0,0x210dd300
17682,1844,0,0x21179040
17683,484,0,0x21214d80
17684,2882,0,0x212b0ac0
17685,804,0,0x2134c800
17686,538,0,0x213e8540
17687,623,0,0x21484280
17688,597,0,0x2151ffc0
17689,1030,0,0x215bbd00
17690,1080,0,0x21657a40
17691,142283,0,0x216f3780
17692,489,0,0x2178f4c0
17693,768,0,0x2182b200
17694,1028,0,0x218c6f40
17695,567,0,0x21962c80
17696,818,0,0x219fe9c0
17697,609,0,0x21a9a700
17698,579,0,0x21b36440
17699,1259,0,0x21bd2180
17700,859,0,0x21c6dec0
17701,748,0,0x21d09c00
17702,4283,0,0x21da5940
17703,790,0,0x21e41680
17704,573,0,0x21edd3c0
17705,585,0,0x21f79100
17706,546,0,0x22014e40
17707,614,0,0x220b0b80
17708,597,0,0x2214c8c0
17709,796,0,0x221e8600
17710,515,0,0x22284340
17711,137408,0,0x22320080
17712,1999,0,0x223bbdc0
17713,820,0,0x22457b00
17714,546,0,0x224f3840
17715,587,0,0x2258f580
17716,555,0,0x2262b2c0
17717,616,0,0x226c7000
17718,798,0,0x22762d40
17719,817,0,0x227fea80
17720,5430,0,0x2289a7c0
17721,574,0,0x22936500
17722,580,0,0x229d2240
17723,1020,0,0x22a6df80
17724,785,0,0x22b09cc0
17725,561,0,0x22ba5a00
17726,552,0,0x22c41740
17727,586,0,0x22cdd480
17728,846,0,0x22d791c0
17729,553,0,0x22e14f00
17730,550,0,0x22eb0c40
17731,1012,0,0x22f4c980
17732,547,0,0x22fe86c0
17733,551,0,0x23084400
17734,590,0,0x23120140
17735,581,0,0x231bbe80
17736,746,0,0x23257bc0
17737,613,0,0x232f3900
17738,611,0,0x2338f640
17739,744,0,0x2342b380
17740,607,0,0x234c70c0
17741,594,0,0x23562e00
17742,596,0,0x235feb40
17743,749,0,0x2369a880
17744,611,0,0x237365c0
17745,596,0,0x237d2300
17746,579,0,0x2386e040
17747,816,0,0x23909d80
17748,118124,0,0x239a5ac0
17749,672,0,0x23a41800
17750,784,0,0x23add540
17751,562,0,0x23b79280
17752,785,0,0x23c14fc0
17753,558,0,0x23cb0d00
17754,560,0,0x23d4ca40
17755,575,0,0x23de8780
17756,633,0,0x23e844c0
17757,1429,0,0x23f20200
17758,89668,0,0x24057c80
17759,777,0,0x240f39c0
17760,10381,0,0x2418f700
17761,335,0,0x2422b440
17762,1957,0,0x242c7180
17763,601,0,0x24362ec0
17764,742,0,0x243fec00
17765,551,0,0x2449a940
17766,613,0,0x24536680
17767,598,0,0x245d23c0
17768,552,0,0x2466e100
17769,810,0,0x24709e40
17770,17181,0,0x247a5b80
17771,804,0,0x248418c0
17772,850,0,0x248dd600
17773,553,0,0x24979340
17774,560,0,0x24a15080
17775,644,0,0x24ab0dc0
17776,758,0,0x24b4cb00
17777,114384,0,0x24be8840
17778,607,0,0x24c84580
17779,729,0,0x24d202c0
17780,1021,0,0x24dbc000
17781,803,0,0x24e57d40
17782,716,0,0x24ef3a80
17783,590,0,0x24f8f7c0
17784,598,0,0x2502b500
17785,724,0,0x250c7240
17786,535,0,0x25162f80
17787,832,0,0x251fecc0
17788,530,0,0x2529aa00
17789,994,0,0x25336740
17790,1837,0,0x253d2480
17791,830,0,0x2546e1c0
17792,99661,0,0x255a5c40
17793,100964,0,0x256dd6c0
17794,568,0,0x25779400
17795,1111,0,0x25815140
17796,811,0,0x258b0e80
17797,541,0,0x2594cbc0
17798,722,0,0x259e8900
17799,604,0,0x25a84640
17800,836,0,0x25b20380
17801,543,0,0x25bbc0c0
17802,875,0,0x25c57e00
17803,539,0,0x25cf3b40
17804,575,0,0x25d8f880
17805,787,0,0x25e2b5c0
17806,9556,0,0x25ec7300
17807,585,0,0x25f63040
17808,811,0,0x25ffed80
17809,136618,0,0x2609aac0
17810,1641,0,0x26136800
17811,99456,0,0x2626e280
17812,1410,0,0x26309fc0
17813,734,0,0x263a5d00
17814,585,0,0x26441a40
17815,104589,0,0x265794c0
17816,1228,0,0x26615200
17817,949,0,0x266b0f40
17818,1321,0,0x2674cc80
17819,1218,0,0x267e89c0
17820,1600,0,0x26884700
17821,2222,0,0x26920440
17822,525,0,0x269bc180
17823,1405,0,0x26a57ec0
17824,2669,0,0x26af3c00
17825,1259,0,0x26b8f940
17826,1488,0,0x26c2b680
17827,1926,0,0x26cc73c0
17828,1029,0,0x26d63100
17829,1641,0,0x26dfee40
17830,1014,0,0x26e9ab80
17831,1253,0,0x26f368c0
17832,1957,0,0x26fd2600
17833,74841,0,0x2710a080
17834,32609,0,0x271a5dc0
17835,1424,0,0x27241b00
17836,1041,0,0x272dd840
17837,1181,0,0x27379580
17838,702,0,0x274152c0
17839,1642,0,0x274b1000
17840,308,0,0x2754cd40
17841,42592,0,0x276847c0
17842,61544,0,0x27720500
17843,744,0,0x277bc240
17844,5151,0,0x27857f80
17845,628,0,0x278f3cc0
17846,758,0,0x2798fa00
17847,580,0,0x27a2b740
17848,799,0,0x27ac7480
17849,572,0,0x27b631c0
17850,822,0,0x27bfef00
17851,527,0,0x27c9ac40
17852,581,0,0x27d36980
17853,574,0,0x27dd26c0
17854,586,0,0x27e6e400
17855,789,0,0x27f0a140
17856,967,0,0x27fa5e80
17857,715,0,0x28041bc0
17858,607,0,0x280dd900
17859,572,0,0x28179640
17860,982,0,0x28215380
17861,882,0,0x282b10c0
17862,68651,0,0x2834ce00
17863,66003,0,0x283e8b40
17864,801,0,0x28484880
17865,729,0,0x285205c0
17866,633,0,0x285bc300
17867,585,0,0x28658040
17868,567,0,0x286f3d80
17869,818,0,0x2878fac0
17870,612,0,0x2882b800
17871,956,0,0x288c7540
17872,565,0,0x28963280
17873,609,0,0x289fefc0
17874,719,0,0x28a9ad00
17875,2089,0,0x28b36a40
17876,3602,0,0x28c6e4c0
17877,96943,0,0x28d0a200
17878,657,0,0x28da5f40
17879,638,0,0x28e41c80
17880,580,0,0x28edd9c0
17881,752,0,0x28f79700
17882,611,0,0x29015440
17883,595,0,0x290b1180
17884,763,0,0x2914cec0
17885,647,0,0x291e8c00
17886,6979,0,0x29284940
17887,1165,0,0x29320680
17888,1226,0,0x293bc3c0
17889,1012,0,0x29458100
17890,1041,0,0x294f3e40
17891,1016,0,0x2958fb80
17892,1275,0,0x2962b8c0
17893,1216,0,0x296c7600
17894,993,0,0x29763340
17895,1053,0,0x297ff080
17896,1018,0,0x2989adc0
17897,1239,0,0x29936b00
17898,1037,0,0x299d2840
17899,1466,0,0x29a6e580
17900,1232,0,0x29b0a2c0
17901,1011,0,0x29ba6000
17902,1229,0,0x29c41d40
17903,980,0,0x29cdda80
17904,1036,0,0x29d797c0
17905,1343,0,0x29e15500
17906,1049,0,0x29eb1240
17907,1176,0,0x29f4cf80
17908,1289,0,0x29fe8cc0
17909,1069,0,0x2a084a00
17910,1194,0,0x2a120740
17911,1030,0,0x2a1bc480
17912,993,0,0x2a2581c0
17913,1208,0,0x2a2f3f00
17914,43347,0,0x2a42b980
17915,594,0,0x2a4c76c0
17916,1906,0,0x2a563400
17917,610,0,0x2a5ff140
17918,754,0,0x2a69ae80
17919,31419,0,0x2a736bc0
17920,37387,0,0x2a7d2900
17921,1323,0,0x2a86e640
17922,1244,0,0x2a90a380
17923,993,0,0x2a9a60c0
17924,1054,0,0x2aa41e00
17925,1012,0,0x2aaddb40
17926,963,0,0x2ab79880
17927,1010,0,0x2ac155c0
17928,1063,0,0x2acb1300
17929,1181,0,0x2ad4d040
17930,1250,0,0x2ade8d80
17931,955,0,0x2ae84ac0
17932,1045,0,0x2af20800
17933,965,0,0x2afbc540
17934,1055,0,0x2b058280
17935,1175,0,0x2b0f3fc0
17936,843,0,0x2b18fd00
17937,998,0,0x2b22ba40
17938,984,0,0x2b2c7780
17939,1167,0,0x2b3634c0
17940,1045,0,0x2b3ff200
17941,789,0,0x2b49af40
17942,989,0,0x2b536c80
17943,969,0,0x2b5d29c0
17944,1052,0,0x2b66e700
17945,1049,0,0x2b70a440
17946,1488,0,0x2b7a6180
17947,1041,0,0x2b841ec0
17948,990,0,0x2b8ddc00
17949,1022,0,0x2b979940
17950,1204,0,0x2ba15680
17951,1033,0,0x2bab13c0
17952,968,0,0x2bb4d100
17953,1022,0,0x2bbe8e40
17954,968,0,0x2bc84b80
17955,860,0,0x2bd208c0
17956,999,0,0x2bdbc600
17957,1055,0,0x2be58340
17958,995,0,0x2bef4080
17959,1216,0,0x2bf8fdc0
17960,1002,0,0x2c02bb00
17961,1564,0,0x2c0c7840
17962,953,0,0x2c163580
17963,1252,0,0x2c1ff2c0
17964,961,0,0x2c29b000
17965,1280,0,0x2c336d40
17966,1019,0,0x2c3d2a80
17967,967,0,0x2c46e7c0
17968,1009,0,0x2c50a500
17969,986,0,0x2c5a6240
17970,1042,0,0x2c641f80
17971,983,0,0x2c6ddcc0
17972,1049,0,0x2c779a00
17973,1248,0,0x2c815740
17974,1011,0,0x2c8b1480
17975,967,0,0x2c94d1c0
17976,1037,0,0x2c9e8f00
17977,814,0,0x2ca84c40
17978,1029,0,0x2cb20980
17979,1190,0,0x2cbbc6c0
17980,863,0,0x2cc58400
17981,1176,0,0x2ccf4140
17982,965,0,0x2cd8fe80
17983,295,0,0x2ce2bbc0
17984,99875,0,0x2cf63640
17985,541,0,0x2cfff380
17986,777,0,0x2d09b0c0
17987,547,0,0x2d136e00
17988,731,0,0x2d1d2b40
17989,796,0,0x2d26e880
17990,9344,0,0x2d30a5c0
17991,2108,0,0x2d3a6300
17992,965,0,0x2d442040
17993,893,0,0x2d4ddd80
17994,1456,0,0x2d579ac0
17995,776,0,0x2d615800
17996,1240,0,0x2d6b1540
17997,982,0,0x2d74d280
17998,1014,0,0x2d7e8fc0
17999,851,0,0x2d884d00
18000,962,0,0x2d920a40
18001,1047,0,0x2d9bc780
18002,958,0,0x2da584c0
18003,1048,0,0x2daf4200
18004,957,0,0x2db8ff40
18005,1263,0,0x2dc2bc80
18006,1027,0,0x2dcc79c0
18007,844,0,0x2dd63700
18008,1210,0,0x2ddff440
18009,795,0,0x2de9b180
18010,953,0,0x2df36ec0
18011,1133,0,0x2dfd2c00
18012,757,0,0x2e06e940
18013,1039,0,0x2e10a680
18014,1446,0,0x2e1a63c0
18015,992,0,0x2e242100
18016,1009,0,0x2e2dde40
18017,1081,0,0x2e379b80
18018,1004,0,0x2e4158c0
18019,975,0,0x2e4b1600
18020,995,0,0x2e54d340
18021,814,0,0x2e5e9080
18022,1497,0,0x2e684dc0
18023,777,0,0x2e720b00
18024,1006,0,0x2e7bc840
18025,774,0,0x2e858580
18026,948,0,0x2e8f42c0
18027,996,0,0x2e990000
18028,945,0,0x2ea2bd40
18029,1130,0,0x2eac7a80
18030,1035,0,0x2eb637c0
18031,838,0,0x2ebff500
18032,956,0,0x2ec9b240
18033,871,0,0x2ed36f80
18034,999,0,0x2edd2cc0
18035,1470,0,0x2ee6ea00
18036,956,0,0x2ef0a740
18037,833,0,0x2efa6480
18038,966,0,0x2f0421c0
18039,824,0,0x2f0ddf00
18040,986,0,0x2f179c40
18041,1020,0,0x2f215980
18042,809,0,0x2f2b16c0
18043,1042,0,0x2f34d400
18044,982,0,0x2f3e9140
18045,1090,0,0x2f484e80
18046,1182,0,0x2f520bc0
18047,1451,0,0x2f5bc900
18048,933,0,0x2f658640
18049,1039,0,0x2f6f4380
18050,933,0,0x2f7900c0
18051,843,0,0x2f82be00
18052,974,0,0x2f8c7b40
18053,1103,0,0x2f963880
18054,956,0,0x2f9ff5c0
18055,868,0,0x2fa9b300
18056,995,0,0x2fb37040
18057,850,0,0x2fbd2d80
18058,1206,0,0x2fc6eac0
18059,836,0,0x2fd0a800
18060,48882,0,0x2fda6540
18061,983,0,0x2fe42280
18062,827,0,0x2feddfc0
18063,622,0,0x2ff79d00
18064,862,0,0x30015a40
18065,55671,0,0x3014d4c0
18066,1044,0,0x301e9200
18067,541,0,0x30284f40
18068,831,0,0x30320c80
18069,540,0,0x303bc9c0
18070,578,0,0x30458700
18071,1265,0,0x304f4440
18072,1541,0,0x30590180
18073,758,0,0x3062bec0
18074,553,0,0x306c7c00
18075,548,0,0x30763940
18076,611,0,0x307ff680
18077,595,0,0x3089b3c0
18078,740,0,0x30937100
18079,622,0,0x309d2e40
18080,1195,0,0x30a6eb80
18081,550,0,0x30b0a8c0
18082,592,0,0x30ba6600
18083,549,0,0x30c42340
18084,577,0,0x30cde080
18085,649,0,0x30d79dc0
18086,989,0,0x30e15b00
18087,560,0,0x30eb1840
18088,531,0,0x30f4d580
18089,612,0,0x30fe92c0
18090,595,0,0x31085000
18091,750,0,0x31120d40
18092,609,0,0x311bca80
18093,855,0,0x312587c0
18094,7107,0,0x312f4500
18095,11550,0,0x31390240
18096,2011,0,0x3142bf80
18097,770,0,0x314c7cc0
18098,570,0,0x31563a00
18099,784,0,0x315ff740
18100,132610,0,0x3169b480
18101,619,0,0x317371c0
18102,587,0,0x317d2f00
18103,593,0,0x3186ec40
18104,929,0,0x3190a980
18105,85059,0,0x31a42400
18106,17866,0,0x31ade140
18107,752,0,0x31b79e80
18108,804,0,0x31c15bc0
18109,9371,0,0x31cb1900
18110,598,0,0x31d4d640
18111,741,0,0x31de9380
18112,642,0,0x31e850c0
18113,579,0,0x31f20e00
18114,48914,0,0x32058880
18115,35560,0,0x320f45c0
18116,577,0,0x32190300
18117,738,0,0x3222c040
18118,631,0,0x322c7d80
18119,583,0,0x32363ac0
18120,716,0,0x323ff800
18121,551,0,0x3249b540
18122,596,0,0x32537280
18123,600,0,0x325d2fc0
18124,720,0,0x3266ed00
18125,604,0,0x3270aa40
18126,598,0,0x327a6780
18127,577,0,0x328424c0
18128,801,0,0x328de200
18129,4378,0,0x32979f40
18130,284,0,0x32a15c80
18131,2288,0,0x32ab19c0
18132,1005,0,0x32b4d700
18133,546,0,0x32be9440
18134,717,0,0x32c85180
18135,594,0,0x32d20ec0
18136,844,0,0x32dbcc00
18137,523,0,0x32e58940
18138,780,0,0x32ef4680
18139,91063,0,0x32f903c0
18140,23542,0,0x3302c100
18141,759,0,0x330c7e40
18142,601,0,0x33163b80
18143,594,0,0x331ff8c0
18144,671,0,0x3329b600
18145,55290,0,0x333d3080
18146,41923,0,0x3346edc0
18147,2131,0,0x3350ab00
18148,39665,0,0x33642580
18149,63676,0,0x336de2c0
18150,756,0,0x3377a000
18151,752,0,0x33815d40
18152,859,0,0x338b1a80
18153,785,0,0x3394d7c0
18154,85578,0,0x339e9500
18155,66967,0,0x33a85240
18156,743,0,0x33b20f80
18157,616,0,0x33bbccc0
18158,497,0,0x33c58a00
18159,973,0,0x33cf4740
18160,2811,0,0x33d90480
18161,350,0,0x33e2c1c0
18162,2218,0,0x33ec7f00
18163,809,0,0x33f63c40
18164,609,0,0x33fff980
18165,570,0,0x3409b6c0
18166,1034,0,0x34137400
18167,549,0,0x341d3140
18168,779,0,0x3426ee80
18169,545,0,0x3430abc0
18170,882,0,0x343a6900
18171,68331,0,0x34442640
18172,76059,0,0x344de380
18173,592,0,0x3457a0c0
18174,832,0,0x34615e00
18175,580,0,0x346b1b40
18176,589,0,0x3474d880
18177,803,0,0x347e95c0
18178,580,0,0x34885300
18179,764,0,0x34921040
18180,821,0,0x349bcd80
18181,4940,0,0x34a58ac0
18182,816,0,0x34af4800
18183,570,0,0x34b90540
18184,567,0,0x34c2c280
18185,591,0,0x34cc7fc0
18186,636,0,0x34d63d00
18187,581,0,0x34dffa40
18188,593,0,0x34e9b780
18189,817,0,0x34f374c0
18190,57301,0,0x34fd3200
18191,82681,0,0x3506ef40
18192,1092,0,0x3510ac80
18193,539,0,0x351a69c0
18194,712,0,0x35242700
18195,886,0,0x352de440
18196,557,0,0x3537a180
18197,726,0,0x35415ec0
18198,600,0,0x354b1c00
18199,578,0,0x3554d940
18200,715,0,0x355e9680
18201,525,0,0x356853c0
18202,556,0,0x35721100
18203,732,0,0x357bce40
18204,527,0,0x35858b80
18205,815,0,0x358f48c0
18206,948,0,0x35990600
18207,800,0,0x35a2c340
18208,568,0,0x35ac8080
18209,723,0,0x35b63dc0
18210,524,0,0x35bffb00
18211,757,0,0x35c9b840
18212,51339,0,0x35d37580
18213,467,0,0x35dd32c0
18214,88445,0,0x35e6f000
18215,762,0,0x35f0ad40
18216,11654,0,0x35fa6a80
18217,778,0,0x360427c0
18218,552,0,0x360de500
18219,548,0,0x3617a240
18220,826,0,0x36215f80
18221,953,0,0x362b1cc0
18222,605,0,0x3634da00
18223,596,0,0x363e9740
18224,555,0,0x36485480
18225,878,0,0x365211c0
18226,557,0,0x365bcf00
18227,572,0,0x36658c40
18228,752,0,0x366f4980
18229,1087,0,0x367906c0
18230,543,0,0x3682c400
18231,579,0,0x368c8140
18232,626,0,0x36963e80
18233,857,0,0x369ffbc0
18234,552,0,0x36a9b900
18235,29565,0,0x36b37640
18236,92913,0,0x36bd3380
18237,567,0,0x36c6f0c0
18238,787,0,0x36d0ae00
18239,789,0,0x36da6b40
18240,11331,0,0x36e42880
18241,709,0,0x36ede5c0
18242,589,0,0x36f7a300
18243,490,0,0x37016040
18244,724,0,0x370b1d80
18245,854,0,0x3714dac0
18246,10158,0,0x371e9800
18247,535,0,0x37285540
18248,788,0,0x37321280
18249,554,0,0x373bcfc0
18250,789,0,0x37458d00
18251,561,0,0x374f4a40
18252,554,0,0x37590780
18253,572,0,0x3762c4c0
18254,567,0,0x376c8200
18255,599,0,0x37763f40
18256,771,0,0x377ffc80
18257,548,0,0x3789b9c0
18258,597,0,0x37937700
18259,512,0,0x379d3440
18260,721,0,0x37a6f180
18261,529,0,0x37b0aec0
18262,573,0,0x37ba6c00
18263,594,0,0x37c42940
18264,728,0,0x37cde680
18265,821,0,0x37d7a3c0
18266,752,0,0x37e16100
18267,548,0,0x37eb1e40
18268,657,0,0x37f4db80
18269,963,0,0x37fe98c0
18270,604,0,0x38085600
18271,649,0,0x38121340
18272,620,0,0x381bd080
18273,744,0,0x38258dc0
18274,543,0,0x382f4b00
18275,855,0,0x38390840
18276,562,0,0x3842c580
18277,796,0,0x384c82c0
18278,1590,0,0x38564000
18279,602,0,0x385ffd40
18280,98642,0,0x3869ba80
18281,748,0,0x387377c0
18282,626,0,0x387d3500
18283,575,0,0x3886f240
18284,617,0,0x3890af80
18285,583,0,0x389a6cc0
18286,805,0,0x38a42a00
18287,586,0,0x38ade740
18288,823,0,0x38b7a480
18289,603,0,0x38c161c0
18290,814,0,0x38cb1f00
18291,569,0,0x38d4dc40
18292,813,0,0x38de9980
18293,585,0,0x38e856c0
18294,553,0,0x38f21400
18295,565,0,0x38fbd140
18296,555,0,0x39058e80
18297,543,0,0x390f4bc0
18298,101573,0,0x3922c640
18299,99024,0,0x393640c0
18300,788,0,0x393ffe00
18301,796,0,0x3949bb40
18302,957,0,0x39537880
18303,770,0,0x395d35c0
18304,89046,0,0x3970b040
18305,4741,0,0x397a6d80
18306,725,0,0x39842ac0
18307,529,0,0x398de800
18308,765,0,0x3997a540
18309,904,0,0x39a16280
18310,286,0,0x39ab1fc0
18311,806,0,0x39b4dd00
18312,557,0,0x39be9a40
18313,725,0,0x39c85780
18314,593,0,0x39d214c0
18315,595,0,0x39dbd200
18316,746,0,0x39e58f40
18317,588,0,0x39ef4c80
18318,513,0,0x39f909c0
18319,758,0,0x3a02c700
18320,31299,0,0x3a0c8440
18321,43897,0,0x3a1ffec0
18322,15358,0,0x3a29bc00
18323,617,0,0x3a337940
18324,575,0,0x3a3d3680
18325,1187,0,0x3a46f3c0
18326,553,0,0x3a50b100
18327,558,0,0x3a5a6e40
18328,718,0,0x3a642b80
18329,578,0,0x3a6de8c0
18330,562,0,0x3a77a600
18331,714,0,0x3a816340
18332,1250,0,0x3a8b2080
18333,11208,0,0x3a9e9b00
18334,1700,0,0x3aa85840
18335,1168,0,0x3ab21580
18336,849,0,0x3abbd2c0
18337,974,0,0x3ac59000
18338,1063,0,0x3acf4d40
18339,983,0,0x3ad90a80
18340,1040,0,0x3ae2c7c0
18341,1174,0,0x3aec8500
18342,1049,0,0x3af64240
18343,963,0,0x3affff80
18344,1092,0,0x3b09bcc0
18345,965,0,0x3b137a00
18346,1049,0,0x3b1d3740
18347,1198,0,0x3b26f480
18348,1044,0,0x3b30b1c0
18349,1011,0,0x3b3a6f00
18350,1011,0,0x3b442c40
18351,1023,0,0x3b4de980
18352,1268,0,0x3b57a6c0
18353,1021,0,0x3b616400
18354,983,0,0x3b6b2140
18355,1031,0,0x3b74de80
18356,983,0,0x3b7e9bc0
18357,1029,0,0x3b885900
18358,1001,0,0x3b921640
18359,1040,0,0x3b9bd380
18360,1177,0,0x3ba590c0
18361,1334,0,0x3baf4e00
18362,1436,0,0x3bb90b40
18363,988,0,0x3bc2c880
18364,1033,0,0x3bcc85c0
18365,970,0,0x3bd64300
18366,1043,0,0x3be00040
18367,989,0,0x3be9bd80
18368,1030,0,0x3bf37ac0
18369,1169,0,0x3bfd3800
18370,1033,0,0x3c06f540
18371,1179,0,0x3c10b280
18372,1047,0,0x3c1a6fc0
18373,780,0,0x3c242d00
18374,1270,0,0x3c2dea40
18375,962,0,0x3c37a780
18376,777,0,0x3c4164c0
18377,1237,0,0x3c4b2200
18378,1297,0,0x3c54df40
18379,1009,0,0x3c5e9c80
18380,1012,0,0x3c6859c0
18381,1317,0,0x3c721700
18382,977,0,0x3c7bd440
18383,1030,0,0x3c859180
18384,1193,0,0x3c8f4ec0
18385,1043,0,0x3c990c00
18386,1176,0,0x3ca2c940
18387,1066,0,0x3cac8680
18388,1027,0,0x3cb643c0
18389,881,0,0x3cc00100
18390,1028,0,0x3cc9be40
18391,1290,0,0x3cd37b80
18392,758,0,0x3cdd38c0
18393,1055,0,0x3ce6f600
18394,1183,0,0x3cf0b340
18395,1034,0,0x3cfa7080
18396,1002,0,0x3d042dc0
18397,1326,0,0x3d0deb00
18398,1022,0,0x3d17a840
18399,2059,0,0x3d216580
18400,103833,0,0x3d34e000
18401,721,0,0x3d3e9d40
18402,1955,0,0x3d485a80
18403,98193,0,0x3d5bd500
18404,1278,0,0x3d659240
18405,826,0,0x3d6f4f80
18406,513,0,0x3d790cc0
18407,727,0,0x3d82ca00
18408,533,0,0x3d8c8740
18409,619,0,0x3d964480
18410,11296,0,0x3da001c0
18411,1309,0,0x3da9bf00
18412,595,0,0x3db37c40
18413,801,0,0x3dbd3980
18414,564,0,0x3dc6f6c0
18415,562,0,0x3dd0b400
18416,588,0,0x3dda7140
18417,794,0,0x3de42e80
18418,558,0,0x3dedebc0
18419,3337,0,0x3df7a900
18420,67846,0,0x3e0b2380
18421,1228,0,0x3e14e0c0
18422,747,0,0x3e1e9e00
18423,778,0,0x3e285b40
18424,832,0,0x3e321880
18425,28492,0,0x3e3bd5c0
18426,19264,0,0x3e459300
18427,1460,0,0x3e4f5040
18428,1192,0,0x3e590d80
18429,1057,0,0x3e62cac0
18430,1162,0,0x3e6c8800
18431,1207,0,0x3e764540
18432,961,0,0x3e800280
18433,1194,0,0x3e89bfc0
18434,1037,0,0x3e937d00
18435,1185,0,0x3e9d3a40
18436,1025,0,0x3ea6f780
18437,1174,0,0x3eb0b4c0
18438,1041,0,0x3eba7200
18439,1220,0,0x3ec42f40
18440,812,0,0x3ecdec80
18441,1634,0,0x3ed7a9c0
18442,1175,0,0x3ee16700
18443,1047,0,0x3eeb2440
18444,976,0,0x3ef4e180
18445,1046,0,0x3efe9ec0
18446,1218,0,0x3f085c00
18447,1008,0,0x3f121940
18448,1065,0,0x3f1bd680
18449,1191,0,0x3f2593c0
18450,1673,0,0x3f2f5100
18451,1033,0,0x3f390e40
18452,1023,0,0x3f42cb80
18453,1244,0,0x3f4c88c0
18454,998,0,0x3f564600
18455,1030,0,0x3f600340
18456,1164,0,0x3f69c080
18457,1045,0,0x3f737dc0
18458,1171,0,0x3f7d3b00
18459,1045,0,0x3f86f840
18460,1226,0,0x3f90b580
18461,980,0,0x3f9a72c0
18462,1223,0,0x3fa43000
18463,988,0,0x3faded40
18464,1078,0,0x3fb7aa80
18465,1179,0,0x3fc167c0
18466,1044,0,0x3fcb2500
18467,1267,0,0x3fd4e240
18468,1049,0,0x3fde9f80
18469,1244,0,0x3fe85cc0
18470,1250,0,0x3ff21a00
18471,1035,0,0x3ffbd740
18472,1171,0,0x594c0
18473,1045,0,0xf5200
18474,952,0,0x190f40
18475,1090,0,0x22cc80
18476,1173,0,0x2c89c0
18477,1095,0,0x364700
18478,1222,0,0x400440
18479,983,0,0x49c180
18480,1055,0,0x537ec0
18481,1197,0,0x5d3c00
18482,1241,0,0x66f940
18483,996,0,0x70b680
18484,991,0,0x7a73c0
18485,1174,0,0x843100
18486,1044,0,0x8dee40
18487,1284,0,0x97ab80
18488,1264,0,0xa168c0
18489,1023,0,0xab2600
18490,1032,0,0xb4e340
18491,1242,0,0xbea080
18492,956,0,0xc85dc0
18493,1096,0,0xd21b00
18494,1152,0,0xdbd840
18495,1051,0,0xe59580
18496,997,0,0xef52c0
18497,1325,0,0xf91000
18498,1035,0,0x102cd40
18499,1050,0,0x10c8a80
18500,1446,0,0x11647c0
18501,1668,0,0x1200500
18502,2411,0,0x129c240
18503,2988,0,0x1337f80
18504,765,0,0x13d3cc0
18505,561,0,0x146fa00
18506,818,0,0x150b740
18507,590,0,0x15a7480
18508,613,0,0x16431c0
18509,595,0,0x16def00
18510,552,0,0x177ac40
18511,792,0,0x1816980
18512,1200,0,0x18b26c0
18513,974,0,0x194e400
18514,107721,0,0x1a85e80
18515,37403,0,0x1bbd900
18516,1578,0,0x1c59640
18517,818,0,0x1cf5380
18518,1119,0,0x1d910c0
18519,725,0,0x1e2ce00
18520,754,0,0x1ec8b40
18521,1143,0,0x1f64880
18522,797,0,0x20005c0
18523,785,0,0x209c300
18524,764,0,0x2138040
18525,886,0,0x21d3d80
18526,1667,0,0x226fac0
18527,1078,0,0x230b800
18528,1020,0,0x23a7540
18529,690,0,0x2443280
18530,893,0,0x24defc0
18531,921,0,0x257ad00
18532,1315,0,0x2616a40
18533,1356,0,0x26b2780
18534,118489,0,0x27ea200
18535,1268,0,0x2885f40
18536,838,0,0x2921c80
18537,1245,0,0x29bd9c0
18538,1075,0,0x2a59700
18539,680,0,0x2af5440
18540,829,0,0x2b91180
18541,1283,0,0x2c2cec0
18542,829,0,0x2cc8c00
18543,1155,0,0x2d64940
18544,835,0,0x2e00680
18545,998,0,0x2e9c3c0
18546,1221,0,0x2f38100
18547,749,0,0x2fd3e40
18548,1140,0,0x306fb80
18549,1005,0,0x310b8c0
18550,704,0,0x31a7600
18551,2365,0,0x3243340
18552,1166,0,0x32df080
18553,925,0,0x337adc0
18554,863,0,0x3416b00
18555,139987,0,0x34b2840
18556,754,0,0x354e580
18557,1810,0,0x35ea2c0
18558,1422,0,0x3686000
18559,785,0,0x3721d40
18560,1277,0,0x37bda80
18561,805,0,0x38597c0
18562,1165,0,0x38f5500
18563,867,0,0x3991240
18564,1190,0,0x3a2cf80
18565,18582,0,0x3ac8cc0
18566,846,0,0x3b64a00
18567,736,0,0x3c00740
18568,767,0,0x3c9c480
18569,127015,0,0x3d381c0
18570,7947,0,0x3dd3f00
18571,1273,0,0x3e6fc40
18572,1649,0,0x3f0b980
18573,46474,0,0x4043400
18574,836,0,0x40df140
18575,718,0,0x417ae80
18576,958,0,0x4216bc0
18577,1033,0,0x42b2900
18578,741,0,0x434e640
18579,802,0,0x43ea380
18580,886,0,0x44860c0
18581,999,0,0x4521e00
18582,948,0,0x45bdb40
18583,1008,0,0x4659880
18584,708,0,0x46f55c0
18585,930,0,0x4791300
18586,976,0,0x482d040
18587,262,0,0x48c8d80
18588,71382,0,0x4a00800
18589,8915,0,0x4a9c540
18590,1036,0,0x4b38280
18591,1222,0,0x4bd3fc0
18592,736,0,0x4c6fd00
18593,814,0,0x4d0ba40
18594,746,0,0x4da7780
18595,728,0,0x4e434c0
18596,536,0,0x4edf200
18597,770,0,0x4f7af40
18598,711,0,0x5016c80
18599,631,0,0x50b29c0
18600,585,0,0x514e700
18601,952,0,0x51ea440
18602,517,0,0x5286180
18603,759,0,0x5321ec0
18604,723,0,0x53bdc00
18605,795,0,0x5459940
18606,758,0,0x54f5680
18607,524,0,0x55913c0
18608,631,0,0x562d100
18609,778,0,0x56c8e40
18610,722,0,0x5764b80
18611,801,0,0x58008c0
18612,488,0,0x589c600
18613,740,0,0x5938340
18614,799,0,0x59d4080
18615,754,0,0x5a6fdc0
18616,1018,0,0x5b0bb00
18617,492,0,0x5ba7840
18618,1436,0,0x5c43580
18619,481,0,0x5cdf2c0
18620,995,0,0x5d7b000
18621,624,0,0x5e16d40
18622,755,0,0x5eb2a80
18623,734,0,0x5f4e7c0
18624,793,0,0x5fea500
18625,950,0,0x6086240
18626,863,0,0x6121f80
18627,759,0,0x61bdcc0
18628,715,0,0x6259a00
18629,796,0,0x62f5740
18630,747,0,0x6391480
18631,756,0,0x642d1c0
18632,1044,0,0x64c8f00
18633,747,0,0x6564c40
18634,813,0,0x6600980
18635,779,0,0x669c6c0
18636,734,0,0x6738400
18637,597,0,0x67d4140
18638,636,0,0x686fe80
18639,741,0,0x690bbc0
18640,1242,0,0x69a7900
18641,717,0,0x6a43640
18642,788,0,0x6adf380
18643,760,0,0x6b7b0c0
18644,719,0,0x6c16e00
18645,814,0,0x6cb2b40
18646,809,0,0x6d4e880
18647,1237,0,0x6dea5c0
18648,958,0,0x6e86300
18649,1017,0,0x6f22040
18650,742,0,0x6fbdd80
18651,807,0,0x7059ac0
18652,749,0,0x70f5800
18653,723,0,0x7191540
18654,837,0,0x722d280
18655,1660,0,0x72c8fc0
18656,575,0,0x7364d00
18657,753,0,0x7400a40
18658,782,0,0x749c780
18659,743,0,0x75384c0
18660,721,0,0x75d4200
18661,800,0,0x766ff40
18662,740,0,0x770bc80
18663,717,0,0x77a79c0
18664,613,0,0x7843700
18665,729,0,0x78df440
18666,724,0,0x797b180
18667,913,0,0x7a16ec0
18668,734,0,0x7ab2c00
18669,787,0,0x7b4e940
18670,583,0,0x7bea680
18671,752,0,0x7c863c0
18672,1224,0,0x7d22100
18673,752,0,0x7dbde40
18674,785,0,0x7e59b80
18675,762,0,0x7ef58c0
18676,726,0,0x7f91600
18677,533,0,0x802d340
18678,784,0,0x80c9080
18679,743,0,0x8164dc0
18680,843,0,0x8200b00
18681,762,0,0x829c840
18682,714,0,0x8338580
18683,810,0,0x83d42c0
18684,732,0,0x8470000
18685,1030,0,0x850bd40
18686,1179,0,0x85a7a80
18687,534,0,0x86437c0
18688,765,0,0x86df500
18689,713,0,0x877b240
18690,788,0,0x8816f80
18691,487,0,0x88b2cc0
18692,955,0,0x894ea00
18693,802,0,0x89ea740
18694,723,0,0x8a86480
18695,743,0,0x8b221c0
18696,772,0,0x8bbdf00
18697,728,0,0x8c59c40
18698,611,0,0x8cf5980
18699,1405,0,0x8d916c0
18700,632,0,0x8e2d400
18701,776,0,0x8ec9140
18702,728,0,0x8f64e80
18703,800,0,0x9000bc0
18704,577,0,0x909c900
18705,736,0,0x9138640
18706,801,0,0x91d4380
18707,752,0,0x92700c0
18708,863,0,0x930be00
18709,812,0,0x93a7b40
18710,1201,0,0x9443880
18711,808,0,0x94df5c0
18712,743,0,0x957b300
18713,784,0,0x9617040
18714,557,0,0x96b2d80
18715,690,0,0x974eac0
18716,787,0,0x97ea800
18717,603,0,0x9886540
18718,1543,0,0x9922280
18719,2255,0,0x99bdfc0
18720,1916,0,0x9a59d00
18721,1178,0,0x9af5a40
18722,90363,0,0x9c2d4c0
18723,1012,0,0x9cc9200
18724,845,0,0x9d64f40
18725,390,0,0x9e00c80
18726,4264,0,0x9e9c9c0
18727,270,0,0x9f38700
18728,1681,0,0x9fd4440
18729,91438,0,0xa10bec0
18730,1906,0,0xa1a7c00
18731,448,0,0xa243940
18732,1224,0,0xa2df680
18733,876,0,0xa37b3c0
18734,96236,0,0xa4b2e40
18735,20358,0,0xa54eb80
18736,1749,0,0xa5ea8c0
18737,2212,0,0xa686600
18738,619,0,0xa722340
18739,762,0,0xa7be080
18740,578,0,0xa859dc0
18741,638,0,0xa8f5b00
18742,571,0,0xa991840
18743,744,0,0xaa2d580
18744,557,0,0xaac92c0
18745,614,0,0xab65000
18746,619,0,0xac00d40
18747,753,0,0xac9ca80
18748,555,0,0xad387c0
18749,771,0,0xadd4500
18750,531,0,0xae70240
18751,814,0,0xaf0bf80
18752,119379,0,0xafa7cc0
18753,760,0,0xb043a00
18754,798,0,0xb0df740
18755,818,0,0xb17b480
18756,897,0,0xb2171c0
18757,525,0,0xb2b2f00
18758,1882,0,0xb34ec40
18759,790,0,0xb3ea980
18760,944,0,0xb4866c0
18761,633,0,0xb522400
18762,100940,0,0xb659e80
18763,794,0,0xb6f5bc0
18764,757,0,0xb791900
18765,466,0,0xb82d640
18766,1006,0,0xb8c9380
18767,765,0,0xb9650c0
18768,539,0,0xba00e00
18769,655,0,0xba9cb40
18770,595,0,0xbb38880
18771,587,0,0xbbd45c0
18772,594,0,0xbc70300
18773,145732,0,0xbd0c040
18774,1314,0,0xbda7d80
18775,97075,0,0xbedf800
18776,570,0,0xbf7b540
18777,4964,0,0xc017280
18778,2429,0,0xc0b2fc0
18779,739,0,0xc14ed00
18780,854,0,0xc1eaa40
18781,2934,0,0xc286780
18782,73800,0,0xc3be200
18783,17230,0,0xc459f40
18784,987,0,0xc4f5c80
18785,584,0,0xc5919c0
18786,833,0,0xc62d700
18787,1242,0,0xc6c9440
18788,2238,0,0xc765180
18789,799,0,0xc800ec0
18790,550,0,0xc89cc00
18791,807,0,0xc938940
18792,127318,0,0xc9d4680
18793,25951,0,0xca703c0
18794,1876,0,0xcb0c100
18795,810,0,0xcba7e40
18796,1529,0,0xcc43b80
18797,53898,0,0xcd7b600
18798,19146,0,0xce17340
18799,859,0,0xceb3080
18800,546,0,0xcf4edc0
18801,790,0,0xcfeab00
18802,540,0,0xd086840
18803,1978,0,0xd122580
18804,38133,0,0xd25a000
18805,53426,0,0xd2f5d40
18806,738,0,0xd391a80
18807,535,0,0xd42d7c0
18808,831,0,0xd4c9500
18809,811,0,0xd565240
18810,1825,0,0xd600f80
18811,2161,0,0xd69ccc0
18812,787,0,0xd738a00
18813,982,0,0xd7d4740
18814,869,0,0xd870480
18815,948,0,0xd90c1c0
18816,1049,0,0xd9a7f00
18817,961,0,0xda43c40
18818,803,0,0xdadf980
18819,1006,0,0xdb7b6c0
18820,1109,0,0xdc17400
18821,767,0,0xdcb3140
18822,948,0,0xdd4ee80
18823,816,0,0xddeabc0
18824,949,0,0xde86900
18825,828,0,0xdf22640
18826,967,0,0xdfbe380
18827,829,0,0xe05a0c0
18828,969,0,0xe0f5e00
18829,753,0,0xe191b40
18830,994,0,0xe22d880
18831,774,0,0xe2c95c0
18832,1055,0,0xe365300
18833,962,0,0xe401040
18834,853,0,0xe49cd80
18835,944,0,0xe538ac0
18836,1243,0,0xe5d4800
18837,963,0,0xe670540
18838,862,0,0xe70c280
18839,975,0,0xe7a7fc0
18840,1284,0,0xe843d00
18841,960,0,0xe8dfa40
18842,1450,0,0xe97b780
18843,1055,0,0xea174c0
18844,1003,0,0xeab3200
18845,1034,0,0xeb4ef40
18846,983,0,0xebeac80
18847,1030,0,0xec869c0
18848,1182,0,0xed22700
18849,822,0,0xedbe440
18850,763,0,0xee5a180
18851,1015,0,0xeef5ec0
18852,769,0,0xef91c00
18853,955,0,0xf02d940
18854,1047,0,0xf0c9680
18855,748,0,0xf1653c0
18856,1271,0,0xf201100
18857,963,0,0xf29ce40
18858,831,0,0xf338b80
18859,815,0,0xf3d48c0
18860,859,0,0xf470600
18861,981,0,0xf50c340
18862,777,0,0xf5a8080
18863,874,0,0xf643dc0
18864,786,0,0xf6dfb00
18865,861,0,0xf77b840
18866,829,0,0xf817580
18867,943,0,0xf8b32c0
18868,872,0,0xf94f000
18869,978,0,0xf9ead40
18870,776,0,0xfa86a80
18871,986,0,0xfb227c0
18872,1032,0,0xfbbe500
18873,746,0,0xfc5a240
18874,1059,0,0xfcf5f80
18875,1012,0,0xfd91cc0
18876,1024,0,0xfe2da00
18877,1053,0,0xfec9740
18878,998,0,0xff65480
18879,1033,0,0x100011c0
18880,1023,0,0x1009cf00
18881,964,0,0x10138c40
18882,808,0,0x101d4980
18883,1047,0,0x102706c0
18884,950,0,0x1030c400
18885,810,0,0x103a8140
18886,826,0,0x10443e80
18887,1037,0,0x104dfbc0
18888,846,0,0x1057b900
18889,1022,0,0x10617640
18890,784,0,0x106b3380
18891,800,0,0x1074f0c0
18892,1074,0,0x107eae00
18893,986,0,0x10886b40
18894,1118,0,0x10922880
18895,788,0,0x109be5c0
18896,1263,0,0x10a5a300
18897,778,0,0x10af6040
18898,747,0,0x10b91d80
18899,994,0,0x10c2dac0
18900,1017,0,0x10cc9800
18901,787,0,0x10d65540
18902,959,0,0x10e01280
18903,854,0,0x10e9cfc0
18904,964,0,0x10f38d00
18905,795,0,0x10fd4a40
18906,823,0,0x11070780
18907,1010,0,0x1110c4c0
18908,1066,0,0x111a8200
18909,754,0,0x11243f40
18910,890,0,0x112dfc80
18911,959,0,0x1137b9c0
18912,1125,0,0x11417700
18913,796,0,0x114b3440
18914,1034,0,0x1154f180
18915,763,0,0x115eaec0
18916,793,0,0x11686c00
18917,1053,0,0x11722940
18918,752,0,0x117be680
18919,834,0,0x1185a3c0
18920,979,0,0x118f6100
18921,1249,0,0x11991e40
18922,955,0,0x11a2db80
18923,844,0,0x11ac98c0
18924,785,0,0x11b65600
18925,1269,0,0x11c01340
18926,990,0,0x11c9d080
18927,866,0,0x11d38dc0
18928,1014,0,0x11dd4b00
18929,1066,0,0x11e70840
18930,1501,0,0x11f0c580
18931,1046,0,0x11fa82c0
18932,975,0,0x12044000
18933,376,0,0x120dfd40
18934,2609,0,0x1217ba80
18935,2790,0,0x122177c0
18936,19478,0,0x1234f240
18937,71385,0,0x123eaf80
18938,1008,0,0x12486cc0
18939,595,0,0x12522a00
18940,830,0,0x125be740
18941,521,0,0x1265a480
18942,602,0,0x126f61c0
18943,586,0,0x12791f00
18944,717,0,0x1282dc40
18945,543,0,0x128c9980
18946,522,0,0x129656c0
18947,732,0,0x12a01400
18948,666,0,0x12a9d140
18949,2130,0,0x12b38e80
18950,630,0,0x12bd4bc0
18951,900,0,0x12c70900
18952,62615,0,0x12d0c640
18953,75721,0,0x12da8380
18954,773,0,0x12e440c0
18955,580,0,0x12edfe00
18956,791,0,0x12f7bb40
18957,583,0,0x13017880
18958,561,0,0x130b35c0
18959,811,0,0x1314f300
18960,616,0,0x131eb040
18961,514,0,0x13286d80
18962,732,0,0x13322ac0
18963,558,0,0x133be800
18964,560,0,0x1345a540
18965,564,0,0x134f6280
18966,616,0,0x13591fc0
18967,579,0,0x1362dd00
18968,2051,0,0x136c9a40
18969,1329,0,0x13765780
18970,2618,0,0x138014c0
18971,840,0,0x1389d200
18972,1002,0,0x13938f40
18973,553,0,0x139d4c80
18974,730,0,0x13a709c0
18975,771,0,0x13b0c700
18976,54147,0,0x13ba8440
18977,609,0,0x13c44180
18978,96038,0,0x13cdfec0
18979,1250,0,0x13d7bc00
18980,602,0,0x13e17940
18981,552,0,0x13eb3680
18982,596,0,0x13f4f3c0
18983,678,0,0x13feb100
18984,465,0,0x14086e40
18985,2082,0,0x14122b80
18986,851,0,0x141be8c0
18987,595,0,0x1425a600
18988,748,0,0x142f6340
18989,588,0,0x14392080
18990,576,0,0x1442ddc0
18991,955,0,0x144c9b00
18992,610,0,0x14565840
18993,609,0,0x14601580
18994,573,0,0x1469d2c0
18995,811,0,0x14739000
18996,40607,0,0x147d4d40
18997,493,0,0x14870a80
18998,1199,0,0x1490c7c0
18999,95879,0,0x149a8500
19000,826,0,0x14a44240
19001,6446,0,0x14adff80
19002,798,0,0x14b7bcc0
19003,566,0,0x14c17a00
19004,1213,0,0x14cb3740
19005,1229,0,0x14d4f480
19006,9126,0,0x14deb1c0
19007,1054,0,0x14e86f00
19008,549,0,0x14f22c40
19009,1044,0,0x14fbe980
19010,32898,0,0x1505a6c0
19011,533,0,0x150f6400
19012,82750,0,0x15192140
19013,1433,0,0x1522de80
19014,986,0,0x152c9bc0
19015,997,0,0x15365900
19016,788,0,0x15401640
19017,798,0,0x1549d380
19018,1725,0,0x155390c0
19019,1077,0,0x155d4e00
19020,956,0,0x15670b40
19021,1007,0,0x1570c880
19022,886,0,0x157a85c0
19023,748,0,0x15844300
19024,1260,0,0x158e0040
19025,1041,0,0x1597bd80
19026,1178,0,0x15a17ac0
19027,966,0,0x15ab3800
19028,5129,0,0x15b4f540
19029,968,0,0x15beb280
19030,1024,0,0x15c86fc0
19031,1188,0,0x15d22d00
19032,802,0,0x15dbea40
19033,1278,0,0x15e5a780
19034,1117,0,0x15ef64c0
19035,1229,0,0x15f92200
19036,1028,0,0x1602df40
19037,985,0,0x160c9c80
19038,1052,0,0x161659c0
19039,72107,0,0x1629d440
19040,547,0,0x16339180
19041,551,0,0x163d4ec0
19042,611,0,0x16470c00
19043,1430,0,0x1650c940
19044,998,0,0x165a8680
19045,2370,0,0x166443c0
19046,806,0,0x166e0100
19047,1182,0,0x1677be40
19048,1023,0,0x16817b80
19049,551,0,0x168b38c0
19050,714,0,0x1694f600
19051,608,0,0x169eb340
19052,622,0,0x16a87080
19053,722,0,0x16b22dc0
19054,585,0,0x16bbeb00
19055,595,0,0x16c5a840
19056,732,0,0x16cf6580
19057,545,0,0x16d922c0
19058,579,0,0x16e2e000
19059,495,0,0x16ec9d40
19060,713,0,0x16f65a80
19061,530,0,0x170017c0
19062,755,0,0x1709d500
19063,20852,0,0x17139240
19064,532,0,0x171d4f80
19065,117585,0,0x17270cc0
19066,1418,0,0x1730ca00
19067,1871,0,0x173a8740
19068,765,0,0x17444480
19069,808,0,0x174e01c0
19070,11732,0,0x1757bf00
19071,778,0,0x17617c40
19072,556,0,0x176b3980
19073,598,0,0x1774f6c0
19074,722,0,0x177eb400
19075,607,0,0x17887140
19076,570,0,0x17922e80
19077,743,0,0x179bebc0
19078,715,0,0x17a5a900
19079,777,0,0x17af6640
19080,562,0,0x17b92380
19081,785,0,0x17c2e0c0
19082,8883,0,0x17cc9e00
19083,122635,0,0x17d65b40
19084,752,0,0x17e01880
19085,820,0,0x17e9d5c0
19086,858,0,0x17f39300
19087,22137,0,0x17fd5040
19088,760,0,0x18070d80
19089,538,0,0x1810cac0
19090,783,0,0x181a8800
19091,563,0,0x18244540
19092,573,0,0x182e0280
19093,715,0,0x1837bfc0
19094,1036,0,0x18417d00
19095,524,0,0x184b3a40
19096,530,0,0x1854f780
19097,128283,0,0x185eb4c0
19098,70838,0,0x18722f40
19099,10247,0,0x187bec80
19100,1956,0,0x1885a9c0
19101,1104,0,0x188f6700
19102,140869,0,0x18992440
19103,13659,0,0x18a2e180
19104,1123,0,0x18ac9ec0
19105,83058,0,0x18c01940
19106,723,0,0x18c9d680
19107,643,0,0x18d393c0
19108,768,0,0x18dd5100
19109,542,0,0x18e70e40
19110,556,0,0x18f0cb80
19111,595,0,0x18fa88c0
19112,584,0,0x19044600
19113,596,0,0x190e0340
19114,655,0,0x1917c080
19115,782,0,0x19217dc0
19116,10189,0,0x192b3b00
19117,575,0,0x1934f840
19118,582,0,0x193eb580
19119,809,0,0x194872c0
19120,583,0,0x19523000
19121,549,0,0x195bed40
19122,749,0,0x1965aa80
19123,599,0,0x196f67c0
19124,523,0,0x19792500
19125,596,0,0x1982e240
19126,1218,0,0x198c9f80
19127,1024,0,0x19965cc0
19128,596,0,0x19a01a00
19129,568,0,0x19a9d740
19130,723,0,0x19b39480
19131,610,0,0x19bd51c0
19132,633,0,0x19c70f00
19133,742,0,0x19d0cc40
19134,798,0,0x19da8980
19135,123453,0,0x19e446c0
19136,576,0,0x19ee0400
19137,598,0,0x19f7c140
19138,606,0,0x1a017e80
19139,635,0,0x1a0b3bc0
19140,621,0,0x1a14f900
19141,783,0,0x1a1eb640
19142,583,0,0x1a287380
19143,664,0,0x1a3230c0
19144,598,0,0x1a3bee00
19145,772,0,0x1a45ab40
19146,10611,0,0x1a4f6880
19147,588,0,0x1a5925c0
19148,668,0,0x1a62e300
19149,568,0,0x1a6ca040
19150,760,0,0x1a765d80
19151,141225,0,0x1a801ac0
19152,705,0,0x1a89d800
19153,1173,0,0x1a939540
19154,100355,0,0x1aa70fc0
19155,2059,0,0x1ab0cd00
19156,1859,0,0x1aba8a40
19157,2187,0,0x1ac44780
19158,1005,0,0x1ace04c0
19159,1213,0,0x1ad7c200
19160,1053,0,0x1ae17f40
19161,508,0,0x1aeb3c80
19162,825,0,0x1af4f9c0
19163,151835,0,0x1afeb700
19164,979,0,0x1b087440
19165,430,0,0x1b123180
19166,1565,0,0x1b1beec0
19167,838,0,0x1b25ac00
19168,1670,0,0x1b2f6940
19169,94907,0,0x1b42e3c0
19170,2118,0,0x1b4ca100
19171,802,0,0x1b565e40
19172,573,0,0x1b601b80
19173,1728,0,0x1b69d8c0
19174,1491,0,0x1b739600
19175,1098,0,0x1b7d5340
19176,741,0,0x1b871080
19177,81864,0,0x1b9a8b00
19178,788,0,0x1ba44840
19179,558,0,0x1bae0580
19180,745,0,0x1bb7c2c0
19181,1165,0,0x1bc18000
19182,1299,0,0x1bcb3d40
19183,1625,0,0x1bd4fa80
19184,1306,0,0x1bdeb7c0
19185,1094,0,0x1be87500
19186,3565,0,0x1bf23240
19187,1664,0,0x1bfbef80
19188,733,0,0x1c05acc0
19189,576,0,0x1c0f6a00
19190,541,0,0x1c192740
19191,875,0,0x1c22e480
19192,123183,0,0x1c2ca1c0
19193,1058,0,0x1c365f00
19194,714,0,0x1c401c40
19195,605,0,0x1c49d980
19196,609,0,0x1c5396c0
19197,736,0,0x1c5d5400
19198,569,0,0x1c671140
19199,578,0,0x1c70ce80
19200,762,0,0x1c7a8bc0
19201,17905,0,0x1c844900
19202,602,0,0x1c8e0640
19203,622,0,0x1c97c380
19204,1013,0,0x1ca180c0
19205,534,0,0x1cab3e00
19206,816,0,0x1cb4fb40
19207,78924,0,0x1cc875c0
19208,19658,0,0x1cd23300
19209,647,0,0x1cdbf040
19210,777,0,0x1ce5ad80
19211,601,0,0x1cef6ac0
19212,476,0,0x1cf92800
19213,78729,0,0x1d0ca280
19214,845,0,0x1d165fc0
19215,732,0,0x1d201d00
19216,635,0,0x1d29da40
19217,840,0,0x1d339780
19218,18042,0,0x1d3d54c0
19219,280,0,0x1d471200
19220,14572,0,0x1d5a8c80
19221,10623,0,0x1d6e0700
19222,842,0,0x1d77c440
19223,649,0,0x1d818180
19224,1182,0,0x1d8b3ec0
19225,1027,0,0x1d94fc00
19226,594,0,0x1d9eb940
19227,736,0,0x1da87680
19228,10646,0,0x1db233c0
19229,626,0,0x1dbbf100
19230,607,0,0x1dc5ae40
19231,758,0,0x1dcf6b80
19232,595,0,0x1dd928c0
19233,583,0,0x1de2e600
19234,499,0,0x1deca340
19235,728,0,0x1df66080
19236,583,0,0x1e001dc0
19237,575,0,0x1e09db00
19238,589,0,0x1e139840
19239,1011,0,0x1e1d5580
19240,91126,0,0x1e2712c0
19241,3859,0,0x1e3a8d40
19242,1649,0,0x1e444a80
19243,1001,0,0x1e4e07c0
19244,1205,0,0x1e57c500
19245,1654,0,0x1e618240
19246,1619,0,0x1e6b3f80
19247,624,0,0x1e74fcc0
19248,564,0,0x1e7eba00
19249,628,0,0x1e887740
19250,587,0,0x1e923480
19251,549,0,0x1e9bf1c0
19252,1036,0,0x1ea5af00
19253,1054,0,0x1eaf6c40
19254,1038,0,0x1eb92980
19255,1070,0,0x1ec2e6c0
19256,1285,0,0x1ecca400
19257,1025,0,0x1ed66140
19258,991,0,0x1ee01e80
19259,1115,0,0x1ee9dbc0
19260,1428,0,0x1ef39900
19261,1046,0,0x1efd5640
19262,1198,0,0x1f071380
19263,20046,0,0x1f1a8e00
19264,5578,0,0x1f2e0880
19265,754,0,0x1f37c5c0
19266,729,0,0x1f418300
19267,12643,0,0x1f4b4040
19268,1649,0,0x1f54fd80
19269,1017,0,0x1f5ebac0
19270,985,0,0x1f687800
19271,1101,0,0x1f723540
19272,1213,0,0x1f7bf280
19273,770,0,0x1f85afc0
19274,802,0,0x1f8f6d00
19275,1029,0,0x1f992a40
19276,1224,0,0x1fa2e780
19277,595,0,0x1faca4c0
19278,20326,0,0x1fc01f40
19279,1173,0,0x1fc9dc80
19280,1214,0,0x1fd399c0
19281,1011,0,0x1fdd5700
19282,833,0,0x1fe71440
19283,962,0,0x1ff0d180
19284,1048,0,0x1ffa8ec0
19285,1017,0,0x20044c00
19286,1008,0,0x200e0940
19287,1002,0,0x2017c680
19288,999,0,0x202183c0
19289,1008,0,0x202b4100
19290,1059,0,0x2034fe40
19291,1001,0,0x203ebb80
19292,1005,0,0x204878c0
19293,1231,0,0x20523600
19294,1031,0,0x205bf340
19295,1235,0,0x2065b080
19296,1433,0,0x206f6dc0
19297,1009,0,0x20792b00
19298,927,0,0x2082e840
19299,1055,0,0x208ca580
19300,22282,0,0x209662c0
19301,985,0,0x20a02000
19302,626,0,0x20a9dd40
19303,786,0,0x20b39a80
19304,572,0,0x20bd57c0
19305,587,0,0x20c71500
19306,827,0,0x20d0d240
19307,565,0,0x20da8f80
19308,596,0,0x20e44cc0
19309,623,0,0x20ee0a00
19310,617,0,0x20f7c740
19311,616,0,0x21018480
19312,753,0,0x210b41c0
19313,8666,0,0x2114ff00
19314,815,0,0x211ebc40
19315,17130,0,0x21287980
19316,1300,0,0x213236c0
19317,1211,0,0x213bf400
19318,956,0,0x2145b140
19319,1240,0,0x214f6e80
19320,991,0,0x21592bc0
19321,1249,0,0x2162e900
19322,964,0,0x216ca640
19323,1072,0,0x21766380
19324,1204,0,0x218020c0
19325,999,0,0x2189de00
19326,1017,0,0x21939b40
19327,986,0,0x219d5880
19328,999,0,0x21a715c0
19329,1010,0,0x21b0d300
19330,1050,0,0x21ba9040
19331,1007,0,0x21c44d80
19332,926,0,0x21ce0ac0
19333,1209,0,0x21d7c800
19334,986,0,0x21e18540
19335,1188,0,0x21eb4280
19336,1036,0,0x21f4ffc0
19337,1026,0,0x21febd00
19338,1032,0,0x22087a40
19339,1043,0,0x22123780
19340,1056,0,0x221bf4c0
19341,979,0,0x2225b200
19342,1072,0,0x222f6f40
19343,982,0,0x22392c80
19344,1002,0,0x2242e9c0
19345,1094,0,0x224ca700
19346,855,0,0x22566440
19347,1046,0,0x22602180
19348,1246,0,0x2269dec0
19349,950,0,0x22739c00
19350,837,0,0x227d5940
19351,1230,0,0x22871680
19352,1024,0,0x2290d3c0
19353,819,0,0x229a9100
19354,1022,0,0x22a44e40
19355,1179,0,0x22ae0b80
19356,1051,0,0x22b7c8c0
19357,1052,0,0x22c18600
19358,1086,0,0x22cb4340
19359,1035,0,0x22d50080
19360,1031,0,0x22debdc0
19361,969,0,0x22e87b00
19362,1036,0,0x22f23840
19363,982,0,0x22fbf580
19364,1036,0,0x2305b2c0
19365,1168,0,0x230f7000
19366,1092,0,0x23192d40
19367,1012,0,0x2322ea80
19368,1081,0,0x232ca7c0
19369,1211,0,0x23366500
19370,999,0,0x23402240
19371,1050,0,0x2349df80
19372,1054,0,0x23539cc0
19373,1210,0,0x235d5a00
19374,985,0,0x23671740
19375,1011,0,0x2370d480
19376,1038,0,0x237a91c0
19377,1018,0,0x23844f00
19378,1293,0,0x238e0c40
19379,1024,0,0x2397c980
19380,1023,0,0x23a186c0
19381,1275,0,0x23ab4400
19382,952,0,0x23b50140
19383,858,0,0x23bebe80
19384,3182,0,0x23c87bc0
19385,356,0,0x23d23900
19386,1050,0,0x23dbf640
19387,554,0,0x23e5b380
19388,530,0,0x23ef70c0
19389,601,0,0x23f92e00
19390,800,0,0x2402eb40
19391,30535,0,0x240ca880
19392,766,0,0x241665c0
19393,881,0,0x24202300
19394,728,0,0x2429e040
19395,1798,0,0x24339d80
19396,68736,0,0x24471800
19397,1045,0,0x2450d540
19398,987,0,0x245a9280
19399,1288,0,0x24644fc0
19400,464,0,0x246e0d00
19401,430,0,0x2477ca40
19402,94658,0,0x248b44c0
19403,102147,0,0x249ebf40
19404,1016,0,0x24a87c80
19405,557,0,0x24b239c0
19406,539,0,0x24bbf700
19407,527,0,0x24c5b440
19408,775,0,0x24cf7180
19409,11574,0,0x24d92ec0
19410,1003,0,0x24e2ec00
19411,1016,0,0x24eca940
19412,871,0,0x24f66680
19413,81563,0,0x2509e100
19414,795,0,0x25139e40
19415,1695,0,0x251d5b80
19416,759,0,0x252718c0
19417,797,0,0x2530d600
19418,18235,0,0x253a9340
19419,730,0,0x25445080
19420,1687,0,0x254e0dc0
19421,1034,0,0x2557cb00
19422,858,0,0x25618840
19423,734,0,0x256b4580
19424,128052,0,0x257502c0
19425,723,0,0x257ec000
19426,591,0,0x25887d40
19427,635,0,0x25923a80
19428,1187,0,0x259bf7c0
19429,989,0,0x25a5b500
19430,828,0,0x25af7240
19431,29821,0,0x25b92f80
19432,64046,0,0x25ccaa00
19433,534,0,0x25d66740
19434,535,0,0x25e02480
19435,642,0,0x25e9e1c0
19436,614,0,0x25f39f00
19437,779,0,0x25fd5c40
19438,564,0,0x26071980
19439,575,0,0x2610d6c0
19440,978,0,0x261a9400
19441,598,0,0x26245140
19442,747,0,0x262e0e80
19443,541,0,0x2637cbc0
19444,891,0,0x26418900
19445,29143,0,0x264b4640
19446,336,0,0x26550380
19447,65151,0,0x26687e00
19448,845,0,0x26723b40
19449,553,0,0x267bf880
19450,746,0,0x2685b5c0
19451,33268,0,0x268f7300
19452,955,0,0x26993040
19453,792,0,0x26a2ed80
19454,562,0,0x26acaac0
19455,801,0,0x26b66800
19456,1278,0,0x26c02540
19457,1170,0,0x26c9e280
19458,622,0,0x26d39fc0
19459,590,0,0x26dd5d00
19460,800,0,0x26e71a40
19461,568,0,0x26f0d780
19462,597,0,0x26fa94c0
19463,582,0,0x27045200
19464,633,0,0x270e0f40
19465,606,0,0x2717cc80
19466,591,0,0x272189c0
19467,747,0,0x272b4700
19468,107849,0,0x27350440
19469,855,0,0x273ec180
19470,97951,0,0x27523c00
19471,797,0,0x275bf940
19472,589,0,0x2765b680
19473,26468,0,0x276f73c0
19474,821,0,0x27793100
19475,535,0,0x2782ee40
19476,570,0,0x278cab80
19477,586,0,0x279668c0
19478,818,0,0x27a02600
19479,597,0,0x27a9e340
19480,571,0,0x27b3a080
19481,592,0,0x27bd5dc0
19482,624,0,0x27c71b00
19483,598,0,0x27d0d840
19484,574,0,0x27da9580
19485,598,0,0x27e452c0
19486,1047,0,0x27ee1000
19487,574,0,0x27f7cd40
19488,596,0,0x28018a80
19489,827,0,0x280b47c0
19490,8628,0,0x28150500
19491,1434,0,0x281ec240
19492,891,0,0x28287f80
19493,776,0,0x28323cc0
19494,97171,0,0x283bfa00
19495,996,0,0x2845b740
19496,592,0,0x284f7480
19497,330,0,0x285931c0
19498,1033,0,0x286cac40
19499,636,0,0x28766980
19500,777,0,0x288026c0
19501,819,0,0x2889e400
19502,619,0,0x2893a140
19503,592,0,0x289d5e80
19504,813,0,0x28a71bc0
19505,569,0,0x28b0d900
19506,976,0,0x28ba9640
19507,1048,0,0x28c45380
19508,974,0,0x28ce10c0
19509,1053,0,0x28d7ce00
19510,1011,0,0x28e18b40
19511,1669,0,0x28eb4880
19512,850,0,0x28f505c0
19513,1044,0,0x28fec300
19514,1036,0,0x29088040
19515,1007,0,0x29123d80
19516,1322,0,0x291bfac0
19517,1235,0,0x2925b800
19518,1674,0,0x292f7540
19519,1017,0,0x29393280
19520,976,0,0x2942efc0
19521,859,0,0x294cad00
19522,1044,0,0x29566a40
19523,1017,0,0x29602780
19524,992,0,0x2969e4c0
19525,1016,0,0x2973a200
19526,991,0,0x297d5f40
19527,1012,0,0x29871c80
19528,1418,0,0x2990d9c0
19529,1264,0,0x299a9700
19530,1047,0,0x29a45440
19531,1010,0,0x29ae1180
19532,1017,0,0x29b7cec0
19533,1006,0,0x29c18c00
19534,1020,0,0x29cb4940
19535,1005,0,0x29d50680
19536,1021,0,0x29dec3c0
19537,1013,0,0x29e88100
19538,1010,0,0x29f23e40
19539,1057,0,0x29fbfb80
19540,955,0,0x2a05b8c0
19541,1218,0,0x2a0f7600
19542,1007,0,0x2a193340
19543,1409,0,0x2a22f080
19544,1054,0,0x2a2cadc0
19545,1023,0,0x2a366b00
19546,1068,0,0x2a402840
19547,1005,0,0x2a49e580
19548,1043,0,0x2a53a2c0
19549,969,0,0x2a5d6000
19550,850,0,0x2a671d40
19551,989,0,0x2a70da80
19552,1041,0,0x2a7a97c0
19553,990,0,0x2a845500
19554,1045,0,0x2a8e1240
19555,1001,0,0x2a97cf80
19556,1253,0,0x2aa18cc0
19557,961,0,0x2aab4a00
19558,1068,0,0x2ab50740
19559,1450,0,0x2abec480
19560,1203,0,0x2ac881c0
19561,1023,0,0x2ad23f00
19562,802,0,0x2adbfc40
19563,14128,0,0x2ae5b980
19564,825,0,0x2aef76c0
19565,760,0,0x2af93400
19566,1298,0,0x2b02f140
19567,87369,0,0x2b166bc0
19568,801,0,0x2b202900
19569,1108,0,0x2b29e640
19570,802,0,0x2b33a380
19571,619,0,0x2b3d60c0
19572,621,0,0x2b471e00
19573,597,0,0x2b50db40
19574,540,0,0x2b5a9880
19575,818,0,0x2b6455c0
19576,960,0,0x2b6e1300
19577,674,0,0x2b77d040
19578,545,0,0x2b818d80
19579,2045,0,0x2b8b4ac0
19580,1646,0,0x2b950800
19581,1072,0,0x2b9ec540
19582,853,0,0x2ba88280
19583,34069,0,0x2bb23fc0
19584,584,0,0x2bbbfd00
19585,656,0,0x2bc5ba40
19586,613,0,0x2bcf7780
19587,864,0,0x2bd934c0
19588,114340,0,0x2be2f200
19589,501,0,0x2becaf40
19590,863,0,0x2bf66c80
19591,994,0,0x2c0029c0
19592,995,0,0x2c09e700
19593,98767,0,0x2c1d6180
19594,583,0,0x2c271ec0
19595,1211,0,0x2c30dc00
19596,595,0,0x2c3a9940
19597,100632,0,0x2c4e13c0
19598,736,0,0x2c57d100
19599,777,0,0x2c618e40
19600,794,0,0x2c6b4b80
19601,546,0,0x2c7508c0
19602,853,0,0x2c7ec600
19603,552,0,0x2c888340
19604,576,0,0x2c924080
19605,783,0,0x2c9bfdc0
19606,5411,0,0x2ca5bb00
19607,792,0,0x2caf7840
19608,614,0,0x2cb93580
19609,603,0,0x2cc2f2c0
19610,632,0,0x2cccb000
19611,629,0,0x2cd66d40
19612,762,0,0x2ce02a80
19613,11986,0,0x2ce9e7c0
19614,1018,0,0x2cf3a500
19615,601,0,0x2cfd6240
19616,781,0,0x2d071f80
19617,125802,0,0x2d10dcc0
19618,774,0,0x2d1a9a00
19619,898,0,0x2d245740
19620,584,0,0x2d2e1480
19621,1257,0,0x2d37d1c0
19622,610,0,0x2d418f00
19623,833,0,0x2d4b4c40
19624,8907,0,0x2d550980
19625,811,0,0x2d5ec6c0
19626,14301,0,0x2d688400
19627,622,0,0x2d724140
19628,833,0,0x2d7bfe80
19629,127921,0,0x2d85bbc0
19630,557,0,0x2d8f7900
19631,943,0,0x2d993640
19632,608,0,0x2da2f380
19633,2360,0,0x2dacb0c0
19634,769,0,0x2db66e00
19635,585,0,0x2dc02b40
19636,613,0,0x2dc9e880
19637,620,0,0x2dd3a5c0
19638,729,0,0x2ddd6300
19639,630,0,0x2de72040
19640,606,0,0x2df0dd80
19641,576,0,0x2dfa9ac0
19642,597,0,0x2e045800
19643,630,0,0x2e0e1540
19644,614,0,0x2e17d280
19645,757,0,0x2e218fc0
19646,599,0,0x2e2b4d00
19647,760,0,0x2e350a40
19648,6955,0,0x2e3ec780
19649,555,0,0x2e4884c0
19650,793,0,0x2e524200
19651,130814,0,0x2e5bff40
19652,1002,0,0x2e65bc80
19653,531,0,0x2e6f79c0
19654,784,0,0x2e793700
19655,572,0,0x2e82f440
19656,572,0,0x2e8cb180
19657,572,0,0x2e966ec0
19658,777,0,0x2ea02c00
19659,567,0,0x2ea9e940
19660,815,0,0x2eb3a680
19661,525,0,0x2ebd63c0
19662,657,0,0x2ec72100
19663,607,0,0x2ed0de40
19664,729,0,0x2eda9b80
19665,605,0,0x2ee458c0
19666,547,0,0x2eee1600
19667,567,0,0x2ef7d340
19668,714,0,0x2f019080
19669,564,0,0x2f0b4dc0
19670,492,0,0x2f150b00
19671,941,0,0x2f1ec840
19672,1029,0,0x2f288580
19673,741,0,0x2f3242c0
19674,643,0,0x2f3c0000
19675,588,0,0x2f45bd40
19676,750,0,0x2f4f7a80
19677,2105,0,0x2f5937c0
19678,542,0,0x2f62f500
19679,613,0,0x2f6cb240
19680,745,0,0x2f766f80
19681,137286,0,0x2f802cc0
19682,791,0,0x2f89ea00
19683,545,0,0x2f93a740
19684,476,0,0x2f9d6480
19685,100192,0,0x2fb0df00
19686,593,0,0x2fba9c40
19687,611,0,0x2fc45980
19688,777,0,0x2fce16c0
19689,566,0,0x2fd7d400
19690,582,0,0x2fe19140
19691,757,0,0x2feb4e80
19692,599,0,0x2ff50bc0
19693,602,0,0x2ffec900
19694,585,0,0x30088640
19695,581,0,0x30124380
19696,560,0,0x301c00c0
19697,976,0,0x3025be00
19698,972,0,0x302f7b40
19699,94889,0,0x3042f5c0
19700,798,0,0x304cb300
19701,2512,0,0x30567040
19702,683,0,0x30602d80
19703,647,0,0x3069eac0
19704,3019,0,0x3073a800
19705,2312,0,0x307d6540
19706,93291,0,0x3090dfc0
19707,768,0,0x309a9d00
19708,1022,0,0x30a45a40
19709,790,0,0x30ae1780
19710,562,0,0x30b7d4c0
19711,569,0,0x30c19200
19712,1927,0,0x30cb4f40
19713,343,0,0x30d50c80
19714,2087,0,0x30dec9c0
19715,325,0,0x30e88700
19716,99471,0,0x30fc0180
19717,1264,0,0x3105bec0
19718,717,0,0x310f7c00
19719,1238,0,0x31193940
19720,2625,0,0x3122f680
19721,460,0,0x312cb3c0
19722,76463,0,0x31402e40
19723,1206,0,0x3149eb80
19724,1560,0,0x3153a8c0
19725,1548,0,0x315d6600
19726,79219,0,0x3170e080
19727,627,0,0x317a9dc0
19728,11589,0,0x31845b00
19729,555,0,0x318e1840
19730,659,0,0x3197d580
19731,771,0,0x31a192c0
19732,678,0,0x31ab5000
19733,602,0,0x31b50d40
19734,562,0,0x31beca80
19735,472,0,0x31c887c0
19736,752,0,0x31d24500
19737,559,0,0x31dc0240
19738,594,0,0x31e5bf80
19739,576,0,0x31ef7cc0
19740,793,0,0x31f93a00
19741,556,0,0x3202f740
19742,593,0,0x320cb480
19743,990,0,0x321671c0
19744,831,0,0x32202f00
19745,1220,0,0x3229ec40
19746,956,0,0x3233a980
19747,1820,0,0x323d66c0
19748,1252,0,0x32472400
19749,944,0,0x3250e140
19750,1014,0,0x325a9e80
19751,1172,0,0x32645bc0
19752,1010,0,0x326e1900
19753,1426,0,0x3277d640
19754,950,0,0x32819380
19755,1071,0,0x328b50c0
19756,1403,0,0x32950e00
19757,1253,0,0x329ecb40
19758,1228,0,0x32a88880
19759,1152,0,0x32b245c0
19760,1027,0,0x32bc0300
19761,1166,0,0x32c5c040
19762,1640,0,0x32cf7d80
19763,1206,0,0x32d93ac0
19764,1168,0,0x32e2f800
19765,1013,0,0x32ecb540
19766,1218,0,0x32f67280
19767,983,0,0x33002fc0
19768,1627,0,0x3309ed00
19769,993,0,0x3313aa40
19770,1208,0,0x331d6780
19771,1158,0,0x332724c0
19772,955,0,0x3330e200
19773,1067,0,0x333a9f40
19774,1175,0,0x33445c80
19775,1230,0,0x334e19c0
19776,1198,0,0x3357d700
19777,984,0,0x33619440
19778,1281,0,0x336b5180
19779,963,0,0x33750ec0
19780,1215,0,0x337ecc00
19781,951,0,0x33888940
19782,1216,0,0x33924680
19783,949,0,0x339c03c0
19784,1097,0,0x33a5c100
19785,1607,0,0x33af7e40
19786,984,0,0x33b93b80
19787,1211,0,0x33c2f8c0
19788,951,0,0x33ccb600
19789,987,0,0x33d67340
19790,1004,0,0x33e03080
19791,1215,0,0x33e9edc0
19792,1002,0,0x33f3ab00
19793,1029,0,0x33fd6840
19794,1050,0,0x34072580
19795,1162,0,0x3410e2c0
19796,1009,0,0x341aa000
19797,1169,0,0x34245d40
19798,1067,0,0x342e1a80
19799,948,0,0x3437d7c0
19800,1037,0,0x34419500
19801,1167,0,0x344b5240
19802,1077,0,0x34550f80
19803,1359,0,0x345eccc0
19804,1175,0,0x34688a00
19805,1021,0,0x34724740
19806,1129,0,0x347c0480
19807,1048,0,0x3485c1c0
19808,1144,0,0x348f7f00
19809,1208,0,0x34993c40
19810,1216,0,0x34a2f980
19811,946,0,0x34acb6c0
19812,1001,0,0x34b67400
19813,1663,0,0x34c03140
19814,946,0,0x34c9ee80
19815,978,0,0x34d3abc0
19816,1142,0,0x34dd6900
19817,1408,0,0x34e72640
19818,1006,0,0x34f0e380
19819,1209,0,0x34faa0c0
19820,960,0,0x35045e00
19821,1166,0,0x350e1b40
19822,11047,0,0x3517d880
19823,17347,0,0x352195c0
19824,989,0,0x352b5300
19825,751,0,0x35351040
19826,12933,0,0x353ecd80
19827,612,0,0x35488ac0
19828,554,0,0x35524800
19829,613,0,0x355c0540
19830,825,0,0x3565c280
19831,108264,0,0x356f7fc0
19832,1975,0,0x35793d00
19833,1166,0,0x3582fa40
19834,1026,0,0x358cb780
19835,809,0,0x359674c0
19836,824,0,0x35a03200
19837,92378,0,0x35b3ac80
19838,35499,0,0x35bd69c0
19839,1190,0,0x35c72700
19840,957,0,0x35d0e440
19841,1206,0,0x35daa180
19842,1213,0,0x35e45ec0
19843,1157,0,0x35ee1c00
19844,977,0,0x35f7d940
19845,984,0,0x36019680
19846,1038,0,0x360b53c0
19847,1284,0,0x36151100
19848,920,0,0x361ece40
19849,955,0,0x36288b80
19850,1371,0,0x363248c0
19851,1205,0,0x363c0600
19852,1011,0,0x3645c340
19853,1016,0,0x364f8080
19854,736,0,0x36593dc0
19855,1768,0,0x3662fb00
19856,1185,0,0x366cb840
19857,1160,0,0x36767580
19858,1137,0,0x368032c0
19859,1225,0,0x3689f000
19860,956,0,0x3693ad40
19861,1024,0,0x369d6a80
19862,971,0,0x36a727c0
19863,1025,0,0x36b0e500
19864,958,0,0x36baa240
19865,988,0,0x36c45f80
19866,958,0,0x36ce1cc0
19867,1008,0,0x36d7da00
19868,1160,0,0x36e19740
19869,987,0,0x36eb5480
19870,954,0,0x36f511c0
19871,1013,0,0x36fecf00
19872,1710,0,0x37088c40
19873,952,0,0x37124980
19874,1203,0,0x371c06c0
19875,1144,0,0x3725c400
19876,1016,0,0x372f8140
19877,1210,0,0x37393e80
19878,1002,0,0x3742fbc0
19879,1205,0,0x374cb900
19880,1244,0,0x37567640
19881,978,0,0x37603380
19882,1161,0,0x3769f0c0
19883,1223,0,0x3773ae00
19884,1063,0,0x377d6b40
19885,1163,0,0x37872880
19886,1012,0,0x3790e5c0
19887,1180,0,0x379aa300
19888,1040,0,0x37a46040
19889,1172,0,0x37ae1d80
19890,1007,0,0x37b7dac0
19891,950,0,0x37c19800
19892,990,0,0x37cb5540
19893,1181,0,0x37d51280
19894,948,0,0x37decfc0
19895,1456,0,0x37e88d00
19896,1143,0,0x37f24a40
19897,1276,0,0x37fc0780
19898,1004,0,0x3805c4c0
19899,994,0,0x380f8200
19900,1209,0,0x38193f40
19901,963,0,0x3822fc80
19902,1015,0,0x382cb9c0
19903,1151,0,0x38367700
19904,1059,0,0x38403440
19905,1005,0,0x3849f180
19906,1195,0,0x3853aec0
19907,963,0,0x385d6c00
19908,1009,0,0x38672940
19909,1008,0,0x3870e680
19910,1022,0,0x387aa3c0
19911,1281,0,0x38846100
19912,973,0,0x388e1e40
19913,1035,0,0x3897db80
19914,1164,0,0x38a198c0
19915,1027,0,0x38ab5600
19916,1647,0,0x38b51340
19917,1167,0,0x38bed080
19918,1051,0,0x38c88dc0
19919,978,0,0x38d24b00
19920,1115,0,0x38dc0840
19921,762,0,0x38e5c580
19922,781,0,0x38ef82c0
19923,14745,0,0x3902fd40
19924,767,0,0x390cba80
19925,610,0,0x391677c0
19926,842,0,0x39203500
19927,1390,0,0x3929f240
19928,18444,0,0x393d6cc0
19929,316,0,0x39472a00
19930,64010,0,0x3950e740
19931,1374,0,0x395aa480
19932,979,0,0x396461c0
19933,1228,0,0x396e1f00
19934,829,0,0x3977dc40
19935,956,0,0x39819980
19936,837,0,0x398b56c0
19937,981,0,0x39951400
19938,1004,0,0x399ed140
19939,984,0,0x39a88e80
19940,1017,0,0x39b24bc0
19941,964,0,0x39bc0900
19942,988,0,0x39c5c640
19943,961,0,0x39cf8380
19944,836,0,0x39d940c0
19945,970,0,0x39e2fe00
19946,1006,0,0x39ecbb40
19947,795,0,0x39f67880
19948,1294,0,0x3a0035c0
19949,765,0,0x3a09f300
19950,960,0,0x3a13b040
19951,801,0,0x3a1d6d80
19952,1020,0,0x3a272ac0
19953,1003,0,0x3a30e800
19954,912,0,0x3a3aa540
19955,731,0,0x3a446280
19956,2058,0,0x3a4e1fc0
19957,107732,0,0x3a619a40
19958,788,0,0x3a6b5780
19959,1104,0,0x3a7514c0
19960,572,0,0x3a7ed200
19961,752,0,0x3a888f40
19962,580,0,0x3a924c80
19963,551,0,0x3a9c09c0
19964,746,0,0x3aa5c700
19965,2537,0,0x3aaf8440
19966,959,0,0x3ab94180
19967,609,0,0x3ac2fec0
19968,3325,0,0x3accbc00
19969,142226,0,0x3ad67940
19970,606,0,0x3ae03680
19971,750,0,0x3ae9f3c0
19972,594,0,0x3af3b100
19973,589,0,0x3afd6e40
19974,752,0,0x3b072b80
19975,1447,0,0x3b10e8c0
19976,566,0,0x3b1aa600
19977,772,0,0x3b246340
19978,1802,0,0x3b2e2080
19979,1706,0,0x3b37ddc0
19980,149562,0,0x3b419b00
19981,527,0,0x3b4b5840
19982,931,0,0x3b551580
19983,331,0,0x3b5ed2c0
19984,313,0,0x3b689000
19985,4837,0,0x3b724d40
19986,832,0,0x3b7c0a80
19987,541,0,0x3b85c7c0
19988,750,0,0x3b8f8500
19989,564,0,0x3b994240
19990,862,0,0x3ba2ff80
19991,143372,0,0x3bacbcc0
19992,2104,0,0x3bb67a00
19993,11212,0,0x3bc03740
19994,742,0,0x3bc9f480
19995,133330,0,0x3bd3b1c0
19996,834,0,0x3bdd6f00
19997,2628,0,0x3be72c40
19998,615,0,0x3bf0e980
19999,722,0,0x3bfaa6c0
20000,1458,0,0x3c046400
20001,87293,0,0x3c17de80
20002,25501,0,0x3c219bc0
20003,69210,0,0x3c351640
20004,46405,0,0x3c3ed380
20005,1661,0,0x3c4890c0
20006,620,0,0x3c524e00
20007,745,0,0x3c5c0b40
20008,533,0,0x3c65c880
20009,601,0,0x3c6f85c0
20010,546,0,0x3c794300
20011,808,0,0x3c830040
20012,542,0,0x3c8cbd80
20013,605,0,0x3c967ac0
20014,757,0,0x3ca03800
20015,543,0,0x3ca9f540
20016,522,0,0x3cb3b280
20017,734,0,0x3cbd6fc0
20018,93163,0,0x3cc72d00
20019,51661,0,0x3cd0ea40
20020,779,0,0x3cdaa780
20021,799,0,0x3ce464c0
20022,582,0,0x3cee2200
20023,784,0,0x3cf7df40
20024,588,0,0x3d019c80
20025,834,0,0x3d0b59c0
20026,5781,0,0x3d151700
20027,805,0,0x3d1ed440
20028,586,0,0x3d289180
20029,755,0,0x3d324ec0
20030,1049,0,0x3d3c0c00
20031,730,0,0x3d45c940
20032,614,0,0x3d4f8680
20033,813,0,0x3d5943c0
20034,560,0,0x3d630100
20035,596,0,0x3d6cbe40
20036,627,0,0x3d767b80
20037,828,0,0x3d8038c0
20038,537,0,0x3d89f600
20039,525,0,0x3d93b340
20040,748,0,0x3d9d7080
20041,546,0,0x3da72dc0
20042,806,0,0x3db0eb00
20043,73166,0,0x3dbaa840
20044,618,0,0x3dc46580
20045,58036,0,0x3dce22c0
20046,580,0,0x3dd7e000
20047,689,0,0x3de19d40
20048,595,0,0x3deb5a80
20049,798,0,0x3df517c0
20050,625,0,0x3dfed500
20051,581,0,0x3e089240
20052,746,0,0x3e124f80
20053,18109,0,0x3e1c0cc0
20054,724,0,0x3e25ca00
20055,593,0,0x3e2f8740
20056,624,0,0x3e394480
20057,544,0,0x3e4301c0
20058,596,0,0x3e4cbf00
20059,788,0,0x3e567c40
20060,64191,0,0x3e603980
20061,63875,0,0x3e69f6c0
20062,4346,0,0x3e73b400
20063,1206,0,0x3e7d7140
20064,975,0,0x3e872e80
20065,625,0,0x3e90ebc0
20066,747,0,0x3e9aa900
20067,719,0,0x3ea46640
20068,611,0,0x3eae2380
20069,574,0,0x3eb7e0c0
20070,595,0,0x3ec19e00
20071,746,0,0x3ecb5b40
20072,14628,0,0x3ed51880
20073,590,0,0x3eded5c0
20074,793,0,0x3ee89300
20075,550,0,0x3ef25040
20076,581,0,0x3efc0d80
20077,733,0,0x3f05cac0
20078,582,0,0x3f0f8800
20079,595,0,0x3f194540
20080,731,0,0x3f230280
20081,514,0,0x3f2cbfc0
20082,730,0,0x3f367d00
20083,528,0,0x3f403a40
20084,596,0,0x3f49f780
20085,776,0,0x3f53b4c0
20086,554,0,0x3f5d7200
20087,759,0,0x3f672f40
20088,45834,0,0x3f70ec80
20089,633,0,0x3f7aa9c0
20090,67125,0,0x3f846700
20091,591,0,0x3f8e2440
20092,602,0,0x3f97e180
20093,791,0,0x3fa19ec0
20094,791,0,0x3fab5c00
20095,545,0,0x3fb51940
20096,571,0,0x3fbed680
20097,633,0,0x3fc893c0
20098,745,0,0x3fd25100
20099,551,0,0x3fdc0e40
20100,631,0,0x3fe5cb80
20101,583,0,0x3fef88c0
20102,755,0,0x3ff94600
20103,1015,0,0x30380
20104,1373,0,0xcc0c0
20105,886,0,0x167e00
20106,571,0,0x203b40
20107,756,0,0x29f880
20108,586,0,0x33b5c0
20109,588,0,0x3d7300
20110,596,0,0x473040
20111,599,0,0x50ed80
20112,996,0,0x5aaac0
20113,570,0,0x646800
20114,795,0,0x6e2540
20115,531,0,0x77e280
20116,826,0,0x819fc0
20117,544,0,0x8b5d00
20118,593,0,0x951a40
20119,742,0,0x9ed780
20120,584,0,0xa894c0
20121,639,0,0xb25200
20122,949,0,0xbc0f40
20123,1007,0,0xc5cc80
20124,562,0,0xcf89c0
20125,1389,0,0xd94700
20126,573,0,0xe30440
20127,595,0,0xecc180
20128,1210,0,0xf67ec0
20129,554,0,0x1003c00
20130,588,0,0x109f940
20131,797,0,0x113b680
20132,1059,0,0x11d73c0
20133,1017,0,0x1273100
20134,540,0,0x130ee40
20135,587,0,0x13aab80
20136,760,0,0x14468c0
20137,592,0,0x14e2600
20138,555,0,0x157e340
20139,552,0,0x161a080
20140,590,0,0x16b5dc0
20141,861,0,0x1751b00
20142,547,0,0x17ed840
20143,744,0,0x1889580
20144,581,0,0x19252c0
20145,944,0,0x19c1000
20146,981,0,0x1a5cd40
20147,539,0,0x1af8a80
20148,748,0,0x1b947c0
20149,26156,0,0x1c30500
20150,83946,0,0x1ccc240
20151,635,0,0x1d67f80
20152,546,0,0x1e03cc0
20153,963,0,0x1e9fa00
20154,570,0,0x1f3b740
20155,639,0,0x1fd7480
20156,1162,0,0x20731c0
20157,549,0,0x210ef00
20158,799,0,0x21aac40
20159,557,0,0x2246980
20160,748,0,0x22e26c0
20161,605,0,0x237e400
20162,738,0,0x241a140
20163,546,0,0x24b5e80
20164,543,0,0x2551bc0
20165,569,0,0x25ed900
20166,574,0,0x2689640
20167,752,0,0x2725380
20168,12485,0,0x27c10c0
20169,748,0,0x285ce00
20170,542,0,0x28f8b40
20171,546,0,0x2994880
20172,752,0,0x2a305c0
20173,554,0,0x2acc300
20174,778,0,0x2b68040
20175,7369,0,0x2c03d80
20176,750,0,0x2c9fac0
20177,533,0,0x2d3b800
20178,745,0,0x2dd7540
20179,574,0,0x2e73280
20180,578,0,0x2f0efc0
20181,590,0,0x2faad00
20182,736,0,0x3046a40
20183,530,0,0x30e2780
20184,539,0,0x317e4c0
20185,737,0,0x321a200
20186,572,0,0x32b5f40
20187,779,0,0x3351c80
20188,11494,0,0x33ed9c0
20189,104253,0,0x3489700
20190,554,0,0x3525440
20191,848,0,0x35c1180
20192,16494,0,0x365cec0
20193,762,0,0x36f8c00
20194,572,0,0x3794940
20195,591,0,0x3830680
20196,613,0,0x38cc3c0
20197,589,0,0x3968100
20198,753,0,0x3a03e40
20199,538,0,0x3a9fb80
20200,955,0,0x3b3b8c0
20201,550,0,0x3bd7600
20202,545,0,0x3c73340
20203,724,0,0x3d0f080
20204,524,0,0x3daadc0
20205,589,0,0x3e46b00
20206,615,0,0x3ee2840
20207,769,0,0x3f7e580
20208,571,0,0x401a2c0
20209,539,0,0x40b6000
20210,593,0,0x4151d40
20211,745,0,0x41eda80
20212,605,0,0x42897c0
20213,1020,0,0x4325500
20214,591,0,0x43c1240
20215,778,0,0x445cf80
20216,1706,0,0x44f8cc0
20217,64885,0,0x4630740
20218,652,0,0x46cc480
20219,746,0,0x47681c0
20220,551,0,0x4803f00
20221,546,0,0x489fc40
20222,573,0,0x493b980
20223,602,0,0x49d76c0
20224,748,0,0x4a73400
20225,590,0,0x4b0f140
20226,755,0,0x4baae80
20227,755,0,0x4c46bc0
20228,582,0,0x4ce2900
20229,564,0,0x4d7e640
20230,578,0,0x4e1a380
20231,801,0,0x4eb60c0
20232,12626,0,0x4f51e00
20233,13130,0,0x4fedb40
20234,771,0,0x5089880
20235,80976,0,0x51c1300
20236,5305,0,0x525d040
20237,614,0,0x52f8d80
20238,594,0,0x5394ac0
20239,1214,0,0x5430800
20240,24527,0,0x54cc540
20241,855,0,0x5568280
20242,2111,0,0x5603fc0
20243,781,0,0x569fd00
20244,56125,0,0x57d7780
20245,26614,0,0x58734c0
20246,660,0,0x590f200
20247,748,0,0x59aaf40
20248,27245,0,0x5a46c80
20249,518,0,0x5ae29c0
20250,38075,0,0x5c1a440
20251,46647,0,0x5cb6180
20252,583,0,0x5d51ec0
20253,592,0,0x5dedc00
20254,622,0,0x5e89940
20255,752,0,0x5f25680
20256,546,0,0x5fc13c0
20257,543,0,0x605d100
20258,597,0,0x60f8e40
20259,759,0,0x6194b80
20260,806,0,0x62308c0
20261,20524,0,0x62cc600
20262,19519,0,0x6404080
20263,73670,0,0x649fdc0
20264,21603,0,0x653bb00
20265,603,0,0x65d7840
20266,799,0,0x6673580
20267,532,0,0x670f2c0
20268,732,0,0x67ab000
20269,592,0,0x6846d40
20270,604,0,0x68e2a80
20271,1186,0,0x697e7c0
20272,613,0,0x6a1a500
20273,602,0,0x6ab6240
20274,1156,0,0x6b51f80
20275,583,0,0x6bedcc0
20276,572,0,0x6c89a00
20277,740,0,0x6d25740
20278,570,0,0x6dc1480
20279,579,0,0x6e5d1c0
20280,602,0,0x6ef8f00
20281,754,0,0x6f94c40
20282,583,0,0x7030980
20283,566,0,0x70cc6c0
20284,824,0,0x7168400
20285,609,0,0x7204140
20286,576,0,0x729fe80
20287,985,0,0x733bbc0
20288,602,0,0x73d7900
20289,571,0,0x7473640
20290,605,0,0x750f380
20291,982,0,0x75ab0c0
20292,584,0,0x7646e00
20293,776,0,0x76e2b40
20294,797,0,0x777e880
20295,27931,0,0x781a5c0
20296,77303,0,0x78b6300
20297,831,0,0x7952040
20298,760,0,0x79edd80
20299,548,0,0x7a89ac0
20300,1005,0,0x7b25800
20301,563,0,0x7bc1540
20302,581,0,0x7c5d280
20303,659,0,0x7cf8fc0
20304,585,0,0x7d94d00
20305,748,0,0x7e30a40
20306,558,0,0x7ecc780
20307,592,0,0x7f684c0
20308,748,0,0x8004200
20309,559,0,0x809ff40
20310,542,0,0x813bc80
20311,556,0,0x81d79c0
20312,751,0,0x8273700
20313,6061,0,0x830f440
20314,998,0,0x83ab180
20315,772,0,0x8446ec0
20316,725,0,0x84e2c00
20317,1181,0,0x857e940
20318,579,0,0x861a680
20319,604,0,0x86b63c0
20320,750,0,0x8752100
20321,788,0,0x87ede40
20322,964,0,0x8889b80
20323,581,0,0x89258c0
20324,561,0,0x89c1600
20325,761,0,0x8a5d340
20326,533,0,0x8af9080
20327,627,0,0x8b94dc0
20328,578,0,0x8c30b00
20329,760,0,0x8ccc840
20330,999,0,0x8d68580
20331,828,0,0x8e042c0
20332,537,0,0x8ea0000
20333,772,0,0x8f3bd40
20334,559,0,0x8fd7a80
20335,580,0,0x90737c0
20336,523,0,0x910f500
20337,731,0,0x91ab240
20338,835,0,0x9246f80
20339,4523,0,0x92e2cc0
20340,589,0,0x937ea00
20341,741,0,0x941a740
20342,564,0,0x94b6480
20343,549,0,0x95521c0
20344,592,0,0x95edf00
20345,821,0,0x9689c40
20346,750,0,0x9725980
20347,548,0,0x97c16c0
20348,589,0,0x985d400
20349,637,0,0x98f9140
20350,592,0,0x9994e80
20351,752,0,0x9a30bc0
20352,541,0,0x9acc900
20353,972,0,0x9b68640
20354,746,0,0x9c04380
20355,9739,0,0x9ca00c0
20356,97715,0,0x9d3be00
20357,30679,0,0x9dd7b40
20358,758,0,0x9e73880
20359,9604,0,0x9f0f5c0
20360,570,0,0x9fab300
20361,584,0,0xa047040
20362,620,0,0xa0e2d80
20363,2756,0,0xa17eac0
20364,101751,0,0xa21a800
20365,622,0,0xa2b6540
20366,600,0,0xa352280
20367,876,0,0xa3edfc0
20368,547,0,0xa489d00
20369,590,0,0xa525a40
20370,590,0,0xa5c1780
20371,877,0,0xa65d4c0
20372,24711,0,0xa6f9200
20373,815,0,0xa794f40
20374,18277,0,0xa830c80
20375,570,0,0xa8cc9c0
20376,1085,0,0xa968700
20377,1274,0,0xaa04440
20378,64264,0,0xab3bec0
20379,555,0,0xabd7c00
20380,576,0,0xac73940
20381,567,0,0xad0f680
20382,543,0,0xadab3c0
20383,597,0,0xae47100
20384,742,0,0xaee2e40
20385,567,0,0xaf7eb80
20386,616,0,0xb01a8c0
20387,579,0,0xb0b6600
20388,745,0,0xb152340
20389,17765,0,0xb1ee080
20390,724,0,0xb289dc0
20391,2033,0,0xb325b00
20392,18972,0,0xb3c1840
20393,855,0,0xb45d580
20394,115662,0,0xb4f92c0
20395,752,0,0xb595000
20396,567,0,0xb630d40
20397,619,0,0xb6cca80
20398,586,0,0xb7687c0
20399,1160,0,0xb804500
20400,585,0,0xb8a0240
20401,583,0,0xb93bf80
20402,1213,0,0xb9d7cc0
20403,767,0,0xba73a00
20404,7419,0,0xbb0f740
20405,24624,0,0xbbab480
20406,591,0,0xbc471c0
20407,830,0,0xbce2f00
20408,122450,0,0xbd7ec40
20409,566,0,0xbe1a980
20410,2125,0,0xbeb66c0
20411,853,0,0xbf52400
20412,2765,0,0xbfee140
20413,633,0,0xc089e80
20414,737,0,0xc125bc0
20415,25011,0,0xc1c1900
20416,756,0,0xc25d640
20417,595,0,0xc2f9380
20418,1213,0,0xc3950c0
20419,568,0,0xc430e00
20420,574,0,0xc4ccb40
20421,634,0,0xc568880
20422,824,0,0xc6045c0
20423,116167,0,0xc6a0300
20424,495,0,0xc73c040
20425,94827,0,0xc873ac0
20426,18292,0,0xc90f800
20427,612,0,0xc9ab540
20428,801,0,0xca47280
20429,583,0,0xcae2fc0
20430,1073,0,0xcb7ed00
20431,604,0,0xcc1aa40
20432,1740,0,0xccb6780
20433,71374,0,0xcdee200
20434,42889,0,0xce89f40
20435,599,0,0xcf25c80
20436,521,0,0xcfc19c0
20437,1557,0,0xd05d700
20438,48262,0,0xd195180
20439,66121,0,0xd230ec0
20440,1016,0,0xd2ccc00
20441,22911,0,0xd368940
20442,748,0,0xd404680
20443,520,0,0xd4a03c0
20444,963,0,0xd53c100
20445,725,0,0xd5d7e40
20446,616,0,0xd673b80
20447,739,0,0xd70f8c0
20448,546,0,0xd7ab600
20449,617,0,0xd847340
20450,558,0,0xd8e3080
20451,749,0,0xd97edc0
20452,1134,0,0xda1ab00
20453,577,0,0xdab6840
20454,748,0,0xdb52580
20455,49746,0,0xdbee2c0
20456,32216,0,0xdc8a000
20457,742,0,0xdd25d40
20458,783,0,0xddc1a80
20459,724,0,0xde5d7c0
20460,749,0,0xdef9500
20461,1903,0,0xdf95240
20462,325,0,0xe030f80
20463,23799,0,0xe168a00
20464,608,0,0xe204740
20465,967,0,0xe2a0480
20466,535,0,0xe33c1c0
20467,541,0,0xe3d7f00
20468,748,0,0xe473c40
20469,26226,0,0xe50f980
20470,58211,0,0xe5ab6c0
20471,575,0,0xe647400
20472,598,0,0xe6e3140
20473,748,0,0xe77ee80
20474,598,0,0xe81abc0
20475,571,0,0xe8b6900
20476,942,0,0xe952640
20477,868,0,0xe9ee380
20478,555,0,0xea8a0c0
20479,593,0,0xeb25e00
20480,785,0,0xebc1b40
20481,62825,0,0xec5d880
20482,794,0,0xecf95c0
20483,601,0,0xed95300
20484,720,0,0xee31040
20485,586,0,0xeeccd80
20486,983,0,0xef68ac0
20487,776,0,0xf004800
20488,549,0,0xf0a0540
20489,562,0,0xf13c280
20490,574,0,0xf1d7fc0
20491,783,0,0xf273d00
20492,554,0,0xf30fa40
20493,575,0,0xf3ab780
20494,591,0,0xf4474c0
20495,616,0,0xf4e3200
20496,756,0,0xf57ef40
20497,1009,0,0xf61ac80
20498,6009,0,0xf6b69c0
20499,381,0,0xf752700
20500,62679,0,0xf7ee440
20501,8185,0,0xf88a180
20502,742,0,0xf925ec0
20503,587,0,0xf9c1c00
20504,1019,0,0xfa5d940
20505,986,0,0xfaf9680
20506,625,0,0xfb953c0
20507,727,0,0xfc31100
20508,806,0,0xfccce40
20509,583,0,0xfd68b80
20510,543,0,0xfe048c0
20511,751,0,0xfea0600
20512,588,0,0xff3c340
20513,969,0,0xffd8080
20514,535,0,0x10073dc0
20515,875,0,0x1010fb00
20516,64475,0,0x101ab840
20517,1284,0,0x10247580
20518,602,0,0x102e32c0
20519,637,0,0x1037f000
20520,65870,0,0x1041ad40
20521,907,0,0x104b6a80
20522,747,0,0x105527c0
20523,606,0,0x105ee500
20524,609,0,0x1068a240
20525,563,0,0x10725f80
20526,750,0,0x107c1cc0
20527,16652,0,0x1085da00
20528,723,0,0x108f9740
20529,531,0,0x10995480
20530,983,0,0x10a311c0
20531,982,0,0x10accf00
20532,943,0,0x10b68c40
20533,742,0,0x10c04980
20534,57278,0,0x10ca06c0
20535,2063,0,0x10d3c400
20536,73502,0,0x10dd8140
20537,586,0,0x10e73e80
20538,567,0,0x10f0fbc0
20539,1213,0,0x10fab900
20540,16272,0,0x11047640
20541,630,0,0x110e3380
20542,737,0,0x1117f0c0
20543,763,0,0x1121ae00
20544,50304,0,0x112b6b40
20545,5944,0,0x11352880
20546,980,0,0x113ee5c0
20547,75901,0,0x1148a300
20548,583,0,0x11526040
20549,797,0,0x115c1d80
20550,20870,0,0x1165dac0
20551,752,0,0x116f9800
20552,577,0,0x11795540
20553,640,0,0x11831280
20554,591,0,0x118ccfc0
20555,728,0,0x11968d00
20556,624,0,0x11a04a40
20557,607,0,0x11aa0780
20558,727,0,0x11b3c4c0
20559,38940,0,0x11bd8200
20560,11583,0,0x11c73f40
20561,947,0,0x11d0fc80
20562,740,0,0x11dab9c0
20563,584,0,0x11e47700
20564,557,0,0x11ee3440
20565,564,0,0x11f7f180
20566,783,0,0x1201aec0
20567,538,0,0x120b6c00
20568,556,0,0x12152940
20569,741,0,0x121ee680
20570,799,0,0x1228a3c0
20571,552,0,0x12326100
20572,593,0,0x123c1e40
20573,639,0,0x1245db80
20574,747,0,0x124f98c0
20575,541,0,0x12595600
20576,816,0,0x12631340
20577,581,0,0x126cd080
20578,955,0,0x12768dc0
20579,593,0,0x12804b00
20580,946,0,0x128a0840
20581,568,0,0x1293c580
20582,645,0,0x129d82c0
20583,747,0,0x12a74000
20584,589,0,0x12b0fd40
20585,805,0,0x12baba80
20586,53294,0,0x12c477c0
20587,586,0,0x12ce3500
20588,751,0,0x12d7f240
20589,583,0,0x12e1af80
20590,584,0,0x12eb6cc0
20591,733,0,0x12f52a00
20592,23269,0,0x12fee740
20593,736,0,0x1308a480
20594,509,0,0x131261c0
20595,750,0,0x131c1f00
20596,744,0,0x1325dc40
20597,822,0,0x132f9980
20598,754,0,0x133956c0
20599,29334,0,0x13431400
20600,603,0,0x134cd140
20601,38720,0,0x13568e80
20602,601,0,0x13604bc0
20603,797,0,0x136a0900
20604,56051,0,0x1373c640
20605,739,0,0x137d8380
20606,544,0,0x138740c0
20607,573,0,0x1390fe00
20608,820,0,0x139abb40
20609,968,0,0x13a47880
20610,543,0,0x13ae35c0
20611,584,0,0x13b7f300
20612,751,0,0x13c1b040
20613,548,0,0x13cb6d80
20614,609,0,0x13d52ac0
20615,588,0,0x13dee800
20616,581,0,0x13e8a540
20617,589,0,0x13f26280
20618,803,0,0x13fc1fc0
20619,544,0,0x1405dd00
20620,589,0,0x140f9a40
20621,540,0,0x14195780
20622,747,0,0x142314c0
20623,12219,0,0x142cd200
20624,1404,0,0x14368f40
20625,552,0,0x14404c80
20626,758,0,0x144a09c0
20627,578,0,0x1453c700
20628,597,0,0x145d8440
20629,750,0,0x14674180
20630,19620,0,0x1470fec0
20631,1154,0,0x147abc00
20632,43825,0,0x14847940
20633,569,0,0x148e3680
20634,816,0,0x1497f3c0
20635,70409,0,0x14a1b100
20636,760,0,0x14ab6e40
20637,609,0,0x14b52b80
20638,1259,0,0x14bee8c0
20639,15860,0,0x14c8a600
20640,774,0,0x14d26340
20641,573,0,0x14dc2080
20642,754,0,0x14e5ddc0
20643,591,0,0x14ef9b00
20644,596,0,0x14f95840
20645,748,0,0x15031580
20646,521,0,0x150cd2c0
20647,954,0,0x15169000
20648,8331,0,0x15204d40
20649,334,0,0x152a0a80
20650,49676,0,0x1533c7c0
20651,596,0,0x153d8500
20652,608,0,0x15474240
20653,746,0,0x1550ff80
20654,71149,0,0x155abcc0
20655,1432,0,0x15647a00
20656,547,0,0x156e3740
20657,586,0,0x1577f480
20658,737,0,0x1581b1c0
20659,586,0,0x158b6f00
20660,587,0,0x15952c40
20661,792,0,0x159ee980
20662,16375,0,0x15a8a6c0
20663,796,0,0x15b26400
20664,670,0,0x15bc2140
20665,846,0,0x15c5de80
20666,1299,0,0x15cf9bc0
20667,660,0,0x15d95900
20668,55873,0,0x15e31640
20669,737,0,0x15ecd380
20670,643,0,0x15f690c0
20671,737,0,0x16004e00
20672,542,0,0x160a0b40
20673,577,0,0x1613c880
20674,615,0,0x161d85c0
20675,750,0,0x16274300
20676,558,0,0x16310040
20677,627,0,0x163abd80
20678,749,0,0x16447ac0
20679,534,0,0x164e3800
20680,1028,0,0x1657f540
20681,1003,0,0x1661b280
20682,581,0,0x166b6fc0
20683,889,0,0x16752d00
20684,544,0,0x167eea40
20685,796,0,0x1688a780
20686,609,0,0x169264c0
20687,744,0,0x169c2200
20688,848,0,0x16a5df40
20689,58656,0,0x16af9c80
20690,735,0,0x16b959c0
20691,617,0,0x16c31700
20692,576,0,0x16ccd440
20693,749,0,0x16d69180
20694,551,0,0x16e04ec0
20695,596,0,0x16ea0c00
20696,574,0,0x16f3c940
20697,594,0,0x16fd8680
20698,802,0,0x170743c0
20699,9682,0,0x17110100
20700,740,0,0x171abe40
20701,652,0,0x17247b80
20702,910,0,0x172e38c0
20703,76555,0,0x1737f600
20704,803,0,0x1741b340
20705,748,0,0x174b7080
20706,1399,0,0x17552dc0
20707,580,0,0x175eeb00
20708,810,0,0x1768a840
20709,61532,0,0x17726580
20710,5208,0,0x177c22c0
20711,6853,0,0x1785e000
20712,591,0,0x178f9d40
20713,841,0,0x17995a80
20714,81027,0,0x17a317c0
20715,58113,0,0x17acd500
20716,1201,0,0x17b69240
20717,612,0,0x17c04f80
20718,12167,0,0x17ca0cc0
20719,546,0,0x17d3ca00
20720,609,0,0x17dd8740
20721,742,0,0x17e74480
20722,582,0,0x17f101c0
20723,631,0,0x17fabf00
20724,735,0,0x18047c40
20725,564,0,0x180e3980
20726,796,0,0x1817f6c0
20727,73651,0,0x1821b400
20728,802,0,0x182b7140
20729,625,0,0x18352e80
20730,751,0,0x183eebc0
20731,56105,0,0x1848a900
20732,777,0,0x18526640
20733,1070,0,0x185c2380
20734,851,0,0x1865e0c0
20735,20127,0,0x186f9e00
20736,761,0,0x18795b40
20737,644,0,0x18831880
20738,744,0,0x188cd5c0
20739,544,0,0x18969300
20740,780,0,0x18a05040
20741,937,0,0x18aa0d80
20742,557,0,0x18b3cac0
20743,637,0,0x18bd8800
20744,598,0,0x18c74540
20745,579,0,0x18d10280
20746,739,0,0x18dabfc0
20747,564,0,0x18e47d00
20748,583,0,0x18ee3a40
20749,749,0,0x18f7f780
20750,612,0,0x1901b4c0
20751,889,0,0x190b7200
20752,544,0,0x19152f40
20753,774,0,0x191eec80
20754,569,0,0x1928a9c0
20755,1174,0,0x19326700
20756,587,0,0x193c2440
20757,597,0,0x1945e180
20758,1207,0,0x194f9ec0
20759,53509,0,0x19595c00
20760,992,0,0x19631940
20761,654,0,0x196cd680
20762,589,0,0x197693c0
20763,727,0,0x19805100
20764,537,0,0x198a0e40
20765,596,0,0x1993cb80
20766,733,0,0x199d88c0
20767,598,0,0x19a74600
20768,1040,0,0x19b10340
20769,597,0,0x19bac080
20770,581,0,0x19c47dc0
20771,645,0,0x19ce3b00
20772,754,0,0x19d7f840
20773,576,0,0x19e1b580
20774,633,0,0x19eb72c0
20775,775,0,0x19f53000
20776,725,0,0x19feed40
20777,605,0,0x1a08aa80
20778,1163,0,0x1a1267c0
20779,35430,0,0x1a1c2500
20780,4672,0,0x1a25e240
20781,805,0,0x1a2f9f80
20782,587,0,0x1a395cc0
20783,579,0,0x1a431a00
20784,599,0,0x1a4cd740
20785,614,0,0x1a569480
20786,595,0,0x1a6051c0
20787,585,0,0x1a6a0f00
20788,795,0,0x1a73cc40
20789,36485,0,0x1a7d8980
20790,743,0,0x1a8746c0
20791,866,0,0x1a910400
20792,538,0,0x1a9ac140
20793,745,0,0x1aa47e80
20794,599,0,0x1aae3bc0
20795,555,0,0x1ab7f900
20796,1169,0,0x1ac1b640
20797,615,0,0x1acb7380
20798,595,0,0x1ad530c0
20799,732,0,0x1adeee00
20800,607,0,0x1ae8ab40
20801,540,0,0x1af26880
20802,596,0,0x1afc25c0
20803,743,0,0x1b05e300
20804,978,0,0x1b0fa040
20805,580,0,0x1b195d80
20806,1005,0,0x1b231ac0
20807,744,0,0x1b2cd800
20808,571,0,0x1b369540
20809,627,0,0x1b405280
20810,737,0,0x1b4a0fc0
20811,544,0,0x1b53cd00
20812,801,0,0x1b5d8a40
20813,49140,0,0x1b674780
20814,738,0,0x1b7104c0
20815,1237,0,0x1b7ac200
20816,28993,0,0x1b847f40
20817,306,0,0x1b8e3c80
20818,15333,0,0x1b97f9c0
20819,668,0,0x1ba1b700
20820,747,0,0x1bab7440
20821,57714,0,0x1bb53180
20822,1260,0,0x1bbeeec0
20823,1138,0,0x1bc8ac00
20824,555,0,0x1bd26940
20825,595,0,0x1bdc2680
20826,812,0,0x1be5e3c0
20827,45735,0,0x1befa100
20828,736,0,0x1bf95e40
20829,628,0,0x1c031b80
20830,560,0,0x1c0cd8c0
20831,556,0,0x1c169600
20832,749,0,0x1c205340
20833,581,0,0x1c2a1080
20834,1015,0,0x1c33cdc0
20835,982,0,0x1c3d8b00
20836,545,0,0x1c474840
20837,560,0,0x1c510580
20838,1002,0,0x1c5ac2c0
20839,743,0,0x1c648000
20840,552,0,0x1c6e3d40
20841,532,0,0x1c77fa80
20842,753,0,0x1c81b7c0
20843,649,0,0x1c8b7500
20844,797,0,0x1c953240
20845,8684,0,0x1c9eef80
20846,348,0,0x1ca8acc0
20847,20501,0,0x1cb26a00
20848,539,0,0x1cbc2740
20849,740,0,0x1cc5e480
20850,552,0,0x1ccfa1c0
20851,631,0,0x1cd95f00
20852,571,0,0x1ce31c40
20853,597,0,0x1cecd980
20854,1013,0,0x1cf696c0
20855,619,0,0x1d005400
20856,595,0,0x1d0a1140
20857,753,0,0x1d13ce80
20858,596,0,0x1d1d8bc0
20859,550,0,0x1d274900
20860,755,0,0x1d310640
20861,51271,0,0x1d3ac380
20862,806,0,0x1d4480c0
20863,577,0,0x1d4e3e00
20864,575,0,0x1d57fb40
20865,630,0,0x1d61b880
20866,752,0,0x1d6b75c0
20867,612,0,0x1d753300
20868,797,0,0x1d7ef040
20869,55620,0,0x1d88ad80
20870,823,0,0x1d926ac0
20871,931,0,0x1d9c2800
20872,1100,0,0x1da5e540
20873,1876,0,0x1dafa280
20874,1137,0,0x1db95fc0
20875,35655,0,0x1dc31d00
20876,605,0,0x1dccda40
20877,568,0,0x1dd69780
20878,571,0,0x1de054c0
20879,583,0,0x1dea1200
20880,655,0,0x1df3cf40
20881,751,0,0x1dfd8c80
20882,52202,0,0x1e0749c0
20883,811,0,0x1e110700
20884,781,0,0x1e1ac440
20885,56942,0,0x1e248180
20886,436,0,0x1e2e3ec0
20887,44174,0,0x1e37fc00
20888,812,0,0x1e41b940
20889,585,0,0x1e4b7680
20890,589,0,0x1e5533c0
20891,48558,0,0x1e5ef100
20892,774,0,0x1e68ae40
20893,753,0,0x1e726b80
20894,51249,0,0x1e7c28c0
20895,641,0,0x1e85e600
20896,3460,0,0x1e8fa340
20897,590,0,0x1e996080
20898,782,0,0x1ea31dc0
20899,1629,0,0x1eacdb00
20900,42672,0,0x1eb69840
20901,1053,0,0x1ec05580
20902,53024,0,0x1eca12c0
20903,849,0,0x1ed3d000
20904,598,0,0x1edd8d40
20905,590,0,0x1ee74a80
20906,634,0,0x1ef107c0
20907,730,0,0x1efac500
20908,547,0,0x1f048240
20909,606,0,0x1f0e3f80
20910,582,0,0x1f17fcc0
20911,746,0,0x1f21ba00
20912,793,0,0x1f2b7740
20913,38069,0,0x1f353480
20914,655,0,0x1f3ef1c0
20915,10268,0,0x1f48af00
20916,737,0,0x1f526c40
20917,614,0,0x1f5c2980
20918,561,0,0x1f65e6c0
20919,576,0,0x1f6fa400
20920,749,0,0x1f796140
20921,39908,0,0x1f831e80
20922,968,0,0x1f8cdbc0
20923,61842,0,0x1f969900
20924,774,0,0x1fa05640
20925,806,0,0x1faa1380
20926,541,0,0x1fb3d0c0
20927,589,0,0x1fbd8e00
20928,755,0,0x1fc74b40
20929,564,0,0x1fd10880
20930,561,0,0x1fdac5c0
20931,730,0,0x1fe48300
20932,606,0,0x1fee4040
20933,573,0,0x1ff7fd80
20934,763,0,0x2001bac0
20935,557,0,0x200b7800
20936,587,0,0x20153540
20937,1144,0,0x201ef280
20938,622,0,0x2028afc0
20939,536,0,0x20326d00
20940,753,0,0x203c2a40
20941,554,0,0x2045e780
20942,631,0,0x204fa4c0
20943,930,0,0x20596200
20944,570,0,0x20631f40
20945,629,0,0x206cdc80
20946,726,0,0x207699c0
20947,828,0,0x20805700
20948,563,0,0x208a1440
20949,841,0,0x2093d180
20950,523,0,0x209d8ec0
20951,780,0,0x20a74c00
20952,956,0,0x20b10940
20953,556,0,0x20bac680
20954,588,0,0x20c483c0
20955,731,0,0x20ce4100
20956,2804,0,0x20d7fe40
20957,589,0,0x20e1bb80
20958,20894,0,0x20eb78c0
20959,1409,0,0x20f53600
20960,1753,0,0x20fef340
20961,755,0,0x2108b080
20962,542,0,0x21126dc0
20963,585,0,0x211c2b00
20964,748,0,0x2125e840
20965,557,0,0x212fa580
20966,611,0,0x213962c0
20967,825,0,0x21432000
20968,551,0,0x214cdd40
20969,541,0,0x21569a80
20970,584,0,0x216057c0
20971,490,0,0x216a1500
20972,760,0,0x2173d240
20973,583,0,0x217d8f80
20974,564,0,0x21874cc0
20975,748,0,0x21910a00
20976,115129,0,0x219ac740
20977,94347,0,0x21ae41c0
20978,17777,0,0x21b7ff00
20979,539,0,0x21c1bc40
20980,1004,0,0x21cb7980
20981,23665,0,0x21d536c0
20982,810,0,0x21def400
20983,13076,0,0x21e8b140
20984,817,0,0x21f26e80
20985,93136,0,0x21fc2bc0
20986,615,0,0x2205e900
20987,23607,0,0x220fa640
20988,549,0,0x22196380
20989,778,0,0x222320c0
20990,482,0,0x222cde00
20991,852,0,0x22369b40
20992,543,0,0x22405880
20993,603,0,0x224a15c0
20994,640,0,0x2253d300
20995,730,0,0x225d9040
20996,538,0,0x22674d80
20997,601,0,0x22710ac0
20998,585,0,0x227ac800
20999,746,0,0x22848540
21000,540,0,0x228e4280
21001,525,0,0x2297ffc0
21002,739,0,0x22a1bd00
21003,839,0,0x22ab7a40
21004,9540,0,0x22b53780
21005,746,0,0x22bef4c0
21006,556,0,0x22c8b200
21007,605,0,0x22d26f40
21008,749,0,0x22dc2c80
21009,533,0,0x22e5e9c0
21010,642,0,0x22efa700
21011,719,0,0x22f96440
21012,526,0,0x23032180
21013,585,0,0x230cdec0
21014,590,0,0x23169c00
21015,765,0,0x23205940
21016,980,0,0x232a1680
21017,753,0,0x2333d3c0
21018,528,0,0x233d9100
21019,500,0,0x23474e40
21020,2252,0,0x23510b80
21021,545,0,0x235ac8c0
21022,747,0,0x23648600
21023,523,0,0x236e4340
21024,621,0,0x23780080
21025,596,0,0x2381bdc0
21026,749,0,0x238b7b00
21027,81566,0,0x23953840
21028,606,0,0x239ef580
21029,42369,0,0x23a8b2c0
21030,683,0,0x23b27000
21031,820,0,0x23bc2d40
21032,593,0,0x23c5ea80
21033,575,0,0x23cfa7c0
21034,751,0,0x23d96500
21035,617,0,0x23e32240
21036,626,0,0x23ecdf80
21037,760,0,0x23f69cc0
21038,18031,0,0x24005a00
21039,746,0,0x240a1740
21040,543,0,0x2413d480
21041,593,0,0x241d91c0
21042,632,0,0x24274f00
21043,746,0,0x24310c40
21044,1081,0,0x243ac980
21045,19935,0,0x244e4400
21046,68848,0,0x24580140
21047,528,0,0x2461be80
21048,1154,0,0x246b7bc0
21049,570,0,0x24753900
21050,868,0,0x247ef640
21051,21250,0,0x2488b380
21052,265,0,0x249270c0
21053,827,0,0x24a5eb40
21054,91560,0,0x24afa880
21055,23155,0,0x24b965c0
21056,614,0,0x24c32300
21057,991,0,0x24cce040
21058,818,0,0x24d69d80
21059,597,0,0x24e05ac0
21060,592,0,0x24ea1800
21061,752,0,0x24f3d540
21062,827,0,0x24fd9280
21063,755,0,0x25074fc0
21064,557,0,0x25110d00
21065,619,0,0x251aca40
21066,23705,0,0x25248780
21067,306,0,0x252e44c0
21068,94772,0,0x25380200
21069,612,0,0x2541bf40
21070,570,0,0x254b7c80
21071,556,0,0x255539c0
21072,601,0,0x255ef700
21073,801,0,0x2568b440
21074,935,0,0x25727180
21075,633,0,0x257c2ec0
21076,588,0,0x2585ec00
21077,757,0,0x258fa940
21078,14420,0,0x25996680
21079,745,0,0x25a323c0
21080,560,0,0x25ace100
21081,592,0,0x25b69e40
21082,641,0,0x25c05b80
21083,730,0,0x25ca18c0
21084,538,0,0x25d3d600
21085,540,0,0x25dd9340
21086,596,0,0x25e75080
21087,733,0,0x25f10dc0
21088,1030,0,0x25facb00
21089,88592,0,0x260e4580
21090,755,0,0x261802c0
21091,593,0,0x2621c000
21092,753,0,0x262b7d40
21093,532,0,0x26353a80
21094,588,0,0x263ef7c0
21095,642,0,0x2648b500
21096,727,0,0x26527240
21097,524,0,0x265c2f80
21098,540,0,0x2665ecc0
21099,748,0,0x266faa00
21100,534,0,0x26796740
21101,551,0,0x26832480
21102,590,0,0x268ce1c0
21103,579,0,0x26969f00
21104,759,0,0x26a05c40
21105,574,0,0x26aa1980
21106,578,0,0x26b3d6c0
21107,593,0,0x26bd9400
21108,743,0,0x26c75140
21109,976,0,0x26d10e80
21110,743,0,0x26dacbc0
21111,583,0,0x26e48900
21112,573,0,0x26ee4640
21113,731,0,0x26f80380
21114,3636,0,0x2701c0c0
21115,1635,0,0x270b7e00
21116,561,0,0x27153b40
21117,150158,0,0x271ef880
21118,1730,0,0x2728b5c0
21119,827,0,0x27327300
21120,2617,0,0x273c3040
21121,493,0,0x2745ed80
21122,2112,0,0x274faac0
21123,811,0,0x27596800
21124,566,0,0x27632540
21125,575,0,0x276ce280
21126,646,0,0x27769fc0
21127,601,0,0x27805d00
21128,748,0,0x278a1a40
21129,141894,0,0x2793d780
21130,1886,0,0x279d94c0
21131,8817,0,0x27a75200
21132,806,0,0x27b10f40
21133,961,0,0x27bacc80
21134,1021,0,0x27c489c0
21135,1553,0,0x27ce4700
21136,78708,0,0x27e1c180
21137,19644,0,0x27eb7ec0
21138,596,0,0x27f53c00
21139,772,0,0x27fef940
21140,566,0,0x2808b680
21141,535,0,0x281273c0
21142,594,0,0x281c3100
21143,801,0,0x2825ee40
21144,536,0,0x282fab80
21145,592,0,0x283968c0
21146,758,0,0x28432600
21147,6388,0,0x284ce340
21148,340,0,0x2856a080
21149,1564,0,0x28605dc0
21150,585,0,0x286a1b00
21151,787,0,0x2873d840
21152,549,0,0x287d9580
21153,562,0,0x288752c0
21154,1000,0,0x28911000
21155,554,0,0x289acd40
21156,625,0,0x28a48a80
21157,747,0,0x28ae47c0
21158,580,0,0x28b80500
21159,564,0,0x28c1c240
21160,728,0,0x28cb7f80
21161,596,0,0x28d53cc0
21162,1153,0,0x28defa00
21163,560,0,0x28e8b740
21164,600,0,0x28f27480
21165,590,0,0x28fc31c0
21166,746,0,0x2905ef00
21167,99462,0,0x290fac40
21168,31724,0,0x29196980
21169,559,0,0x292326c0
21170,493,0,0x292ce400
21171,760,0,0x2936a140
21172,5049,0,0x29405e80
21173,547,0,0x294a1bc0
21174,607,0,0x2953d900
21175,822,0,0x295d9640
21176,554,0,0x29675380
21177,606,0,0x297110c0
21178,593,0,0x297ace00
21179,746,0,0x29848b40
21180,11013,0,0x298e4880
21181,748,0,0x299805c0
21182,537,0,0x29a1c300
21183,543,0,0x29ab8040
21184,748,0,0x29b53d80
21185,91561,0,0x29befac0
21186,347,0,0x29c8b800
21187,38424,0,0x29d27540
21188,639,0,0x29dc3280
21189,569,0,0x29e5efc0
21190,581,0,0x29efad00
21191,1030,0,0x29f96a40
21192,949,0,0x2a032780
21193,555,0,0x2a0ce4c0
21194,623,0,0x2a16a200
21195,590,0,0x2a205f40
21196,739,0,0x2a2a1c80
21197,542,0,0x2a33d9c0
21198,1156,0,0x2a3d9700
21199,43835,0,0x2a511180
21200,70170,0,0x2a5acec0
21201,283,0,0x2a648c00
21202,22643,0,0x2a780680
21203,88735,0,0x2a81c3c0
21204,1913,0,0x2a8b8100
21205,2770,0,0x2a9efb80
21206,109386,0,0x2aa8b8c0
21207,484,0,0x2ab27600
21208,1655,0,0x2abc3340
21209,1532,0,0x2ac5f080
21210,629,0,0x2acfadc0
21211,612,0,0x2ad96b00
21212,757,0,0x2ae32840
21213,540,0,0x2aece580
21214,753,0,0x2af6a2c0
21215,555,0,0x2b006000
21216,577,0,0x2b0a1d40
21217,625,0,0x2b13da80
21218,604,0,0x2b1d97c0
21219,597,0,0x2b275500
21220,1209,0,0x2b311240
21221,28227,0,0x2b3acf80
21222,117155,0,0x2b448cc0
21223,1222,0,0x2b4e4a00
21224,797,0,0x2b580740
21225,542,0,0x2b61c480
21226,732,0,0x2b6b81c0
21227,534,0,0x2b753f00
21228,651,0,0x2b7efc40
21229,809,0,0x2b88b980
21230,549,0,0x2b9276c0
21231,539,0,0x2b9c3400
21232,581,0,0x2ba5f140
21233,773,0,0x2bafae80
21234,1252,0,0x2bb96bc0
21235,2503,0,0x2bc32900
21236,746,0,0x2bcce640
21237,19333,0,0x2bd6a380
21238,121467,0,0x2be060c0
21239,923,0,0x2bea1e00
21240,723,0,0x2bf3db40
21241,7586,0,0x2bfd9880
21242,1658,0,0x2c0755c0
21243,796,0,0x2c111300
21244,548,0,0x2c1ad040
21245,678,0,0x2c248d80
21246,671,0,0x2c2e4ac0
21247,729,0,0x2c380800
21248,567,0,0x2c41c540
21249,575,0,0x2c4b8280
21250,629,0,0x2c553fc0
21251,1169,0,0x2c5efd00
21252,1010,0,0x2c68ba40
21253,582,0,0x2c727780
21254,598,0,0x2c7c34c0
21255,3245,0,0x2c85f200
21256,380,0,0x2c8faf40
21257,127138,0,0x2c996c80
21258,11587,0,0x2ca329c0
21259,792,0,0x2cace700
21260,750,0,0x2cb6a440
21261,595,0,0x2cc06180
21262,619,0,0x2cca1ec0
21263,581,0,0x2cd3dc00
21264,755,0,0x2cdd9940
21265,603,0,0x2ce75680
21266,591,0,0x2cf113c0
21267,732,0,0x2cfad100
21268,5546,0,0x2d048e40
21269,86539,0,0x2d1808c0
21270,767,0,0x2d21c600
21271,886,0,0x2d2b8340
21272,5431,0,0x2d354080
21273,11325,0,0x2d3efdc0
21274,6512,0,0x2d48bb00
21275,1224,0,0x2d527840
21276,132046,0,0x2d5c3580
21277,1347,0,0x2d65f2c0
21278,15116,0,0x2d6fb000
21279,557,0,0x2d796d40
21280,774,0,0x2d832a80
21281,607,0,0x2d8ce7c0
21282,599,0,0x2d96a500
21283,747,0,0x2da06240
21284,540,0,0x2daa1f80
21285,568,0,0x2db3dcc0
21286,878,0,0x2dbd9a00
21287,2175,0,0x2dc75740
21288,322,0,0x2dd11480
21289,1990,0,0x2ddad1c0
21290,1026,0,0x2de48f00
21291,575,0,0x2dee4c40
21292,773,0,0x2df80980
21293,121534,0,0x2e01c6c0
21294,714,0,0x2e0b8400
21295,1934,0,0x2e154140
21296,28090,0,0x2e1efe80
21297,763,0,0x2e28bbc0
21298,555,0,0x2e327900
21299,538,0,0x2e3c3640
21300,691,0,0x2e45f380
21301,608,0,0x2e4fb0c0
21302,1043,0,0x2e596e00
21303,116497,0,0x2e632b40
21304,6102,0,0x2e6ce880
21305,32654,0,0x2e76a5c0
21306,773,0,0x2e806300
21307,1128,0,0x2e8a2040
21308,749,0,0x2e93dd80
21309,585,0,0x2e9d9ac0
21310,797,0,0x2ea75800
21311,549,0,0x2eb11540
21312,531,0,0x2ebad280
21313,590,0,0x2ec48fc0
21314,615,0,0x2ece4d00
21315,749,0,0x2ed80a40
21316,547,0,0x2ee1c780
21317,538,0,0x2eeb84c0
21318,598,0,0x2ef54200
21319,757,0,0x2efeff40
21320,531,0,0x2f08bc80
21321,575,0,0x2f1279c0
21322,747,0,0x2f1c3700
21323,549,0,0x2f25f440
21324,621,0,0x2f2fb180
21325,750,0,0x2f396ec0
21326,836,0,0x2f432c00
21327,1437,0,0x2f4ce940
21328,1004,0,0x2f56a680
21329,561,0,0x2f6063c0
21330,600,0,0x2f6a2100
21331,737,0,0x2f73de40
21332,87715,0,0x2f7d9b80
21333,637,0,0x2f8758c0
21334,9662,0,0x2f911600
21335,628,0,0x2f9ad340
21336,788,0,0x2fa49080
21337,755,0,0x2fae4dc0
21338,588,0,0x2fb80b00
21339,944,0,0x2fc1c840
21340,816,0,0x2fcb8580
21341,753,0,0x2fd542c0
21342,536,0,0x2fdf0000
21343,595,0,0x2fe8bd40
21344,601,0,0x2ff27a80
21345,759,0,0x2ffc37c0
21346,22739,0,0x3005f500
21347,626,0,0x300fb240
21348,756,0,0x30196f80
21349,838,0,0x30232cc0
21350,605,0,0x302cea00
21351,749,0,0x3036a740
21352,19687,0,0x30406480
21353,746,0,0x304a21c0
21354,592,0,0x3053df00
21355,586,0,0x305d9c40
21356,820,0,0x30675980
21357,559,0,0x307116c0
21358,552,0,0x307ad400
21359,643,0,0x30849140
21360,730,0,0x308e4e80
21361,76725,0,0x30980bc0
21362,1123,0,0x30a1c900
21363,23008,0,0x30ab8640
21364,559,0,0x30b54380
21365,842,0,0x30bf00c0
21366,25575,0,0x30c8be00
21367,952,0,0x30d27b40
21368,591,0,0x30dc3880
21369,586,0,0x30e5f5c0
21370,750,0,0x30efb300
21371,23528,0,0x30f97040
21372,741,0,0x31032d80
21373,590,0,0x310ceac0
21374,1091,0,0x3116a800
21375,783,0,0x31206540
21376,546,0,0x312a2280
21377,552,0,0x3133dfc0
21378,535,0,0x313d9d00
21379,520,0,0x31475a40
21380,724,0,0x31511780
21381,553,0,0x315ad4c0
21382,1014,0,0x31649200
21383,567,0,0x316e4f40
21384,743,0,0x31780c80
21385,595,0,0x3181c9c0
21386,582,0,0x318b8700
21387,562,0,0x31954440
21388,551,0,0x319f0180
21389,799,0,0x31a8bec0
21390,960,0,0x31b27c00
21391,587,0,0x31bc3940
21392,640,0,0x31c5f680
21393,594,0,0x31cfb3c0
21394,748,0,0x31d97100
21395,51108,0,0x31e32e40
21396,626,0,0x31eceb80
21397,28494,0,0x31f6a8c0
21398,572,0,0x32006600
21399,1203,0,0x320a2340
21400,793,0,0x3213e080
21401,876,0,0x321d9dc0
21402,25186,0,0x32275b00
21403,748,0,0x32311840
21404,549,0,0x323ad580
21405,585,0,0x324492c0
21406,1008,0,0x324e5000
21407,571,0,0x32580d40
21408,592,0,0x3261ca80
21409,1034,0,0x326b87c0
21410,1214,0,0x32754500
21411,576,0,0x327f0240
21412,599,0,0x3288bf80
21413,752,0,0x32927cc0
21414,593,0,0x329c3a00
21415,596,0,0x32a5f740
21416,28305,0,0x32afb480
21417,942,0,0x32b971c0
21418,47531,0,0x32c32f00
21419,36682,0,0x32ccec40
21420,817,0,0x32d6a980
21421,37332,0,0x32e066c0
21422,758,0,0x32ea2400
21423,569,0,0x32f3e140
21424,615,0,0x32fd9e80
21425,591,0,0x33075bc0
21426,753,0,0x33111900
21427,596,0,0x331ad640
21428,593,0,0x33249380
21429,598,0,0x332e50c0
21430,998,0,0x33380e00
21431,749,0,0x3341cb40
21432,24235,0,0x334b8880
21433,799,0,0x335545c0
21434,542,0,0x335f0300
21435,567,0,0x3368c040
21436,593,0,0x33727d80
21437,543,0,0x337c3ac0
21438,945,0,0x3385f800
21439,544,0,0x338fb540
21440,613,0,0x33997280
21441,761,0,0x33a32fc0
21442,553,0,0x33aced00
21443,589,0,0x33b6aa40
21444,887,0,0x33c06780
21445,31720,0,0x33ca24c0
21446,42159,0,0x33d3e200
21447,738,0,0x33dd9f40
21448,612,0,0x33e75c80
21449,754,0,0x33f119c0
21450,530,0,0x33fad700
21451,658,0,0x34049440
21452,755,0,0x340e5180
21453,545,0,0x34180ec0
21454,774,0,0x3421cc00
21455,777,0,0x342b8940
21456,604,0,0x34354680
21457,778,0,0x343f03c0
21458,739,0,0x3448c100
21459,34863,0,0x34527e40
21460,860,0,0x345c3b80
21461,760,0,0x3465f8c0
21462,38425,0,0x346fb600
21463,1381,0,0x34797340
21464,1005,0,0x34833080
21465,767,0,0x348cedc0
21466,983,0,0x3496ab00
21467,943,0,0x34a06840
21468,777,0,0x34aa2580
21469,806,0,0x34b3e2c0
21470,1015,0,0x34bda000
21471,27575,0,0x34d11a80
21472,748,0,0x34dad7c0
21473,748,0,0x34e49500
21474,602,0,0x34ee5240
21475,586,0,0x34f80f80
21476,746,0,0x3501ccc0
21477,804,0,0x350b8a00
21478,30779,0,0x35154740
21479,750,0,0x351f0480
21480,555,0,0x3528c1c0
21481,535,0,0x35327f00
21482,613,0,0x353c3c40
21483,39095,0,0x3545f980
21484,29978,0,0x354fb6c0
21485,10076,0,0x35633140
21486,1167,0,0x356cee80
21487,582,0,0x3576abc0
21488,580,0,0x35806900
21489,1209,0,0x358a2640
21490,571,0,0x3593e380
21491,595,0,0x359da0c0
21492,726,0,0x35a75e00
21493,586,0,0x35b11b40
21494,537,0,0x35bad880
21495,593,0,0x35c495c0
21496,795,0,0x35ce5300
21497,21253,0,0x35d81040
21498,567,0,0x35e1cd80
21499,539,0,0x35eb8ac0
21500,668,0,0x35f54800
21501,1179,0,0x35ff0540
21502,607,0,0x3608c280
21503,563,0,0x36127fc0
21504,756,0,0x361c3d00
21505,811,0,0x3625fa40
21506,722,0,0x362fb780
21507,554,0,0x363974c0
21508,536,0,0x36433200
21509,563,0,0x364cef40
21510,570,0,0x3656ac80
21511,569,0,0x366069c0
21512,626,0,0x366a2700
21513,6720,0,0x3673e440
21514,70373,0,0x367da180
21515,21755,0,0x36911c00
21516,12555,0,0x369ad940
21517,766,0,0x36a49680
21518,71446,0,0x36ae53c0
21519,1632,0,0x36b81100
21520,1199,0,0x36c1ce40
21521,961,0,0x36cb8b80
21522,1065,0,0x36d548c0
21523,1157,0,0x36df0600
21524,1052,0,0x36e8c340
21525,976,0,0x36f28080
21526,1028,0,0x36fc3dc0
21527,1147,0,0x3705fb00
21528,1623,0,0x370fb840
21529,996,0,0x37197580
21530,1149,0,0x372332c0
21531,1054,0,0x372cf000
21532,1003,0,0x3736ad40
21533,1022,0,0x37406a80
21534,946,0,0x374a27c0
21535,1216,0,0x3753e500
21536,946,0,0x375da240
21537,1009,0,0x37675f80
21538,964,0,0x37711cc0
21539,1066,0,0x377ada00
21540,1819,0,0x37849740
21541,969,0,0x378e5480
21542,849,0,0x379811c0
21543,1168,0,0x37a1cf00
21544,1024,0,0x37ab8c40
21545,1321,0,0x37b54980
21546,954,0,0x37bf06c0
21547,1211,0,0x37c8c400
21548,982,0,0x37d28140
21549,1205,0,0x37dc3e80
21550,1149,0,0x37e5fbc0
21551,1301,0,0x37efb900
21552,729,0,0x37f97640
21553,804,0,0x38033380
21554,558,0,0x380cf0c0
21555,1005,0,0x3816ae00
21556,16548,0,0x38206b40
21557,17723,0,0x382a2880
21558,658,0,0x3833e5c0
21559,601,0,0x383da300
21560,751,0,0x38476040
21561,545,0,0x38511d80
21562,599,0,0x385adac0
21563,592,0,0x38649800
21564,752,0,0x386e5540
21565,114884,0,0x38781280
21566,106030,0,0x388b8d00
21567,5208,0,0x38954a40
21568,18155,0,0x389f0780
21569,1377,0,0x38a8c4c0
21570,1168,0,0x38b28200
21571,1003,0,0x38bc3f40
21572,1205,0,0x38c5fc80
21573,958,0,0x38cfb9c0
21574,1206,0,0x38d97700
21575,1157,0,0x38e33440
21576,1049,0,0x38ecf180
21577,1623,0,0x38f6aec0
21578,990,0,0x39006c00
21579,1209,0,0x390a2940
21580,1738,0,0x3913e680
21581,953,0,0x391da3c0
21582,1012,0,0x39276100
21583,2852,0,0x39311e40
21584,2176,0,0x393adb80
21585,647,0,0x394498c0
21586,752,0,0x394e5600
21587,100800,0,0x39581340
21588,9097,0,0x3961d080
21589,604,0,0x396b8dc0
21590,41817,0,0x39754b00
21591,642,0,0x397f0840
21592,713,0,0x3988c580
21593,617,0,0x399282c0
21594,36804,0,0x39a5fd40
21595,27918,0,0x39afba80
21596,50397,0,0x39b977c0
21597,763,0,0x39c33500
21598,547,0,0x39ccf240
21599,642,0,0x39d6af80
21600,742,0,0x39e06cc0
21601,553,0,0x39ea2a00
21602,597,0,0x39f3e740
21603,575,0,0x39fda480
21604,568,0,0x3a0761c0
21605,747,0,0x3a111f00
21606,11144,0,0x3a1adc40
21607,1462,0,0x3a249980
21608,1153,0,0x3a2e56c0
21609,1013,0,0x3a381400
21610,1159,0,0x3a41d140
21611,999,0,0x3a4b8e80
21612,1002,0,0x3a554bc0
21613,1202,0,0x3a5f0900
21614,934,0,0x3a68c640
21615,1178,0,0x3a728380
21616,1188,0,0x3a7c40c0
21617,1196,0,0x3a85fe00
21618,1207,0,0x3a8fbb40
21619,1608,0,0x3a997880
21620,1428,0,0x3aa335c0
21621,1138,0,0x3aacf300
21622,1066,0,0x3ab6b040
21623,1159,0,0x3ac06d80
21624,1027,0,0x3aca2ac0
21625,1204,0,0x3ad3e800
21626,974,0,0x3adda540
21627,1038,0,0x3ae76280
21628,1157,0,0x3af11fc0
21629,1018,0,0x3afadd00
21630,1156,0,0x3b049a40
21631,1671,0,0x3b0e5780
21632,1008,0,0x3b1814c0
21633,1160,0,0x3b21d200
21634,1003,0,0x3b2b8f40
21635,1004,0,0x3b354c80
21636,1219,0,0x3b3f09c0
21637,999,0,0x3b48c700
21638,1215,0,0x3b528440
21639,1423,0,0x3b5c4180
21640,1170,0,0x3b65fec0
21641,1035,0,0x3b6fbc00
21642,1032,0,0x3b797940
21643,889,0,0x3b833680
21644,1235,0,0x3b8cf3c0
21645,948,0,0x3b96b100
21646,1101,0,0x3ba06e40
21647,961,0,0x3baa2b80
21648,1054,0,0x3bb3e8c0
21649,1154,0,0x3bbda600
21650,985,0,0x3bc76340
21651,1156,0,0x3bd12080
21652,1010,0,0x3bdaddc0
21653,1206,0,0x3be49b00
21654,968,0,0x3bee5840
21655,1031,0,0x3bf81580
21656,1164,0,0x3c01d2c0
21657,1016,0,0x3c0b9000
21658,1166,0,0x3c154d40
21659,1019,0,0x3c1f0a80
21660,1148,0,0x3c28c7c0
21661,1011,0,0x3c328500
21662,1207,0,0x3c3c4240
21663,979,0,0x3c45ff80
21664,1209,0,0x3c4fbcc0
21665,1167,0,0x3c597a00
21666,1014,0,0x3c633740
21667,1173,0,0x3c6cf480
21668,876,0,0x3c76b1c0
21669,962,0,0x3c806f00
21670,1525,0,0x3c8a2c40
21671,1252,0,0x3c93e980
21672,1392,0,0x3c9da6c0
21673,1220,0,0x3ca76400
21674,1011,0,0x3cb12140
21675,1555,0,0x3cbade80
21676,1642,0,0x3cc49bc0
21677,1012,0,0x3cce5900
21678,1165,0,0x3cd81640
21679,989,0,0x3ce1d380
21680,1001,0,0x3ceb90c0
21681,1187,0,0x3cf54e00
21682,1210,0,0x3cff0b40
21683,1235,0,0x3d08c880
21684,991,0,0x3d1285c0
21685,1161,0,0x3d1c4300
21686,1008,0,0x3d260040
21687,1210,0,0x3d2fbd80
21688,1202,0,0x3d397ac0
21689,1182,0,0x3d433800
21690,960,0,0x3d4cf540
21691,1196,0,0x3d56b280
21692,981,0,0x3d606fc0
21693,1183,0,0x3d6a2d00
21694,935,0,0x3d73ea40
21695,1156,0,0x3d7da780
21696,1021,0,0x3d8764c0
21697,1164,0,0x3d912200
21698,1611,0,0x3d9adf40
21699,1205,0,0x3da49c80
21700,991,0,0x3dae59c0
21701,1207,0,0x3db81700
21702,1005,0,0x3dc1d440
21703,1210,0,0x3dcb9180
21704,954,0,0x3dd54ec0
21705,1157,0,0x3ddf0c00
21706,1164,0,0x3de8c940
21707,992,0,0x3df28680
21708,2877,0,0x3dfc43c0
21709,51893,0,0x3e0fbe40
21710,788,0,0x3e197b80
21711,734,0,0x3e2338c0
21712,549,0,0x3e2cf600
21713,606,0,0x3e36b340
21714,536,0,0x3e407080
21715,619,0,0x3e4a2dc0
21716,757,0,0x3e53eb00
21717,53248,0,0x3e5da840
21718,566,0,0x3e676580
21719,748,0,0x3e7122c0
21720,19582,0,0x3e7ae000
21721,33841,0,0x3e8e5a80
21722,527,0,0x3e9817c0
21723,560,0,0x3ea1d500
21724,999,0,0x3eab9240
21725,742,0,0x3eb54f80
21726,50149,0,0x3ebf0cc0
21727,625,0,0x3ec8ca00
21728,766,0,0x3ed28740
21729,565,0,0x3edc4480
21730,541,0,0x3ee601c0
21731,587,0,0x3eefbf00
21732,749,0,0x3ef97c40
21733,545,0,0x3f033980
21734,591,0,0x3f0cf6c0
21735,755,0,0x3f16b400
21736,1626,0,0x3f207140
21737,4346,0,0x3f2a2e80
21738,24505,0,0x3f33ebc0
21739,1180,0,0x3f3da900
21740,1197,0,0x3f476640
21741,955,0,0x3f512380
21742,1005,0,0x3f5ae0c0
21743,937,0,0x3f649e00
21744,1011,0,0x3f6e5b40
21745,956,0,0x3f781880
21746,981,0,0x3f81d5c0
21747,1211,0,0x3f8b9300
21748,949,0,0x3f955040
21749,1019,0,0x3f9f0d80
21750,1635,0,0x3fa8cac0
21751,1235,0,0x3fb28800
21752,1473,0,0x3fbc4540
21753,974,0,0x3fc60280
21754,1607,0,0x3fcfbfc0
21755,1018,0,0x3fd97d00
21756,1153,0,0x3fe33a40
21757,977,0,0x3fecf780
21758,962,0,0x3ff6b4c0
21759,1031,0,0x7240
21760,998,0,0xa2f80
21761,1139,0,0x13ecc0
21762,939,0,0x1daa00
21763,30137,0,0x276740
21764,829,0,0x312480
21765,572,0,0x3ae1c0
21766,601,0,0x449f00
21767,754,0,0x4e5c40
21768,626,0,0x581980
21769,802,0,0x61d6c0
21770,53498,0,0x6b9400
21771,66155,0,0x755140
21772,1164,0,0x7f0e80
21773,1002,0,0x88cbc0
21774,971,0,0x928900
21775,1014,0,0x9c4640
21776,1166,0,0xa60380
21777,991,0,0xafc0c0
21778,1145,0,0xb97e00
21779,1014,0,0xc33b40
21780,986,0,0xccf880
21781,1023,0,0xd6b5c0
21782,956,0,0xe07300
21783,1037,0,0xea3040
21784,1292,0,0xf3ed80
21785,1370,0,0xfdaac0
21786,999,0,0x1076800
21787,974,0,0x1112540
21788,1208,0,0x11ae280
21789,1614,0,0x1249fc0
21790,950,0,0x12e5d00
21791,1517,0,0x1381a40
21792,1066,0,0x141d780
21793,1001,0,0x14b94c0
21794,929,0,0x1555200
21795,1000,0,0x15f0f40
21796,961,0,0x168cc80
21797,985,0,0x17289c0
21798,2416,0,0x17c4700
21799,6172,0,0x18fc180
21800,765,0,0x1997ec0
21801,105546,0,0x1a33c00
21802,737,0,0x1acf940
21803,568,0,0x1b6b680
21804,595,0,0x1c073c0
21805,754,0,0x1ca3100
21806,580,0,0x1d3ee40
21807,586,0,0x1ddab80
21808,747,0,0x1e768c0
21809,1018,0,0x1f12600
21810,606,0,0x1fae340
21811,750,0,0x204a080
21812,547,0,0x20e5dc0
21813,572,0,0x2181b00
21814,1165,0,0x221d840
21815,581,0,0x22b9580
21816,747,0,0x23552c0
21817,542,0,0x23f1000
21818,870,0,0x248cd40
21819,9427,0,0x2528a80
21820,1148,0,0x25c47c0
21821,940,0,0x2660500
21822,1016,0,0x26fc240
21823,959,0,0x2797f80
21824,1085,0,0x2833cc0
21825,787,0,0x28cfa00
21826,1007,0,0x296b740
21827,746,0,0x2a07480
21828,1048,0,0x2aa31c0
21829,1606,0,0x2b3ef00
21830,987,0,0x2bdac40
21831,954,0,0x2c76980
21832,1005,0,0x2d126c0
21833,782,0,0x2dae400
21834,1282,0,0x2e4a140
21835,780,0,0x2ee5e80
21836,1005,0,0x2f81bc0
21837,961,0,0x301d900
21838,988,0,0x30b9640
21839,1098,0,0x3155380
21840,1274,0,0x31f10c0
21841,547,0,0x328ce00
21842,663,0,0x3328b40
21843,1831,0,0x33c4880
21844,115743,0,0x34605c0
21845,759,0,0x34fc300
21846,549,0,0x3598040
21847,571,0,0x3633d80
21848,2779,0,0x36cfac0
21849,640,0,0x376b800
21850,33064,0,0x3807540
21851,960,0,0x38a3280
21852,1003,0,0x393efc0
21853,801,0,0x39dad00
21854,1222,0,0x3a76a40
21855,756,0,0x3b12780
21856,950,0,0x3bae4c0
21857,814,0,0x3c4a200
21858,1208,0,0x3ce5f40
21859,991,0,0x3d81c80
21860,793,0,0x3e1d9c0
21861,1027,0,0x3eb9700
21862,956,0,0x3f55440
21863,1003,0,0x3ff1180
21864,962,0,0x408cec0
21865,1086,0,0x4128c00
21866,769,0,0x41c4940
21867,1632,0,0x4260680
21868,1426,0,0x42fc3c0
21869,964,0,0x4398100
21870,1005,0,0x4433e40
21871,808,0,0x44cfb80
21872,983,0,0x456b8c0
21873,981,0,0x4607600
21874,1007,0,0x46a3340
21875,1362,0,0x473f080
21876,825,0,0x47dadc0
21877,971,0,0x4876b00
21878,1082,0,0x4912840
21879,751,0,0x49ae580
21880,1016,0,0x4a4a2c0
21881,954,0,0x4ae6000
21882,836,0,0x4b81d40
21883,953,0,0x4c1da80
21884,983,0,0x4cb97c0
21885,953,0,0x4d55500
21886,975,0,0x4df1240
21887,949,0,0x4e8cf80
21888,1006,0,0x4f28cc0
21889,776,0,0x4fc4a00
21890,995,0,0x5060740
21891,974,0,0x50fc480
21892,799,0,0x51981c0
21893,1006,0,0x5233f00
21894,963,0,0x52cfc40
21895,1009,0,0x536b980
21896,951,0,0x54076c0
21897,840,0,0x54a3400
21898,1240,0,0x553f140
21899,821,0,0x55dae80
21900,1000,0,0x5676bc0
21901,848,0,0x5712900
21902,986,0,0x57ae640
21903,1000,0,0x584a380
21904,953,0,0x58e60c0
21905,1096,0,0x5981e00
21906,781,0,0x5a1db40
21907,974,0,0x5ab9880
21908,1001,0,0x5b555c0
21909,960,0,0x5bf1300
21910,976,0,0x5c8d040
21911,753,0,0x5d28d80
21912,1003,0,0x5dc4ac0
21913,939,0,0x5e60800
21914,1019,0,0x5efc540
21915,946,0,0x5f98280
21916,1616,0,0x6033fc0
21917,841,0,0x60cfd00
21918,962,0,0x616ba40
21919,979,0,0x6207780
21920,1174,0,0x62a34c0
21921,988,0,0x633f200
21922,929,0,0x63daf40
21923,1198,0,0x6476c80
21924,943,0,0x65129c0
21925,977,0,0x65ae700
21926,1189,0,0x664a440
21927,982,0,0x66e6180
21928,949,0,0x6781ec0
21929,985,0,0x681dc00
21930,947,0,0x68b9940
21931,979,0,0x6955680
21932,1014,0,0x69f13c0
21933,1002,0,0x6a8d100
21934,942,0,0x6b28e40
21935,809,0,0x6bc4b80
21936,977,0,0x6c608c0
21937,999,0,0x6cfc600
21938,954,0,0x6d98340
21939,993,0,0x6e34080
21940,941,0,0x6ecfdc0
21941,989,0,0x6f6bb00
21942,932,0,0x7007840
21943,1512,0,0x70a3580
21944,290,0,0x713f2c0
21945,439,0,0x71db000
21946,764,0,0x7276d40
21947,30827,0,0x7312a80
21948,1052,0,0x73ae7c0
21949,564,0,0x744a500
21950,835,0,0x74e6240
21951,113162,0,0x7581f80
21952,522,0,0x761dcc0
21953,2030,0,0x76b9a00
21954,5035,0,0x7755740
21955,1601,0,0x77f1480
21956,1005,0,0x788d1c0
21957,959,0,0x7928f00
21958,994,0,0x79c4c40
21959,974,0,0x7a60980
21960,1003,0,0x7afc6c0
21961,950,0,0x7b98400
21962,742,0,0x7c34140
21963,958,0,0x7ccfe80
21964,1004,0,0x7d6bbc0
21965,928,0,0x7e07900
21966,998,0,0x7ea3640
21967,1160,0,0x7f3f380
21968,1000,0,0x7fdb0c0
21969,958,0,0x8076e00
21970,995,0,0x8112b40
21971,948,0,0x81ae880
21972,1011,0,0x824a5c0
21973,968,0,0x82e6300
21974,986,0,0x8382040
21975,953,0,0x841dd80
21976,737,0,0x84b9ac0
21977,1388,0,0x8555800
21978,833,0,0x85f1540
21979,996,0,0x868d280
21980,1207,0,0x8728fc0
21981,913,0,0x87c4d00
21982,1914,0,0x8860a40
21983,658,0,0x88fc780
21984,753,0,0x89984c0
21985,106140,0,0x8a34200
21986,5927,0,0x8acff40
21987,753,0,0x8b6bc80
21988,957,0,0x8c079c0
21989,582,0,0x8ca3700
21990,600,0,0x8d3f440
21991,750,0,0x8ddb180
21992,580,0,0x8e76ec0
21993,1148,0,0x8f12c00
21994,1026,0,0x8fae940
21995,549,0,0x904a680
21996,556,0,0x90e63c0
21997,796,0,0x9182100
21998,743,0,0x921de40
21999,723,0,0x92b9b80
22000,577,0,0x93558c0
22001,585,0,0x93f1600
22002,739,0,0x948d340
22003,537,0,0x9529080
22004,589,0,0x95c4dc0
22005,753,0,0x9660b00
22006,25337,0,0x96fc840
22007,513,0,0x9798580
22008,1262,0,0x98342c0
22009,1148,0,0x98d0000
22010,786,0,0x996bd40
22011,982,0,0x9a07a80
22012,996,0,0x9aa37c0
22013,954,0,0x9b3f500
22014,1004,0,0x9bdb240
22015,953,0,0x9c76f80
22016,990,0,0x9d12cc0
22017,954,0,0x9daea00
22018,855,0,0x9e4a740
22019,954,0,0x9ee6480
22020,1017,0,0x9f821c0
22021,1025,0,0xa01df00
22022,782,0,0xa0b9c40
22023,998,0,0xa155980
22024,971,0,0xa1f16c0
22025,1040,0,0xa28d400
22026,942,0,0xa329140
22027,816,0,0xa3c4e80
22028,951,0,0xa460bc0
22029,998,0,0xa4fc900
22030,779,0,0xa598640
22031,1004,0,0xa634380
22032,973,0,0xa6d00c0
22033,1002,0,0xa76be00
22034,801,0,0xa807b40
22035,1009,0,0xa8a3880
22036,949,0,0xa93f5c0
22037,1006,0,0xa9db300
22038,946,0,0xaa77040
22039,1444,0,0xab12d80
22040,963,0,0xabaeac0
22041,856,0,0xac4a800
22042,963,0,0xace6540
22043,739,0,0xad82280
22044,965,0,0xae1dfc0
22045,1006,0,0xaeb9d00
22046,781,0,0xaf55a40
22047,943,0,0xaff1780
22048,996,0,0xb08d4c0
22049,942,0,0xb129200
22050,810,0,0xb1c4f40
22051,973,0,0xb260c80
22052,843,0,0xb2fc9c0
22053,940,0,0xb398700
22054,1012,0,0xb434440
22055,1632,0,0xb4d0180
22056,951,0,0xb56bec0
22057,1000,0,0xb607c00
22058,746,0,0xb6a3940
22059,961,0,0xb73f680
22060,736,0,0xb7db3c0
22061,1015,0,0xb877100
22062,849,0,0xb912e40
22063,982,0,0xb9aeb80
22064,1268,0,0xba4a8c0
22065,961,0,0xbae6600
22066,989,0,0xbb82340
22067,988,0,0xbc1e080
22068,993,0,0xbcb9dc0
22069,1026,0,0xbd55b00
22070,814,0,0xbdf1840
22071,953,0,0xbe8d580
22072,1417,0,0xbf292c0
22073,797,0,0xbfc5000
22074,1000,0,0xc060d40
22075,759,0,0xc0fca80
22076,1006,0,0xc1987c0
22077,946,0,0xc234500
22078,981,0,0xc2d0240
22079,940,0,0xc36bf80
22080,819,0,0xc407cc0
22081,951,0,0xc4a3a00
22082,1227,0,0xc53f740
22083,930,0,0xc5db480
22084,1005,0,0xc6771c0
22085,1039,0,0xc712f00
22086,846,0,0xc7aec40
22087,808,0,0xc84a980
22088,774,0,0xc8e66c0
22089,832,0,0xc982400
22090,27230,0,0xca1e140
22091,755,0,0xcab9e80
22092,585,0,0xcb55bc0
22093,759,0,0xcbf1900
22094,22607,0,0xcc8d640
22095,541,0,0xcd29380
22096,1373,0,0xcdc50c0
22097,610,0,0xce60e00
22098,581,0,0xcefcb40
22099,595,0,0xcf98880
22100,751,0,0xd0345c0
22101,579,0,0xd0d0300
22102,591,0,0xd16c040
22103,758,0,0xd207d80
22104,88677,0,0xd2a3ac0
22105,642,0,0xd33f800
22106,8329,0,0xd3db540
22107,1213,0,0xd477280
22108,822,0,0xd512fc0
22109,986,0,0xd5aed00
22110,943,0,0xd64aa40
22111,809,0,0xd6e6780
22112,932,0,0xd7824c0
22113,864,0,0xd81e200
22114,950,0,0xd8b9f40
22115,1002,0,0xd955c80
22116,1389,0,0xd9f19c0
22117,1005,0,0xda8d700
22118,961,0,0xdb29440
22119,1059,0,0xdbc5180
22120,1023,0,0xdc60ec0
22121,935,0,0xdcfcc00
22122,963,0,0xdd98940
22123,1000,0,0xde34680
22124,952,0,0xded03c0
22125,1267,0,0xdf6c100
22126,996,0,0xe007e40
22127,2537,0,0xe0a3b80
22128,672,0,0xe13f8c0
22129,921,0,0xe1db600
22130,963,0,0xe277340
22131,733,0,0xe313080
22132,1036,0,0xe3aedc0
22133,1062,0,0xe44ab00
22134,1145,0,0xe4e6840
22135,1013,0,0xe582580
22136,950,0,0xe61e2c0
22137,994,0,0xe6ba000
22138,1233,0,0xe755d40
22139,996,0,0xe7f1a80
22140,982,0,0xe88d7c0
22141,1017,0,0xe929500
22142,939,0,0xe9c5240
22143,995,0,0xea60f80
22144,1166,0,0xeafccc0
22145,1045,0,0xeb98a00
22146,939,0,0xec34740
22147,1185,0,0xecd0480
22148,419,0,0xed6c1c0
22149,2599,0,0xee07f00
22150,1161,0,0xeea3c40
22151,988,0,0xef3f980
22152,1015,0,0xefdb6c0
22153,1193,0,0xf077400
22154,896,0,0xf113140
22155,1205,0,0xf1aee80
22156,1039,0,0xf24abc0
22157,1135,0,0xf2e6900
22158,997,0,0xf382640
22159,948,0,0xf41e380
22160,1030,0,0xf4ba0c0
22161,1155,0,0xf555e00
22162,999,0,0xf5f1b40
22163,954,0,0xf68d880
22164,1009,0,0xf7295c0
22165,1003,0,0xf7c5300
22166,1207,0,0xf861040
22167,1026,0,0xf8fcd80
22168,1616,0,0xf998ac0
22169,1164,0,0xfa34800
22170,959,0,0xfad0540
22171,990,0,0xfb6c280
22172,933,0,0xfc07fc0
22173,1042,0,0xfca3d00
22174,1227,0,0xfd3fa40
22175,962,0,0xfddb780
22176,1621,0,0xfe774c0
22177,953,0,0xff13200
22178,1593,0,0xffaef40
22179,1002,0,0x1004ac80
22180,1169,0,0x100e69c0
22181,1002,0,0x10182700
22182,955,0,0x1021e440
22183,1014,0,0x102ba180
22184,950,0,0x10355ec0
22185,992,0,0x103f1c00
22186,951,0,0x1048d940
22187,1072,0,0x10529680
22188,951,0,0x105c53c0
22189,987,0,0x10661100
22190,985,0,0x106fce40
22191,950,0,0x10798b80
22192,1219,0,0x108348c0
22193,969,0,0x108d0600
22194,1622,0,0x1096c340
22195,982,0,0x10a08080
22196,1053,0,0x10aa3dc0
22197,988,0,0x10b3fb00
22198,1611,0,0x10bdb840
22199,1045,0,0x10c77580
22200,1618,0,0x10d132c0
22201,992,0,0x10daf000
22202,1203,0,0x10e4ad40
22203,1419,0,0x10ee6a80
22204,1574,0,0x10f827c0
22205,993,0,0x1101e500
22206,917,0,0x110ba240
22207,968,0,0x11155f80
22208,1333,0,0x111f1cc0
22209,913,0,0x1128da00
22210,314,0,0x11329740
22211,44188,0,0x113c5480
22212,555,0,0x114611c0
22213,607,0,0x114fcf00
22214,644,0,0x11598c40
22215,726,0,0x11634980
22216,558,0,0x116d06c0
22217,541,0,0x1176c400
22218,743,0,0x11808140
22219,964,0,0x118a3e80
22220,1224,0,0x1193fbc0
22221,759,0,0x119db900
22222,606,0,0x11a77640
22223,728,0,0x11b13380
22224,567,0,0x11baf0c0
22225,546,0,0x11c4ae00
22226,752,0,0x11ce6b40
22227,10721,0,0x11d82880
22228,749,0,0x11e1e5c0
22229,845,0,0x11eba300
22230,554,0,0x11f56040
22231,589,0,0x11ff1d80
22232,597,0,0x1208dac0
22233,746,0,0x12129800
22234,76923,0,0x121c5540
22235,7389,0,0x12261280
22236,1394,0,0x122fcfc0
22237,1014,0,0x12398d00
22238,983,0,0x12434a40
22239,1009,0,0x124d0780
22240,958,0,0x1256c4c0
22241,858,0,0x12608200
22242,1162,0,0x126a3f40
22243,997,0,0x1273fc80
22244,962,0,0x127db9c0
22245,1019,0,0x12877700
22246,947,0,0x12913440
22247,1031,0,0x129af180
22248,1160,0,0x12a4aec0
22249,1015,0,0x12ae6c00
22250,954,0,0x12b82940
22251,992,0,0x12c1e680
22252,938,0,0x12cba3c0
22253,1043,0,0x12d56100
22254,1147,0,0x12df1e40
22255,998,0,0x12e8db80
22256,940,0,0x12f298c0
22257,1018,0,0x12fc5600
22258,948,0,0x13061340
22259,1007,0,0x130fd080
22260,960,0,0x13198dc0
22261,984,0,0x13234b00
22262,985,0,0x132d0840
22263,1024,0,0x1336c580
22264,966,0,0x134082c0
22265,1048,0,0x134a4000
22266,1012,0,0x1353fd40
22267,1048,0,0x135dba80
22268,1208,0,0x136777c0
22269,1399,0,0x13713500
22270,1032,0,0x137af240
22271,979,0,0x1384af80
22272,1059,0,0x138e6cc0
22273,1146,0,0x13982a00
22274,992,0,0x13a1e740
22275,1198,0,0x13aba480
22276,1162,0,0x13b561c0
22277,1740,0,0x13bf1f00
22278,28916,0,0x13d29980
22279,83837,0,0x13dc56c0
22280,575,0,0x13e61400
22281,609,0,0x13efd140
22282,571,0,0x13f98e80
22283,771,0,0x14034bc0
22284,11452,0,0x140d0900
22285,769,0,0x1416c640
22286,607,0,0x14208380
22287,578,0,0x142a40c0
22288,752,0,0x1433fe00
22289,559,0,0x143dbb40
22290,613,0,0x14477880
22291,577,0,0x145135c0
22292,757,0,0x145af300
22293,4017,0,0x1464b040
22294,1600,0,0x146e6d80
22295,1019,0,0x14782ac0
22296,1186,0,0x1481e800
22297,1401,0,0x148ba540
22298,1001,0,0x14956280
22299,1158,0,0x149f1fc0
22300,1004,0,0x14a8dd00
22301,932,0,0x14b29a40
22302,1040,0,0x14bc5780
22303,1196,0,0x14c614c0
22304,1007,0,0x14cfd200
22305,1207,0,0x14d98f40
22306,20659,0,0x14e34c80
22307,97022,0,0x14ed09c0
22308,1484,0,0x14f6c700
22309,538,0,0x15008440
22310,736,0,0x150a4180
22311,542,0,0x1513fec0
22312,628,0,0x151dbc00
22313,718,0,0x15277940
22314,791,0,0x15313680
22315,11699,0,0x153af3c0
22316,1131,0,0x1544b100
22317,962,0,0x154e6e40
22318,1004,0,0x15582b80
22319,947,0,0x1561e8c0
22320,739,0,0x156ba600
22321,954,0,0x15756340
22322,1023,0,0x157f2080
22323,963,0,0x1588ddc0
22324,987,0,0x15929b00
22325,949,0,0x159c5840
22326,1036,0,0x15a61580
22327,941,0,0x15afd2c0
22328,1016,0,0x15b99000
22329,936,0,0x15c34d40
22330,1002,0,0x15cd0a80
22331,959,0,0x15d6c7c0
22332,304,0,0x15e08500
22333,752,0,0x15ea4240
22334,1922,0,0x15f3ff80
22335,1165,0,0x15fdbcc0
22336,1010,0,0x16077a00
22337,937,0,0x16113740
22338,987,0,0x161af480
22339,1161,0,0x1624b1c0
22340,1030,0,0x162e6f00
22341,974,0,0x16382c40
22342,1204,0,0x1641e980
22343,1147,0,0x164ba6c0
22344,625,0,0x16556400
22345,109205,0,0x165f2140
22346,779,0,0x1668de80
22347,557,0,0x16729bc0
22348,800,0,0x167c5900
22349,549,0,0x16861640
22350,874,0,0x168fd380
22351,520,0,0x169990c0
22352,722,0,0x16a34e00
22353,1322,0,0x16ad0b40
22354,532,0,0x16b6c880
22355,879,0,0x16c085c0
22356,26825,0,0x16ca4300
22357,1021,0,0x16d40040
22358,961,0,0x16ddbd80
22359,1012,0,0x16e77ac0
22360,2023,0,0x16f13800
22361,5262,0,0x16faf540
22362,1187,0,0x1704b280
22363,999,0,0x170e6fc0
22364,1057,0,0x17182d00
22365,1831,0,0x1721ea40
22366,930,0,0x172ba780
22367,1461,0,0x173564c0
22368,1147,0,0x173f2200
22369,1027,0,0x1748df40
22370,1282,0,0x17529c80
22371,954,0,0x175c59c0
22372,932,0,0x17661700
22373,1166,0,0x176fd440
22374,1019,0,0x17799180
22375,999,0,0x17834ec0
22376,1209,0,0x178d0c00
22377,956,0,0x1796c940
22378,1158,0,0x17a08680
22379,1132,0,0x17aa43c0
22380,996,0,0x17b40100
22381,1202,0,0x17bdbe40
22382,956,0,0x17c77b80
22383,1282,0,0x17d138c0
22384,959,0,0x17daf600
22385,1287,0,0x17e4b340
22386,952,0,0x17ee7080
22387,1017,0,0x17f82dc0
22388,1163,0,0x1801eb00
22389,1429,0,0x180ba840
22390,1035,0,0x18156580
22391,1165,0,0x181f22c0
22392,1015,0,0x1828e000
22393,1179,0,0x18329d40
22394,998,0,0x183c5a80
22395,968,0,0x184617c0
22396,1408,0,0x184fd500
22397,1014,0,0x18599240
22398,989,0,0x18634f80
22399,1211,0,0x186d0cc0
22400,962,0,0x1876ca00
22401,10840,0,0x18808740
22402,1206,0,0x188a4480
22403,1210,0,0x189401c0
22404,992,0,0x189dbf00
22405,1201,0,0x18a77c40
22406,1284,0,0x18b13980
22407,1154,0,0x18baf6c0
22408,1006,0,0x18c4b400
22409,1154,0,0x18ce7140
22410,1010,0,0x18d82e80
22411,1012,0,0x18e1ebc0
22412,1059,0,0x18eba900
22413,1217,0,0x18f56640
22414,944,0,0x18ff2380
22415,1267,0,0x1908e0c0
22416,1007,0,0x19129e00
22417,1104,0,0x191c5b40
22418,1163,0,0x19261880
22419,989,0,0x192fd5c0
22420,1016,0,0x19399300
22421,1036,0,0x19435040
22422,1160,0,0x194d0d80
22423,1064,0,0x1956cac0
22424,1213,0,0x19608800
22425,1005,0,0x196a4540
22426,1195,0,0x19740280
22427,1002,0,0x197dbfc0
22428,1203,0,0x19877d00
22429,937,0,0x19913a40
22430,1058,0,0x199af780
22431,1159,0,0x19a4b4c0
22432,1195,0,0x19ae7200
22433,1039,0,0x19b82f40
22434,1564,0,0x19c1ec80
22435,1213,0,0x19cba9c0
22436,984,0,0x19d56700
22437,997,0,0x19df2440
22438,2757,0,0x19e8e180
22439,487,0,0x19f29ec0
22440,1195,0,0x19fc5c00
22441,775,0,0x1a061940
22442,116181,0,0x1a1993c0
22443,95352,0,0x1a2d0e40
22444,21260,0,0x1a36cb80
22445,961,0,0x1a4088c0
22446,592,0,0x1a4a4600
22447,734,0,0x1a540340
22448,538,0,0x1a5dc080
22449,834,0,0x1a677dc0
22450,523,0,0x1a713b00
22451,725,0,0x1a7af840
22452,1420,0,0x1a84b580
22453,807,0,0x1a8e72c0
22454,580,0,0x1a983000
22455,721,0,0x1aa1ed40
22456,517,0,0x1aabaa80
22457,512,0,0x1ab567c0
22458,714,0,0x1abf2500
22459,724,0,0x1ac8e240
22460,977,0,0x1ad29f80
22461,520,0,0x1adc5cc0
22462,801,0,0x1ae61a00
22463,560,0,0x1aefd740
22464,561,0,0x1af99480
22465,546,0,0x1b0351c0
22466,766,0,0x1b0d0f00
22467,109971,0,0x1b16cc40
22468,48125,0,0x1b208980
22469,45933,0,0x1b340400
22470,69469,0,0x1b3dc140
22471,788,0,0x1b477e80
22472,2014,0,0x1b513bc0
22473,818,0,0x1b5af900
22474,740,0,0x1b64b640
22475,558,0,0x1b6e7380
22476,594,0,0x1b7830c0
22477,600,0,0x1b81ee00
22478,585,0,0x1b8bab40
22479,2780,0,0x1b956880
22480,1223,0,0x1b9f25c0
22481,577,0,0x1ba8e300
22482,589,0,0x1bb2a040
22483,590,0,0x1bbc5d80
22484,742,0,0x1bc61ac0
22485,815,0,0x1bcfd800
22486,553,0,0x1bd99540
22487,556,0,0x1be35280
22488,563,0,0x1bed0fc0
22489,615,0,0x1bf6cd00
22490,587,0,0x1c008a40
22491,757,0,0x1c0a4780
22492,54915,0,0x1c1404c0
22493,76660,0,0x1c1dc200
22494,768,0,0x1c277f40
22495,721,0,0x1c313c80
22496,586,0,0x1c3af9c0
22497,794,0,0x1c44b700
22498,527,0,0x1c4e7440
22499,755,0,0x1c583180
22500,490,0,0x1c61eec0
22501,2004,0,0x1c6bac00
22502,12171,0,0x1c7f2680
22503,107135,0,0x1c88e3c0
22504,416,0,0x1c92a100
22505,71627,0,0x1ca61b80
22506,112435,0,0x1cb99600
22507,614,0,0x1cc35340
22508,743,0,0x1ccd1080
22509,617,0,0x1cd6cdc0
22510,749,0,0x1ce08b00
22511,3760,0,0x1cea4840
22512,1001,0,0x1cf40580
22513,573,0,0x1cfdc2c0
22514,750,0,0x1d078000
22515,21081,0,0x1d113d40
22516,643,0,0x1d1afa80
22517,126008,0,0x1d24b7c0
22518,753,0,0x1d2e7500
22519,1675,0,0x1d383240
22520,109658,0,0x1d4bacc0
22521,744,0,0x1d556a00
22522,2039,0,0x1d5f2740
22523,783,0,0x1d68e480
22524,97510,0,0x1d7c5f00
22525,16489,0,0x1d861c40
22526,1204,0,0x1d8fd980
22527,1209,0,0x1d9996c0
22528,674,0,0x1da35400
22529,868,0,0x1dad1140
22530,1460,0,0x1db6ce80
22531,1000,0,0x1dc08bc0
22532,1166,0,0x1dca4900
22533,1005,0,0x1dd40640
22534,961,0,0x1dddc380
22535,1036,0,0x1de780c0
22536,1164,0,0x1df13e00
22537,1004,0,0x1dfafb40
22538,1388,0,0x1e04b880
22539,1831,0,0x1e0e75c0
22540,568,0,0x1e183300
22541,743,0,0x1e21f040
22542,605,0,0x1e2bad80
22543,613,0,0x1e356ac0
22544,745,0,0x1e3f2800
22545,557,0,0x1e48e540
22546,581,0,0x1e52a280
22547,491,0,0x1e5c5fc0
22548,743,0,0x1e661d00
22549,596,0,0x1e6fda40
22550,553,0,0x1e799780
22551,724,0,0x1e8354c0
22552,1022,0,0x1e8d1200
22553,1003,0,0x1e96cf40
22554,797,0,0x1ea08c80
22555,101586,0,0x1eaa49c0
22556,26449,0,0x1eb40700
22557,1457,0,0x1ebdc440
22558,800,0,0x1ec78180
22559,1149,0,0x1ed13ec0
22560,667,0,0x1edafc00
22561,758,0,0x1ee4b940
22562,546,0,0x1eee7680
22563,602,0,0x1ef833c0
22564,603,0,0x1f01f100
22565,759,0,0x1f0bae40
22566,551,0,0x1f156b80
22567,618,0,0x1f1f28c0
22568,585,0,0x1f28e600
22569,754,0,0x1f32a340
22570,606,0,0x1f3c6080
22571,836,0,0x1f461dc0
22572,14135,0,0x1f4fdb00
22573,793,0,0x1f599840
22574,95226,0,0x1f635580
22575,597,0,0x1f6d12c0
22576,30556,0,0x1f76d000
22577,743,0,0x1f808d40
22578,979,0,0x1f8a4a80
22579,519,0,0x1f9407c0
22580,716,0,0x1f9dc500
22581,592,0,0x1fa78240
22582,764,0,0x1fb13f80
22583,721,0,0x1fbafcc0
22584,521,0,0x1fc4ba00
22585,587,0,0x1fce7740
22586,716,0,0x1fd83480
22587,724,0,0x1fe1f1c0
22588,555,0,0x1febaf00
22589,545,0,0x1ff56c40
22590,726,0,0x1fff2980
22591,601,0,0x2008e6c0
22592,355,0,0x2012a400
22593,1800,0,0x201c6140
22594,47652,0,0x202fdbc0
22595,69987,0,0x20399900
22596,21482,0,0x204d1380
22597,92553,0,0x2056d0c0
22598,796,0,0x20608e00
22599,731,0,0x206a4b40
22600,520,0,0x20740880
22601,717,0,0x207dc5c0
22602,545,0,0x20878300
22603,770,0,0x20914040
22604,1125,0,0x209afd80
22605,972,0,0x20a4bac0
22606,1118,0,0x20ae7800
22607,570,0,0x20b83540
22608,669,0,0x20c1f280
22609,1278,0,0x20cbafc0
22610,573,0,0x20d56d00
22611,324,0,0x20df2a40
22612,98398,0,0x20f2a4c0
22613,758,0,0x20fc6200
22614,533,0,0x21061f40
22615,603,0,0x210fdc80
22616,609,0,0x211999c0
22617,1002,0,0x21235700
22618,980,0,0x212d1440
22619,684,0,0x2136d180
22620,537,0,0x21408ec0
22621,577,0,0x214a4c00
22622,596,0,0x21540940
22623,577,0,0x215dc680
22624,543,0,0x216783c0
22625,578,0,0x21714100
22626,593,0,0x217afe40
22627,753,0,0x2184bb80
22628,585,0,0x218e78c0
22629,578,0,0x21983600
22630,583,0,0x21a1f340
22631,799,0,0x21abb080
22632,2464,0,0x21b56dc0
22633,380,0,0x21bf2b00
22634,1224,0,0x21c8e840
22635,947,0,0x21d2a580
22636,586,0,0x21dc62c0
22637,622,0,0x21e62000
22638,578,0,0x21efdd40
22639,748,0,0x21f99a80
22640,549,0,0x220357c0
22641,569,0,0x220d1500
22642,773,0,0x2216d240
22643,1006,0,0x22208f80
22644,573,0,0x222a4cc0
22645,559,0,0x22340a00
22646,658,0,0x223dc740
22647,2323,0,0x22478480
22648,140199,0,0x225141c0
22649,761,0,0x225aff00
22650,648,0,0x2264bc40
22651,744,0,0x226e7980
22652,549,0,0x227836c0
22653,2549,0,0x2281f400
22654,152183,0,0x228bb140
22655,768,0,0x22956e80
22656,605,0,0x229f2bc0
22657,3496,0,0x22a8e900
22658,616,0,0x22b2a640
22659,550,0,0x22bc6380
22660,547,0,0x22c620c0
22661,594,0,0x22cfde00
22662,621,0,0x22d99b40
22663,777,0,0x22e35880
22664,578,0,0x22ed15c0
22665,658,0,0x22f6d300
22666,725,0,0x23009040
22667,140700,0,0x230a4d80
22668,3388,0,0x23140ac0
22669,1412,0,0x231dc800
22670,944,0,0x23278540
22671,776,0,0x23314280
22672,1222,0,0x233affc0
22673,1156,0,0x2344bd00
22674,5431,0,0x234e7a40
22675,626,0,0x23583780
22676,754,0,0x2361f4c0
22677,1001,0,0x236bb200
22678,595,0,0x23756f40
22679,595,0,0x237f2c80
22680,757,0,0x2388e9c0
22681,131034,0,0x2392a700
22682,596,0,0x239c6440
22683,8893,0,0x23a62180
22684,3869,0,0x23afdec0
22685,761,0,0x23b99c00
22686,580,0,0x23c35940
22687,748,0,0x23cd1680
22688,548,0,0x23d6d3c0
22689,625,0,0x23e09100
22690,577,0,0x23ea4e40
22691,755,0,0x23f40b80
22692,546,0,0x23fdc8c0
22693,581,0,0x24078600
22694,587,0,0x24114340
22695,581,0,0x241b0080
22696,777,0,0x2424bdc0
22697,463,0,0x242e7b00
22698,999,0,0x24383840
22699,66880,0,0x244bb2c0
22700,29546,0,0x24557000
22701,733,0,0x245f2d40
22702,774,0,0x2468ea80
22703,724,0,0x2472a7c0
22704,814,0,0x247c6500
22705,11387,0,0x24862240
22706,1026,0,0x248fdf80
22707,1816,0,0x24999cc0
22708,782,0,0x24a35a00
22709,746,0,0x24ad1740
22710,541,0,0x24b6d480
22711,606,0,0x24c091c0
22712,749,0,0x24ca4f00
22713,99202,0,0x24d40c40
22714,37999,0,0x24ddc980
22715,629,0,0x24e786c0
22716,713,0,0x24f14400
22717,717,0,0x24fb0140
22718,758,0,0x2504be80
22719,639,0,0x250e7bc0
22720,732,0,0x25183900
22721,555,0,0x2521f640
22722,546,0,0x252bb380
22723,720,0,0x253570c0
22724,601,0,0x253f2e00
22725,786,0,0x2548eb40
22726,1625,0,0x2552a880
22727,593,0,0x255c65c0
22728,753,0,0x25662300
22729,605,0,0x256fe040
22730,572,0,0x25799d80
22731,938,0,0x25835ac0
22732,596,0,0x258d1800
22733,793,0,0x2596d540
22734,290,0,0x25a09280
22735,2452,0,0x25aa4fc0
22736,1002,0,0x25b40d00
22737,547,0,0x25bdca40
22738,571,0,0x25c78780
22739,604,0,0x25d144c0
22740,583,0,0x25db0200
22741,744,0,0x25e4bf40
22742,1021,0,0x25ee7c80
22743,741,0,0x25f839c0
22744,84544,0,0x2601f700
22745,52430,0,0x260bb440
22746,612,0,0x26157180
22747,735,0,0x261f2ec0
22748,524,0,0x2628ec00
22749,837,0,0x2632a940
22750,1147,0,0x263c6680
22751,5283,0,0x264623c0
22752,772,0,0x264fe100
22753,562,0,0x26599e40
22754,565,0,0x26635b80
22755,547,0,0x266d18c0
22756,587,0,0x2676d600
22757,579,0,0x26809340
22758,752,0,0x268a5080
22759,606,0,0x26940dc0
22760,964,0,0x269dcb00
22761,1756,0,0x26a78840
22762,2271,0,0x26b14580
22763,296,0,0x26bb02c0
22764,608,0,0x26c4c000
22765,726,0,0x26ce7d40
22766,585,0,0x26d83a80
22767,647,0,0x26e1f7c0
22768,586,0,0x26ebb500
22769,587,0,0x26f57240
22770,727,0,0x26ff2f80
22771,593,0,0x2708ecc0
22772,584,0,0x2712aa00
22773,590,0,0x271c6740
22774,800,0,0x27262480
22775,65316,0,0x272fe1c0
22776,61752,0,0x27399f00
22777,782,0,0x27435c40
22778,554,0,0x274d1980
22779,716,0,0x2756d6c0
22780,555,0,0x27609400
22781,556,0,0x276a5140
22782,739,0,0x27740e80
22783,998,0,0x277dcbc0
22784,563,0,0x27878900
22785,739,0,0x27914640
22786,575,0,0x279b0380
22787,817,0,0x27a4c0c0
22788,538,0,0x27ae7e00
22789,845,0,0x27b83b40
22790,526,0,0x27c1f880
22791,543,0,0x27cbb5c0
22792,769,0,0x27d57300
22793,541,0,0x27df3040
22794,544,0,0x27e8ed80
22795,722,0,0x27f2aac0
22796,560,0,0x27fc6800
22797,752,0,0x28062540
22798,785,0,0x280fe280
22799,8827,0,0x28199fc0
22800,750,0,0x28235d00
22801,549,0,0x282d1a40
22802,556,0,0x2836d780
22803,588,0,0x284094c0
22804,840,0,0x284a5200
22805,1027,0,0x28540f40
22806,587,0,0x285dcc80
22807,604,0,0x286789c0
22808,758,0,0x28714700
22809,574,0,0x287b0440
22810,569,0,0x2884c180
22811,594,0,0x288e7ec0
22812,567,0,0x28983c00
22813,1248,0,0x28a1f940
22814,586,0,0x28abb680
22815,637,0,0x28b573c0
22816,590,0,0x28bf3100
22817,744,0,0x28c8ee40
22818,43613,0,0x28d2ab80
22819,627,0,0x28dc68c0
22820,83477,0,0x28e62600
22821,577,0,0x28efe340
22822,1919,0,0x28f9a080
22823,107002,0,0x290d1b00
22824,6351,0,0x2916d840
22825,719,0,0x29209580
22826,1595,0,0x292a52c0
22827,464,0,0x29341000
22828,84695,0,0x29478a80
22829,25373,0,0x295147c0
22830,765,0,0x295b0500
22831,1044,0,0x2964c240
22832,301,0,0x296e7f80
22833,1290,0,0x29783cc0
22834,664,0,0x2981fa00
22835,2479,0,0x298bb740
22836,1018,0,0x29957480
22837,55321,0,0x29a8ef00
22838,58619,0,0x29b2ac40
22839,357,0,0x29bc6980
22840,1372,0,0x29c626c0
22841,1742,0,0x29cfe400
22842,32393,0,0x29e35e80
22843,81207,0,0x29ed1bc0
22844,601,0,0x29f6d900
22845,1347,0,0x2a009640
22846,852,0,0x2a0a5380
22847,713,0,0x2a1410c0
22848,727,0,0x2a1dce00
22849,576,0,0x2a278b40
22850,733,0,0x2a314880
22851,537,0,0x2a3b05c0
22852,840,0,0x2a44c300
22853,528,0,0x2a4e8040
22854,794,0,0x2a583d80
22855,60009,0,0x2a61fac0
22856,86179,0,0x2a6bb800
22857,1885,0,0x2a757540
22858,807,0,0x2a7f3280
22859,751,0,0x2a88efc0
22860,542,0,0x2a92ad00
22861,798,0,0x2a9c6a40
22862,589,0,0x2aa62780
22863,755,0,0x2aafe4c0
22864,608,0,0x2ab9a200
22865,596,0,0x2ac35f40
22866,2139,0,0x2acd1c80
22867,257,0,0x2ad6d9c0
22868,274,0,0x2ae09700
22869,103340,0,0x2af41180
22870,835,0,0x2afdcec0
22871,876,0,0x2b078c00
22872,563,0,0x2b114940
22873,996,0,0x2b1b0680
22874,745,0,0x2b24c3c0
22875,540,0,0x2b2e8100
22876,581,0,0x2b383e40
22877,633,0,0x2b41fb80
22878,569,0,0x2b4bb8c0
22879,716,0,0x2b557600
22880,865,0,0x2b5f3340
22881,1072,0,0x2b68f080
22882,105960,0,0x2b7c6b00
22883,844,0,0x2b862840
22884,547,0,0x2b8fe580
22885,642,0,0x2b99a2c0
22886,573,0,0x2ba36000
22887,572,0,0x2bad1d40
22888,791,0,0x2bb6da80
22889,574,0,0x2bc097c0
22890,597,0,0x2bca5500
22891,726,0,0x2bd41240
22892,656,0,0x2bddcf80
22893,2394,0,0x2be78cc0
22894,151137,0,0x2bf14a00
22895,547,0,0x2bfb0740
22896,381,0,0x2c04c480
22897,3272,0,0x2c0e81c0
22898,335,0,0x2c183f00
22899,2112,0,0x2c21fc40
22900,88503,0,0x2c3576c0
22901,20373,0,0x2c3f3400
22902,828,0,0x2c48f140
22903,810,0,0x2c52ae80
22904,1246,0,0x2c5c6bc0
22905,69811,0,0x2c6fe640
22906,45669,0,0x2c79a380
22907,535,0,0x2c8360c0
22908,770,0,0x2c8d1e00
22909,956,0,0x2c96db40
22910,1369,0,0x2ca09880
22911,42860,0,0x2cb41300
22912,67556,0,0x2cbdd040
22913,747,0,0x2cc78d80
22914,849,0,0x2cd14ac0
22915,522,0,0x2cdb0800
22916,724,0,0x2ce4c540
22917,567,0,0x2cee8280
22918,529,0,0x2cf83fc0
22919,730,0,0x2d01fd00
22920,873,0,0x2d0bba40
22921,77481,0,0x2d157780
22922,72736,0,0x2d1f34c0
22923,568,0,0x2d28f200
22924,751,0,0x2d32af40
22925,596,0,0x2d3c6c80
22926,576,0,0x2d4629c0
22927,1411,0,0x2d4fe700
22928,15916,0,0x2d636180
22929,103739,0,0x2d6d1ec0
22930,1001,0,0x2d76dc00
22931,1655,0,0x2d809940
22932,118748,0,0x2d9413c0
22933,722,0,0x2d9dd100
22934,736,0,0x2da78e40
22935,576,0,0x2db14b80
22936,719,0,0x2dbb08c0
22937,526,0,0x2dc4c600
22938,516,0,0x2dce8340
22939,707,0,0x2dd84080
22940,531,0,0x2de1fdc0
22941,767,0,0x2debbb00
22942,736,0,0x2df57840
22943,715,0,0x2dff3580
22944,2913,0,0x2e08f2c0
22945,3660,0,0x2e12b000
22946,1787,0,0x2e1c6d40
22947,150648,0,0x2e262a80
22948,3587,0,0x2e2fe7c0
22949,756,0,0x2e39a500
22950,1844,0,0x2e436240
22951,1194,0,0x2e4d1f80
22952,85149,0,0x2e609a00
22953,30558,0,0x2e6a5740
22954,1387,0,0x2e741480
22955,1052,0,0x2e7dd1c0
22956,502,0,0x2e878f00
22957,269,0,0x2e914c40
22958,2428,0,0x2e9b0980
22959,438,0,0x2ea4c6c0
22960,1866,0,0x2eae8400
22961,2060,0,0x2eb84140
22962,510,0,0x2ec1fe80
22963,1480,0,0x2ecbbbc0
22964,1500,0,0x2ed57900
22965,1134,0,0x2edf3640
22966,1206,0,0x2ee8f380
22967,1056,0,0x2ef2b0c0
22968,1139,0,0x2efc6e00
22969,743,0,0x2f062b40
22970,950,0,0x2f0fe880
22971,1287,0,0x2f19a5c0
22972,1302,0,0x2f236300
22973,977,0,0x2f2d2040
22974,936,0,0x2f36dd80
22975,1062,0,0x2f409ac0
22976,1172,0,0x2f4a5800
22977,1037,0,0x2f541540
22978,1204,0,0x2f5dd280
22979,993,0,0x2f678fc0
22980,933,0,0x2f714d00
22981,1582,0,0x2f7b0a40
22982,1000,0,0x2f84c780
22983,1286,0,0x2f8e84c0
22984,956,0,0x2f984200
22985,1165,0,0x2fa1ff40
22986,1080,0,0x2fabbc80
22987,822,0,0x2fb579c0
22988,950,0,0x2fbf3700
22989,1001,0,0x2fc8f440
22990,988,0,0x2fd2b180
22991,1189,0,0x2fdc6ec0
22992,1403,0,0x2fe62c00
22993,981,0,0x2fefe940
22994,1042,0,0x2ff9a680
22995,1177,0,0x300363c0
22996,1006,0,0x300d2100
22997,955,0,0x3016de40
22998,1012,0,0x30209b80
22999,1365,0,0x302a58c0
23000,1003,0,0x30341600
23001,953,0,0x303dd340
23002,1201,0,0x30479080
23003,47856,0,0x30514dc0
23004,652,0,0x305b0b00
23005,47030,0,0x3064c840
23006,1376,0,0x306e8580
23007,732,0,0x307842c0
23008,673,0,0x30820000
23009,520,0,0x308bbd40
23010,712,0,0x30957a80
23011,534,0,0x309f37c0
23012,768,0,0x30a8f500
23013,51498,0,0x30b2b240
23014,983,0,0x30bc6f80
23015,1209,0,0x30c62cc0
23016,956,0,0x30cfea00
23017,1157,0,0x30d9a740
23018,1926,0,0x30e36480
23019,991,0,0x30ed21c0
23020,1014,0,0x30f6df00
23021,1039,0,0x31009c40
23022,1154,0,0x310a5980
23023,1008,0,0x311416c0
23024,1610,0,0x311dd400
23025,1176,0,0x31279140
23026,978,0,0x31314e80
23027,999,0,0x313b0bc0
23028,1213,0,0x3144c900
23029,1002,0,0x314e8640
23030,1199,0,0x31584380
23031,991,0,0x316200c0
23032,972,0,0x316bbe00
23033,1212,0,0x31757b40
23034,1189,0,0x317f3880
23035,1226,0,0x3188f5c0
23036,1210,0,0x3192b300
23037,1139,0,0x319c7040
23038,1001,0,0x31a62d80
23039,1241,0,0x31afeac0
23040,987,0,0x31b9a800
23041,1425,0,0x31c36540
23042,947,0,0x31cd2280
23043,1636,0,0x31d6dfc0
23044,1233,0,0x31e09d00
23045,721,0,0x31ea5a40
23046,8799,0,0x31fdd4c0
23047,810,0,0x32079200
23048,747,0,0x32114f40
23049,588,0,0x321b0c80
23050,609,0,0x3224c9c0
23051,569,0,0x322e8700
23052,595,0,0x32384440
23053,600,0,0x32420180
23054,600,0,0x324bbec0
23055,564,0,0x32557c00
23056,757,0,0x325f3940
23057,724,0,0x3268f680
23058,1162,0,0x3272b3c0
23059,1280,0,0x327c7100
23060,928,0,0x32862e40
23061,1181,0,0x328feb80
23062,1030,0,0x3299a8c0
23063,1544,0,0x32a36600
23064,990,0,0x32ad2340
23065,1182,0,0x32b6e080
23066,64540,0,0x32c09dc0
23067,33653,0,0x32ca5b00
23068,1210,0,0x32d41840
23069,1169,0,0x32ddd580
23070,1012,0,0x32e792c0
23071,1164,0,0x32f15000
23072,1619,0,0x32fb0d40
23073,983,0,0x3304ca80
23074,1170,0,0x330e87c0
23075,1054,0,0x33184500
23076,1209,0,0x33220240
23077,968,0,0x332bbf80
23078,955,0,0x33357cc0
23079,1363,0,0x333f3a00
23080,1156,0,0x3348f740
23081,1206,0,0x3352b480
23082,965,0,0x335c71c0
23083,1407,0,0x33662f00
23084,1139,0,0x336fec40
23085,976,0,0x3379a980
23086,1204,0,0x338366c0
23087,1161,0,0x338d2400
23088,1000,0,0x3396e140
23089,1167,0,0x33a09e80
23090,856,0,0x33aa5bc0
23091,1158,0,0x33b41900
23092,1004,0,0x33bdd640
23093,1145,0,0x33c79380
23094,1036,0,0x33d150c0
23095,1203,0,0x33db0e00
23096,1007,0,0x33e4cb40
23097,1212,0,0x33ee8880
23098,941,0,0x33f845c0
23099,1028,0,0x34020300
23100,848,0,0x340bc040
23101,1755,0,0x34157d80
23102,1211,0,0x341f3ac0
23103,1159,0,0x3428f800
23104,842,0,0x3432b540
23105,1144,0,0x343c7280
23106,1031,0,0x34462fc0
23107,1022,0,0x344fed00
23108,1300,0,0x3459aa40
23109,957,0,0x34636780
23110,1517,0,0x346d24c0
23111,2125,0,0x3476e200
23112,561,0,0x34809f40
23113,2406,0,0x348a5c80
23114,91608,0,0x349dd700
23115,981,0,0x34a79440
23116,618,0,0x34b15180
23117,540,0,0x34bb0ec0
23118,594,0,0x34c4cc00
23119,592,0,0x34ce8940
23120,582,0,0x34d84680
23121,636,0,0x34e203c0
23122,607,0,0x34ebc100
23123,1170,0,0x34f57e40
23124,591,0,0x34ff3b80
23125,585,0,0x3508f8c0
23126,757,0,0x3512b600
23127,10492,0,0x351c7340
23128,767,0,0x35263080
23129,720,0,0x352fedc0
23130,1038,0,0x3539ab00
23131,518,0,0x35436840
23132,729,0,0x354d2580
23133,581,0,0x3556e2c0
23134,561,0,0x3560a000
23135,710,0,0x356a5d40
23136,522,0,0x35741a80
23137,590,0,0x357dd7c0
23138,929,0,0x35879500
23139,766,0,0x35915240
23140,17775,0,0x359b0f80
23141,116956,0,0x35a4ccc0
23142,22226,0,0x35ae8a00
23143,724,0,0x35b84740
23144,786,0,0x35c20480
23145,586,0,0x35cbc1c0
23146,810,0,0x35d57f00
23147,1477,0,0x35df3c40
23148,1173,0,0x35e8f980
23149,1199,0,0x35f2b6c0
23150,974,0,0x35fc7400
23151,918,0,0x36063140
23152,858,0,0x360fee80
23153,784,0,0x3619abc0
23154,718,0,0x36236900
23155,1192,0,0x362d2640
23156,901,0,0x3636e380
23157,998,0,0x3640a0c0
23158,960,0,0x364a5e00
23159,1002,0,0x36541b40
23160,947,0,0x365dd880
23161,999,0,0x366795c0
23162,954,0,0x36715300
23163,1001,0,0x367b1040
23164,797,0,0x3684cd80
23165,1063,0,0x368e8ac0
23166,998,0,0x36984800
23167,1012,0,0x36a20540
23168,1394,0,0x36abc280
23169,766,0,0x36b57fc0
23170,950,0,0x36bf3d00
23171,1007,0,0x36c8fa40
23172,946,0,0x36d2b780
23173,1078,0,0x36dc74c0
23174,994,0,0x36e63200
23175,1001,0,0x36efef40
23176,89121,0,0x36f9ac80
23177,619,0,0x370369c0
23178,564,0,0x370d2700
23179,754,0,0x3716e440
23180,907,0,0x3720a180
23181,23101,0,0x372a5ec0
23182,673,0,0x37341c00
23183,2680,0,0x373dd940
23184,37587,0,0x37479680
23185,1423,0,0x375153c0
23186,969,0,0x375b1100
23187,1042,0,0x3764ce40
23188,976,0,0x376e8b80
23189,1003,0,0x377848c0
23190,1152,0,0x37820600
23191,1182,0,0x378bc340
23192,948,0,0x37958080
23193,1187,0,0x379f3dc0
23194,1016,0,0x37a8fb00
23195,1150,0,0x37b2b840
23196,1187,0,0x37bc7580
23197,999,0,0x37c632c0
23198,1236,0,0x37cff000
23199,945,0,0x37d9ad40
23200,1194,0,0x37e36a80
23201,1009,0,0x37ed27c0
23202,947,0,0x37f6e500
23203,1221,0,0x3800a240
23204,951,0,0x380a5f80
23205,1013,0,0x38141cc0
23206,1145,0,0x381dda00
23207,1165,0,0x38279740
23208,1636,0,0x38315480
23209,1233,0,0x383b11c0
23210,987,0,0x3844cf00
23211,1151,0,0x384e8c40
23212,1010,0,0x38584980
23213,982,0,0x386206c0
23214,1304,0,0x386bc400
23215,942,0,0x38758140
23216,1169,0,0x387f3e80
23217,853,0,0x3888fbc0
23218,1187,0,0x3892b900
23219,1001,0,0x389c7640
23220,1164,0,0x38a63380
23221,1027,0,0x38aff0c0
23222,1170,0,0x38b9ae00
23223,1405,0,0x38c36b40
23224,1021,0,0x38cd2880
23225,1376,0,0x38d6e5c0
23226,1021,0,0x38e0a300
23227,1025,0,0x38ea6040
23228,998,0,0x38f41d80
23229,988,0,0x38fddac0
23230,982,0,0x39079800
23231,1007,0,0x39115540
23232,999,0,0x391b1280
23233,939,0,0x3924cfc0
23234,1016,0,0x392e8d00
23235,949,0,0x39384a40
23236,993,0,0x39420780
23237,946,0,0x394bc4c0
23238,999,0,0x39558200
23239,1005,0,0x395f3f40
23240,1197,0,0x3968fc80
23241,1043,0,0x3972b9c0
23242,1173,0,0x397c7700
23243,1210,0,0x39863440
23244,996,0,0x398ff180
23245,1048,0,0x3999aec0
23246,1149,0,0x39a36c00
23247,1215,0,0x39ad2940
23248,1281,0,0x39b6e680
23249,1000,0,0x39c0a3c0
23250,1048,0,0x39ca6100
23251,1336,0,0x39d41e40
23252,1207,0,0x39dddb80
23253,965,0,0x39e798c0
23254,1600,0,0x39f15600
23255,1210,0,0x39fb1340
23256,1191,0,0x3a04d080
23257,1011,0,0x3a0e8dc0
23258,1059,0,0x3a184b00
23259,1184,0,0x3a220840
23260,1218,0,0x3a2bc580
23261,978,0,0x3a3582c0
23262,1192,0,0x3a3f4000
23263,1208,0,0x3a48fd40
23264,1173,0,0x3a52ba80
23265,904,0,0x3a5c77c0
23266,960,0,0x3a663500
23267,1237,0,0x3a6ff240
23268,543,0,0x3a79af80
23269,86169,0,0x3a8d2a00
23270,4430,0,0x3a96e740
23271,22488,0,0x3aa0a480
23272,568,0,0x3aaa61c0
23273,744,0,0x3ab41f00
23274,531,0,0x3abddc40
23275,512,0,0x3ac79980
23276,726,0,0x3ad156c0
23277,547,0,0x3adb1400
23278,561,0,0x3ae4d140
23279,636,0,0x3aee8e80
23280,714,0,0x3af84bc0
23281,566,0,0x3b020900
23282,849,0,0x3b0bc640
23283,5023,0,0x3b158380
23284,1370,0,0x3b1f40c0
23285,1225,0,0x3b28fe00
23286,1216,0,0x3b32bb40
23287,953,0,0x3b3c7880
23288,1046,0,0x3b4635c0
23289,1173,0,0x3b4ff300
23290,1062,0,0x3b59b040
23291,1394,0,0x3b636d80
23292,1205,0,0x3b6d2ac0
23293,963,0,0x3b76e800
23294,1186,0,0x3b80a540
23295,1067,0,0x3b8a6280
23296,1161,0,0x3b941fc0
23297,961,0,0x3b9ddd00
23298,1162,0,0x3ba79a40
23299,1053,0,0x3bb15780
23300,1629,0,0x3bbb14c0
23301,1167,0,0x3bc4d200
23302,1018,0,0x3bce8f40
23303,1213,0,0x3bd84c80
23304,1076,0,0x3be209c0
23305,1400,0,0x3bebc700
23306,1240,0,0x3bf58440
23307,1503,0,0x3bff4180
23308,999,0,0x3c08fec0
23309,1011,0,0x3c12bc00
23310,1202,0,0x3c1c7940
23311,1407,0,0x3c263680
23312,1179,0,0x3c2ff3c0
23313,1008,0,0x3c39b100
23314,1619,0,0x3c436e40
23315,1155,0,0x3c4d2b80
23316,1020,0,0x3c56e8c0
23317,1163,0,0x3c60a600
23318,1006,0,0x3c6a6340
23319,1140,0,0x3c742080
23320,1014,0,0x3c7dddc0
23321,1211,0,0x3c879b00
23322,960,0,0x3c915840
23323,1211,0,0x3c9b1580
23324,975,0,0x3ca4d2c0
23325,1198,0,0x3cae9000
23326,1162,0,0x3cb84d40
23327,1014,0,0x3cc20a80
23328,1215,0,0x3ccbc7c0
23329,998,0,0x3cd58500
23330,1200,0,0x3cdf4240
23331,965,0,0x3ce8ff80
23332,1005,0,0x3cf2bcc0
23333,945,0,0x3cfc7a00
23334,1026,0,0x3d063740
23335,953,0,0x3d0ff480
23336,1424,0,0x3d19b1c0
23337,1629,0,0x3d236f00
23338,1166,0,0x3d2d2c40
23339,1019,0,0x3d36e980
23340,965,0,0x3d40a6c0
23341,1657,0,0x3d4a6400
23342,801,0,0x3d542140
23343,963,0,0x3d5dde80
23344,1012,0,0x3d679bc0
23345,954,0,0x3d715900
23346,760,0,0x3d7b1640
23347,1378,0,0x3d84d380
23348,822,0,0x3d8e90c0
23349,15511,0,0x3d984e00
23350,41323,0,0x3da20b40
23351,742,0,0x3dabc880
23352,878,0,0x3db585c0
23353,740,0,0x3dbf4300
23354,93739,0,0x3dc90040
23355,1000,0,0x3dd2bd80
23356,13820,0,0x3ddc7ac0
23357,3024,0,0x3de63800
23358,809,0,0x3deff540
23359,594,0,0x3df9b280
23360,754,0,0x3e036fc0
23361,41599,0,0x3e0d2d00
23362,726,0,0x3e16ea40
23363,869,0,0x3e20a780
23364,522,0,0x3e2a64c0
23365,720,0,0x3e342200
23366,789,0,0x3e3ddf40
23367,1034,0,0x3e479c80
23368,540,0,0x3e5159c0
23369,510,0,0x3e5b1700
23370,716,0,0x3e64d440
23371,793,0,0x3e6e9180
23372,84910,0,0x3e784ec0
23373,751,0,0x3e820c00
23374,741,0,0x3e8bc940
23375,1198,0,0x3e958680
23376,770,0,0x3e9f43c0
23377,552,0,0x3ea90100
23378,788,0,0x3eb2be40
23379,3121,0,0x3ebc7b80
23380,584,0,0x3ec638c0
23381,9440,0,0x3ecff600
23382,620,0,0x3ed9b340
23383,832,0,0x3ee37080
23384,50138,0,0x3eed2dc0
23385,722,0,0x3ef6eb00
23386,595,0,0x3f00a840
23387,795,0,0x3f0a6580
23388,526,0,0x3f1422c0
23389,518,0,0x3f1de000
23390,722,0,0x3f279d40
23391,579,0,0x3f315a80
23392,789,0,0x3f3b17c0
23393,548,0,0x3f44d500
23394,723,0,0x3f4e9240
23395,800,0,0x3f584f80
23396,80472,0,0x3f620cc0
23397,16111,0,0x3f6bca00
23398,59970,0,0x3f758740
23399,538,0,0x3f7f4480
23400,715,0,0x3f8901c0
23401,575,0,0x3f92bf00
23402,809,0,0x3f9c7c40
23403,716,0,0x3fa63980
23404,768,0,0x3faff6c0
23405,948,0,0x3fb9b400
23406,720,0,0x3fc37140
23407,556,0,0x3fcd2e80
23408,799,0,0x3fd6ebc0
23409,519,0,0x3fe0a900
23410,838,0,0x3fea6640
23411,544,0,0x3ff42380
23412,575,0,0x3ffde0c0
23413,784,0,0x79e40
23414,61779,0,0x115b80
23415,723,0,0x1b18c0
23416,2386,0,0x24d600
23417,646,0,0x2e9340
23418,15617,0,0x385080
23419,572,0,0x420dc0
23420,550,0,0x4bcb00
23421,592,0,0x558840
23422,625,0,0x5f4580
23423,599,0,0x6902c0
23424,578,0,0x72c000
23425,797,0,0x7c7d40
23426,67914,0,0x863a80
23427,718,0,0x8ff7c0
23428,585,0,0x99b500
23429,787,0,0xa37240
23430,946,0,0xad2f80
23431,557,0,0xb6ecc0
23432,643,0,0xc0aa00
23433,718,0,0xca6740
23434,541,0,0xd42480
23435,586,0,0xdde1c0
23436,624,0,0xe79f00
23437,731,0,0xf15c40
23438,536,0,0xfb1980
23439,621,0,0x104d6c0
23440,720,0,0x10e9400
23441,539,0,0x1185140
23442,787,0,0x1220e80
23443,43585,0,0x12bcbc0
23444,637,0,0x1358900
23445,6219,0,0x13f4640
23446,735,0,0x1490380
23447,801,0,0x152c0c0
23448,971,0,0x15c7e00
23449,561,0,0x1663b40
23450,605,0,0x16ff880
23451,576,0,0x179b5c0
23452,749,0,0x1837300
23453,15040,0,0x18d3040
23454,569,0,0x196ed80
23455,1206,0,0x1a0aac0
23456,81022,0,0x1aa6800
23457,714,0,0x1b42540
23458,591,0,0x1bde280
23459,768,0,0x1c79fc0
23460,746,0,0x1d15d00
23461,872,0,0x1db1a40
23462,846,0,0x1e4d780
23463,520,0,0x1ee94c0
23464,711,0,0x1f85200
23465,600,0,0x2020f40
23466,791,0,0x20bcc80
23467,655,0,0x21589c0
23468,773,0,0x21f4700
23469,534,0,0x2290440
23470,785,0,0x232c180
23471,543,0,0x23c7ec0
23472,593,0,0x2463c00
23473,572,0,0x24ff940
23474,712,0,0x259b680
23475,511,0,0x26373c0
23476,723,0,0x26d3100
23477,535,0,0x276ee40
23478,765,0,0x280ab80
23479,533,0,0x28a68c0
23480,533,0,0x2942600
23481,713,0,0x29de340
23482,572,0,0x2a7a080
23483,726,0,0x2b15dc0
23484,550,0,0x2bb1b00
23485,599,0,0x2c4d840
23486,1019,0,0x2ce9580
23487,11620,0,0x2d852c0
23488,17585,0,0x2e21000
23489,17292,0,0x2ebcd40
23490,789,0,0x2f58a80
23491,542,0,0x2ff47c0
23492,579,0,0x3090500
23493,728,0,0x312c240
23494,566,0,0x31c7f80
23495,801,0,0x3263cc0
23496,557,0,0x32ffa00
23497,569,0,0x339b740
23498,610,0,0x3437480
23499,561,0,0x34d31c0
23500,580,0,0x356ef00
23501,573,0,0x360ac40
23502,541,0,0x36a6980
23503,841,0,0x37426c0
23504,573,0,0x37de400
23505,571,0,0x387a140
23506,823,0,0x3915e80
23507,563,0,0x39b1bc0
23508,615,0,0x3a4d900
23509,543,0,0x3ae9640
23510,581,0,0x3b85380
23511,747,0,0x3c210c0
23512,89346,0,0x3cbce00
23513,784,0,0x3d58b40
23514,722,0,0x3df4880
23515,1018,0,0x3e905c0
23516,712,0,0x3f2c300
23517,3041,0,0x3fc8040
23518,21521,0,0x4063d80
23519,605,0,0x40ffac0
23520,563,0,0x419b800
23521,759,0,0x4237540
23522,562,0,0x42d3280
23523,582,0,0x436efc0
23524,556,0,0x440ad00
23525,598,0,0x44a6a40
23526,779,0,0x4542780
23527,553,0,0x45de4c0
23528,571,0,0x467a200
23529,592,0,0x4715f40
23530,547,0,0x47b1c80
23531,22984,0,0x484d9c0
23532,906,0,0x48e9700
23533,92447,0,0x4985440
23534,562,0,0x4a21180
23535,395,0,0x4abcec0
23536,1367,0,0x4b58c00
23537,744,0,0x4bf4940
23538,889,0,0x4c90680
23539,30231,0,0x4d2c3c0
23540,576,0,0x4dc8100
23541,743,0,0x4e63e40
23542,553,0,0x4effb80
23543,571,0,0x4f9b8c0
23544,577,0,0x5037600
23545,742,0,0x50d3340
23546,594,0,0x516f080
23547,746,0,0x520adc0
23548,1201,0,0x52a6b00
23549,19151,0,0x5342840
23550,759,0,0x53de580
23551,554,0,0x547a2c0
23552,599,0,0x5516000
23553,597,0,0x55b1d40
23554,568,0,0x564da80
23555,986,0,0x56e97c0
23556,587,0,0x5785500
23557,591,0,0x5821240
23558,794,0,0x58bcf80
23559,536,0,0x5958cc0
23560,803,0,0x59f4a00
23561,82030,0,0x5a90740
23562,626,0,0x5b2c480
23563,4463,0,0x5bc81c0
23564,723,0,0x5c63f00
23565,615,0,0x5cffc40
23566,547,0,0x5d9b980
23567,726,0,0x5e376c0
23568,596,0,0x5ed3400
23569,563,0,0x5f6f140
23570,714,0,0x600ae80
23571,530,0,0x60a6bc0
23572,975,0,0x6142900
23573,553,0,0x61de640
23574,763,0,0x627a380
23575,28582,0,0x63160c0
23576,796,0,0x63b1e00
23577,579,0,0x644db40
23578,757,0,0x64e9880
23579,26892,0,0x65855c0
23580,1199,0,0x6621300
23581,571,0,0x66bd040
23582,573,0,0x6758d80
23583,800,0,0x67f4ac0
23584,74439,0,0x6890800
23585,23830,0,0x692c540
23586,627,0,0x69c8280
23587,721,0,0x6a63fc0
23588,556,0,0x6affd00
23589,1178,0,0x6b9ba40
23590,926,0,0x6c37780
23591,617,0,0x6cd34c0
23592,721,0,0x6d6f200
23593,523,0,0x6e0af40
23594,766,0,0x6ea6c80
23595,17960,0,0x6f429c0
23596,1232,0,0x6fde700
23597,29606,0,0x707a440
23598,804,0,0x7116180
23599,585,0,0x71b1ec0
23600,757,0,0x724dc00
23601,549,0,0x72e9940
23602,610,0,0x7385680
23603,573,0,0x74213c0
23604,571,0,0x74bd100
23605,798,0,0x7558e40
23606,62723,0,0x75f4b80
23607,616,0,0x76908c0
23608,36102,0,0x772c600
23609,800,0,0x77c8340
23610,573,0,0x7864080
23611,1163,0,0x78ffdc0
23612,837,0,0x799bb00
23613,738,0,0x7a37840
23614,797,0,0x7ad3580
23615,787,0,0x7b6f2c0
23616,671,0,0x7c0b000
23617,788,0,0x7ca6d40
23618,552,0,0x7d42a80
23619,799,0,0x7dde7c0
23620,537,0,0x7e7a500
23621,841,0,0x7f16240
23622,6141,0,0x7fb1f80
23623,797,0,0x804dcc0
23624,746,0,0x80e9a00
23625,529,0,0x8185740
23626,794,0,0x8221480
23627,552,0,0x82bd1c0
23628,597,0,0x8358f00
23629,599,0,0x83f4c40
23630,627,0,0x8490980
23631,754,0,0x852c6c0
23632,561,0,0x85c8400
23633,561,0,0x8664140
23634,604,0,0x86ffe80
23635,588,0,0x879bbc0
23636,746,0,0x8837900
23637,23402,0,0x88d3640
23638,757,0,0x896f380
23639,649,0,0x8a0b0c0
23640,597,0,0x8aa6e00
23641,747,0,0x8b42b40
23642,601,0,0x8bde880
23643,579,0,0x8c7a5c0
23644,575,0,0x8d16300
23645,1211,0,0x8db2040
23646,984,0,0x8e4dd80
23647,593,0,0x8ee9ac0
23648,789,0,0x8f85800
23649,560,0,0x9021540
23650,739,0,0x90bd280
23651,586,0,0x9158fc0
23652,548,0,0x91f4d00
23653,587,0,0x9290a40
23654,795,0,0x932c780
23655,548,0,0x93c84c0
23656,825,0,0x9464200
23657,553,0,0x94fff40
23658,1020,0,0x959bc80
23659,587,0,0x96379c0
23660,805,0,0x96d3700
23661,572,0,0x976f440
23662,829,0,0x980b180
23663,34395,0,0x98a6ec0
23664,53737,0,0x9942c00
23665,534,0,0x99de940
23666,1199,0,0x9a7a680
23667,942,0,0x9b163c0
23668,15955,0,0x9bb2100
23669,954,0,0x9c4de40
23670,550,0,0x9ce9b80
23671,592,0,0x9d858c0
23672,570,0,0x9e21600
23673,757,0,0x9ebd340
23674,43752,0,0x9f59080
23675,752,0,0x9ff4dc0
23676,1004,0,0xa090b00
23677,992,0,0xa12c840
23678,1011,0,0xa1c8580
23679,774,0,0xa2642c0
23680,558,0,0xa300000
23681,611,0,0xa39bd40
23682,586,0,0xa437a80
23683,750,0,0xa4d37c0
23684,20586,0,0xa56f500
23685,629,0,0xa60b240
23686,60219,0,0xa6a6f80
23687,21237,0,0xa742cc0
23688,765,0,0xa7dea00
23689,591,0,0xa87a740
23690,605,0,0xa916480
23691,624,0,0xa9b21c0
23692,750,0,0xaa4df00
23693,570,0,0xaae9c40
23694,636,0,0xab85980
23695,776,0,0xac216c0
23696,826,0,0xacbd400
23697,606,0,0xad59140
23698,827,0,0xadf4e80
23699,814,0,0xae90bc0
23700,599,0,0xaf2c900
23701,561,0,0xafc8640
23702,579,0,0xb064380
23703,744,0,0xb1000c0
23704,591,0,0xb19be00
23705,748,0,0xb237b40
23706,563,0,0xb2d3880
23707,620,0,0xb36f5c0
23708,750,0,0xb40b300
23709,542,0,0xb4a7040
23710,559,0,0xb542d80
23711,605,0,0xb5deac0
23712,575,0,0xb67a800
23713,754,0,0xb716540
23714,594,0,0xb7b2280
23715,24033,0,0xb84dfc0
23716,728,0,0xb8e9d00
23717,603,0,0xb985a40
23718,664,0,0xba21780
23719,754,0,0xbabd4c0
23720,561,0,0xbb59200
23721,631,0,0xbbf4f40
23722,580,0,0xbc90c80
23723,753,0,0xbd2c9c0
23724,551,0,0xbdc8700
23725,1004,0,0xbe64440
23726,557,0,0xbf00180
23727,571,0,0xbf9bec0
23728,648,0,0xc037c00
23729,831,0,0xc0d3940
23730,1088,0,0xc16f680
23731,2629,0,0xc20b3c0
23732,64322,0,0xc2a7100
23733,758,0,0xc342e40
23734,45526,0,0xc3deb80
23735,772,0,0xc47a8c0
23736,548,0,0xc516600
23737,762,0,0xc5b2340
23738,749,0,0xc64e080
23739,601,0,0xc6e9dc0
23740,589,0,0xc785b00
23741,742,0,0xc821840
23742,555,0,0xc8bd580
23743,596,0,0xc9592c0
23744,758,0,0xc9f5000
23745,557,0,0xca90d40
23746,544,0,0xcb2ca80
23747,1162,0,0xcbc87c0
23748,545,0,0xcc64500
23749,605,0,0xcd00240
23750,590,0,0xcd9bf80
23751,741,0,0xce37cc0
23752,593,0,0xced3a00
23753,1157,0,0xcf6f740
23754,530,0,0xd00b480
23755,620,0,0xd0a71c0
23756,547,0,0xd142f00
23757,538,0,0xd1dec40
23758,794,0,0xd27a980
23759,553,0,0xd3166c0
23760,567,0,0xd3b2400
23761,752,0,0xd44e140
23762,15439,0,0xd4e9e80
23763,829,0,0xd585bc0
23764,68227,0,0xd621900
23765,986,0,0xd6bd640
23766,935,0,0xd759380
23767,560,0,0xd7f50c0
23768,840,0,0xd890e00
23769,520,0,0xd92cb40
23770,731,0,0xd9c8880
23771,589,0,0xda645c0
23772,555,0,0xdb00300
23773,827,0,0xdb9c040
23774,1041,0,0xdc37d80
23775,526,0,0xdcd3ac0
23776,733,0,0xdd6f800
23777,600,0,0xde0b540
23778,580,0,0xdea7280
23779,737,0,0xdf42fc0
23780,563,0,0xdfded00
23781,847,0,0xe07aa40
23782,54581,0,0xe116780
23783,768,0,0xe1b24c0
23784,649,0,0xe24e200
23785,583,0,0xe2e9f40
23786,955,0,0xe385c80
23787,607,0,0xe4219c0
23788,558,0,0xe4bd700
23789,577,0,0xe559440
23790,743,0,0xe5f5180
23791,3765,0,0xe690ec0
23792,5329,0,0xe72cc00
23793,610,0,0xe7c8940
23794,983,0,0xe864680
23795,568,0,0xe9003c0
23796,531,0,0xe99c100
23797,758,0,0xea37e40
23798,743,0,0xead3b80
23799,79177,0,0xeb6f8c0
23800,987,0,0xec0b600
23801,515,0,0xeca7340
23802,713,0,0xed43080
23803,596,0,0xeddedc0
23804,536,0,0xee7ab00
23805,724,0,0xef16840
23806,1295,0,0xefb2580
23807,546,0,0xf04e2c0
23808,731,0,0xf0ea000
23809,992,0,0xf185d40
23810,748,0,0xf221a80
23811,576,0,0xf2bd7c0
23812,521,0,0xf359500
23813,714,0,0xf3f5240
23814,593,0,0xf490f80
23815,585,0,0xf52ccc0
23816,713,0,0xf5c8a00
23817,566,0,0xf664740
23818,766,0,0xf700480
23819,516,0,0xf79c1c0
23820,713,0,0xf837f00
23821,579,0,0xf8d3c40
23822,921,0,0xf96f980
23823,1260,0,0xfa0b6c0
23824,544,0,0xfaa7400
23825,794,0,0xfb43140
23826,564,0,0xfbdee80
23827,523,0,0xfc7abc0
23828,721,0,0xfd16900
23829,845,0,0xfdb2640
23830,523,0,0xfe4e380
23831,719,0,0xfeea0c0
23832,847,0,0xff85e00
23833,534,0,0x10021b40
23834,596,0,0x100bd880
23835,714,0,0x101595c0
23836,563,0,0x101f5300
23837,937,0,0x10291040
23838,761,0,0x1032cd80
23839,568,0,0x103c8ac0
23840,711,0,0x10464800
23841,540,0,0x10500540
23842,614,0,0x1059c280
23843,721,0,0x10637fc0
23844,562,0,0x106d3d00
23845,769,0,0x1076fa40
23846,17168,0,0x1080b780
23847,2645,0,0x108a74c0
23848,556,0,0x10943200
23849,572,0,0x109def40
23850,596,0,0x10a7ac80
23851,575,0,0x10b169c0
23852,585,0,0x10bb2700
23853,795,0,0x10c4e440
23854,6479,0,0x10cea180
23855,650,0,0x10d85ec0
23856,746,0,0x10e21c00
23857,122266,0,0x10ebd940
23858,722,0,0x10f59680
23859,859,0,0x10ff53c0
23860,11185,0,0x11091100
23861,628,0,0x1112ce40
23862,11661,0,0x111c8b80
23863,8021,0,0x112648c0
23864,750,0,0x11300600
23865,550,0,0x1139c340
23866,599,0,0x11438080
23867,555,0,0x114d3dc0
23868,587,0,0x1156fb00
23869,599,0,0x1160b840
23870,618,0,0x116a7580
23871,826,0,0x117432c0
23872,118034,0,0x117df000
23873,731,0,0x1187ad40
23874,801,0,0x11916a80
23875,4666,0,0x119b27c0
23876,559,0,0x11a4e500
23877,15908,0,0x11aea240
23878,783,0,0x11b85f80
23879,774,0,0x11c21cc0
23880,549,0,0x11cbda00
23881,586,0,0x11d59740
23882,968,0,0x11df5480
23883,590,0,0x11e911c0
23884,633,0,0x11f2cf00
23885,732,0,0x11fc8c40
23886,550,0,0x12064980
23887,522,0,0x121006c0
23888,748,0,0x1219c400
23889,5038,0,0x12238140
23890,753,0,0x122d3e80
23891,549,0,0x1236fbc0
23892,653,0,0x1240b900
23893,760,0,0x124a7640
23894,548,0,0x12543380
23895,614,0,0x125df0c0
23896,109408,0,0x1267ae00
23897,898,0,0x12716b40
23898,31443,0,0x127b2880
23899,757,0,0x1284e5c0
23900,877,0,0x128ea300
23901,8011,0,0x12986040
23902,783,0,0x12a21d80
23903,583,0,0x12abdac0
23904,578,0,0x12b59800
23905,636,0,0x12bf5540
23906,755,0,0x12c91280
23907,962,0,0x12d2cfc0
23908,1021,0,0x12dc8d00
23909,850,0,0x12e64a40
23910,605,0,0x12f00780
23911,581,0,0x12f9c4c0
23912,584,0,0x13038200
23913,579,0,0x130d3f40
23914,631,0,0x1316fc80
23915,754,0,0x1320b9c0
23916,582,0,0x132a7700
23917,798,0,0x13343440
23918,95088,0,0x133df180
23919,857,0,0x1347aec0
23920,2025,0,0x13516c00
23921,33728,0,0x135b2940
23922,752,0,0x1364e680
23923,616,0,0x136ea3c0
23924,567,0,0x13786100
23925,571,0,0x13821e40
23926,588,0,0x138bdb80
23927,547,0,0x139598c0
23928,751,0,0x139f5600
23929,583,0,0x13a91340
23930,804,0,0x13b2d080
23931,16374,0,0x13bc8dc0
23932,752,0,0x13c64b00
23933,589,0,0x13d00840
23934,572,0,0x13d9c580
23935,597,0,0x13e382c0
23936,807,0,0x13ed4000
23937,86827,0,0x13f6fd40
23938,682,0,0x1400ba80
23939,5373,0,0x140a77c0
23940,560,0,0x14143500
23941,522,0,0x141df240
23942,779,0,0x1427af80
23943,712,0,0x14316cc0
23944,864,0,0x143b2a00
23945,714,0,0x1444e740
23946,540,0,0x144ea480
23947,512,0,0x145861c0
23948,717,0,0x14621f00
23949,711,0,0x146bdc40
23950,973,0,0x14759980
23951,523,0,0x147f56c0
23952,716,0,0x14891400
23953,562,0,0x1492d140
23954,536,0,0x149c8e80
23955,670,0,0x14a64bc0
23956,770,0,0x14b00900
23957,25379,0,0x14b9c640
23958,797,0,0x14c38380
23959,540,0,0x14cd40c0
23960,744,0,0x14d6fe00
23961,587,0,0x14e0bb40
23962,570,0,0x14ea7880
23963,747,0,0x14f435c0
23964,583,0,0x14fdf300
23965,552,0,0x1507b040
23966,827,0,0x15116d80
23967,12697,0,0x151b2ac0
23968,761,0,0x1524e800
23969,733,0,0x152ea540
23970,591,0,0x15386280
23971,576,0,0x15421fc0
23972,572,0,0x154bdd00
23973,578,0,0x15559a40
23974,820,0,0x155f5780
23975,76759,0,0x156914c0
23976,711,0,0x1572d200
23977,25510,0,0x157c8f40
23978,529,0,0x15864c80
23979,847,0,0x159009c0
23980,523,0,0x1599c700
23981,714,0,0x15a38440
23982,529,0,0x15ad4180
23983,603,0,0x15b6fec0
23984,952,0,0x15c0bc00
23985,773,0,0x15ca7940
23986,524,0,0x15d43680
23987,728,0,0x15ddf3c0
23988,986,0,0x15e7b100
23989,916,0,0x15f16e40
23990,856,0,0x15fb2b80
23991,20619,0,0x1604e8c0
23992,967,0,0x160ea600
23993,572,0,0x16186340
23994,1002,0,0x16222080
23995,557,0,0x162bddc0
23996,576,0,0x16359b00
23997,612,0,0x163f5840
23998,545,0,0x16491580
23999,572,0,0x1652d2c0
24000,825,0,0x165c9000
24001,578,0,0x16664d40
24002,576,0,0x16700a80
24003,748,0,0x1679c7c0
24004,578,0,0x16838500
24005,589,0,0x168d4240
24006,750,0,0x1696ff80
24007,5493,0,0x16a0bcc0
24008,803,0,0x16aa7a00
24009,988,0,0x16b43740
24010,809,0,0x16bdf480
24011,69435,0,0x16c7b1c0
24012,42925,0,0x16d16f00
24013,35333,0,0x16db2c40
24014,784,0,0x16e4e980
24015,588,0,0x16eea6c0
24016,596,0,0x16f86400
24017,595,0,0x17022140
24018,650,0,0x170bde80
24019,742,0,0x17159bc0
24020,2915,0,0x171f5900
24021,769,0,0x17291640
24022,814,0,0x1732d380
24023,581,0,0x173c90c0
24024,595,0,0x17464e00
24025,750,0,0x17500b40
24026,593,0,0x1759c880
24027,589,0,0x176385c0
24028,741,0,0x176d4300
24029,57862,0,0x17770040
24030,617,0,0x1780bd80
24031,45603,0,0x178a7ac0
24032,560,0,0x17943800
24033,565,0,0x179df540
24034,748,0,0x17a7b280
24035,993,0,0x17b16fc0
24036,37132,0,0x17bb2d00
24037,819,0,0x17c4ea40
24038,556,0,0x17cea780
24039,769,0,0x17d864c0
24040,574,0,0x17e22200
24041,1156,0,0x17ebdf40
24042,1019,0,0x17f59c80
24043,548,0,0x17ff59c0
24044,1007,0,0x18091700
24045,1848,0,0x1812d440
24046,760,0,0x181c9180
24047,961,0,0x18264ec0
24048,581,0,0x18300c00
24049,558,0,0x1839c940
24050,749,0,0x18438680
24051,49128,0,0x184d43c0
24052,625,0,0x18570100
24053,53358,0,0x1860be40
24054,800,0,0x186a7b80
24055,44796,0,0x187438c0
24056,726,0,0x187df600
24057,567,0,0x1887b340
24058,598,0,0x18917080
24059,663,0,0x189b2dc0
24060,1160,0,0x18a4eb00
24061,1816,0,0x18aea840
24062,804,0,0x18b86580
24063,590,0,0x18c222c0
24064,564,0,0x18cbe000
24065,798,0,0x18d59d40
24066,553,0,0x18df5a80
24067,824,0,0x18e917c0
24068,40112,0,0x18f2d500
24069,1094,0,0x18fc9240
24070,57064,0,0x19064f80
24071,736,0,0x19100cc0
24072,44719,0,0x1919ca00
24073,799,0,0x19238740
24074,788,0,0x192d4480
24075,6209,0,0x193701c0
24076,749,0,0x1940bf00
24077,585,0,0x194a7c40
24078,579,0,0x19543980
24079,591,0,0x195df6c0
24080,802,0,0x1967b400
24081,556,0,0x19717140
24082,580,0,0x197b2e80
24083,595,0,0x1984ebc0
24084,803,0,0x198ea900
24085,546,0,0x19986640
24086,770,0,0x19a22380
24087,26916,0,0x19abe0c0
24088,61926,0,0x19b59e00
24089,778,0,0x19bf5b40
24090,50051,0,0x19c91880
24091,804,0,0x19d2d5c0
24092,526,0,0x19dc9300
24093,578,0,0x19e65040
24094,723,0,0x19f00d80
24095,583,0,0x19f9cac0
24096,534,0,0x1a038800
24097,595,0,0x1a0d4540
24098,1008,0,0x1a170280
24099,773,0,0x1a20bfc0
24100,557,0,0x1a2a7d00
24101,524,0,0x1a343a40
24102,749,0,0x1a3df780
24103,541,0,0x1a47b4c0
24104,587,0,0x1a517200
24105,626,0,0x1a5b2f40
24106,606,0,0x1a64ec80
24107,747,0,0x1a6ea9c0
24108,1790,0,0x1a786700
24109,1084,0,0x1a822440
24110,559,0,0x1a8be180
24111,583,0,0x1a959ec0
24112,1216,0,0x1a9f5c00
24113,578,0,0x1aa91940
24114,747,0,0x1ab2d680
24115,588,0,0x1abc93c0
24116,564,0,0x1ac65100
24117,587,0,0x1ad00e40
24118,596,0,0x1ad9cb80
24119,614,0,0x1ae388c0
24120,589,0,0x1aed4600
24121,748,0,0x1af70340
24122,8380,0,0x1b00c080
24123,645,0,0x1b0a7dc0
24124,66788,0,0x1b143b00
24125,723,0,0x1b1df840
24126,543,0,0x1b27b580
24127,763,0,0x1b3172c0
24128,538,0,0x1b3b3000
24129,563,0,0x1b44ed40
24130,767,0,0x1b4eaa80
24131,506,0,0x1b5867c0
24132,728,0,0x1b622500
24133,786,0,0x1b6be240
24134,929,0,0x1b759f80
24135,561,0,0x1b7f5cc0
24136,848,0,0x1b891a00
24137,534,0,0x1b92d740
24138,716,0,0x1b9c9480
24139,577,0,0x1ba651c0
24140,730,0,0x1bb00f00
24141,577,0,0x1bb9cc40
24142,969,0,0x1bc38980
24143,526,0,0x1bcd46c0
24144,743,0,0x1bd70400
24145,564,0,0x1be0c140
24146,715,0,0x1bea7e80
24147,552,0,0x1bf43bc0
24148,572,0,0x1bfdf900
24149,842,0,0x1c07b640
24150,547,0,0x1c117380
24151,733,0,0x1c1b30c0
24152,589,0,0x1c24ee00
24153,718,0,0x1c2eab40
24154,572,0,0x1c386880
24155,630,0,0x1c4225c0
24156,715,0,0x1c4be300
24157,533,0,0x1c55a040
24158,765,0,0x1c5f5d80
24159,530,0,0x1c691ac0
24160,720,0,0x1c72d800
24161,601,0,0x1c7c9540
24162,974,0,0x1c865280
24163,714,0,0x1c900fc0
24164,584,0,0x1c99cd00
24165,716,0,0x1ca38a40
24166,27426,0,0x1cad4780
24167,747,0,0x1cb704c0
24168,596,0,0x1cc0c200
24169,984,0,0x1cca7f40
24170,592,0,0x1cd43c80
24171,622,0,0x1cddf9c0
24172,589,0,0x1ce7b700
24173,958,0,0x1cf17440
24174,601,0,0x1cfb3180
24175,737,0,0x1d04eec0
24176,749,0,0x1d0eac00
24177,3543,0,0x1d186940
24178,833,0,0x1d222680
24179,582,0,0x1d2be3c0
24180,545,0,0x1d35a100
24181,1339,0,0x1d3f5e40
24182,601,0,0x1d491b80
24183,110288,0,0x1d52d8c0
24184,952,0,0x1d5c9600
24185,565,0,0x1d665340
24186,612,0,0x1d701080
24187,711,0,0x1d79cdc0
24188,540,0,0x1d838b00
24189,768,0,0x1d8d4840
24190,516,0,0x1d970580
24191,712,0,0x1da0c2c0
24192,667,0,0x1daa8000
24193,625,0,0x1db43d40
24194,714,0,0x1dbdfa80
24195,748,0,0x1dc7b7c0
24196,574,0,0x1dd17500
24197,918,0,0x1ddb3240
24198,989,0,0x1de4ef80
24199,546,0,0x1deeacc0
24200,728,0,0x1df86a00
24201,607,0,0x1e022740
24202,489,0,0x1e0be480
24203,575,0,0x1e15a1c0
24204,721,0,0x1e1f5f00
24205,582,0,0x1e291c40
24206,727,0,0x1e32d980
24207,536,0,0x1e3c96c0
24208,518,0,0x1e465400
24209,975,0,0x1e501140
24210,730,0,0x1e59ce80
24211,561,0,0x1e638bc0
24212,804,0,0x1e6d4900
24213,9085,0,0x1e770640
24214,844,0,0x1e80c380
24215,1207,0,0x1e8a80c0
24216,2932,0,0x1e943e00
24217,874,0,0x1e9dfb40
24218,140764,0,0x1ea7b880
24219,862,0,0x1eb175c0
24220,523,0,0x1ebb3300
24221,717,0,0x1ec4f040
24222,594,0,0x1ecead80
24223,874,0,0x1ed86ac0
24224,6680,0,0x1ee22800
24225,1420,0,0x1eebe540
24226,96423,0,0x1eff5fc0
24227,11812,0,0x1f091d00
24228,591,0,0x1f12da40
24229,981,0,0x1f1c9780
24230,726,0,0x1f2654c0
24231,3999,0,0x1f301200
24232,1357,0,0x1f39cf40
24233,72841,0,0x1f4d49c0
24234,35856,0,0x1f570700
24235,795,0,0x1f60c440
24236,871,0,0x1f6a8180
24237,1014,0,0x1f743ec0
24238,1283,0,0x1f7dfc00
24239,952,0,0x1f87b940
24240,602,0,0x1f917680
24241,833,0,0x1f9b33c0
24242,108908,0,0x1fa4f100
24243,42856,0,0x1faeae40
24244,1041,0,0x1fb86b80
24245,298,0,0x1fc228c0
24246,761,0,0x1fcbe600
24247,770,0,0x1fd5a340
24248,102285,0,0x1fdf6080
24249,46470,0,0x1fe91dc0
24250,397,0,0x1ff2db00
24251,1252,0,0x1ffc9840
24252,47496,0,0x201012c0
24253,67274,0,0x2019d000
24254,574,0,0x20238d40
24255,682,0,0x202d4a80
24256,1222,0,0x203707c0
24257,2291,0,0x2040c500
24258,610,0,0x204a8240
24259,1085,0,0x20543f80
24260,542,0,0x205dfcc0
24261,567,0,0x2067ba00
24262,646,0,0x20717740
24263,747,0,0x207b3480
24264,544,0,0x2084f1c0
24265,589,0,0x208eaf00
24266,620,0,0x20986c40
24267,592,0,0x20a22980
24268,573,0,0x20abe6c0
24269,803,0,0x20b5a400
24270,9118,0,0x20bf6140
24271,1629,0,0x20c91e80
24272,1635,0,0x20d2dbc0
24273,1142,0,0x20dc9900
24274,1195,0,0x20e65640
24275,1150,0,0x20f01380
24276,1034,0,0x20f9d0c0
24277,1209,0,0x21038e00
24278,1170,0,0x210d4b40
24279,1296,0,0x21170880
24280,1165,0,0x2120c5c0
24281,1034,0,0x212a8300
24282,1209,0,0x21344040
24283,1004,0,0x213dfd80
24284,1224,0,0x2147bac0
24285,1167,0,0x21517800
24286,1287,0,0x215b3540
24287,1199,0,0x2164f280
24288,1232,0,0x216eafc0
24289,1562,0,0x21786d00
24290,1211,0,0x21822a40
24291,1159,0,0x218be780
24292,1029,0,0x2195a4c0
24293,1160,0,0x219f6200
24294,1212,0,0x21a91f40
24295,1216,0,0x21b2dc80
24296,988,0,0x21bc99c0
24297,1414,0,0x21c65700
24298,1171,0,0x21d01440
24299,1045,0,0x21d9d180
24300,1422,0,0x21e38ec0
24301,1199,0,0x21ed4c00
24302,1420,0,0x21f70940
24303,1060,0,0x2200c680
24304,1166,0,0x220a83c0
24305,1205,0,0x22144100
24306,1162,0,0x221dfe40
24307,1280,0,0x2227bb80
24308,888,0,0x223178c0
24309,1304,0,0x223b3600
24310,35679,0,0x224eb080
24311,1000,0,0x22586dc0
24312,708,0,0x22622b00
24313,593,0,0x226be840
24314,517,0,0x2275a580
24315,716,0,0x227f62c0
24316,3147,0,0x22892000
24317,768,0,0x2292dd40
24318,594,0,0x229c9a80
24319,577,0,0x22a657c0
24320,749,0,0x22b01500
24321,1015,0,0x22b9d240
24322,1076,0,0x22c38f80
24323,44024,0,0x22cd4cc0
24324,50678,0,0x22d70a00
24325,1367,0,0x22e0c740
24326,1034,0,0x22ea8480
24327,1629,0,0x22f441c0
24328,1248,0,0x22fdff00
24329,1293,0,0x2307bc40
24330,1208,0,0x23117980
24331,993,0,0x231b36c0
24332,1462,0,0x2324f400
24333,1196,0,0x232eb140
24334,1186,0,0x23386e80
24335,1045,0,0x23422bc0
24336,1189,0,0x234be900
24337,1062,0,0x2355a640
24338,1159,0,0x235f6380
24339,1452,0,0x236920c0
24340,1212,0,0x2372de00
24341,1172,0,0x237c9b40
24342,1039,0,0x23865880
24343,1181,0,0x239015c0
24344,1212,0,0x2399d300
24345,1626,0,0x23a39040
24346,1219,0,0x23ad4d80
24347,1375,0,0x23b70ac0
24348,1149,0,0x23c0c800
24349,1213,0,0x23ca8540
24350,1157,0,0x23d44280
24351,1034,0,0x23ddffc0
24352,1184,0,0x23e7bd00
24353,1217,0,0x23f17a40
24354,1216,0,0x23fb3780
24355,957,0,0x2404f4c0
24356,1207,0,0x240eb200
24357,1155,0,0x24186f40
24358,1063,0,0x24222c80
24359,1199,0,0x242be9c0
24360,1641,0,0x2435a700
24361,1473,0,0x243f6440
24362,1204,0,0x24492180
24363,1246,0,0x2452dec0
24364,1028,0,0x245c9c00
24365,1218,0,0x24665940
24366,105786,0,0x2479d3c0
24367,736,0,0x24839100
24368,603,0,0x248d4e40
24369,792,0,0x24970b80
24370,542,0,0x24a0c8c0
24371,859,0,0x24aa8600
24372,537,0,0x24b44340
24373,719,0,0x24be0080
24374,524,0,0x24c7bdc0
24375,510,0,0x24d17b00
24376,748,0,0x24db3840
24377,560,0,0x24e4f580
24378,598,0,0x24eeb2c0
24379,547,0,0x24f87000
24380,928,0,0x25022d40
24381,840,0,0x250bea80
24382,592,0,0x2515a7c0
24383,608,0,0x251f6500
24384,616,0,0x25292240
24385,564,0,0x2532df80
24386,574,0,0x253c9cc0
24387,555,0,0x25465a00
24388,604,0,0x25501740
24389,1185,0,0x2559d480
24390,556,0,0x256391c0
24391,2837,0,0x256d4f00
24392,5810,0,0x25770c40
24393,1266,0,0x2580c980
24394,1191,0,0x258a86c0
24395,1413,0,0x25944400
24396,960,0,0x259e0140
24397,1166,0,0x25a7be80
24398,1210,0,0x25b17bc0
24399,986,0,0x25bb3900
24400,1209,0,0x25c4f640
24401,1208,0,0x25ceb380
24402,1161,0,0x25d870c0
24403,1521,0,0x25e22e00
24404,1627,0,0x25ebeb40
24405,1141,0,0x25f5a880
24406,1025,0,0x25ff65c0
24407,1217,0,0x26092300
24408,1152,0,0x2612e040
24409,1015,0,0x261c9d80
24410,1622,0,0x26265ac0
24411,1162,0,0x26301800
24412,1208,0,0x2639d540
24413,1144,0,0x26439280
24414,1020,0,0x264d4fc0
24415,55980,0,0x2660ca40
24416,1205,0,0x266a8780
24417,13025,0,0x267444c0
24418,755,0,0x267e0200
24419,62087,0,0x2687bf40
24420,70615,0,0x26917c80
24421,5584,0,0x269b39c0
24422,727,0,0x26a4f700
24423,553,0,0x26aeb440
24424,514,0,0x26b87180
24425,717,0,0x26c22ec0
24426,567,0,0x26cbec00
24427,770,0,0x26d5a940
24428,514,0,0x26df6680
24429,737,0,0x26e923c0
24430,524,0,0x26f2e100
24431,588,0,0x26fc9e40
24432,716,0,0x27065b80
24433,590,0,0x271018c0
24434,517,0,0x2719d600
24435,718,0,0x27239340
24436,762,0,0x272d5080
24437,1868,0,0x27370dc0
24438,539,0,0x2740cb00
24439,590,0,0x274a8840
24440,749,0,0x27544580
24441,61922,0,0x275e02c0
24442,1193,0,0x2767c000
24443,1027,0,0x27717d40
24444,1161,0,0x277b3a80
24445,1214,0,0x2784f7c0
24446,1213,0,0x278eb500
24447,995,0,0x27987240
24448,1205,0,0x27a22f80
24449,1164,0,0x27abecc0
24450,1008,0,0x27b5aa00
24451,1162,0,0x27bf6740
24452,1065,0,0x27c92480
24453,1413,0,0x27d2e1c0
24454,1625,0,0x27dc9f00
24455,996,0,0x27e65c40
24456,1214,0,0x27f01980
24457,986,0,0x27f9d6c0
24458,1222,0,0x28039400
24459,1149,0,0x280d5140
24460,1035,0,0x28170e80
24461,1213,0,0x2820cbc0
24462,1159,0,0x282a8900
24463,1018,0,0x28344640
24464,1157,0,0x283e0380
24465,1027,0,0x2847c0c0
24466,1169,0,0x28517e00
24467,1200,0,0x285b3b40
24468,1053,0,0x2864f880
24469,1392,0,0x286eb5c0
24470,1052,0,0x28787300
24471,1158,0,0x28823040
24472,1068,0,0x288bed80
24473,1422,0,0x2895aac0
24474,1166,0,0x289f6800
24475,1030,0,0x28a92540
24476,1167,0,0x28b2e280
24477,1299,0,0x28bc9fc0
24478,948,0,0x28c65d00
24479,1159,0,0x28d01a40
24480,1050,0,0x28d9d780
24481,1161,0,0x28e394c0
24482,1214,0,0x28ed5200
24483,1011,0,0x28f70f40
24484,1216,0,0x2900cc80
24485,1110,0,0x290a89c0
24486,790,0,0x29144700
24487,591,0,0x291e0440
24488,1604,0,0x2927c180
24489,1078,0,0x29317ec0
24490,949,0,0x293b3c00
24491,1217,0,0x2944f940
24492,1398,0,0x294eb680
24493,995,0,0x295873c0
24494,1213,0,0x29623100
24495,993,0,0x296bee40
24496,1228,0,0x2975ab80
24497,1164,0,0x297f68c0
24498,1036,0,0x29892600
24499,1216,0,0x2992e340
24500,986,0,0x299ca080
24501,1213,0,0x29a65dc0
24502,1160,0,0x29b01b00
24503,1036,0,0x29b9d840
24504,1154,0,0x29c39580
24505,566,0,0x29cd52c0
24506,2238,0,0x29d71000
24507,64314,0,0x29ea8a80
24508,44511,0,0x29f447c0
24509,472,0,0x29fe0500
24510,748,0,0x2a07c240
24511,566,0,0x2a117f80
24512,574,0,0x2a1b3cc0
24513,755,0,0x2a24fa00
24514,1433,0,0x2a2eb740
24515,994,0,0x2a387480
24516,646,0,0x2a4231c0
24517,742,0,0x2a4bef00
24518,548,0,0x2a55ac40
24519,795,0,0x2a5f6980
24520,542,0,0x2a6926c0
24521,591,0,0x2a72e400
24522,747,0,0x2a7ca140
24523,93849,0,0x2a865e80
24524,52031,0,0x2a901bc0
24525,675,0,0x2a99d900
24526,266,0,0x2aa39640
24527,40390,0,0x2ab710c0
24528,74290,0,0x2ac0ce00
24529,575,0,0x2aca8b40
24530,746,0,0x2ad44880
24531,661,0,0x2ade05c0
24532,18207,0,0x2af18040
24533,97164,0,0x2afb3d80
24534,456,0,0x2b04fac0
24535,269,0,0x2b0eb800
24536,114674,0,0x2b223280
24537,2813,0,0x2b2befc0
24538,293,0,0x2b35ad00
24539,111802,0,0x2b492780
24540,614,0,0x2b52e4c0
24541,762,0,0x2b5ca200
24542,1827,0,0x2b665f40
24543,749,0,0x2b701c80
24544,787,0,0x2b79d9c0
24545,6484,0,0x2b839700
24546,330,0,0x2b8d5440
24547,146903,0,0x2b971180
24548,2287,0,0x2ba0cec0
24549,837,0,0x2baa8c00
24550,2143,0,0x2bb44940
24551,640,0,0x2bbe0680
24552,151802,0,0x2bc7c3c0
24553,954,0,0x2bd18100
24554,704,0,0x2bdb3e40
24555,2238,0,0x2be4fb80
24556,653,0,0x2beeb8c0
24557,151126,0,0x2bf87600
24558,782,0,0x2c023340
24559,95486,0,0x2c15adc0
24560,18238,0,0x2c1f6b00
24561,678,0,0x2c292840
24562,776,0,0x2c32e580
24563,753,0,0x2c3ca2c0
24564,2959,0,0x2c466000
24565,1155,0,0x2c501d40
24566,1049,0,0x2c59da80
24567,725,0,0x2c6397c0
24568,518,0,0x2c6d5500
24569,840,0,0x2c771240
24570,525,0,0x2c80cf80
24571,742,0,0x2c8a8cc0
24572,571,0,0x2c944a00
24573,536,0,0x2c9e0740
24574,722,0,0x2ca7c480
24575,117738,0,0x2cb181c0
24576,22761,0,0x2cbb3f00
24577,2688,0,0x2cc4fc40
24578,554,0,0x2cceb980
24579,797,0,0x2cd876c0
24580,11560,0,0x2ce23400
24581,764,0,0x2cebf140
24582,922,0,0x2cf5ae80
24583,781,0,0x2cff6bc0
24584,524,0,0x2d092900
24585,716,0,0x2d12e640
24586,534,0,0x2d1ca380
24587,762,0,0x2d2660c0
24588,531,0,0x2d301e00
24589,735,0,0x2d39db40
24590,580,0,0x2d439880
24591,795,0,0x2d4d55c0
24592,1271,0,0x2d571300
24593,96720,0,0x2d60d040
24594,26822,0,0x2d6a8d80
24595,784,0,0x2d744ac0
24596,592,0,0x2d7e0800
24597,798,0,0x2d87c540
24598,548,0,0x2d918280
24599,597,0,0x2d9b3fc0
24600,816,0,0x2da4fd00
24601,581,0,0x2daeba40
24602,746,0,0x2db87780
24603,553,0,0x2dc234c0
24604,1239,0,0x2dcbf200
24605,764,0,0x2dd5af40
24606,592,0,0x2ddf6c80
24607,744,0,0x2de929c0
24608,556,0,0x2df2e700
24609,547,0,0x2dfca440
24610,564,0,0x2e066180
24611,575,0,0x2e101ec0
24612,499,0,0x2e19dc00
24613,1207,0,0x2e239940
24614,1009,0,0x2e2d5680
24615,639,0,0x2e3713c0
24616,757,0,0x2e40d100
24617,555,0,0x2e4a8e40
24618,646,0,0x2e544b80
24619,599,0,0x2e5e08c0
24620,594,0,0x2e67c600
24621,591,0,0x2e718340
24622,640,0,0x2e7b4080
24623,753,0,0x2e84fdc0
24624,2200,0,0x2e8ebb00
24625,739,0,0x2e987840
24626,841,0,0x2ea23580
24627,539,0,0x2eabf2c0
24628,596,0,0x2eb5b000
24629,613,0,0x2ebf6d40
24630,718,0,0x2ec92a80
24631,518,0,0x2ed2e7c0
24632,771,0,0x2edca500
24633,528,0,0x2ee66240
24634,794,0,0x2ef01f80
24635,519,0,0x2ef9dcc0
24636,588,0,0x2f039a00
24637,716,0,0x2f0d5740
24638,811,0,0x2f171480
24639,81630,0,0x2f20d1c0
24640,34836,0,0x2f2a8f00
24641,818,0,0x2f344c40
24642,731,0,0x2f3e0980
24643,599,0,0x2f47c6c0
24644,572,0,0x2f518400
24645,724,0,0x2f5b4140
24646,597,0,0x2f64fe80
24647,556,0,0x2f6ebbc0
24648,576,0,0x2f787900
24649,748,0,0x2f823640
24650,562,0,0x2f8bf380
24651,594,0,0x2f95b0c0
24652,739,0,0x2f9f6e00
24653,593,0,0x2fa92b40
24654,578,0,0x2fb2e880
24655,745,0,0x2fbca5c0
24656,558,0,0x2fc66300
24657,600,0,0x2fd02040
24658,567,0,0x2fd9dd80
24659,568,0,0x2fe39ac0
24660,793,0,0x2fed5800
24661,8364,0,0x2ff71540
24662,607,0,0x3000d280
24663,586,0,0x300a8fc0
24664,744,0,0x30144d00
24665,817,0,0x301e0a40
24666,738,0,0x3027c780
24667,7787,0,0x303184c0
24668,527,0,0x303b4200
24669,1395,0,0x3044ff40
24670,563,0,0x304ebc80
24671,584,0,0x305879c0
24672,713,0,0x30623700
24673,551,0,0x306bf440
24674,562,0,0x3075b180
24675,721,0,0x307f6ec0
24676,800,0,0x30892c00
24677,935,0,0x3092e940
24678,966,0,0x309ca680
24679,711,0,0x30a663c0
24680,711,0,0x30b02100
24681,990,0,0x30b9de40
24682,925,0,0x30c39b80
24683,766,0,0x30cd58c0
24684,524,0,0x30d71600
24685,711,0,0x30e0d340
24686,688,0,0x30ea9080
24687,724,0,0x30f44dc0
24688,530,0,0x30fe0b00
24689,771,0,0x3107c840
24690,1034,0,0x31118580
24691,568,0,0x311b42c0
24692,617,0,0x31250000
24693,711,0,0x312ebd40
24694,788,0,0x31387a80
24695,566,0,0x314237c0
24696,803,0,0x314bf500
24697,521,0,0x3155b240
24698,841,0,0x315f6f80
24699,523,0,0x31692cc0
24700,575,0,0x3172ea00
24701,765,0,0x317ca740
24702,43131,0,0x31866480
24703,702,0,0x319021c0
24704,56400,0,0x3199df00
24705,770,0,0x31a39c40
24706,562,0,0x31ad5980
24707,563,0,0x31b716c0
24708,1030,0,0x31c0d400
24709,585,0,0x31ca9140
24710,579,0,0x31d44e80
24711,880,0,0x31de0bc0
24712,767,0,0x31e7c900
24713,983,0,0x31f18640
24714,819,0,0x31fb4380
24715,527,0,0x320500c0
24716,520,0,0x320ebe00
24717,934,0,0x32187b40
24718,1688,0,0x32223880
24719,22536,0,0x3235b300
24720,91297,0,0x323f7040
24721,2084,0,0x32492d80
24722,258,0,0x3252eac0
24723,1256,0,0x325ca800
24724,958,0,0x32666540
24725,608,0,0x32702280
24726,590,0,0x3279dfc0
24727,752,0,0x32839d00
24728,32814,0,0x328d5a40
24729,708,0,0x32971780
24730,786,0,0x32a0d4c0
24731,588,0,0x32aa9200
24732,796,0,0x32b44f40
24733,536,0,0x32be0c80
24734,1011,0,0x32c7c9c0
24735,572,0,0x32d18700
24736,738,0,0x32db4440
24737,11634,0,0x32e50180
24738,540,0,0x32eebec0
24739,98551,0,0x32f87c00
24740,4413,0,0x33023940
24741,749,0,0x330bf680
24742,552,0,0x3315b3c0
24743,595,0,0x331f7100
24744,565,0,0x33292e40
24745,574,0,0x3332eb80
24746,576,0,0x333ca8c0
24747,607,0,0x33466600
24748,588,0,0x33502340
24749,753,0,0x3359e080
24750,597,0,0x33639dc0
24751,490,0,0x336d5b00
24752,756,0,0x33771840
24753,787,0,0x3380d580
24754,29134,0,0x338a92c0
24755,713,0,0x33945000
24756,534,0,0x339e0d40
24757,625,0,0x33a7ca80
24758,726,0,0x33b187c0
24759,793,0,0x33bb4500
24760,972,0,0x33c50240
24761,1933,0,0x33cebf80
24762,664,0,0x33d87cc0
24763,101849,0,0x33e23a00
24764,893,0,0x33ebf740
24765,15139,0,0x33f5b480
24766,599,0,0x33ff71c0
24767,595,0,0x34092f00
24768,609,0,0x3412ec40
24769,619,0,0x341ca980
24770,27456,0,0x342666c0
24771,63642,0,0x3439e140
24772,551,0,0x34439e80
24773,629,0,0x344d5bc0
24774,742,0,0x34571900
24775,589,0,0x3460d640
24776,562,0,0x346a9380
24777,722,0,0x347450c0
24778,592,0,0x347e0e00
24779,579,0,0x3487cb40
24780,1151,0,0x34918880
24781,10287,0,0x349b45c0
24782,802,0,0x34a50300
24783,974,0,0x34aec040
24784,812,0,0x34b87d80
24785,746,0,0x34c23ac0
24786,541,0,0x34cbf800
24787,636,0,0x34d5b540
24788,585,0,0x34df7280
24789,584,0,0x34e92fc0
24790,1094,0,0x34f2ed00
24791,2051,0,0x34fcaa40
24792,852,0,0x35066780
24793,20680,0,0x351024c0
24794,583,0,0x3519e200
24795,626,0,0x35239f40
24796,711,0,0x352d5c80
24797,578,0,0x353719c0
24798,767,0,0x3540d700
24799,515,0,0x354a9440
24800,718,0,0x35545180
24801,1002,0,0x355e0ec0
24802,513,0,0x3567cc00
24803,723,0,0x35718940
24804,585,0,0x357b4680
24805,577,0,0x358503c0
24806,722,0,0x358ec100
24807,764,0,0x35987e40
24808,523,0,0x35a23b80
24809,1126,0,0x35abf8c0
24810,571,0,0x35b5b600
24811,716,0,0x35bf7340
24812,524,0,0x35c93080
24813,639,0,0x35d2edc0
24814,713,0,0x35dcab00
24815,559,0,0x35e66840
24816,784,0,0x35f02580
24817,555,0,0x35f9e2c0
24818,718,0,0x3603a000
24819,519,0,0x360d5d40
24820,1003,0,0x36171a80
24821,1439,0,0x3620d7c0
24822,718,0,0x362a9500
24823,523,0,0x36345240
24824,843,0,0x363e0f80
24825,523,0,0x3647ccc0
24826,713,0,0x36518a00
24827,522,0,0x365b4740
24828,720,0,0x36650480
24829,1215,0,0x366ec1c0
24830,964,0,0x36787f00
24831,724,0,0x36823c40
24832,557,0,0x368bf980
24833,714,0,0x3695b6c0
24834,530,0,0x369f7400
24835,840,0,0x36a93140
24836,532,0,0x36b2ee80
24837,717,0,0x36bcabc0
24838,592,0,0x36c66900
24839,591,0,0x36d02640
24840,738,0,0x36d9e380
24841,521,0,0x36e3a0c0
24842,618,0,0x36ed5e00
24843,933,0,0x36f71b40
24844,521,0,0x3700d880
24845,805,0,0x370a95c0
24846,717,0,0x37145300
24847,527,0,0x371e1040
24848,836,0,0x3727cd80
24849,537,0,0x37318ac0
24850,717,0,0x373b4800
24851,800,0,0x37450540
24852,713,0,0x374ec280
24853,563,0,0x37587fc0
24854,786,0,0x37623d00
24855,510,0,0x376bfa40
24856,732,0,0x3775b780
24857,562,0,0x377f74c0
24858,713,0,0x37893200
24859,1029,0,0x3792ef40
24860,1130,0,0x379cac80
24861,660,0,0x37a669c0
24862,618,0,0x37b02700
24863,990,0,0x37b9e440
24864,991,0,0x37c3a180
24865,543,0,0x37cd5ec0
24866,715,0,0x37d71c00
24867,576,0,0x37e0d940
24868,929,0,0x37ea9680
24869,718,0,0x37f453c0
24870,587,0,0x37fe1100
24871,797,0,0x3807ce40
24872,852,0,0x38118b80
24873,553,0,0x381b48c0
24874,717,0,0x38250600
24875,715,0,0x382ec340
24876,559,0,0x38388080
24877,912,0,0x38423dc0
24878,521,0,0x384bfb00
24879,761,0,0x3855b840
24880,533,0,0x385f7580
24881,727,0,0x386932c0
24882,589,0,0x3872f000
24883,785,0,0x387cad40
24884,779,0,0x38866a80
24885,842,0,0x389027c0
24886,525,0,0x3899e500
24887,712,0,0x38a3a240
24888,769,0,0x38ad5f80
24889,537,0,0x38b71cc0
24890,715,0,0x38c0da00
24891,523,0,0x38ca9740
24892,722,0,0x38d45480
24893,528,0,0x38de11c0
24894,771,0,0x38e7cf00
24895,533,0,0x38f18c40
24896,738,0,0x38fb4980
24897,523,0,0x390506c0
24898,840,0,0x390ec400
24899,524,0,0x39188140
24900,731,0,0x39223e80
24901,584,0,0x392bfbc0
24902,804,0,0x3935b900
24903,522,0,0x393f7640
24904,844,0,0x39493380
24905,7959,0,0x3952f0c0
24906,1258,0,0x395cae00
24907,1225,0,0x39666b40
24908,970,0,0x39702880
24909,1055,0,0x3979e5c0
24910,1166,0,0x3983a300
24911,1000,0,0x398d6040
24912,1375,0,0x39971d80
24913,1010,0,0x39a0dac0
24914,1002,0,0x39aa9800
24915,864,0,0x39b45540
24916,1151,0,0x39be1280
24917,812,0,0x39c7cfc0
24918,1781,0,0x39d18d00
24919,1026,0,0x39db4a40
24920,954,0,0x39e50780
24921,591,0,0x39eec4c0
24922,542,0,0x39f88200
24923,755,0,0x3a023f40
24924,543,0,0x3a0bfc80
24925,586,0,0x3a15b9c0
24926,1028,0,0x3a1f7700
24927,1016,0,0x3a293440
24928,1204,0,0x3a32f180
24929,1034,0,0x3a3caec0
24930,1582,0,0x3a466c00
24931,993,0,0x3a502940
24932,1618,0,0x3a59e680
24933,989,0,0x3a63a3c0
24934,1216,0,0x3a6d6100
24935,1419,0,0x3a771e40
24936,1638,0,0x3a80db80
24937,1250,0,0x3a8a98c0
24938,1015,0,0x3a945600
24939,1641,0,0x3a9e1340
24940,1574,0,0x3aa7d080
24941,637,0,0x3ab18dc0
24942,752,0,0x3abb4b00
24943,547,0,0x3ac50840
24944,538,0,0x3acec580
24945,594,0,0x3ad882c0
24946,92154,0,0x3ae24000
24947,784,0,0x3aebfd40
24948,523,0,0x3af5ba80
24949,566,0,0x3aff77c0
24950,975,0,0x3b093500
24951,935,0,0x3b12f240
24952,962,0,0x3b1caf80
24953,729,0,0x3b266cc0
24954,10499,0,0x3b302a00
24955,11242,0,0x3b39e740
24956,1203,0,0x3b43a480
24957,1209,0,0x3b4d61c0
24958,928,0,0x3b571f00
24959,1013,0,0x3b60dc40
24960,1159,0,0x3b6a9980
24961,1408,0,0x3b7456c0
24962,946,0,0x3b7e1400
24963,1070,0,0x3b87d140
24964,1208,0,0x3b918e80
24965,956,0,0x3b9b4bc0
24966,985,0,0x3ba50900
24967,995,0,0x3baec640
24968,1073,0,0x3bb88380
24969,1356,0,0x3bc240c0
24970,1019,0,0x3bcbfe00
24971,950,0,0x3bd5bb40
24972,1009,0,0x3bdf7880
24973,957,0,0x3be935c0
24974,1008,0,0x3bf2f300
24975,770,0,0x3bfcb040
24976,1021,0,0x3c066d80
24977,1848,0,0x3c102ac0
24978,987,0,0x3c19e800
24979,1193,0,0x3c23a540
24980,1002,0,0x3c2d6280
24981,2307,0,0x3c371fc0
24982,1497,0,0x3c40dd00
24983,40057,0,0x3c545780
24984,26507,0,0x3c5e14c0
24985,17917,0,0x3c718f40
24986,743,0,0x3c7b4c80
24987,590,0,0x3c8509c0
24988,1733,0,0x3c8ec700
24989,2190,0,0x3c988440
24990,47109,0,0x3cabfec0
24991,814,0,0x3cb5bc00
24992,63614,0,0x3cbf7940
24993,618,0,0x3cc93680
24994,732,0,0x3cd2f3c0
24995,743,0,0x3cdcb100
24996,582,0,0x3ce66e40
24997,722,0,0x3cf02b80
24998,571,0,0x3cf9e8c0
24999,752,0,0x3d03a600
25000,577,0,0x3d0d6340
25001,1161,0,0x3d172080
25002,36896,0,0x3d2a9b00
25003,826,0,0x3d345840
25004,554,0,0x3d3e1580
25005,730,0,0x3d47d2c0
25006,487,0,0x3d519000
25007,614,0,0x3d5b4d40
25008,958,0,0x3d650a80
25009,554,0,0x3d6ec7c0
25010,770,0,0x3d788500
25011,530,0,0x3d824240
25012,737,0,0x3d8bff80
25013,570,0,0x3d95bcc0
25014,549,0,0x3d9f7a00
25015,731,0,0x3da93740
25016,598,0,0x3db2f480
25017,723,0,0x3dbcb1c0
25018,55823,0,0x3dc66f00
25019,3546,0,0x3dd02c40
25020,578,0,0x3dd9e980
25021,563,0,0x3de3a6c0
25022,594,0,0x3ded6400
25023,732,0,0x3df72140
25024,757,0,0x3e00de80
25025,49498,0,0x3e145900
25026,756,0,0x3e1e1640
25027,863,0,0x3e27d380
25028,555,0,0x3e3190c0
25029,582,0,0x3e3b4e00
25030,784,0,0x3e450b40
25031,532,0,0x3e4ec880
25032,555,0,0x3e5885c0
25033,603,0,0x3e624300
25034,655,0,0x3e6c0040
25035,754,0,0x3e75bd80
25036,27722,0,0x3e7f7ac0
25037,28616,0,0x3e893800
25038,786,0,0x3e92f540
25039,940,0,0x3e9cb280
25040,2601,0,0x3ea66fc0
25041,938,0,0x3eb02d00
25042,798,0,0x3eb9ea40
25043,952,0,0x3ec3a780
25044,609,0,0x3ecd64c0
25045,90496,0,0x3ed72200
25046,598,0,0x3ee0df40
25047,1006,0,0x3eea9c80
25048,1462,0,0x3ef459c0
25049,744,0,0x3efe1700
25050,19116,0,0x3f07d440
25051,35955,0,0x3f119180
25052,845,0,0x3f1b4ec0
25053,616,0,0x3f250c00
25054,567,0,0x3f2ec940
25055,564,0,0x3f388680
25056,562,0,0x3f4243c0
25057,631,0,0x3f4c0100
25058,1563,0,0x3f55be40
25059,618,0,0x3f5f7b80
25060,1698,0,0x3f6938c0
25061,1852,0,0x3f72f600
25062,688,0,0x3f7cb340
25063,2522,0,0x3f867080
25064,656,0,0x3f902dc0
25065,591,0,0x3f99eb00
25066,739,0,0x3fa3a840
25067,591,0,0x3fad6580
25068,625,0,0x3fb722c0
25069,747,0,0x3fc0e000
25070,775,0,0x3fca9d40
25071,1075,0,0x3fd45a80
25072,587,0,0x3fde17c0
25073,803,0,0x3fe7d500
25074,39856,0,0x3ff19240
25075,1034,0,0x3ffb4f80
25076,1260,0,0x50d00
25077,1000,0,0xeca40
25078,975,0,0x188780
25079,1498,0,0x2244c0
25080,996,0,0x2c0200
25081,1132,0,0x35bf40
25082,547,0,0x3f7c80
25083,606,0,0x4939c0
25084,549,0,0x52f700
25085,555,0,0x5cb440
25086,580,0,0x667180
25087,1204,0,0x702ec0
25088,992,0,0x79ec00
25089,555,0,0x83a940
25090,606,0,0x8d6680
25091,829,0,0x9723c0
25092,565,0,0xa0e100
25093,753,0,0xaa9e40
25094,528,0,0xb45b80
25095,1208,0,0xbe18c0
25096,556,0,0xc7d600
25097,548,0,0xd19340
25098,611,0,0xdb5080
25099,1623,0,0xe50dc0
25100,540,0,0xeecb00
25101,583,0,0xf88840
25102,742,0,0x1024580
25103,587,0,0x10c02c0
25104,563,0,0x115c000
25105,560,0,0x11f7d40
25106,590,0,0x1293a80
25107,1036,0,0x132f7c0
25108,558,0,0x13cb500
25109,553,0,0x1467240
25110,604,0,0x1502f80
25111,475,0,0x159ecc0
25112,744,0,0x163aa00
25113,650,0,0x16d6740
25114,743,0,0x1772480
25115,558,0,0x180e1c0
25116,580,0,0x18a9f00
25117,590,0,0x1945c40
25118,570,0,0x19e1980
25119,673,0,0x1a7d6c0
25120,2707,0,0x1b19400
25121,1164,0,0x1bb5140
25122,54408,0,0x1c50e80
25123,651,0,0x1cecbc0
25124,6461,0,0x1d88900
25125,798,0,0x1e24640
25126,577,0,0x1ec0380
25127,571,0,0x1f5c0c0
25128,558,0,0x1ff7e00
25129,828,0,0x2093b40
25130,81299,0,0x212f880
25131,910,0,0x21cb5c0
25132,1038,0,0x2267300
25133,57046,0,0x2303040
25134,789,0,0x239ed80
25135,744,0,0x243aac0
25136,546,0,0x24d6800
25137,581,0,0x2572540
25138,756,0,0x260e280
25139,544,0,0x26a9fc0
25140,1005,0,0x2745d00
25141,592,0,0x27e1a40
25142,754,0,0x287d780
25143,586,0,0x29194c0
25144,953,0,0x29b5200
25145,552,0,0x2a50f40
25146,796,0,0x2aecc80
25147,1618,0,0x2b889c0
25148,569,0,0x2c24700
25149,747,0,0x2cc0440
25150,593,0,0x2d5c180
25151,567,0,0x2df7ec0
25152,747,0,0x2e93c00
25153,552,0,0x2f2f940
25154,594,0,0x2fcb680
25155,1188,0,0x30673c0
25156,591,0,0x3103100
25157,783,0,0x319ee40
25158,593,0,0x323ab80
25159,790,0,0x32d68c0
25160,546,0,0x3372600
25161,585,0,0x340e340
25162,600,0,0x34aa080
25163,628,0,0x3545dc0
25164,750,0,0x35e1b00
25165,552,0,0x367d840
25166,590,0,0x3719580
25167,642,0,0x37b52c0
25168,745,0,0x3851000
25169,551,0,0x38ecd40
25170,878,0,0x3988a80
25171,553,0,0x3a247c0
25172,754,0,0x3ac0500
25173,54371,0,0x3b5c240
25174,6853,0,0x3bf7f80
25175,815,0,0x3c93cc0
25176,642,0,0x3d2fa00
25177,597,0,0x3dcb740
25178,760,0,0x3e67480
25179,67621,0,0x3f031c0
25180,586,0,0x3f9ef00
25181,533,0,0x403ac40
25182,576,0,0x40d6980
25183,746,0,0x41726c0
25184,1005,0,0x420e400
25185,562,0,0x42aa140
25186,761,0,0x4345e80
25187,16878,0,0x43e1bc0
25188,607,0,0x447d900
25189,641,0,0x4519640
25190,580,0,0x45b5380
25191,729,0,0x46510c0
25192,46346,0,0x46ece00
25193,604,0,0x4788b40
25194,13698,0,0x4824880
25195,75429,0,0x48c05c0
25196,562,0,0x495c300
25197,642,0,0x49f8040
25198,576,0,0x4a93d80
25199,748,0,0x4b2fac0
25200,555,0,0x4bcb800
25201,583,0,0x4c67540
25202,577,0,0x4d03280
25203,750,0,0x4d9efc0
25204,12548,0,0x4e3ad00
25205,751,0,0x4ed6a40
25206,579,0,0x4f72780
25207,801,0,0x500e4c0
25208,970,0,0x50aa200
25209,1623,0,0x5145f40
25210,978,0,0x51e1c80
25211,583,0,0x527d9c0
25212,729,0,0x5319700
25213,551,0,0x53b5440
25214,606,0,0x5451180
25215,737,0,0x54ecec0
25216,988,0,0x5588c00
25217,591,0,0x5624940
25218,745,0,0x56c0680
25219,27763,0,0x575c3c0
25220,597,0,0x57f8100
25221,16551,0,0x5893e40
25222,758,0,0x592fb80
25223,593,0,0x59cb8c0
25224,571,0,0x5a67600
25225,762,0,0x5b03340
25226,589,0,0x5b9f080
25227,569,0,0x5c3adc0
25228,594,0,0x5cd6b00
25229,597,0,0x5d72840
25230,777,0,0x5e0e580
25231,532,0,0x5eaa2c0
25232,591,0,0x5f46000
25233,779,0,0x5fe1d40
25234,594,0,0x607da80
25235,727,0,0x61197c0
25236,553,0,0x61b5500
25237,608,0,0x6251240
25238,600,0,0x62ecf80
25239,742,0,0x6388cc0
25240,583,0,0x6424a00
25241,970,0,0x64c0740
25242,573,0,0x655c480
25243,780,0,0x65f81c0
25244,578,0,0x6693f00
25245,947,0,0x672fc40
25246,60138,0,0x67cb980
25247,578,0,0x68676c0
25248,757,0,0x6903400
25249,579,0,0x699f140
25250,531,0,0x6a3ae80
25251,755,0,0x6ad6bc0
25252,23265,0,0x6b72900
25253,753,0,0x6c0e640
25254,596,0,0x6caa380
25255,591,0,0x6d460c0
25256,726,0,0x6de1e00
25257,20136,0,0x6e7db40
25258,408,0,0x6f19880
25259,43739,0,0x6fb55c0
25260,64304,0,0x7051300
25261,576,0,0x70ed040
25262,760,0,0x7188d80
25263,25000,0,0x7224ac0
25264,754,0,0x72c0800
25265,571,0,0x735c540
25266,994,0,0x73f8280
25267,742,0,0x7493fc0
25268,596,0,0x752fd00
25269,537,0,0x75cba40
25270,745,0,0x7667780
25271,550,0,0x77034c0
25272,607,0,0x779f200
25273,561,0,0x783af40
25274,593,0,0x78d6c80
25275,584,0,0x79729c0
25276,618,0,0x7a0e700
25277,1159,0,0x7aaa440
25278,972,0,0x7b46180
25279,1970,0,0x7be1ec0
25280,606,0,0x7c7dc00
25281,46947,0,0x7d19940
25282,561,0,0x7db5680
25283,608,0,0x7e513c0
25284,770,0,0x7eed100
25285,961,0,0x7f88e40
25286,618,0,0x8024b80
25287,592,0,0x80c08c0
25288,746,0,0x815c600
25289,602,0,0x81f8340
25290,524,0,0x8294080
25291,735,0,0x832fdc0
25292,558,0,0x83cbb00
25293,539,0,0x8467840
25294,760,0,0x8503580
25295,531,0,0x859f2c0
25296,590,0,0x863b000
25297,633,0,0x86d6d40
25298,755,0,0x8772a80
25299,562,0,0x880e7c0
25300,1008,0,0x88aa500
25301,729,0,0x8946240
25302,568,0,0x89e1f80
25303,612,0,0x8a7dcc0
25304,808,0,0x8b19a00
25305,543,0,0x8bb5740
25306,522,0,0x8c51480
25307,600,0,0x8ced1c0
25308,38073,0,0x8d88f00
25309,990,0,0x8e24c40
25310,38632,0,0x8ec0980
25311,31545,0,0x8ff8400
25312,639,0,0x9094140
25313,568,0,0x912fe80
25314,590,0,0x91cbbc0
25315,724,0,0x9267900
25316,801,0,0x9303640
25317,43481,0,0x939f380
25318,877,0,0x943b0c0
25319,576,0,0x94d6e00
25320,760,0,0x9572b40
25321,581,0,0x960e880
25322,570,0,0x96aa5c0
25323,592,0,0x9746300
25324,807,0,0x97e2040
25325,544,0,0x987dd80
25326,589,0,0x9919ac0
25327,754,0,0x99b5800
25328,612,0,0x9a51540
25329,749,0,0x9aed280
25330,2799,0,0x9b88fc0
25331,18689,0,0x9c24d00
25332,546,0,0x9cc0a40
25333,941,0,0x9d5c780
25334,583,0,0x9df84c0
25335,612,0,0x9e94200
25336,575,0,0x9f2ff40
25337,749,0,0x9fcbc80
25338,556,0,0xa0679c0
25339,1027,0,0xa103700
25340,71412,0,0xa19f440
25341,746,0,0xa23b180
25342,537,0,0xa2d6ec0
25343,593,0,0xa372c00
25344,1209,0,0xa40e940
25345,1019,0,0xa4aa680
25346,591,0,0xa5463c0
25347,799,0,0xa5e2100
25348,529,0,0xa67de40
25349,591,0,0xa719b80
25350,751,0,0xa7b58c0
25351,1004,0,0xa851600
25352,565,0,0xa8ed340
25353,605,0,0xa989080
25354,809,0,0xaa24dc0
25355,553,0,0xaac0b00
25356,755,0,0xab5c840
25357,586,0,0xabf8580
25358,558,0,0xac942c0
25359,762,0,0xad30000
25360,602,0,0xadcbd40
25361,960,0,0xae67a80
25362,539,0,0xaf037c0
25363,521,0,0xaf9f500
25364,597,0,0xb03b240
25365,599,0,0xb0d6f80
25366,600,0,0xb172cc0
25367,637,0,0xb20ea00
25368,754,0,0xb2aa740
25369,554,0,0xb346480
25370,863,0,0xb3e21c0
25371,540,0,0xb47df00
25372,608,0,0xb519c40
25373,756,0,0xb5b5980
25374,22170,0,0xb6516c0
25375,30408,0,0xb6ed400
25376,617,0,0xb789140
25377,800,0,0xb824e80
25378,102691,0,0xb8c0bc0
25379,803,0,0xb95c900
25380,750,0,0xb9f8640
25381,733,0,0xba94380
25382,14667,0,0xbb300c0
25383,3245,0,0xbbcbe00
25384,583,0,0xbc67b40
25385,753,0,0xbd03880
25386,567,0,0xbd9f5c0
25387,605,0,0xbe3b300
25388,580,0,0xbed7040
25389,752,0,0xbf72d80
25390,596,0,0xc00eac0
25391,737,0,0xc0aa800
25392,963,0,0xc146540
25393,991,0,0xc1e2280
25394,571,0,0xc27dfc0
25395,788,0,0xc319d00
25396,20444,0,0xc3b5a40
25397,546,0,0xc451780
25398,573,0,0xc4ed4c0
25399,742,0,0xc589200
25400,578,0,0xc624f40
25401,546,0,0xc6c0c80
25402,554,0,0xc75c9c0
25403,584,0,0xc7f8700
25404,647,0,0xc894440
25405,592,0,0xc930180
25406,726,0,0xc9cbec0
25407,577,0,0xca67c00
25408,755,0,0xcb03940
25409,545,0,0xcb9f680
25410,590,0,0xcc3b3c0
25411,627,0,0xccd7100
25412,582,0,0xcd72e40
25413,750,0,0xce0eb80
25414,90571,0,0xceaa8c0
25415,787,0,0xcf46600
25416,760,0,0xcfe2340
25417,588,0,0xd07e080
25418,969,0,0xd119dc0
25419,577,0,0xd1b5b00
25420,626,0,0xd251840
25421,744,0,0xd2ed580
25422,597,0,0xd3892c0
25423,2711,0,0xd425000
25424,720,0,0xd4c0d40
25425,18030,0,0xd55ca80
25426,580,0,0xd5f87c0
25427,573,0,0xd694500
25428,747,0,0xd730240
25429,590,0,0xd7cbf80
25430,556,0,0xd867cc0
25431,1293,0,0xd903a00
25432,750,0,0xd99f740
25433,590,0,0xda3b480
25434,593,0,0xdad71c0
25435,613,0,0xdb72f00
25436,578,0,0xdc0ec40
25437,606,0,0xdcaa980
25438,570,0,0xdd466c0
25439,802,0,0xdde2400
25440,574,0,0xde7e140
25441,603,0,0xdf19e80
25442,543,0,0xdfb5bc0
25443,760,0,0xe051900
25444,18773,0,0xe0ed640
25445,756,0,0xe189380
25446,537,0,0xe2250c0
25447,578,0,0xe2c0e00
25448,759,0,0xe35cb40
25449,550,0,0xe3f8880
25450,605,0,0xe4945c0
25451,591,0,0xe530300
25452,757,0,0xe5cc040
25453,91418,0,0xe667d80
25454,22053,0,0xe79f800
25455,1216,0,0xe83b540
25456,565,0,0xe8d7280
25457,759,0,0xe972fc0
25458,795,0,0xea0ed00
25459,68279,0,0xeaaaa40
25460,18982,0,0xeb46780
25461,535,0,0xebe24c0
25462,786,0,0xec7e200
25463,771,0,0xed19f40
25464,546,0,0xedb5c80
25465,591,0,0xee519c0
25466,643,0,0xeeed700
25467,591,0,0xef89440
25468,742,0,0xf025180
25469,537,0,0xf0c0ec0
25470,625,0,0xf15cc00
25471,956,0,0xf1f8940
25472,1197,0,0xf294680
25473,803,0,0xf3303c0
25474,1214,0,0xf3cc100
25475,622,0,0xf467e40
25476,751,0,0xf503b80
25477,25213,0,0xf59f8c0
25478,794,0,0xf63b600
25479,592,0,0xf6d7340
25480,751,0,0xf773080
25481,570,0,0xf80edc0
25482,603,0,0xf8aab00
25483,567,0,0xf946840
25484,752,0,0xf9e2580
25485,598,0,0xfa7e2c0
25486,560,0,0xfb1a000
25487,747,0,0xfbb5d40
25488,994,0,0xfc51a80
25489,755,0,0xfced7c0
25490,15272,0,0xfd89500
25491,729,0,0xfe25240
25492,60102,0,0xfec0f80
25493,683,0,0xff5ccc0
25494,38414,0,0xfff8a00
25495,563,0,0x10094740
25496,590,0,0x10130480
25497,768,0,0x101cc1c0
25498,34537,0,0x10267f00
25499,561,0,0x10303c40
25500,792,0,0x1039f980
25501,13784,0,0x1043b6c0
25502,811,0,0x104d7400
25503,595,0,0x10573140
25504,795,0,0x1060ee80
25505,57583,0,0x106aabc0
25506,624,0,0x10746900
25507,44958,0,0x107e2640
25508,36056,0,0x1087e380
25509,631,0,0x1091a0c0
25510,584,0,0x109b5e00
25511,745,0,0x10a51b40
25512,559,0,0x10aed880
25513,613,0,0x10b895c0
25514,596,0,0x10c25300
25515,750,0,0x10cc1040
25516,600,0,0x10d5cd80
25517,580,0,0x10df8ac0
25518,597,0,0x10e94800
25519,749,0,0x10f30540
25520,6731,0,0x10fcc280
25521,539,0,0x11067fc0
25522,736,0,0x11103d00
25523,547,0,0x1119fa40
25524,595,0,0x1123b780
25525,822,0,0x112d74c0
25526,566,0,0x11373200
25527,574,0,0x1140ef40
25528,595,0,0x114aac80
25529,565,0,0x115469c0
25530,589,0,0x115e2700
25531,743,0,0x1167e440
25532,43618,0,0x1171a180
25533,620,0,0x117b5ec0
25534,48092,0,0x11851c00
25535,530,0,0x118ed940
25536,770,0,0x11989680
25537,1210,0,0x11a253c0
25538,593,0,0x11ac1100
25539,803,0,0x11b5ce40
25540,41876,0,0x11bf8b80
25541,1026,0,0x11c948c0
25542,564,0,0x11d30600
25543,827,0,0x11dcc340
25544,604,0,0x11e68080
25545,567,0,0x11f03dc0
25546,593,0,0x11f9fb00
25547,753,0,0x1203b840
25548,9509,0,0x120d7580
25549,958,0,0x121732c0
25550,583,0,0x1220f000
25551,554,0,0x122aad40
25552,556,0,0x12346a80
25553,585,0,0x123e27c0
25554,612,0,0x1247e500
25555,1164,0,0x1251a240
25556,32906,0,0x125b5f80
25557,57609,0,0x12651cc0
25558,627,0,0x126eda00
25559,759,0,0x12789740
25560,991,0,0x12825480
25561,532,0,0x128c11c0
25562,744,0,0x1295cf00
25563,602,0,0x129f8c40
25564,647,0,0x12a94980
25565,751,0,0x12b306c0
25566,35252,0,0x12bcc400
25567,2015,0,0x12c68140
25568,75031,0,0x12d9fbc0
25569,606,0,0x12e3b900
25570,736,0,0x12ed7640
25571,563,0,0x12f73380
25572,554,0,0x1300f0c0
25573,585,0,0x130aae00
25574,777,0,0x13146b40
25575,545,0,0x131e2880
25576,553,0,0x1327e5c0
25577,579,0,0x1331a300
25578,647,0,0x133b6040
25579,729,0,0x13451d80
25580,584,0,0x134edac0
25581,591,0,0x13589800
25582,862,0,0x13625540
25583,23223,0,0x136c1280
25584,815,0,0x1375cfc0
25585,1026,0,0x137f8d00
25586,1206,0,0x13894a40
25587,606,0,0x13930780
25588,2472,0,0x139cc4c0
25589,1190,0,0x13a68200
25590,594,0,0x13b03f40
25591,526,0,0x13b9fc80
25592,749,0,0x13c3b9c0
25593,551,0,0x13cd7700
25594,592,0,0x13d73440
25595,871,0,0x13e0f180
25596,16273,0,0x13eaaec0
25597,338,0,0x13f46c00
25598,101370,0,0x13fe2940
25599,765,0,0x1407e680
25600,540,0,0x1411a3c0
25601,522,0,0x141b6100
25602,727,0,0x14251e40
25603,593,0,0x142edb80
25604,789,0,0x143898c0
25605,533,0,0x14425600
25606,725,0,0x144c1340
25607,539,0,0x1455d080
25608,613,0,0x145f8dc0
25609,1827,0,0x14694b00
25610,543,0,0x14730840
25611,827,0,0x147cc580
25612,846,0,0x148682c0
25613,742,0,0x14904000
25614,581,0,0x1499fd40
25615,634,0,0x14a3ba80
25616,742,0,0x14ad77c0
25617,556,0,0x14b73500
25618,861,0,0x14c0f240
25619,555,0,0x14caaf80
25620,836,0,0x14d46cc0
25621,559,0,0x14de2a00
25622,585,0,0x14e7e740
25623,601,0,0x14f1a480
25624,576,0,0x14fb61c0
25625,791,0,0x15051f00
25626,560,0,0x150edc40
25627,627,0,0x15189980
25628,744,0,0x152256c0
25629,8686,0,0x152c1400
25630,795,0,0x1535d140
25631,535,0,0x153f8e80
25632,572,0,0x15494bc0
25633,800,0,0x15530900
25634,8711,0,0x155cc640
25635,609,0,0x15668380
25636,135036,0,0x157040c0
25637,919,0,0x1579fe00
25638,636,0,0x1583bb40
25639,1607,0,0x158d7880
25640,106494,0,0x15a0f300
25641,4970,0,0x15aab040
25642,306,0,0x15b46d80
25643,90162,0,0x15c7e800
25644,24267,0,0x15d1a540
25645,11423,0,0x15db6280
25646,810,0,0x15e51fc0
25647,589,0,0x15eedd00
25648,745,0,0x15f89a40
25649,113761,0,0x16025780
25650,28241,0,0x160c14c0
25651,451,0,0x1615d200
25652,1875,0,0x161f8f40
25653,929,0,0x16294c80
25654,584,0,0x163309c0
25655,639,0,0x163cc700
25656,742,0,0x16468440
25657,7596,0,0x16504180
25658,629,0,0x1659fec0
25659,749,0,0x1663bc00
25660,107523,0,0x166d7940
25661,35665,0,0x16773680
25662,840,0,0x1680f3c0
25663,772,0,0x168ab100
25664,522,0,0x16946e40
25665,562,0,0x169e2b80
25666,1697,0,0x16a7e8c0
25667,2893,0,0x16b1a600
25668,604,0,0x16bb6340
25669,607,0,0x16c52080
25670,591,0,0x16ceddc0
25671,749,0,0x16d89b00
25672,1224,0,0x16e25840
25673,563,0,0x16ec1580
25674,587,0,0x16f5d2c0
25675,720,0,0x16ff9000
25676,832,0,0x17094d40
25677,94169,0,0x17130a80
25678,588,0,0x171cc7c0
25679,44916,0,0x17268500
25680,1894,0,0x17304240
25681,750,0,0x1739ff80
25682,518,0,0x1743bcc0
25683,590,0,0x174d7a00
25684,761,0,0x17573740
25685,10517,0,0x1760f480
25686,800,0,0x176ab1c0
25687,549,0,0x17746f00
25688,964,0,0x177e2c40
25689,636,0,0x1787e980
25690,746,0,0x1791a6c0
25691,549,0,0x179b6400
25692,533,0,0x17a52140
25693,575,0,0x17aede80
25694,746,0,0x17b89bc0
25695,542,0,0x17c25900
25696,1227,0,0x17cc1640
25697,80125,0,0x17d5d380
25698,50909,0,0x17df90c0
25699,640,0,0x17e94e00
25700,1125,0,0x17f30b40
25701,941,0,0x17fcc880
25702,36267,0,0x18104300
25703,73499,0,0x181a0040
25704,1408,0,0x1823bd80
25705,1063,0,0x182d7ac0
25706,275,0,0x18373800
25707,1138,0,0x1840f540
25708,14983,0,0x18546fc0
25709,96726,0,0x185e2d00
25710,112003,0,0x1871a780
25711,600,0,0x187b64c0
25712,1314,0,0x18852200
25713,377,0,0x188edf40
25714,1702,0,0x18989c80
25715,763,0,0x18a259c0
25716,113678,0,0x18b5d440
25717,604,0,0x18bf9180
25718,747,0,0x18c94ec0
25719,568,0,0x18d30c00
25720,563,0,0x18dcc940
25721,749,0,0x18e68680
25722,2818,0,0x18f043c0
25723,10251,0,0x18fa0100
25724,759,0,0x1903be40
25725,748,0,0x190d7b80
25726,136225,0,0x191738c0
25727,728,0,0x1920f600
25728,711,0,0x192ab340
25729,2587,0,0x19347080
25730,671,0,0x193e2dc0
25731,93311,0,0x1951a840
25732,14467,0,0x195b6580
25733,774,0,0x196522c0
25734,1830,0,0x196ee000
25735,806,0,0x19789d40
25736,16468,0,0x19825a80
25737,794,0,0x198c17c0
25738,571,0,0x1995d500
25739,747,0,0x199f9240
25740,572,0,0x19a94f80
25741,640,0,0x19b30cc0
25742,748,0,0x19bcca00
25743,560,0,0x19c68740
25744,620,0,0x19d04480
25745,581,0,0x19da01c0
25746,749,0,0x19e3bf00
25747,108285,0,0x19ed7c40
25748,19291,0,0x19f73980
25749,2445,0,0x1a00f6c0
25750,796,0,0x1a0ab400
25751,555,0,0x1a147140
25752,752,0,0x1a1e2e80
25753,590,0,0x1a27ebc0
25754,590,0,0x1a31a900
25755,735,0,0x1a3b6640
25756,551,0,0x1a452380
25757,596,0,0x1a4ee0c0
25758,585,0,0x1a589e00
25759,732,0,0x1a625b40
25760,588,0,0x1a6c1880
25761,728,0,0x1a75d5c0
25762,547,0,0x1a7f9300
25763,590,0,0x1a895040
25764,621,0,0x1a930d80
25765,750,0,0x1a9ccac0
25766,563,0,0x1aa68800
25767,771,0,0x1ab04540
25768,549,0,0x1aba0280
25769,573,0,0x1ac3bfc0
25770,777,0,0x1acd7d00
25771,7196,0,0x1ad73a40
25772,759,0,0x1ae0f780
25773,566,0,0x1aeab4c0
25774,877,0,0x1af47200
25775,556,0,0x1afe2f40
25776,821,0,0x1b07ec80
25777,583,0,0x1b11a9c0
25778,564,0,0x1b1b6700
25779,592,0,0x1b252440
25780,1010,0,0x1b2ee180
25781,980,0,0x1b389ec0
25782,542,0,0x1b425c00
25783,541,0,0x1b4c1940
25784,598,0,0x1b55d680
25785,749,0,0x1b5f93c0
25786,551,0,0x1b695100
25787,603,0,0x1b730e40
25788,576,0,0x1b7ccb80
25789,747,0,0x1b8688c0
25790,86243,0,0x1b904600
25791,659,0,0x1b9a0340
25792,22879,0,0x1ba3c080
25793,22085,0,0x1bad7dc0
25794,27846,0,0x1bb73b00
25795,1182,0,0x1bc0f840
25796,1038,0,0x1bcab580
25797,1208,0,0x1bd472c0
25798,1170,0,0x1bde3000
25799,1033,0,0x1be7ed40
25800,968,0,0x1bf1aa80
25801,1024,0,0x1bfb67c0
25802,1002,0,0x1c052500
25803,1219,0,0x1c0ee240
25804,952,0,0x1c189f80
25805,1014,0,0x1c225cc0
25806,950,0,0x1c2c1a00
25807,1016,0,0x1c35d740
25808,953,0,0x1c3f9480
25809,1030,0,0x1c4951c0
25810,1155,0,0x1c530f00
25811,1013,0,0x1c5ccc40
25812,978,0,0x1c668980
25813,53362,0,0x1c7a0400
25814,1368,0,0x1c83c140
25815,1074,0,0x1c8d7e80
25816,1600,0,0x1c973bc0
25817,1747,0,0x1ca0f900
25818,682,0,0x1caab640
25819,215,0,0x1cb47380
25820,528,0,0x1cbe30c0
25821,899,0,0x1cc7ee00
25822,967,0,0x1cd1ab40
25823,43449,0,0x1cdb6880
25824,17947,0,0x1ce525c0
25825,1158,0,0x1ceee300
25826,1021,0,0x1cf8a040
25827,954,0,0x1d025d80
25828,993,0,0x1d0c1ac0
25829,973,0,0x1d15d800
25830,998,0,0x1d1f9540
25831,969,0,0x1d295280
25832,1036,0,0x1d330fc0
25833,1217,0,0x1d3ccd00
25834,1156,0,0x1d468a40
25835,1619,0,0x1d504780
25836,942,0,0x1d5a04c0
25837,999,0,0x1d63c200
25838,1044,0,0x1d6d7f40
25839,1151,0,0x1d773c80
25840,998,0,0x1d80f9c0
25841,69522,0,0x1d8ab700
25842,768,0,0x1d947440
25843,886,0,0x1d9e3180
25844,685,0,0x1da7eec0
25845,42753,0,0x1dbb6940
25846,1227,0,0x1dc52680
25847,944,0,0x1dcee3c0
25848,1024,0,0x1dd8a100
25849,967,0,0x1de25e40
25850,1042,0,0x1dec1b80
25851,909,0,0x1df5d8c0
25852,963,0,0x1dff9600
25853,1166,0,0x1e095340
25854,1009,0,0x1e131080
25855,1001,0,0x1e1ccdc0
25856,1034,0,0x1e268b00
25857,1166,0,0x1e304840
25858,1010,0,0x1e3a0580
25859,1155,0,0x1e43c2c0
25860,996,0,0x1e4d8000
25861,962,0,0x1e573d40
25862,1012,0,0x1e60fa80
25863,990,0,0x1e6ab7c0
25864,994,0,0x1e747500
25865,958,0,0x1e7e3240
25866,995,0,0x1e87ef80
25867,988,0,0x1e91acc0
25868,1046,0,0x1e9b6a00
25869,1218,0,0x1ea52740
25870,794,0,0x1eaee480
25871,997,0,0x1eb8a1c0
25872,1204,0,0x1ec25f00
25873,1002,0,0x1ecc1c40
25874,1373,0,0x1ed5d980
25875,1008,0,0x1edf96c0
25876,1182,0,0x1ee95400
25877,602,0,0x1ef31140
25878,574,0,0x1efcce80
25879,573,0,0x1f068bc0
25880,592,0,0x1f104900
25881,622,0,0x1f1a0640
25882,760,0,0x1f23c380
25883,746,0,0x1f2d80c0
25884,584,0,0x1f373e00
25885,574,0,0x1f40fb40
25886,758,0,0x1f4ab880
25887,20306,0,0x1f5475c0
25888,602,0,0x1f5e3300
25889,326,0,0x1f67f040
25890,1101,0,0x1f71ad80
25891,819,0,0x1f7b6ac0
25892,573,0,0x1f852800
25893,585,0,0x1f8ee540
25894,822,0,0x1f98a280
25895,598,0,0x1fa25fc0
25896,742,0,0x1fac1d00
25897,555,0,0x1fb5da40
25898,795,0,0x1fbf9780
25899,802,0,0x1fc954c0
25900,2686,0,0x1fd31200
25901,123774,0,0x1fdccf40
25902,587,0,0x1fe68c80
25903,634,0,0x1ff049c0
25904,748,0,0x1ffa0700
25905,548,0,0x2003c440
25906,797,0,0x200d8180
25907,15455,0,0x20173ec0
25908,8574,0,0x2020fc00
25909,565,0,0x202ab940
25910,1042,0,0x20347680
25911,130464,0,0x203e33c0
25912,746,0,0x2047f100
25913,827,0,0x2051ae40
25914,578,0,0x205b6b80
25915,746,0,0x206528c0
25916,11227,0,0x206ee600
25917,789,0,0x2078a340
25918,599,0,0x20826080
25919,586,0,0x208c1dc0
25920,607,0,0x2095db00
25921,2408,0,0x209f9840
25922,4895,0,0x20a95580
25923,1046,0,0x20b312c0
25924,572,0,0x20bcd000
25925,589,0,0x20c68d40
25926,755,0,0x20d04a80
25927,569,0,0x20da07c0
25928,556,0,0x20e3c500
25929,734,0,0x20ed8240
25930,607,0,0x20f73f80
25931,1141,0,0x2100fcc0
25932,532,0,0x210aba00
25933,607,0,0x21147740
25934,733,0,0x211e3480
25935,561,0,0x2127f1c0
25936,859,0,0x2131af00
25937,537,0,0x213b6c40
25938,743,0,0x21452980
25939,604,0,0x214ee6c0
25940,548,0,0x2158a400
25941,573,0,0x21626140
25942,576,0,0x216c1e80
25943,778,0,0x2175dbc0
25944,806,0,0x217f9900
25945,747,0,0x21895640
25946,776,0,0x21931380
25947,988,0,0x219cd0c0
25948,790,0,0x21a68e00
25949,559,0,0x21b04b40
25950,753,0,0x21ba0880
25951,579,0,0x21c3c5c0
25952,724,0,0x21cd8300
25953,537,0,0x21d74040
25954,795,0,0x21e0fd80
25955,544,0,0x21eabac0
25956,735,0,0x21f47800
25957,100562,0,0x21fe3540
25958,807,0,0x2207f280
25959,553,0,0x2211afc0
25960,598,0,0x221b6d00
25961,754,0,0x22252a40
25962,582,0,0x222ee780
25963,580,0,0x2238a4c0
25964,755,0,0x22426200
25965,593,0,0x224c1f40
25966,750,0,0x2255dc80
25967,551,0,0x225f99c0
25968,600,0,0x22695700
25969,876,0,0x22731440
25970,2482,0,0x227cd180
25971,363,0,0x22868ec0
25972,1432,0,0x22904c00
25973,40240,0,0x229a0940
25974,574,0,0x22a3c680
25975,728,0,0x22ad83c0
25976,591,0,0x22b74100
25977,551,0,0x22c0fe40
25978,744,0,0x22cabb80
25979,598,0,0x22d478c0
25980,823,0,0x22de3600
25981,536,0,0x22e7f340
25982,777,0,0x22f1b080
25983,545,0,0x22fb6dc0
25984,741,0,0x23052b00
25985,101490,0,0x230ee840
25986,9852,0,0x232262c0
25987,1230,0,0x232c2000
25988,559,0,0x2335dd40
25989,734,0,0x233f9a80
25990,997,0,0x234957c0
25991,78654,0,0x23531500
25992,23256,0,0x235cd240
25993,11386,0,0x23704cc0
25994,59079,0,0x237a0a00
25995,44363,0,0x2383c740
25996,635,0,0x238d8480
25997,634,0,0x239741c0
25998,754,0,0x23a0ff00
25999,1002,0,0x23aabc40
26000,1036,0,0x23b47980
26001,48870,0,0x23be36c0
26002,758,0,0x23c7f400
26003,788,0,0x23d1b140
26004,51815,0,0x23db6e80
26005,670,0,0x23e52bc0
26006,53842,0,0x23eee900
26007,5001,0,0x24026380
26008,741,0,0x240c20c0
26009,33042,0,0x2415de00
26010,33288,0,0x241f9b40
26011,593,0,0x24295880
26012,747,0,0x243315c0
26013,559,0,0x243cd300
26014,592,0,0x24469040
26015,82117,0,0x24504d80
26016,770,0,0x245a0ac0
26017,565,0,0x2463c800
26018,761,0,0x246d8540
26019,557,0,0x24774280
26020,550,0,0x2480ffc0
26021,599,0,0x248abd00
26022,785,0,0x24947a40
26023,21349,0,0x249e3780
26024,41183,0,0x24a7f4c0
26025,564,0,0x24b1b200
26026,598,0,0x24bb6f40
26027,562,0,0x24c52c80
26028,51135,0,0x24d8a700
26029,12186,0,0x24e26440
26030,1587,0,0x24ec2180
26031,50150,0,0x24f5dec0
26032,749,0,0x24ff9c00
26033,2101,0,0x25095940
26034,1006,0,0x25131680
26035,83565,0,0x251cd3c0
26036,21439,0,0x25269100
26037,799,0,0x25304e40
26038,822,0,0x253a0b80
26039,579,0,0x2543c8c0
26040,842,0,0x254d8600
26041,532,0,0x25574340
26042,742,0,0x25610080
26043,41813,0,0x256abdc0
26044,583,0,0x25747b00
26045,748,0,0x257e3840
26046,1831,0,0x2587f580
26047,801,0,0x2591b2c0
26048,693,0,0x259b7000
26049,795,0,0x25a52d40
26050,743,0,0x25aeea80
26051,75336,0,0x25b8a7c0
26052,31506,0,0x25c26500
26053,726,0,0x25cc2240
26054,803,0,0x25d5df80
26055,573,0,0x25df9cc0
26056,519,0,0x25e95a00
26057,726,0,0x25f31740
26058,848,0,0x25fcd480
26059,37682,0,0x260691c0
26060,728,0,0x26104f00
26061,552,0,0x261a0c40
26062,639,0,0x2623c980
26063,723,0,0x262d86c0
26064,547,0,0x26374400
26065,897,0,0x26410140
26066,2390,0,0x264abe80
26067,955,0,0x26547bc0
26068,622,0,0x265e3900
26069,605,0,0x2667f640
26070,748,0,0x2671b380
26071,663,0,0x267b70c0
26072,643,0,0x26852e00
26073,746,0,0x268eeb40
26074,556,0,0x2698a880
26075,873,0,0x26a265c0
26076,563,0,0x26ac2300
26077,577,0,0x26b5e040
26078,562,0,0x26bf9d80
26079,877,0,0x26c95ac0
26080,56043,0,0x26d31800
26081,41280,0,0x26dcd540
26082,726,0,0x26e69280
26083,773,0,0x26f04fc0
26084,518,0,0x26fa0d00
26085,719,0,0x2703ca40
26086,794,0,0x270d8780
26087,509,0,0x271744c0
26088,745,0,0x27210200
26089,563,0,0x272abf40
26090,621,0,0x27347c80
26091,725,0,0x273e39c0
26092,527,0,0x2747f700
26093,620,0,0x2751b440
26094,712,0,0x275b7180
26095,537,0,0x27652ec0
26096,781,0,0x276eec00
26097,517,0,0x2778a940
26098,792,0,0x27826680
26099,529,0,0x278c23c0
26100,837,0,0x2795e100
26101,1248,0,0x279f9e40
26102,26371,0,0x27a95b80
26103,758,0,0x27b318c0
26104,625,0,0x27bcd600
26105,565,0,0x27c69340
26106,566,0,0x27d05080
26107,588,0,0x27da0dc0
26108,827,0,0x27e3cb00
26109,559,0,0x27ed8840
26110,587,0,0x27f74580
26111,799,0,0x280102c0
26112,4993,0,0x280ac000
26113,591,0,0x28147d40
26114,826,0,0x281e3a80
26115,556,0,0x2827f7c0
26116,541,0,0x2831b500
26117,757,0,0x283b7240
26118,547,0,0x28452f80
26119,590,0,0x284eecc0
26120,869,0,0x2858aa00
26121,545,0,0x28626740
26122,571,0,0x286c2480
26123,525,0,0x2875e1c0
26124,789,0,0x287f9f00
26125,740,0,0x28895c40
26126,880,0,0x28931980
26127,553,0,0x289cd6c0
26128,588,0,0x28a69400
26129,795,0,0x28b05140
26130,765,0,0x28ba0e80
26131,576,0,0x28c3cbc0
26132,801,0,0x28cd8900
26133,32953,0,0x28d74640
26134,64270,0,0x28e10380
26135,849,0,0x28eac0c0
26136,33703,0,0x28f47e00
26137,1149,0,0x28fe3b40
26138,1021,0,0x2907f880
26139,752,0,0x2911b5c0
26140,21040,0,0x291b7300
26141,936,0,0x29253040
26142,26900,0,0x292eed80
26143,625,0,0x2938aac0
26144,68583,0,0x29426800
26145,778,0,0x294c2540
26146,1234,0,0x2955e280
26147,991,0,0x295f9fc0
26148,928,0,0x29695d00
26149,568,0,0x29731a40
26150,532,0,0x297cd780
26151,738,0,0x298694c0
26152,30034,0,0x29905200
26153,746,0,0x299a0f40
26154,686,0,0x29a3cc80
26155,521,0,0x29ad89c0
26156,752,0,0x29b74700
26157,589,0,0x29c10440
26158,800,0,0x29cac180
26159,1025,0,0x29d47ec0
26160,580,0,0x29de3c00
26161,624,0,0x29e7f940
26162,750,0,0x29f1b680
26163,578,0,0x29fb73c0
26164,796,0,0x2a053100
26165,550,0,0x2a0eee40
26166,571,0,0x2a18ab80
26167,747,0,0x2a2268c0
26168,7789,0,0x2a2c2600
26169,956,0,0x2a35e340
26170,584,0,0x2a3fa080
26171,550,0,0x2a495dc0
26172,599,0,0x2a531b00
26173,1213,0,0x2a5cd840
26174,962,0,0x2a669580
26175,632,0,0x2a7052c0
26176,761,0,0x2a7a1000
26177,604,0,0x2a83cd40
26178,606,0,0x2a8d8a80
26179,633,0,0x2a9747c0
26180,750,0,0x2aa10500
26181,558,0,0x2aaac240
26182,818,0,0x2ab47f80
26183,8571,0,0x2abe3cc0
26184,81111,0,0x2ac7fa00
26185,866,0,0x2ad1b740
26186,43437,0,0x2adb7480
26187,796,0,0x2ae531c0
26188,556,0,0x2aeeef00
26189,586,0,0x2af8ac40
26190,731,0,0x2b026980
26191,13489,0,0x2b0c26c0
26192,812,0,0x2b15e400
26193,1181,0,0x2b1fa140
26194,1962,0,0x2b295e80
26195,595,0,0x2b331bc0
26196,84957,0,0x2b3cd900
26197,541,0,0x2b469640
26198,548,0,0x2b505380
26199,766,0,0x2b5a10c0
26200,44444,0,0x2b63ce00
26201,721,0,0x2b6d8b40
26202,591,0,0x2b774880
26203,631,0,0x2b8105c0
26204,747,0,0x2b8ac300
26205,17013,0,0x2b948040
26206,49059,0,0x2ba7fac0
26207,542,0,0x2bb1b800
26208,781,0,0x2bbb7540
26209,42727,0,0x2bc53280
26210,472,0,0x2bceefc0
26211,20933,0,0x2bd8ad00
26212,1010,0,0x2be26a40
26213,90959,0,0x2bec2780
26214,726,0,0x2bf5e4c0
26215,595,0,0x2bffa200
26216,765,0,0x2c095f40
26217,937,0,0x2c131c80
26218,546,0,0x2c1cd9c0
26219,583,0,0x2c269700
26220,574,0,0x2c305440
26221,723,0,0x2c3a1180
26222,566,0,0x2c43cec0
26223,837,0,0x2c4d8c00
26224,578,0,0x2c574940
26225,972,0,0x2c610680
26226,736,0,0x2c6ac3c0
26227,542,0,0x2c748100
26228,760,0,0x2c7e3e40
26229,510,0,0x2c87fb80
26230,589,0,0x2c91b8c0
26231,730,0,0x2c9b7600
26232,556,0,0x2ca53340
26233,790,0,0x2caef080
26234,742,0,0x2cb8adc0
26235,834,0,0x2cc26b00
26236,549,0,0x2ccc2840
26237,536,0,0x2cd5e580
26238,630,0,0x2cdfa2c0
26239,735,0,0x2ce96000
26240,946,0,0x2cf31d40
26241,1013,0,0x2cfcda80
26242,723,0,0x2d0697c0
26243,515,0,0x2d105500
26244,569,0,0x2d1a1240
26245,733,0,0x2d23cf80
26246,859,0,0x2d2d8cc0
26247,514,0,0x2d374a00
26248,812,0,0x2d410740
26249,516,0,0x2d4ac480
26250,579,0,0x2d5481c0
26251,505,0,0x2d5e3f00
26252,1337,0,0x2d67fc40
26253,1184,0,0x2d71b980
26254,3864,0,0x2d7b76c0
26255,641,0,0x2d853400
26256,755,0,0x2d8ef140
26257,20074,0,0x2d98ae80
26258,749,0,0x2da26bc0
26259,1244,0,0x2dac2900
26260,561,0,0x2db5e640
26261,748,0,0x2dbfa380
26262,122117,0,0x2dc960c0
26263,323,0,0x2dd31e00
26264,646,0,0x2ddcdb40
26265,8544,0,0x2de69880
26266,644,0,0x2df055c0
26267,752,0,0x2dfa1300
26268,551,0,0x2e03d040
26269,767,0,0x2e0d8d80
26270,544,0,0x2e174ac0
26271,557,0,0x2e210800
26272,599,0,0x2e2ac540
26273,634,0,0x2e348280
26274,575,0,0x2e3e3fc0
26275,747,0,0x2e47fd00
26276,15056,0,0x2e51ba40
26277,1051,0,0x2e5b7780
26278,754,0,0x2e6534c0
26279,550,0,0x2e6ef200
26280,567,0,0x2e78af40
26281,601,0,0x2e826c80
26282,568,0,0x2e8c29c0
26283,594,0,0x2e95e700
26284,587,0,0x2e9fa440
26285,629,0,0x2ea96180
26286,753,0,0x2eb31ec0
26287,558,0,0x2ebcdc00
26288,544,0,0x2ec69940
26289,591,0,0x2ed05680
26290,596,0,0x2eda13c0
26291,746,0,0x2ee3d100
26292,591,0,0x2eed8e40
26293,561,0,0x2ef74b80
26294,592,0,0x2f0108c0
26295,601,0,0x2f0ac600
26296,612,0,0x2f148340
26297,571,0,0x2f1e4080
26298,997,0,0x2f27fdc0
26299,633,0,0x2f31bb00
26300,591,0,0x2f3b7840
26301,947,0,0x2f453580
26302,790,0,0x2f4ef2c0
26303,557,0,0x2f58b000
26304,573,0,0x2f626d40
26305,550,0,0x2f6c2a80
26306,603,0,0x2f75e7c0
26307,999,0,0x2f7fa500
26308,654,0,0x2f896240
26309,761,0,0x2f931f80
26310,566,0,0x2f9cdcc0
26311,859,0,0x2fa69a00
26312,751,0,0x2fb05740
26313,84623,0,0x2fba1480
26314,582,0,0x2fc3d1c0
26315,987,0,0x2fcd8f00
26316,40341,0,0x2fd74c40
26317,53651,0,0x2feac6c0
26318,24133,0,0x2ff48400
26319,590,0,0x2ffe4140
26320,736,0,0x3007fe80
26321,535,0,0x3011bbc0
26322,624,0,0x301b7900
26323,714,0,0x30253640
26324,712,0,0x302ef380
26325,1254,0,0x3038b0c0
26326,18987,0,0x30426e00
26327,42317,0,0x304c2b40
26328,761,0,0x3055e880
26329,607,0,0x305fa5c0
26330,572,0,0x30696300
26331,582,0,0x30732040
26332,756,0,0x307cdd80
26333,587,0,0x30869ac0
26334,550,0,0x30905800
26335,594,0,0x309a1540
26336,797,0,0x30a3d280
26337,559,0,0x30ad8fc0
26338,577,0,0x30b74d00
26339,573,0,0x30c10a40
26340,541,0,0x30cac780
26341,592,0,0x30d484c0
26342,815,0,0x30de4200
26343,45644,0,0x30e7ff40
26344,686,0,0x30f1bc80
26345,34858,0,0x30fb79c0
26346,542,0,0x31053700
26347,732,0,0x310ef440
26348,13044,0,0x3118b180
26349,704,0,0x31226ec0
26350,59154,0,0x312c2c00
26351,742,0,0x3135e940
26352,601,0,0x313fa680
26353,953,0,0x314963c0
26354,603,0,0x31532100
26355,637,0,0x315cde40
26356,747,0,0x31669b80
26357,36258,0,0x317058c0
26358,40955,0,0x317a1600
26359,10969,0,0x3183d340
26360,550,0,0x318d9080
26361,67725,0,0x31974dc0
26362,793,0,0x31a10b00
26363,608,0,0x31aac840
26364,802,0,0x31b48580
26365,28866,0,0x31be42c0
26366,39602,0,0x31c80000
26367,787,0,0x31d1bd40
26368,543,0,0x31db7a80
26369,715,0,0x31e537c0
26370,515,0,0x31eef500
26371,711,0,0x31f8b240
26372,523,0,0x32026f80
26373,770,0,0x320c2cc0
26374,529,0,0x3215ea00
26375,714,0,0x321fa740
26376,1776,0,0x32296480
26377,408,0,0x323321c0
26378,32999,0,0x32469c40
26379,1016,0,0x32505980
26380,987,0,0x325a16c0
26381,1115,0,0x3263d400
26382,907,0,0x326d9140
26383,896,0,0x32774e80
26384,374,0,0x32810bc0
26385,61914,0,0x328ac900
26386,17262,0,0x32948640
26387,726,0,0x329e4380
26388,715,0,0x32a800c0
26389,705,0,0x32b1be00
26390,572,0,0x32bb7b40
26391,713,0,0x32c53880
26392,579,0,0x32cef5c0
26393,529,0,0x32d8b300
26394,716,0,0x32e27040
26395,526,0,0x32ec2d80
26396,857,0,0x32f5eac0
26397,534,0,0x32ffa800
26398,541,0,0x33096540
26399,851,0,0x33132280
26400,592,0,0x331cdfc0
26401,715,0,0x33269d00
26402,515,0,0x33305a40
26403,714,0,0x333a1780
26404,541,0,0x3343d4c0
26405,771,0,0x334d9200
26406,528,0,0x33574f40
26407,712,0,0x33610c80
26408,531,0,0x336ac9c0
26409,602,0,0x33748700
26410,715,0,0x337e4440
26411,530,0,0x33880180
26412,1041,0,0x3391bec0
26413,580,0,0x339b7c00
26414,722,0,0x33a53940
26415,582,0,0x33aef680
26416,791,0,0x33b8b3c0
26417,44962,0,0x33c27100
26418,866,0,0x33cc2e40
26419,3729,0,0x33d5eb80
26420,599,0,0x33dfa8c0
26421,624,0,0x33e96600
26422,808,0,0x33f32340
26423,54718,0,0x33fce080
26424,49535,0,0x34069dc0
26425,800,0,0x34105b00
26426,555,0,0x341a1840
26427,528,0,0x3423d580
26428,739,0,0x342d92c0
26429,576,0,0x34375000
26430,794,0,0x34410d40
26431,35717,0,0x344aca80
26432,10984,0,0x345487c0
26433,52728,0,0x345e4500
26434,530,0,0x34680240
26435,56316,0,0x3471bf80
26436,565,0,0x347b7cc0
26437,717,0,0x34853a00
26438,1012,0,0x348ef740
26439,951,0,0x3498b480
26440,866,0,0x34a271c0
26441,26027,0,0x34ac2f00
26442,15202,0,0x34b5ec40
26443,590,0,0x34bfa980
26444,555,0,0x34c966c0
26445,573,0,0x34d32400
26446,1238,0,0x34dce140
26447,1013,0,0x34e69e80
26448,538,0,0x34f05bc0
26449,581,0,0x34fa1900
26450,745,0,0x3503d640
26451,42590,0,0x350d9380
26452,526,0,0x351750c0
26453,63368,0,0x35210e00
26454,736,0,0x352acb40
26455,557,0,0x35348880
26456,843,0,0x353e45c0
26457,559,0,0x35480300
26458,718,0,0x3551c040
26459,786,0,0x355b7d80
26460,574,0,0x35653ac0
26461,713,0,0x356ef800
26462,580,0,0x3578b540
26463,959,0,0x35827280
26464,582,0,0x358c2fc0
26465,861,0,0x3595ed00
26466,618,0,0x359faa40
26467,716,0,0x35a96780
26468,568,0,0x35b324c0
26469,561,0,0x35bce200
26470,728,0,0x35c69f40
26471,878,0,0x35d05c80
26472,4296,0,0x35da19c0
26473,378,0,0x35e3d700
26474,27737,0,0x35ed9440
26475,616,0,0x35f75180
26476,572,0,0x36010ec0
26477,575,0,0x360acc00
26478,579,0,0x36148940
26479,1063,0,0x361e4680
26480,1156,0,0x362803c0
26481,1001,0,0x3631c100
26482,595,0,0x363b7e40
26483,803,0,0x36453b80
26484,554,0,0x364ef8c0
26485,576,0,0x3658b600
26486,561,0,0x36627340
26487,526,0,0x366c3080
26488,754,0,0x3675edc0
26489,25602,0,0x367fab00
26490,476,0,0x36896840
26491,83964,0,0x36932580
26492,709,0,0x369ce2c0
26493,45270,0,0x36a6a000
26494,532,0,0x36b05d40
26495,489,0,0x36ba1a80
26496,597,0,0x36c3d7c0
26497,604,0,0x36cd9500
26498,549,0,0x36d75240
26499,751,0,0x36e10f80
26500,17857,0,0x36eaccc0
26501,590,0,0x36f48a00
26502,82713,0,0x36fe4740
26503,5677,0,0x37080480
26504,1263,0,0x3711c1c0
26505,712,0,0x371b7f00
26506,554,0,0x37253c40
26507,565,0,0x372ef980
26508,726,0,0x3738b6c0
26509,511,0,0x37427400
26510,1127,0,0x374c3140
26511,539,0,0x3755ee80
26512,839,0,0x375fabc0
26513,524,0,0x37696900
26514,717,0,0x37732640
26515,561,0,0x377ce380
26516,1036,0,0x3786a0c0
26517,765,0,0x37905e00
26518,527,0,0x379a1b40
26519,718,0,0x37a3d880
26520,547,0,0x37ad95c0
26521,583,0,0x37b75300
26522,801,0,0x37c11040
26523,29870,0,0x37cacd80
26524,748,0,0x37d48ac0
26525,565,0,0x37de4800
26526,570,0,0x37e80540
26527,665,0,0x37f1c280
26528,743,0,0x37fb7fc0
26529,11552,0,0x38053d00
26530,557,0,0x380efa40
26531,80614,0,0x3818b780
26532,29390,0,0x382274c0
26533,598,0,0x382c3200
26534,720,0,0x3835ef40
26535,519,0,0x383fac80
26536,767,0,0x384969c0
26537,712,0,0x38532700
26538,856,0,0x385ce440
26539,28380,0,0x3866a180
26540,835,0,0x38705ec0
26541,4602,0,0x387a1c00
26542,585,0,0x3883d940
26543,78813,0,0x388d9680
26544,39138,0,0x389753c0
26545,739,0,0x38a11100
26546,535,0,0x38aace40
26547,577,0,0x38b48b80
26548,583,0,0x38be48c0
26549,735,0,0x38c80600
26550,578,0,0x38d1c340
26551,808,0,0x38db8080
26552,520,0,0x38e53dc0
26553,766,0,0x38eefb00
26554,21793,0,0x38f8b840
26555,540,0,0x39027580
26556,824,0,0x390c32c0
26557,951,0,0x3915f000
26558,889,0,0x391fad40
26559,580,0,0x39296a80
26560,20120,0,0x393ce500
26561,33538,0,0x3946a240
26562,528,0,0x39505f80
26563,722,0,0x395a1cc0
26564,47252,0,0x3963da00
26565,14976,0,0x396d9740
26566,750,0,0x39775480
26567,553,0,0x398111c0
26568,525,0,0x398acf00
26569,747,0,0x39948c40
26570,50842,0,0x399e4980
26571,362,0,0x39a806c0
26572,39390,0,0x39b1c400
26573,809,0,0x39bb8140
26574,557,0,0x39c53e80
26575,726,0,0x39cefbc0
26576,582,0,0x39d8b900
26577,844,0,0x39e27640
26578,532,0,0x39ec3380
26579,712,0,0x39f5f0c0
26580,622,0,0x39ffae00
26581,798,0,0x3a096b40
26582,34850,0,0x3a132880
26583,754,0,0x3a1ce5c0
26584,21100,0,0x3a26a300
26585,794,0,0x3a306040
26586,545,0,0x3a3a1d80
26587,1230,0,0x3a43dac0
26588,818,0,0x3a4d9800
26589,42720,0,0x3a575540
26590,334,0,0x3a611280
26591,51435,0,0x3a6acfc0
26592,848,0,0x3a748d00
26593,537,0,0x3a7e4a40
26594,792,0,0x3a880780
26595,534,0,0x3a91c4c0
26596,619,0,0x3a9b8200
26597,725,0,0x3aa53f40
26598,1049,0,0x3aaefc80
26599,27490,0,0x3ab8b9c0
26600,27054,0,0x3ac27700
26601,577,0,0x3acc3440
26602,568,0,0x3ad5f180
26603,593,0,0x3adfaec0
26604,621,0,0x3ae96c00
26605,595,0,0x3af32940
26606,604,0,0x3afce680
26607,793,0,0x3b06a3c0
26608,544,0,0x3b106100
26609,962,0,0x3b1a1e40
26610,612,0,0x3b23db80
26611,565,0,0x3b2d98c0
26612,573,0,0x3b375600
26613,752,0,0x3b411340
26614,26855,0,0x3b4ad080
26615,643,0,0x3b548dc0
26616,61851,0,0x3b5e4b00
26617,553,0,0x3b680840
26618,727,0,0x3b71c580
26619,575,0,0x3b7b82c0
26620,672,0,0x3b854000
26621,919,0,0x3b8efd40
26622,992,0,0x3b98ba80
26623,716,0,0x3ba277c0
26624,516,0,0x3bac3500
26625,718,0,0x3bb5f240
26626,536,0,0x3bbfaf80
26627,763,0,0x3bc96cc0
26628,13649,0,0x3bd32a00
26629,542,0,0x3bdce740
26630,42637,0,0x3be6a480
26631,1063,0,0x3bf061c0
26632,1157,0,0x3bfa1f00
26633,998,0,0x3c03dc40
26634,946,0,0x3c0d9980
26635,828,0,0x3c1756c0
26636,952,0,0x3c211400
26637,994,0,0x3c2ad140
26638,948,0,0x3c348e80
26639,1000,0,0x3c3e4bc0
26640,962,0,0x3c480900
26641,992,0,0x3c51c640
26642,935,0,0x3c5b8380
26643,1014,0,0x3c6540c0
26644,952,0,0x3c6efe00
26645,1700,0,0x3c78bb40
26646,793,0,0x3c827880
26647,781,0,0x3c8c35c0
26648,357,0,0x3c95f300
26649,76600,0,0x3c9fb040
26650,772,0,0x3ca96d80
26651,527,0,0x3cb32ac0
26652,711,0,0x3cbce800
26653,538,0,0x3cc6a540
26654,759,0,0x3cd06280
26655,537,0,0x3cda1fc0
26656,587,0,0x3ce3dd00
26657,836,0,0x3ced9a40
26658,524,0,0x3cf75780
26659,961,0,0x3d0114c0
26660,835,0,0x3d0ad200
26661,796,0,0x3d148f40
26662,6883,0,0x3d2809c0
26663,38305,0,0x3d31c700
26664,1249,0,0x3d3b8440
26665,1193,0,0x3d454180
26666,1000,0,0x3d4efec0
26667,958,0,0x3d58bc00
26668,1062,0,0x3d627940
26669,1654,0,0x3d6c3680
26670,970,0,0x3d75f3c0
26671,1028,0,0x3d7fb100
26672,962,0,0x3d896e40
26673,998,0,0x3d932b80
26674,953,0,0x3d9ce8c0
26675,995,0,0x3da6a600
26676,963,0,0x3db06340
26677,864,0,0x3dba2080
26678,975,0,0x3dc3ddc0
26679,1007,0,0x3dcd9b00
26680,992,0,0x3dd75840
26681,1030,0,0x3de11580
26682,957,0,0x3dead2c0
26683,1165,0,0x3df49000
26684,981,0,0x3dfe4d40
26685,826,0,0x3e080a80
26686,1156,0,0x3e11c7c0
26687,1002,0,0x3e1b8500
26688,958,0,0x3e254240
26689,1033,0,0x3e2eff80
26690,962,0,0x3e38bcc0
26691,1208,0,0x3e427a00
26692,975,0,0x3e4c3740
26693,996,0,0x3e55f480
26694,1235,0,0x3e5fb1c0
26695,763,0,0x3e696f00
26696,955,0,0x3e732c40
26697,999,0,0x3e7ce980
26698,950,0,0x3e86a6c0
26699,1004,0,0x3e906400
26700,968,0,0x3e9a2140
26701,1019,0,0x3ea3de80
26702,969,0,0x3ead9bc0
26703,998,0,0x3eb75900
26704,1211,0,0x3ec11640
26705,949,0,0x3ecad380
26706,1093,0,0x3ed490c0
26707,7315,0,0x3ede4e00
26708,942,0,0x3ee80b40
26709,6680,0,0x3ef1c880
26710,781,0,0x3efb85c0
26711,713,0,0x3f054300
26712,836,0,0x3f0f0040
26713,927,0,0x3f18bd80
26714,726,0,0x3f227ac0
26715,812,0,0x3f2c3800
26716,31899,0,0x3f35f540
26717,105316,0,0x3f3fb280
26718,1000,0,0x3f496fc0
26719,759,0,0x3f532d00
26720,553,0,0x3f5cea40
26721,577,0,0x3f66a780
26722,865,0,0x3f7064c0
26723,547,0,0x3f7a2200
26724,1042,0,0x3f83df40
26725,9493,0,0x3f8d9c80
26726,716,0,0x3f9759c0
26727,768,0,0x3fa11700
26728,539,0,0x3faad440
26729,808,0,0x3fb49180
26730,561,0,0x3fbe4ec0
26731,723,0,0x3fc80c00
26732,526,0,0x3fd1c940
26733,519,0,0x3fdb8680
26734,713,0,0x3fe543c0
26735,528,0,0x3fef0100
26736,766,0,0x3ff8be40
26737,1150,0,0x27bc0
26738,554,0,0xc3900
26739,846,0,0x15f640
26740,520,0,0x1fb380
26741,743,0,0x2970c0
26742,624,0,0x332e00
26743,712,0,0x3ceb40
26744,589,0,0x46a880
26745,643,0,0x5065c0
26746,725,0,0x5a2300
26747,790,0,0x63e040
26748,8827,0,0x6d9d80
26749,639,0,0x775ac0
26750,106282,0,0x811800
26751,10072,0,0x8ad540
26752,574,0,0x949280
26753,664,0,0x9e4fc0
26754,755,0,0xa80d00
26755,555,0,0xb1ca40
26756,576,0,0xbb8780
26757,593,0,0xc544c0
26758,743,0,0xcf0200
26759,548,0,0xd8bf40
26760,536,0,0xe27c80
26761,757,0,0xec39c0
26762,545,0,0xf5f700
26763,589,0,0xffb440
26764,600,0,0x1097180
26765,568,0,0x1132ec0
26766,749,0,0x11cec00
26767,17052,0,0x126a940
26768,1041,0,0x1306680
26769,586,0,0x13a23c0
26770,2370,0,0x143e100
26771,1033,0,0x14d9e40
26772,106553,0,0x1575b80
26773,26684,0,0x16118c0
26774,581,0,0x16ad600
26775,752,0,0x1749340
26776,602,0,0x17e5080
26777,637,0,0x1880dc0
26778,765,0,0x191cb00
26779,14549,0,0x19b8840
26780,284,0,0x1a54580
26781,53135,0,0x1b8c000
26782,41933,0,0x1c27d40
26783,12220,0,0x1cc3a80
26784,1182,0,0x1d5f7c0
26785,1001,0,0x1dfb500
26786,940,0,0x1e97240
26787,786,0,0x1f32f80
26788,960,0,0x1fcecc0
26789,934,0,0x206aa00
26790,507,0,0x2106740
26791,2545,0,0x21a2480
26792,824,0,0x223e1c0
26793,2039,0,0x22d9f00
26794,29232,0,0x2411980
26795,36236,0,0x24ad6c0
26796,47957,0,0x2549400
26797,790,0,0x25e5140
26798,827,0,0x2680e80
26799,530,0,0x271cbc0
26800,972,0,0x27b8900
26801,1423,0,0x2854640
26802,571,0,0x28f0380
26803,4545,0,0x2a27e00
26804,30731,0,0x2ac3b40
26805,42922,0,0x2b5f880
26806,516,0,0x2bfb5c0
26807,731,0,0x2c97300
26808,577,0,0x2d33040
26809,768,0,0x2dced80
26810,3290,0,0x2e6aac0
26811,744,0,0x2f06800
26812,772,0,0x2fa2540
26813,803,0,0x303e280
26814,562,0,0x30d9fc0
26815,557,0,0x3175d00
26816,670,0,0x3211a40
26817,541,0,0x32ad780
26818,594,0,0x33494c0
26819,759,0,0x33e5200
26820,556,0,0x3480f40
26821,611,0,0x351cc80
26822,574,0,0x35b89c0
26823,578,0,0x3654700
26824,567,0,0x36f0440
26825,623,0,0x378c180
26826,749,0,0x3827ec0
26827,58514,0,0x38c3c00
26828,524,0,0x395f940
26829,27893,0,0x39fb680
26830,50991,0,0x3a973c0
26831,576,0,0x3b33100
26832,714,0,0x3bcee40
26833,574,0,0x3c6ab80
26834,718,0,0x3d068c0
26835,526,0,0x3da2600
26836,618,0,0x3e3e340
26837,720,0,0x3eda080
26838,580,0,0x3f75dc0
26839,779,0,0x4011b00
26840,527,0,0x40ad840
26841,721,0,0x4149580
26842,855,0,0x41e52c0
26843,743,0,0x4281000
26844,780,0,0x431cd40
26845,569,0,0x43b8a80
26846,792,0,0x44547c0
26847,536,0,0x44f0500
26848,773,0,0x458c240
26849,524,0,0x4627f80
26850,741,0,0x46c3cc0
26851,22956,0,0x47fb740
26852,94403,0,0x4897480
26853,2517,0,0x49331c0
26854,1213,0,0x49cef00
26855,753,0,0x4a6ac40
26856,666,0,0x4b06980
26857,637,0,0x4ba26c0
26858,744,0,0x4c3e400
26859,559,0,0x4cda140
26860,611,0,0x4d75e80
26861,596,0,0x4e11bc0
26862,962,0,0x4ead900
26863,1013,0,0x4f49640
26864,827,0,0x4fe5380
26865,543,0,0x50810c0
26866,587,0,0x511ce00
26867,575,0,0x51b8b40
26868,749,0,0x5254880
26869,544,0,0x52f05c0
26870,567,0,0x538c300
26871,743,0,0x5428040
26872,16410,0,0x54c3d80
26873,728,0,0x555fac0
26874,1181,0,0x55fb800
26875,920,0,0x5697540
26876,967,0,0x5733280
26877,714,0,0x57cefc0
26878,537,0,0x586ad00
26879,757,0,0x5906a40
26880,462,0,0x59a2780
26881,714,0,0x5a3e4c0
26882,571,0,0x5ada200
26883,906,0,0x5b75f40
26884,1013,0,0x5c11c80
26885,711,0,0x5cad9c0
26886,1174,0,0x5d49700
26887,5626,0,0x5de5440
26888,313,0,0x5e81180
26889,99270,0,0x5f1cec0
26890,788,0,0x5fb8c00
26891,719,0,0x6054940
26892,536,0,0x60f0680
26893,841,0,0x618c3c0
26894,1144,0,0x6228100
26895,516,0,0x62c3e40
26896,1000,0,0x635fb80
26897,12242,0,0x63fb8c0
26898,491,0,0x6497600
26899,25150,0,0x6533340
26900,3588,0,0x65cf080
26901,111039,0,0x666adc0
26902,590,0,0x6706b00
26903,771,0,0x67a2840
26904,519,0,0x683e580
26905,733,0,0x68da2c0
26906,9081,0,0x6976000
26907,593,0,0x6a11d40
26908,782,0,0x6aada80
26909,24126,0,0x6b497c0
26910,1730,0,0x6be5500
26911,302,0,0x6c81240
26912,118870,0,0x6d1cf80
26913,538,0,0x6db8cc0
26914,745,0,0x6e54a00
26915,518,0,0x6ef0740
26916,569,0,0x6f8c480
26917,850,0,0x70281c0
26918,6071,0,0x70c3f00
26919,654,0,0x715fc40
26920,758,0,0x71fb980
26921,19130,0,0x72976c0
26922,1175,0,0x7333400
26923,322,0,0x73cf140
26924,127499,0,0x746ae80
26925,561,0,0x7506bc0
26926,711,0,0x75a2900
26927,556,0,0x763e640
26928,846,0,0x76da380
26929,526,0,0x77760c0
26930,535,0,0x7811e00
26931,847,0,0x78adb40
26932,540,0,0x7949880
26933,625,0,0x79e55c0
26934,108064,0,0x7b1d040
26935,3795,0,0x7bb8d80
26936,1999,0,0x7c54ac0
26937,749,0,0x7cf0800
26938,561,0,0x7d8c540
26939,764,0,0x7e28280
26940,542,0,0x7ec3fc0
26941,552,0,0x7f5fd00
26942,617,0,0x7ffba40
26943,591,0,0x8097780
26944,933,0,0x81334c0
26945,1475,0,0x81cf200
26946,1007,0,0x826af40
26947,578,0,0x8306c80
26948,557,0,0x83a29c0
26949,560,0,0x843e700
26950,523,0,0x84da440
26951,585,0,0x8576180
26952,748,0,0x8611ec0
26953,553,0,0x86adc00
26954,610,0,0x8749940
26955,983,0,0x87e5680
26956,577,0,0x88813c0
26957,823,0,0x891d100
26958,546,0,0x89b8e40
26959,843,0,0x8a54b80
26960,582,0,0x8af08c0
26961,564,0,0x8b8c600
26962,826,0,0x8c28340
26963,120951,0,0x8cc4080
26964,4384,0,0x8d5fdc0
26965,13682,0,0x8dfbb00
26966,712,0,0x8e97840
26967,604,0,0x8f33580
26968,792,0,0x8fcf2c0
26969,16906,0,0x906b000
26970,753,0,0x9106d40
26971,599,0,0x91a2a80
26972,819,0,0x923e7c0
26973,551,0,0x92da500
26974,567,0,0x9376240
26975,632,0,0x9411f80
26976,571,0,0x94adcc0
26977,579,0,0x9549a00
26978,574,0,0x95e5740
26979,621,0,0x9681480
26980,753,0,0x971d1c0
26981,103854,0,0x97b8f00
26982,5459,0,0x9854c40
26983,20607,0,0x98f0980
26984,1045,0,0x998c6c0
26985,720,0,0x9a28400
26986,530,0,0x9ac4140
26987,767,0,0x9b5fe80
26988,516,0,0x9bfbbc0
26989,733,0,0x9c97900
26990,21151,0,0x9d33640
26991,967,0,0x9dcf380
26992,1025,0,0x9e6b0c0
26993,1634,0,0x9f06e00
26994,1162,0,0x9fa2b40
26995,1014,0,0xa03e880
26996,966,0,0xa0da5c0
26997,860,0,0xa176300
26998,959,0,0xa212040
26999,851,0,0xa2add80
27000,978,0,0xa349ac0
27001,1029,0,0xa3e5800
27002,955,0,0xa481540
27003,1012,0,0xa51d280
27004,933,0,0xa5b8fc0
27005,991,0,0xa654d00
27006,1365,0,0xa6f0a40
27007,1020,0,0xa78c780
27008,1478,0,0xa8284c0
27009,965,0,0xa8c4200
27010,1008,0,0xa95ff40
27011,1170,0,0xa9fbc80
27012,991,0,0xaa979c0
27013,948,0,0xab33700
27014,1041,0,0xabcf440
27015,1010,0,0xac6b180
27016,1024,0,0xad06ec0
27017,965,0,0xada2c00
27018,1003,0,0xae3e940
27019,935,0,0xaeda680
27020,828,0,0xaf763c0
27021,1003,0,0xb012100
27022,1373,0,0xb0ade40
27023,941,0,0xb149b80
27024,1014,0,0xb1e58c0
27025,962,0,0xb281600
27026,1005,0,0xb31d340
27027,956,0,0xb3b9080
27028,840,0,0xb454dc0
27029,1002,0,0xb4f0b00
27030,1229,0,0xb58c840
27031,981,0,0xb628580
27032,1001,0,0xb6c42c0
27033,940,0,0xb760000
27034,1056,0,0xb7fbd40
27035,1158,0,0xb897a80
27036,834,0,0xb9337c0
27037,987,0,0xb9cf500
27038,1025,0,0xba6b240
27039,1151,0,0xbb06f80
27040,831,0,0xbba2cc0
27041,1247,0,0xbc3ea00
27042,1001,0,0xbcda740
27043,945,0,0xbd76480
27044,827,0,0xbe121c0
27045,1244,0,0xbeadf00
27046,879,0,0xbf49c40
27047,1166,0,0xbfe5980
27048,798,0,0xc0816c0
27049,1012,0,0xc11d400
27050,1016,0,0xc1b9140
27051,1623,0,0xc254e80
27052,11291,0,0xc38c900
27053,1235,0,0xc428640
27054,1080,0,0xc4c4380
27055,970,0,0xc5600c0
27056,1126,0,0xc5fbe00
27057,976,0,0xc697b40
27058,1173,0,0xc733880
27059,934,0,0xc7cf5c0
27060,994,0,0xc86b300
27061,1228,0,0xc907040
27062,977,0,0xc9a2d80
27063,1243,0,0xca3eac0
27064,995,0,0xcada800
27065,1214,0,0xcb76540
27066,1410,0,0xcc12280
27067,1176,0,0xccadfc0
27068,526,0,0xcd49d00
27069,582,0,0xcde5a40
27070,615,0,0xce81780
27071,720,0,0xcf1d4c0
27072,74203,0,0xcfb9200
27073,875,0,0xd054f40
27074,10207,0,0xd0f0c80
27075,738,0,0xd18c9c0
27076,622,0,0xd228700
27077,591,0,0xd2c4440
27078,603,0,0xd360180
27079,598,0,0xd3fbec0
27080,631,0,0xd497c00
27081,29790,0,0xd533940
27082,1223,0,0xd5cf680
27083,735,0,0xd66b3c0
27084,567,0,0xd707100
27085,717,0,0xd7a2e40
27086,526,0,0xd83eb80
27087,773,0,0xd8da8c0
27088,558,0,0xd976600
27089,740,0,0xda12340
27090,569,0,0xdaae080
27091,712,0,0xdb49dc0
27092,535,0,0xdbe5b00
27093,789,0,0xdc81840
27094,531,0,0xdd1d580
27095,715,0,0xddb92c0
27096,529,0,0xde55000
27097,771,0,0xdef0d40
27098,518,0,0xdf8ca80
27099,722,0,0xe0287c0
27100,561,0,0xe0c4500
27101,788,0,0xe160240
27102,658,0,0xe1fbf80
27103,641,0,0xe297cc0
27104,712,0,0xe333a00
27105,560,0,0xe3cf740
27106,757,0,0xe46b480
27107,550,0,0xe5071c0
27108,719,0,0xe5a2f00
27109,558,0,0xe63ec40
27110,781,0,0xe6da980
27111,514,0,0xe7766c0
27112,1188,0,0xe812400
27113,519,0,0xe8ae140
27114,717,0,0xe949e80
27115,584,0,0xe9e5bc0
27116,712,0,0xea81900
27117,793,0,0xeb1d640
27118,69247,0,0xebb9380
27119,18501,0,0xec550c0
27120,2487,0,0xecf0e00
27121,770,0,0xed8cb40
27122,573,0,0xee28880
27123,623,0,0xeec45c0
27124,583,0,0xef60300
27125,757,0,0xeffc040
27126,849,0,0xf097d80
27127,750,0,0xf133ac0
27128,550,0,0xf1cf800
27129,626,0,0xf26b540
27130,593,0,0xf307280
27131,740,0,0xf3a2fc0
27132,547,0,0xf43ed00
27133,606,0,0xf4daa40
27134,576,0,0xf576780
27135,566,0,0xf6124c0
27136,801,0,0xf6ae200
27137,51994,0,0xf749f40
27138,768,0,0xf7e5c80
27139,783,0,0xf8819c0
27140,523,0,0xf91d700
27141,772,0,0xf9b9440
27142,524,0,0xfa55180
27143,722,0,0xfaf0ec0
27144,535,0,0xfb8cc00
27145,587,0,0xfc28940
27146,724,0,0xfcc4680
27147,539,0,0xfd603c0
27148,612,0,0xfdfc100
27149,946,0,0xfe97e40
27150,719,0,0xff33b80
27151,557,0,0xffcf8c0
27152,711,0,0x1006b600
27153,531,0,0x10107340
27154,527,0,0x101a3080
27155,725,0,0x1023edc0
27156,541,0,0x102dab00
27157,768,0,0x10376840
27158,45222,0,0x10412580
27159,666,0,0x104ae2c0
27160,21229,0,0x1054a000
27161,18391,0,0x105e5d40
27162,595,0,0x10681a80
27163,491,0,0x1071d7c0
27164,601,0,0x107b9500
27165,798,0,0x10855240
27166,66971,0,0x108f0f80
27167,1206,0,0x1098ccc0
27168,716,0,0x10a28a00
27169,526,0,0x10ac4740
27170,613,0,0x10b60480
27171,714,0,0x10bfc1c0
27172,730,0,0x10c97f00
27173,570,0,0x10d33c40
27174,536,0,0x10dcf980
27175,717,0,0x10e6b6c0
27176,518,0,0x10f07400
27177,589,0,0x10fa3140
27178,714,0,0x1103ee80
27179,521,0,0x110dabc0
27180,619,0,0x11176900
27181,711,0,0x11212640
27182,527,0,0x112ae380
27183,587,0,0x1134a0c0
27184,608,0,0x113e5e00
27185,718,0,0x11481b40
27186,528,0,0x1151d880
27187,842,0,0x115b95c0
27188,528,0,0x11655300
27189,712,0,0x116f1040
27190,517,0,0x1178cd80
27191,721,0,0x11828ac0
27192,557,0,0x118c4800
27193,978,0,0x11960540
27194,731,0,0x119fc280
27195,751,0,0x11a97fc0
27196,559,0,0x11b33d00
27197,584,0,0x11bcfa40
27198,716,0,0x11c6b780
27199,573,0,0x11d074c0
27200,553,0,0x11da3200
27201,529,0,0x11e3ef40
27202,716,0,0x11edac80
27203,7826,0,0x11f769c0
27204,675,0,0x12012700
27205,24840,0,0x120ae440
27206,21751,0,0x1214a180
27207,630,0,0x121e5ec0
27208,756,0,0x12281c00
27209,555,0,0x1231d940
27210,1197,0,0x123b9680
27211,579,0,0x124553c0
27212,741,0,0x124f1100
27213,588,0,0x1258ce40
27214,584,0,0x12628b80
27215,584,0,0x126c48c0
27216,797,0,0x12760600
27217,95370,0,0x127fc340
27218,44405,0,0x12933dc0
27219,30362,0,0x12a6b840
27220,984,0,0x12b07580
27221,535,0,0x12ba32c0
27222,734,0,0x12c3f000
27223,535,0,0x12cdad40
27224,627,0,0x12d76a80
27225,718,0,0x12e127c0
27226,979,0,0x12eae500
27227,527,0,0x12f4a240
27228,742,0,0x12fe5f80
27229,599,0,0x13081cc0
27230,599,0,0x1311da00
27231,721,0,0x131b9740
27232,527,0,0x13255480
27233,860,0,0x132f11c0
27234,93018,0,0x1338cf00
27235,1442,0,0x13428c40
27236,1340,0,0x134c4980
27237,1003,0,0x135606c0
27238,1203,0,0x135fc400
27239,796,0,0x13698140
27240,932,0,0x13733e80
27241,966,0,0x137cfbc0
27242,1011,0,0x1386b900
27243,1206,0,0x13907640
27244,794,0,0x139a3380
27245,1203,0,0x13a3f0c0
27246,956,0,0x13adae00
27247,1004,0,0x13b76b40
27248,1012,0,0x13c12880
27249,1219,0,0x13cae5c0
27250,989,0,0x13d4a300
27251,1056,0,0x13de6040
27252,1160,0,0x13e81d80
27253,1474,0,0x13f1dac0
27254,1197,0,0x13fb9800
27255,953,0,0x14055540
27256,1006,0,0x140f1280
27257,1168,0,0x1418cfc0
27258,1006,0,0x14228d00
27259,1211,0,0x142c4a40
27260,18211,0,0x14360780
27261,586,0,0x143fc4c0
27262,810,0,0x14498200
27263,531,0,0x14533f40
27264,596,0,0x145cfc80
27265,2662,0,0x1466b9c0
27266,713,0,0x14707700
27267,563,0,0x147a3440
27268,834,0,0x1483f180
27269,730,0,0x148daec0
27270,90995,0,0x14976c00
27271,36777,0,0x14a12940
27272,1210,0,0x14aae680
27273,1213,0,0x14b4a3c0
27274,1156,0,0x14be6100
27275,1018,0,0x14c81e40
27276,988,0,0x14d1db80
27277,1301,0,0x14db98c0
27278,983,0,0x14e55600
27279,1064,0,0x14ef1340
27280,1209,0,0x14f8d080
27281,971,0,0x15028dc0
27282,1047,0,0x150c4b00
27283,1156,0,0x15160840
27284,1642,0,0x151fc580
27285,1038,0,0x152982c0
27286,1156,0,0x15334000
27287,1060,0,0x153cfd40
27288,1159,0,0x1546ba80
27289,995,0,0x155077c0
27290,1002,0,0x155a3500
27291,1219,0,0x1563f240
27292,953,0,0x156daf80
27293,1227,0,0x15776cc0
27294,962,0,0x15812a00
27295,1159,0,0x158ae740
27296,333,0,0x1594a480
27297,23152,0,0x15a81f00
27298,70324,0,0x15b1dc40
27299,566,0,0x15bb9980
27300,581,0,0x15c556c0
27301,564,0,0x15cf1400
27302,22075,0,0x15d8d140
27303,715,0,0x15e28e80
27304,530,0,0x15ec4bc0
27305,774,0,0x15f60900
27306,5855,0,0x15ffc640
27307,1221,0,0x16098380
27308,969,0,0x161340c0
27309,1219,0,0x161cfe00
27310,1151,0,0x1626bb40
27311,998,0,0x16307880
27312,980,0,0x163a35c0
27313,1733,0,0x1643f300
27314,821,0,0x164db040
27315,1165,0,0x16576d80
27316,1030,0,0x16612ac0
27317,1163,0,0x166ae800
27318,1002,0,0x1674a540
27319,951,0,0x167e6280
27320,1202,0,0x16881fc0
27321,1004,0,0x1691dd00
27322,1204,0,0x169b9a40
27323,1034,0,0x16a55780
27324,1001,0,0x16af14c0
27325,1203,0,0x16b8d200
27326,959,0,0x16c28f40
27327,1028,0,0x16cc4c80
27328,987,0,0x16d609c0
27329,1036,0,0x16dfc700
27330,1016,0,0x16e98440
27331,1171,0,0x16f34180
27332,976,0,0x16fcfec0
27333,1223,0,0x1706bc00
27334,1000,0,0x17107940
27335,1625,0,0x171a3680
27336,1019,0,0x1723f3c0
27337,962,0,0x172db100
27338,1003,0,0x17376e40
27339,1173,0,0x17412b80
27340,2006,0,0x174ae8c0
27341,76397,0,0x1754a600
27342,27339,0,0x175e6340
27343,572,0,0x17682080
27344,717,0,0x1771ddc0
27345,536,0,0x177b9b00
27346,835,0,0x17855840
27347,535,0,0x178f1580
27348,720,0,0x1798d2c0
27349,587,0,0x17a29000
27350,670,0,0x17ac4d40
27351,710,0,0x17b60a80
27352,802,0,0x17bfc7c0
27353,536,0,0x17c98500
27354,725,0,0x17d34240
27355,855,0,0x17dcff80
27356,36514,0,0x17e6bcc0
27357,4249,0,0x17f07a00
27358,1050,0,0x17fa3740
27359,939,0,0x1803f480
27360,1029,0,0x180db1c0
27361,956,0,0x18176f00
27362,799,0,0x18212c40
27363,961,0,0x182ae980
27364,1014,0,0x1834a6c0
27365,953,0,0x183e6400
27366,798,0,0x18482140
27367,996,0,0x1851de80
27368,1415,0,0x185b9bc0
27369,956,0,0x18655900
27370,1014,0,0x186f1640
27371,942,0,0x1878d380
27372,1063,0,0x188290c0
27373,1167,0,0x188c4e00
27374,1018,0,0x18960b40
27375,982,0,0x189fc880
27376,1006,0,0x18a985c0
27377,955,0,0x18b34300
27378,1015,0,0x18bd0040
27379,989,0,0x18c6bd80
27380,1019,0,0x18d07ac0
27381,802,0,0x18da3800
27382,1003,0,0x18e3f540
27383,950,0,0x18edb280
27384,1034,0,0x18f76fc0
27385,949,0,0x19012d00
27386,843,0,0x190aea40
27387,963,0,0x1914a780
27388,1034,0,0x191e64c0
27389,951,0,0x19282200
27390,1012,0,0x1931df40
27391,946,0,0x193b9c80
27392,1002,0,0x194559c0
27393,957,0,0x194f1700
27394,1016,0,0x1958d440
27395,953,0,0x19629180
27396,1008,0,0x196c4ec0
27397,955,0,0x19760c00
27398,1013,0,0x197fc940
27399,971,0,0x19898680
27400,1012,0,0x199343c0
27401,966,0,0x199d0100
27402,1004,0,0x19a6be40
27403,941,0,0x19b07b80
27404,1007,0,0x19ba38c0
27405,962,0,0x19c3f600
27406,1018,0,0x19cdb340
27407,980,0,0x19d77080
27408,1012,0,0x19e12dc0
27409,1159,0,0x19eaeb00
27410,1013,0,0x19f4a840
27411,973,0,0x19fe6580
27412,995,0,0x1a0822c0
27413,965,0,0x1a11e000
27414,1014,0,0x1a1b9d40
27415,963,0,0x1a255a80
27416,855,0,0x1a2f17c0
27417,2190,0,0x1a38d500
27418,729,0,0x1a429240
27419,36628,0,0x1a4c4f80
27420,546,0,0x1a560cc0
27421,715,0,0x1a5fca00
27422,521,0,0x1a698740
27423,806,0,0x1a734480
27424,534,0,0x1a7d01c0
27425,841,0,0x1a86bf00
27426,1008,0,0x1a907c40
27427,25449,0,0x1a9a3980
27428,332,0,0x1aa3f6c0
27429,85981,0,0x1aadb400
27430,1811,0,0x1ab77140
27431,1678,0,0x1ac12e80
27432,1222,0,0x1acaebc0
27433,954,0,0x1ad4a900
27434,34219,0,0x1ade6640
27435,545,0,0x1ae82380
27436,576,0,0x1af1e0c0
27437,784,0,0x1afb9e00
27438,19409,0,0x1b055b40
27439,685,0,0x1b0f1880
27440,87028,0,0x1b18d5c0
27441,994,0,0x1b229300
27442,11648,0,0x1b2c5040
27443,1428,0,0x1b360d80
27444,1005,0,0x1b3fcac0
27445,961,0,0x1b498800
27446,1005,0,0x1b534540
27447,965,0,0x1b5d0280
27448,990,0,0x1b66bfc0
27449,952,0,0x1b707d00
27450,833,0,0x1b7a3a40
27451,986,0,0x1b83f780
27452,1005,0,0x1b8db4c0
27453,780,0,0x1b977200
27454,998,0,0x1ba12f40
27455,944,0,0x1baaec80
27456,987,0,0x1bb4a9c0
27457,951,0,0x1bbe6700
27458,1001,0,0x1bc82440
27459,782,0,0x1bd1e180
27460,984,0,0x1bdb9ec0
27461,978,0,0x1be55c00
27462,951,0,0x1bef1940
27463,824,0,0x1bf8d680
27464,1008,0,0x1c0293c0
27465,1017,0,0x1c0c5100
27466,932,0,0x1c160e40
27467,1212,0,0x1c1fcb80
27468,937,0,0x1c2988c0
27469,999,0,0x1c334600
27470,995,0,0x1c3d0340
27471,560,0,0x1c46c080
27472,2578,0,0x1c507dc0
27473,16812,0,0x1c63f840
27474,84757,0,0x1c6db580
27475,7649,0,0x1c7772c0
27476,958,0,0x1c813000
27477,10736,0,0x1c8aed40
27478,1231,0,0x1c94aa80
27479,1204,0,0x1c9e67c0
27480,808,0,0x1ca82500
27481,955,0,0x1cb1e240
27482,1013,0,0x1cbb9f80
27483,955,0,0x1cc55cc0
27484,1011,0,0x1ccf1a00
27485,815,0,0x1cd8d740
27486,1049,0,0x1ce29480
27487,990,0,0x1cec51c0
27488,1007,0,0x1cf60f00
27489,781,0,0x1cffcc40
27490,984,0,0x1d098980
27491,957,0,0x1d1346c0
27492,833,0,0x1d1d0400
27493,1252,0,0x1d26c140
27494,1021,0,0x1d307e80
27495,1160,0,0x1d3a3bc0
27496,1011,0,0x1d43f900
27497,960,0,0x1d4db640
27498,1014,0,0x1d577380
27499,1170,0,0x1d6130c0
27500,1016,0,0x1d6aee00
27501,960,0,0x1d74ab40
27502,1002,0,0x1d7e6880
27503,969,0,0x1d8825c0
27504,1003,0,0x1d91e300
27505,806,0,0x1d9ba040
27506,1003,0,0x1da55d80
27507,977,0,0x1daf1ac0
27508,845,0,0x1db8d800
27509,1158,0,0x1dc29540
27510,810,0,0x1dcc5280
27511,970,0,0x1dd60fc0
27512,1698,0,0x1ddfcd00
27513,1392,0,0x1de98a40
27514,931,0,0x1df34780
27515,1008,0,0x1dfd04c0
27516,1274,0,0x1e06c200
27517,988,0,0x1e107f40
27518,961,0,0x1e1a3c80
27519,1005,0,0x1e23f9c0
27520,964,0,0x1e2db700
27521,853,0,0x1e377440
27522,974,0,0x1e413180
27523,1008,0,0x1e4aeec0
27524,958,0,0x1e54ac00
27525,1012,0,0x1e5e6940
27526,942,0,0x1e682680
27527,819,0,0x1e71e3c0
27528,988,0,0x1e7ba100
27529,1015,0,0x1e855e40
27530,961,0,0x1e8f1b80
27531,1032,0,0x1e98d8c0
27532,958,0,0x1ea29600
27533,1008,0,0x1eac5340
27534,955,0,0x1eb61080
27535,856,0,0x1ebfcdc0
27536,989,0,0x1ec98b00
27537,951,0,0x1ed34840
27538,954,0,0x1edd0580
27539,1004,0,0x1ee6c2c0
27540,899,0,0x1ef08000
27541,1027,0,0x1efa3d40
27542,797,0,0x1f03fa80
27543,986,0,0x1f0db7c0
27544,1007,0,0x1f177500
27545,961,0,0x1f213240
27546,1001,0,0x1f2aef80
27547,782,0,0x1f34acc0
27548,1032,0,0x1f3e6a00
27549,1640,0,0x1f482740
27550,799,0,0x1f51e480
27551,1008,0,0x1f5ba1c0
27552,1143,0,0x1f655f00
27553,1002,0,0x1f6f1c40
27554,953,0,0x1f78d980
27555,1014,0,0x1f8296c0
27556,944,0,0x1f8c5400
27557,1006,0,0x1f961140
27558,1376,0,0x1f9fce80
27559,1424,0,0x1fa98bc0
27560,853,0,0x1fb34900
27561,1008,0,0x1fbd0640
27562,1212,0,0x1fc6c380
27563,1154,0,0x1fd080c0
27564,793,0,0x1fda3e00
27565,961,0,0x1fe3fb40
27566,834,0,0x1fedb880
27567,950,0,0x1ff775c0
27568,1004,0,0x20013300
27569,785,0,0x200af040
27570,964,0,0x2014ad80
27571,1001,0,0x201e6ac0
27572,1036,0,0x20282800
27573,832,0,0x2031e540
27574,1000,0,0x203ba280
27575,1012,0,0x20455fc0
27576,772,0,0x204f1d00
27577,1023,0,0x2058da40
27578,828,0,0x20629780
27579,808,0,0x206c54c0
27580,1346,0,0x20761200
27581,899,0,0x207fcf40
27582,798,0,0x20898c80
27583,990,0,0x209349c0
27584,969,0,0x209d0700
27585,1004,0,0x20a6c440
27586,975,0,0x20b08180
27587,996,0,0x20ba3ec0
27588,948,0,0x20c3fc00
27589,1035,0,0x20cdb940
27590,2077,0,0x20d77680
27591,2052,0,0x20e133c0
27592,2081,0,0x20eaf100
27593,1045,0,0x20f4ae40
27594,52501,0,0x20fe6b80
27595,633,0,0x210828c0
27596,558,0,0x2111e600
27597,551,0,0x211ba340
27598,532,0,0x21256080
27599,552,0,0x212f1dc0
27600,74987,0,0x2138db00
27601,311,0,0x21429840
27602,24631,0,0x214c5580
27603,565,0,0x215612c0
27604,1227,0,0x215fd000
27605,1086,0,0x21698d40
27606,793,0,0x21734a80
27607,955,0,0x217d07c0
27608,44729,0,0x2186c500
27609,533,0,0x21908240
27610,72175,0,0x219a3f80
27611,28698,0,0x21a3fcc0
27612,870,0,0x21adba00
27613,516,0,0x21b77740
27614,716,0,0x21c13480
27615,557,0,0x21caf1c0
27616,535,0,0x21d4af00
27617,722,0,0x21de6c40
27618,512,0,0x21e82980
27619,677,0,0x21f1e6c0
27620,2819,0,0x21fba400
27621,1227,0,0x22056140
27622,1003,0,0x220f1e80
27623,921,0,0x2218dbc0
27624,1004,0,0x22229900
27625,1167,0,0x222c5640
27626,1024,0,0x22361380
27627,977,0,0x223fd0c0
27628,1004,0,0x22498e00
27629,959,0,0x22534b40
27630,841,0,0x225d0880
27631,951,0,0x2266c5c0
27632,1015,0,0x22708300
27633,958,0,0x227a4040
27634,1077,0,0x2283fd80
27635,758,0,0x228dbac0
27636,965,0,0x22977800
27637,815,0,0x22a13540
27638,960,0,0x22aaf280
27639,865,0,0x22b4afc0
27640,980,0,0x22be6d00
27641,1003,0,0x22c82a40
27642,961,0,0x22d1e780
27643,1005,0,0x22dba4c0
27644,957,0,0x22e56200
27645,997,0,0x22ef1f40
27646,946,0,0x22f8dc80
27647,839,0,0x230299c0
27648,975,0,0x230c5700
27649,1012,0,0x23161440
27650,1171,0,0x231fd180
27651,1000,0,0x23298ec0
27652,1167,0,0x23334c00
27653,2105,0,0x233d0940
27654,307,0,0x2346c680
27655,469,0,0x235083c0
27656,9673,0,0x2363fe40
27657,59004,0,0x236dbb80
27658,731,0,0x237778c0
27659,773,0,0x23813600
27660,522,0,0x238af340
27661,716,0,0x2394b080
27662,585,0,0x239e6dc0
27663,568,0,0x23a82b00
27664,726,0,0x23b1e840
27665,535,0,0x23bba580
27666,642,0,0x23c562c0
27667,734,0,0x23cf2000
27668,796,0,0x23d8dd40
27669,558,0,0x23e29a80
27670,570,0,0x23ec57c0
27671,713,0,0x23f61500
27672,536,0,0x23ffd240
27673,798,0,0x24098f80
27674,533,0,0x24134cc0
27675,774,0,0x241d0a00
27676,997,0,0x2426c740
27677,23013,0,0x24308480
27678,15158,0,0x243a41c0
27679,1036,0,0x2443ff00
27680,1010,0,0x244dbc40
27681,1009,0,0x24577980
27682,958,0,0x246136c0
27683,816,0,0x246af400
27684,1173,0,0x2474b140
27685,1015,0,0x247e6e80
27686,942,0,0x24882bc0
27687,989,0,0x2491e900
27688,971,0,0x249ba640
27689,1006,0,0x24a56380
27690,964,0,0x24af20c0
27691,1005,0,0x24b8de00
27692,957,0,0x24c29b40
27693,822,0,0x24cc5880
27694,962,0,0x24d615c0
27695,864,0,0x24dfd300
27696,962,0,0x24e99040
27697,870,0,0x24f34d80
27698,968,0,0x24fd0ac0
27699,1020,0,0x2506c800
27700,951,0,0x25108540
27701,991,0,0x251a4280
27702,946,0,0x2523ffc0
27703,1003,0,0x252dbd00
27704,795,0,0x25377a40
27705,1015,0,0x25413780
27706,875,0,0x254af4c0
27707,1271,0,0x2554b200
27708,81787,0,0x255e6f40
27709,980,0,0x25682c80
27710,878,0,0x2571e9c0
27711,19068,0,0x257ba700
27712,49398,0,0x25856440
27713,5261,0,0x258f2180
27714,1169,0,0x2598dec0
27715,1028,0,0x25a29c00
27716,1216,0,0x25ac5940
27717,1149,0,0x25b61680
27718,1021,0,0x25bfd3c0
27719,1157,0,0x25c99100
27720,1223,0,0x25d34e40
27721,1028,0,0x25dd0b80
27722,1161,0,0x25e6c8c0
27723,1214,0,0x25f08600
27724,944,0,0x25fa4340
27725,1018,0,0x26040080
27726,1013,0,0x260dbdc0
27727,1012,0,0x26177b00
27728,956,0,0x26213840
27729,1411,0,0x262af580
27730,1034,0,0x2634b2c0
27731,902,0,0x263e7000
27732,1006,0,0x26482d40
27733,953,0,0x2651ea80
27734,971,0,0x265ba7c0
27735,949,0,0x26656500
27736,1010,0,0x266f2240
27737,952,0,0x2678df80
27738,1399,0,0x26829cc0
27739,963,0,0x268c5a00
27740,986,0,0x26961740
27741,1000,0,0x269fd480
27742,1233,0,0x26a991c0
27743,964,0,0x26b34f00
27744,1428,0,0x26bd0c40
27745,989,0,0x26c6c980
27746,1249,0,0x26d086c0
27747,1000,0,0x26da4400
27748,1407,0,0x26e40140
27749,1157,0,0x26edbe80
27750,1006,0,0x26f77bc0
27751,965,0,0x27013900
27752,1050,0,0x270af640
27753,1167,0,0x2714b380
27754,1191,0,0x271e70c0
27755,1211,0,0x27282e00
27756,961,0,0x2731eb40
27757,952,0,0x273ba880
27758,1173,0,0x274565c0
27759,1035,0,0x274f2300
27760,1158,0,0x2758e040
27761,1017,0,0x27629d80
27762,987,0,0x276c5ac0
27763,1009,0,0x27761800
27764,978,0,0x277fd540
27765,989,0,0x27899280
27766,951,0,0x27934fc0
27767,994,0,0x279d0d00
27768,959,0,0x27a6ca40
27769,848,0,0x27b08780
27770,1249,0,0x27ba44c0
27771,787,0,0x27c40200
27772,1620,0,0x27cdbf40
27773,883,0,0x27d77c80
27774,526,0,0x27e139c0
27775,1899,0,0x27eaf700
27776,1078,0,0x27f4b440
27777,970,0,0x27fe7180
27778,1252,0,0x28082ec0
27779,966,0,0x2811ec00
27780,1009,0,0x281ba940
27781,982,0,0x28256680
27782,3786,0,0x282f23c0
27783,46887,0,0x2838e100
27784,94198,0,0x28429e40
27785,525,0,0x284c5b80
27786,541,0,0x285618c0
27787,847,0,0x285fd600
27788,535,0,0x28699340
27789,732,0,0x28735080
27790,6737,0,0x287d0dc0
27791,1201,0,0x2886cb00
27792,963,0,0x28908840
27793,984,0,0x289a4580
27794,853,0,0x28a402c0
27795,1501,0,0x28adc000
27796,1831,0,0x28b77d40
27797,989,0,0x28c13a80
27798,1425,0,0x28caf7c0
27799,999,0,0x28d4b500
27800,975,0,0x28de7240
27801,1009,0,0x28e82f80
27802,964,0,0x28f1ecc0
27803,1072,0,0x28fbaa00
27804,951,0,0x29056740
27805,1006,0,0x290f2480
27806,1029,0,0x2918e1c0
27807,983,0,0x29229f00
27808,981,0,0x292c5c40
27809,828,0,0x29361980
27810,959,0,0x293fd6c0
27811,1009,0,0x29499400
27812,968,0,0x29535140
27813,1004,0,0x295d0e80
27814,954,0,0x2966cbc0
27815,1008,0,0x29708900
27816,812,0,0x297a4640
27817,996,0,0x29840380
27818,1007,0,0x298dc0c0
27819,960,0,0x29977e00
27820,991,0,0x29a13b40
27821,951,0,0x29aaf880
27822,1020,0,0x29b4b5c0
27823,1213,0,0x29be7300
27824,763,0,0x29c83040
27825,820,0,0x29d1ed80
27826,872,0,0x29dbaac0
27827,1055,0,0x29e56800
27828,760,0,0x29ef2540
27829,967,0,0x29f8e280
27830,1006,0,0x2a029fc0
27831,964,0,0x2a0c5d00
27832,999,0,0x2a161a40
27833,943,0,0x2a1fd780
27834,1022,0,0x2a2994c0
27835,971,0,0x2a335200
27836,1003,0,0x2a3d0f40
27837,957,0,0x2a46cc80
27838,1012,0,0x2a5089c0
27839,1219,0,0x2a5a4700
27840,983,0,0x2a640440
27841,1002,0,0x2a6dc180
27842,955,0,0x2a777ec0
27843,986,0,0x2a813c00
27844,965,0,0x2a8af940
27845,1016,0,0x2a94b680
27846,959,0,0x2a9e73c0
27847,1023,0,0x2aa83100
27848,1164,0,0x2ab1ee40
27849,999,0,0x2abbab80
27850,948,0,0x2ac568c0
27851,1000,0,0x2acf2600
27852,952,0,0x2ad8e340
27853,1012,0,0x2ae2a080
27854,957,0,0x2aec5dc0
27855,1003,0,0x2af61b00
27856,982,0,0x2affd840
27857,983,0,0x2b099580
27858,951,0,0x2b1352c0
27859,1078,0,0x2b1d1000
27860,1207,0,0x2b26cd40
27861,1024,0,0x2b308a80
27862,976,0,0x2b3a47c0
27863,1006,0,0x2b440500
27864,1032,0,0x2b4dc240
27865,985,0,0x2b577f80
27866,960,0,0x2b613cc0
27867,1018,0,0x2b6afa00
27868,940,0,0x2b74b740
27869,1013,0,0x2b7e7480
27870,786,0,0x2b8831c0
27871,1003,0,0x2b91ef00
27872,972,0,0x2b9bac40
27873,1011,0,0x2ba56980
27874,967,0,0x2baf26c0
27875,1002,0,0x2bb8e400
27876,948,0,0x2bc2a140
27877,743,0,0x2bcc5e80
27878,1253,0,0x2bd61bc0
27879,741,0,0x2bdfd900
27880,986,0,0x2be99640
27881,990,0,0x2bf35380
27882,926,0,0x2bfd10c0
27883,997,0,0x2c06ce00
27884,782,0,0x2c108b40
27885,959,0,0x2c1a4880
27886,1002,0,0x2c2405c0
27887,964,0,0x2c2dc300
27888,1007,0,0x2c378040
27889,958,0,0x2c413d80
27890,852,0,0x2c4afac0
27891,1005,0,0x2c54b800
27892,1008,0,0x2c5e7540
27893,969,0,0x2c683280
27894,1204,0,0x2c71efc0
27895,957,0,0x2c7bad00
27896,784,0,0x2c856a40
27897,959,0,0x2c8f2780
27898,865,0,0x2c98e4c0
27899,1605,0,0x2ca2a200
27900,948,0,0x2cac5f40
27901,774,0,0x2cb61c80
27902,1015,0,0x2cbfd9c0
27903,961,0,0x2cc99700
27904,819,0,0x2cd35440
27905,955,0,0x2cdd1180
27906,853,0,0x2ce6cec0
27907,1390,0,0x2cf08c00
27908,113583,0,0x2d040680
27909,584,0,0x2d0dc3c0
27910,785,0,0x2d178100
27911,108546,0,0x2d2afb80
27912,724,0,0x2d34b8c0
27913,567,0,0x2d3e7600
27914,596,0,0x2d483340
27915,750,0,0x2d51f080
27916,1751,0,0x2d5badc0
27917,816,0,0x2d656b00
27918,841,0,0x2d6f2840
27919,13510,0,0x2d78e580
27920,1006,0,0x2d82a2c0
27921,1019,0,0x2d8c6000
27922,961,0,0x2d961d40
27923,1433,0,0x2d9fda80
27924,960,0,0x2da997c0
27925,1001,0,0x2db35500
27926,1004,0,0x2dbd1240
27927,1026,0,0x2dc6cf80
27928,998,0,0x2dd08cc0
27929,1028,0,0x2dda4a00
27930,943,0,0x2de40740
27931,1060,0,0x2dedc480
27932,967,0,0x2df781c0
27933,1002,0,0x2e013f00
27934,952,0,0x2e0afc40
27935,822,0,0x2e14b980
27936,986,0,0x2e1e76c0
27937,1020,0,0x2e283400
27938,975,0,0x2e31f140
27939,1005,0,0x2e3bae80
27940,954,0,0x2e456bc0
27941,1001,0,0x2e4f2900
27942,903,0,0x2e58e640
27943,1051,0,0x2e62a380
27944,1148,0,0x2e6c60c0
27945,996,0,0x2e761e00
27946,959,0,0x2e7fdb40
27947,1011,0,0x2e899880
27948,1177,0,0x2e9355c0
27949,994,0,0x2e9d1300
27950,1203,0,0x2ea6d040
27951,996,0,0x2eb08d80
27952,931,0,0x2eba4ac0
27953,1241,0,0x2ec40800
27954,841,0,0x2ecdc540
27955,961,0,0x2ed78280
27956,1008,0,0x2ee13fc0
27957,84804,0,0x2eeafd00
27958,1287,0,0x2ef4ba40
27959,658,0,0x2efe7780
27960,1918,0,0x2f0834c0
27961,968,0,0x2f11f200
27962,766,0,0x2f1baf40
27963,523,0,0x2f256c80
27964,718,0,0x2f2f29c0
27965,530,0,0x2f38e700
27966,613,0,0x2f42a440
27967,714,0,0x2f4c6180
27968,806,0,0x2f561ec0
27969,759,0,0x2f5fdc00
27970,574,0,0x2f699940
27971,721,0,0x2f735680
27972,577,0,0x2f7d13c0
27973,795,0,0x2f86d100
27974,591,0,0x2f908e40
27975,841,0,0x2f9a4b80
27976,552,0,0x2fa408c0
27977,938,0,0x2fadc600
27978,567,0,0x2fb78340
27979,722,0,0x2fc14080
27980,778,0,0x2fcafdc0
27981,558,0,0x2fd4bb00
27982,1126,0,0x2fde7840
27983,844,0,0x2fe83580
27984,535,0,0x2ff1f2c0
27985,712,0,0x2ffbb000
27986,516,0,0x30056d40
27987,717,0,0x300f2a80
27988,522,0,0x3018e7c0
27989,760,0,0x3022a500
27990,38291,0,0x302c6240
27991,1432,0,0x30361f80
27992,1216,0,0x303fdcc0
27993,989,0,0x30499a00
27994,1202,0,0x30535740
27995,1183,0,0x305d1480
27996,1648,0,0x3066d1c0
27997,1206,0,0x30708f00
27998,969,0,0x307a4c40
27999,1206,0,0x30840980
28000,1005,0,0x308dc6c0
28001,1020,0,0x30978400
28002,1249,0,0x30a14140
28003,1156,0,0x30aafe80
28004,975,0,0x30b4bbc0
28005,1138,0,0x30be7900
28006,1055,0,0x30c83640
28007,1437,0,0x30d1f380
28008,1160,0,0x30dbb0c0
28009,1163,0,0x30e56e00
28010,958,0,0x30ef2b40
28011,1211,0,0x30f8e880
28012,1202,0,0x3102a5c0
28013,988,0,0x310c6300
28014,1211,0,0x31162040
28015,1162,0,0x311fdd80
28016,1223,0,0x31299ac0
28017,1220,0,0x31335800
28018,1052,0,0x313d1540
28019,1222,0,0x3146d280
28020,981,0,0x31508fc0
28021,1205,0,0x315a4d00
28022,984,0,0x31640a40
28023,1009,0,0x316dc780
28024,1000,0,0x317784c0
28025,1047,0,0x31814200
28026,1169,0,0x318aff40
28027,1612,0,0x3194bc80
28028,1011,0,0x319e79c0
28029,983,0,0x31a83700
28030,1618,0,0x31b1f440
28031,1463,0,0x31bbb180
28032,1220,0,0x31c56ec0
28033,964,0,0x31cf2c00
28034,1212,0,0x31d8e940
28035,956,0,0x31e2a680
28036,1042,0,0x31ec63c0
28037,965,0,0x31f62100
28038,1009,0,0x31ffde40
28039,988,0,0x32099b80
28040,3342,0,0x321d1600
28041,1399,0,0x3226d340
28042,1197,0,0x32309080
28043,962,0,0x323a4dc0
28044,1224,0,0x32440b00
28045,918,0,0x324dc840
28046,1126,0,0x32578580
28047,986,0,0x326142c0
28048,1374,0,0x326b0000
28049,1162,0,0x3274bd40
28050,1282,0,0x327e7a80
28051,925,0,0x328837c0
28052,1195,0,0x3291f500
28053,1183,0,0x329bb240
28054,931,0,0x32a56f80
28055,1245,0,0x32af2cc0
28056,972,0,0x32b8ea00
28057,1277,0,0x32c2a740
28058,953,0,0x32cc6480
28059,1179,0,0x32d621c0
28060,1179,0,0x32dfdf00
28061,1216,0,0x32e99c40
28062,1377,0,0x32f35980
28063,916,0,0x32fd16c0
28064,9622,0,0x33109140
28065,39263,0,0x331a4e80
28066,29564,0,0x332dc900
28067,735,0,0x33378640
28068,582,0,0x33414380
28069,772,0,0x334b00c0
28070,535,0,0x3354be00
28071,714,0,0x335e7b40
28072,21703,0,0x33683880
28073,63545,0,0x3371f5c0
28074,759,0,0x337bb300
28075,969,0,0x33857040
28076,1303,0,0x338f2d80
28077,26958,0,0x33a2a800
28078,1253,0,0x33ac6540
28079,87584,0,0x33b62280
28080,736,0,0x33bfdfc0
28081,614,0,0x33c99d00
28082,755,0,0x33d35a40
28083,541,0,0x33dd1780
28084,811,0,0x33e6d4c0
28085,1145,0,0x33f09200
28086,1187,0,0x33fa4f40
28087,946,0,0x34040c80
28088,998,0,0x340dc9c0
28089,937,0,0x34178700
28090,994,0,0x34214440
28091,937,0,0x342b0180
28092,939,0,0x3434bec0
28093,808,0,0x343e7c00
28094,1015,0,0x34483940
28095,951,0,0x3451f680
28096,992,0,0x345bb3c0
28097,930,0,0x34657100
28098,1002,0,0x346f2e40
28099,941,0,0x3478eb80
28100,987,0,0x3482a8c0
28101,941,0,0x348c6600
28102,983,0,0x34962340
28103,964,0,0x349fe080
28104,990,0,0x34a99dc0
28105,947,0,0x34b35b00
28106,730,0,0x34bd1840
28107,949,0,0x34c6d580
28108,988,0,0x34d092c0
28109,1160,0,0x34da5000
28110,832,0,0x34e40d40
28111,947,0,0x34edca80
28112,1001,0,0x34f787c0
28113,1161,0,0x35014500
28114,983,0,0x350b0240
28115,944,0,0x3514bf80
28116,796,0,0x351e7cc0
28117,1349,0,0x35283a00
28118,1001,0,0x3531f740
28119,938,0,0x353bb480
28120,994,0,0x354571c0
28121,1154,0,0x354f2f00
28122,1006,0,0x3558ec40
28123,946,0,0x3562a980
28124,830,0,0x356c66c0
28125,898,0,0x35762400
28126,1001,0,0x357fe140
28127,945,0,0x35899e80
28128,1047,0,0x35935bc0
28129,770,0,0x359d1900
28130,872,0,0x35a6d640
28131,1098,0,0x35b09380
28132,737,0,0x35ba50c0
28133,512,0,0x35c40e00
28134,723,0,0x35cdcb40
28135,90453,0,0x35d78880
28136,600,0,0x35e145c0
28137,611,0,0x35eb0300
28138,987,0,0x35f4c040
28139,573,0,0x35fe7d80
28140,627,0,0x36083ac0
28141,591,0,0x3611f800
28142,746,0,0x361bb540
28143,47200,0,0x36257280
28144,359,0,0x362f2fc0
28145,4334,0,0x3638ed00
28146,865,0,0x3642aa40
28147,935,0,0x364c6780
28148,775,0,0x365624c0
28149,711,0,0x365fe200
28150,750,0,0x36699f40
28151,883,0,0x36735c80
28152,531,0,0x367d19c0
28153,494,0,0x3686d700
28154,19742,0,0x369a5180
28155,582,0,0x36a40ec0
28156,48750,0,0x36b78940
28157,554,0,0x36c14680
28158,719,0,0x36cb03c0
28159,991,0,0x36d4c100
28160,519,0,0x36de7e40
28161,714,0,0x36e83b80
28162,514,0,0x36f1f8c0
28163,671,0,0x36fbb600
28164,1854,0,0x37057340
28165,1616,0,0x370f3080
28166,13875,0,0x3722ab00
28167,779,0,0x372c6840
28168,16123,0,0x37362580
28169,85570,0,0x373fe2c0
28170,672,0,0x3749a000
28171,581,0,0x37535d40
28172,722,0,0x375d1a80
28173,853,0,0x3766d7c0
28174,5578,0,0x377a5240
28175,3727,0,0x37840f80
28176,551,0,0x378dccc0
28177,498,0,0x37978a00
28178,761,0,0x37a14740
28179,565,0,0x37ab0480
28180,105157,0,0x37b4c1c0
28181,728,0,0x37be7f00
28182,530,0,0x37c83c40
28183,763,0,0x37d1f980
28184,37041,0,0x37dbb6c0
28185,11606,0,0x37e57400
28186,752,0,0x37ef3140
28187,602,0,0x37f8ee80
28188,659,0,0x3802abc0
28189,752,0,0x380c6900
28190,101825,0,0x38162640
28191,999,0,0x381fe380
28192,1170,0,0x3829a0c0
28193,772,0,0x38335e00
28194,1572,0,0x383d1b40
28195,597,0,0x3846d880
28196,720,0,0x385095c0
28197,804,0,0x385a5300
28198,577,0,0x38641040
28199,532,0,0x386dcd80
28200,713,0,0x38778ac0
28201,511,0,0x38814800
28202,1127,0,0x388b0540
28203,517,0,0x3894c280
28204,802,0,0x389e7fc0
28205,735,0,0x38a83d00
28206,18796,0,0x38b1fa40
28207,581,0,0x38bbb780
28208,19266,0,0x38c574c0
28209,626,0,0x38cf3200
28210,982,0,0x38d8ef40
28211,1012,0,0x38e2ac80
28212,603,0,0x38ec69c0
28213,749,0,0x38f62700
28214,96026,0,0x38ffe440
28215,530,0,0x3909a180
28216,14791,0,0x39135ec0
28217,737,0,0x391d1c00
28218,839,0,0x3926d940
28219,525,0,0x39309680
28220,793,0,0x393a53c0
28221,525,0,0x39441100
28222,588,0,0x394dce40
28223,733,0,0x39578b80
28224,9157,0,0x396148c0
28225,28650,0,0x396b0600
28226,567,0,0x3974c340
28227,580,0,0x397e8080
28228,643,0,0x39883dc0
28229,754,0,0x3991fb00
28230,555,0,0x399bb840
28231,622,0,0x39a57580
28232,751,0,0x39af32c0
28233,543,0,0x39b8f000
28234,577,0,0x39c2ad40
28235,626,0,0x39cc6a80
28236,748,0,0x39d627c0
28237,546,0,0x39dfe500
28238,540,0,0x39e9a240
28239,570,0,0x39f35f80
28240,1167,0,0x39fd1cc0
28241,561,0,0x3a06da00
28242,552,0,0x3a109740
28243,584,0,0x3a1a5480
28244,803,0,0x3a2411c0
28245,529,0,0x3a2dcf00
28246,725,0,0x3a378c40
28247,552,0,0x3a414980
28248,601,0,0x3a4b06c0
28249,572,0,0x3a54c400
28250,765,0,0x3a5e8140
28251,582,0,0x3a683e80
28252,617,0,0x3a71fbc0
28253,779,0,0x3a7bb900
28254,800,0,0x3a857640
28255,68546,0,0x3a8f3380
28256,538,0,0x3a98f0c0
28257,533,0,0x3aa2ae00
28258,580,0,0x3aac6b40
28259,539,0,0x3ab62880
28260,758,0,0x3abfe5c0
28261,539,0,0x3ac9a300
28262,576,0,0x3ad36040
28263,16540,0,0x3add1d80
28264,767,0,0x3ae6dac0
28265,588,0,0x3af09800
28266,3168,0,0x3afa5540
28267,60053,0,0x3b041280
28268,599,0,0x3b0dcfc0
28269,543,0,0x3b178d00
28270,753,0,0x3b214a40
28271,549,0,0x3b2b0780
28272,588,0,0x3b34c4c0
28273,645,0,0x3b3e8200
28274,595,0,0x3b483f40
28275,954,0,0x3b51fc80
28276,585,0,0x3b5bb9c0
28277,546,0,0x3b657700
28278,590,0,0x3b6f3440
28279,579,0,0x3b78f180
28280,659,0,0x3b82aec0
28281,595,0,0x3b8c6c00
28282,753,0,0x3b962940
28283,59681,0,0x3b9fe680
28284,19096,0,0x3ba9a3c0
28285,787,0,0x3bb36100
28286,630,0,0x3bbd1e40
28287,78212,0,0x3bc6db80
28288,642,0,0x3bd098c0
28289,748,0,0x3bda5600
28290,54490,0,0x3be41340
28291,859,0,0x3bedd080
28292,553,0,0x3bf78dc0
28293,532,0,0x3c014b00
28294,531,0,0x3c0b0840
28295,1209,0,0x3c14c580
28296,12811,0,0x3c1e82c0
28297,2021,0,0x3c284000
28298,82036,0,0x3c31fd40
28299,766,0,0x3c3bba80
28300,884,0,0x3c4577c0
28301,55979,0,0x3c4f3500
28302,843,0,0x3c58f240
28303,589,0,0x3c62af80
28304,541,0,0x3c6c6cc0
28305,583,0,0x3c762a00
28306,6942,0,0x3c7fe740
28307,734,0,0x3c89a480
28308,845,0,0x3c9361c0
28309,547,0,0x3c9d1f00
28310,743,0,0x3ca6dc40
28311,80329,0,0x3cb09980
28312,748,0,0x3cba56c0
28313,591,0,0x3cc41400
28314,822,0,0x3ccdd140
28315,55937,0,0x3cd78e80
28316,2453,0,0x3ce14bc0
28317,14800,0,0x3ceb0900
28318,814,0,0x3cf4c640
28319,599,0,0x3cfe8380
28320,735,0,0x3d0840c0
28321,559,0,0x3d11fe00
28322,617,0,0x3d1bbb40
28323,1143,0,0x3d257880
28324,560,0,0x3d2f35c0
28325,546,0,0x3d38f300
28326,720,0,0x3d42b040
28327,991,0,0x3d4c6d80
28328,576,0,0x3d562ac0
28329,676,0,0x3d5fe800
28330,516,0,0x3d69a540
28331,722,0,0x3d736280
28332,545,0,0x3d7d1fc0
28333,844,0,0x3d86dd00
28334,527,0,0x3d909a40
28335,586,0,0x3d9a5780
28336,734,0,0x3da414c0
28337,593,0,0x3dadd200
28338,712,0,0x3db78f40
28339,517,0,0x3dc14c80
28340,607,0,0x3dcb09c0
28341,730,0,0x3dd4c700
28342,926,0,0x3dde8440
28343,838,0,0x3de84180
28344,57981,0,0x3df1fec0
28345,817,0,0x3dfbbc00
28346,798,0,0x3e057940
28347,604,0,0x3e0f3680
28348,757,0,0x3e18f3c0
28349,639,0,0x3e22b100
28350,1003,0,0x3e2c6e40
28351,750,0,0x3e362b80
28352,589,0,0x3e3fe8c0
28353,984,0,0x3e49a600
28354,813,0,0x3e536340
28355,43879,0,0x3e5d2080
28356,44245,0,0x3e66ddc0
28357,728,0,0x3e709b00
28358,590,0,0x3e7a5840
28359,742,0,0x3e841580
28360,529,0,0x3e8dd2c0
28361,615,0,0x3e979000
28362,724,0,0x3ea14d40
28363,550,0,0x3eab0a80
28364,784,0,0x3eb4c7c0
28365,540,0,0x3ebe8500
28366,711,0,0x3ec84240
28367,538,0,0x3ed1ff80
28368,593,0,0x3edbbcc0
28369,737,0,0x3ee57a00
28370,39865,0,0x3eef3740
28371,762,0,0x3ef8f480
28372,639,0,0x3f02b1c0
28373,628,0,0x3f0c6f00
28374,987,0,0x3f162c40
28375,755,0,0x3f1fe980
28376,587,0,0x3f29a6c0
28377,579,0,0x3f336400
28378,754,0,0x3f3d2140
28379,48475,0,0x3f46de80
28380,1178,0,0x3f509bc0
28381,740,0,0x3f5a5900
28382,57597,0,0x3f641640
28383,581,0,0x3f6dd380
28384,722,0,0x3f7790c0
28385,843,0,0x3f814e00
28386,45525,0,0x3f8b0b40
28387,809,0,0x3f94c880
28388,814,0,0x3f9e85c0
28389,43670,0,0x3fa84300
28390,3660,0,0x3fb20040
28391,601,0,0x3fbbbd80
28392,601,0,0x3fc57ac0
28393,546,0,0x3fcf3800
28394,539,0,0x3fd8f540
28395,570,0,0x3fe2b280
28396,57126,0,0x3fec6fc0
28397,823,0,0x3ff62d00
28398,732,0,0x3fffea40
28399,720,0,0x9a7c0
28400,47431,0,0x136500
28401,1641,0,0x1d2240
28402,1008,0,0x26df80
28403,1161,0,0x309cc0
28404,1008,0,0x3a5a00
28405,1166,0,0x441740
28406,1022,0,0x4dd480
28407,1232,0,0x5791c0
28408,954,0,0x614f00
28409,1038,0,0x6b0c40
28410,1175,0,0x74c980
28411,1430,0,0x7e86c0
28412,1217,0,0x884400
28413,949,0,0x920140
28414,1035,0,0x9bbe80
28415,1573,0,0xa57bc0
28416,1487,0,0xaf3900
28417,45281,0,0xc2b380
28418,744,0,0xcc70c0
28419,787,0,0xd62e00
28420,595,0,0xdfeb40
28421,558,0,0xe9a880
28422,820,0,0xf365c0
28423,515,0,0xfd2300
28424,579,0,0x106e040
28425,749,0,0x1109d80
28426,54767,0,0x11a5ac0
28427,8192,0,0x1241800
28428,540,0,0x12dd540
28429,599,0,0x1379280
28430,801,0,0x1414fc0
28431,12865,0,0x14b0d00
28432,77976,0,0x154ca40
28433,932,0,0x15e8780
28434,1217,0,0x16844c0
28435,47851,0,0x1720200
28436,15035,0,0x17bbf40
28437,597,0,0x1857c80
28438,574,0,0x18f39c0
28439,596,0,0x198f700
28440,641,0,0x1a2b440
28441,755,0,0x1ac7180
28442,563,0,0x1b62ec0
28443,523,0,0x1bfec00
28444,843,0,0x1c9a940
28445,4653,0,0x1d36680
28446,745,0,0x1dd23c0
28447,548,0,0x1e6e100
28448,548,0,0x1f09e40
28449,571,0,0x1fa5b80
28450,543,0,0x20418c0
28451,531,0,0x20dd600
28452,542,0,0x2179340
28453,583,0,0x2215080
28454,74262,0,0x22b0dc0
28455,817,0,0x234cb00
28456,794,0,0x23e8840
28457,1192,0,0x2484580
28458,537,0,0x25202c0
28459,708,0,0x25bc000
28460,570,0,0x2657d40
28461,719,0,0x26f3a80
28462,802,0,0x278f7c0
28463,560,0,0x282b500
28464,550,0,0x28c7240
28465,723,0,0x2962f80
28466,534,0,0x29fecc0
28467,713,0,0x2a9aa00
28468,532,0,0x2b36740
28469,790,0,0x2bd2480
28470,532,0,0x2c6e1c0
28471,720,0,0x2d09f00
28472,524,0,0x2da5c40
28473,617,0,0x2e41980
28474,709,0,0x2edd6c0
28475,525,0,0x2f79400
28476,826,0,0x3015140
28477,941,0,0x30b0e80
28478,568,0,0x314cbc0
28479,768,0,0x31e8900
28480,1231,0,0x3284640
28481,822,0,0x3320380
28482,946,0,0x33bc0c0
28483,610,0,0x3457e00
28484,716,0,0x34f3b40
28485,557,0,0x358f880
28486,9222,0,0x362b5c0
28487,28425,0,0x36c7300
28488,756,0,0x3763040
28489,605,0,0x37fed80
28490,635,0,0x389aac0
28491,761,0,0x3936800
28492,3955,0,0x39d2540
28493,994,0,0x3a6e280
28494,105398,0,0x3b09fc0
28495,723,0,0x3ba5d00
28496,537,0,0x3c41a40
28497,571,0,0x3cdd780
28498,728,0,0x3d794c0
28499,857,0,0x3e15200
28500,4267,0,0x3eb0f40
28501,623,0,0x3f4cc80
28502,35782,0,0x3fe89c0
28503,795,0,0x4084700
28504,3105,0,0x4120440
28505,610,0,0x41bc180
28506,545,0,0x4257ec0
28507,552,0,0x42f3c00
28508,1014,0,0x438f940
28509,107163,0,0x442b680
28510,834,0,0x44c73c0
28511,96463,0,0x45fee40
28512,20594,0,0x469ab80
28513,722,0,0x47368c0
28514,732,0,0x47d2600
28515,36633,0,0x486e340
28516,1230,0,0x490a080
28517,32282,0,0x4a41b00
28518,43001,0,0x4add840
28519,777,0,0x4b79580
28520,807,0,0x4c152c0
28521,519,0,0x4cb1000
28522,780,0,0x4d4cd40
28523,535,0,0x4de8a80
28524,576,0,0x4e847c0
28525,805,0,0x4f20500
28526,26401,0,0x4fbc240
28527,741,0,0x5057f80
28528,996,0,0x50f3cc0
28529,1065,0,0x518fa00
28530,594,0,0x522b740
28531,562,0,0x52c7480
28532,554,0,0x53631c0
28533,554,0,0x53fef00
28534,594,0,0x549ac40
28535,566,0,0x5536980
28536,557,0,0x55d26c0
28537,572,0,0x566e400
28538,578,0,0x570a140
28539,550,0,0x57a5e80
28540,575,0,0x5841bc0
28541,588,0,0x58dd900
28542,584,0,0x5979640
28543,556,0,0x5a15380
28544,555,0,0x5ab10c0
28545,559,0,0x5b4ce00
28546,595,0,0x5be8b40
28547,764,0,0x5c84880
28548,542,0,0x5d205c0
28549,997,0,0x5dbc300
28550,54469,0,0x5e58040
28551,54691,0,0x5ef3d80
28552,573,0,0x5f8fac0
28553,509,0,0x602b800
28554,622,0,0x60c7540
28555,717,0,0x6163280
28556,513,0,0x61fefc0
28557,838,0,0x629ad00
28558,25286,0,0x6336a40
28559,754,0,0x63d2780
28560,750,0,0x646e4c0
28561,610,0,0x650a200
28562,568,0,0x65a5f40
28563,762,0,0x6641c80
28564,491,0,0x66dd9c0
28565,631,0,0x6779700
28566,840,0,0x6815440
28567,550,0,0x68b1180
28568,606,0,0x694cec0
28569,771,0,0x69e8c00
28570,5226,0,0x6a84940
28571,757,0,0x6b20680
28572,593,0,0x6bbc3c0
28573,49040,0,0x6c58100
28574,64231,0,0x6cf3e40
28575,36074,0,0x6d8fb80
28576,816,0,0x6e2b8c0
28577,964,0,0x6ec7600
28578,523,0,0x6f63340
28579,748,0,0x6fff080
28580,549,0,0x709adc0
28581,583,0,0x7136b00
28582,821,0,0x71d2840
28583,756,0,0x726e580
28584,44358,0,0x730a2c0
28585,67996,0,0x73a6000
28586,799,0,0x7441d40
28587,40757,0,0x74dda80
28588,542,0,0x75797c0
28589,567,0,0x7615500
28590,1734,0,0x76b1240
28591,1251,0,0x774cf80
28592,64185,0,0x7884a00
28593,796,0,0x7920740
28594,718,0,0x79bc480
28595,862,0,0x7a581c0
28596,15745,0,0x7af3f00
28597,574,0,0x7b8fc40
28598,746,0,0x7c2b980
28599,7395,0,0x7cc76c0
28600,1188,0,0x7d63400
28601,674,0,0x7dff140
28602,757,0,0x7e9ae80
28603,554,0,0x7f36bc0
28604,565,0,0x7fd2900
28605,604,0,0x806e640
28606,579,0,0x810a380
28607,594,0,0x81a60c0
28608,802,0,0x8241e00
28609,560,0,0x82ddb40
28610,590,0,0x8379880
28611,747,0,0x84155c0
28612,585,0,0x84b1300
28613,546,0,0x854d040
28614,572,0,0x85e8d80
28615,1224,0,0x8684ac0
28616,973,0,0x8720800
28617,14298,0,0x87bc540
28618,612,0,0x8858280
28619,99257,0,0x88f3fc0
28620,994,0,0x898fd00
28621,720,0,0x8a2ba40
28622,14806,0,0x8ac7780
28623,601,0,0x8b634c0
28624,564,0,0x8bff200
28625,599,0,0x8c9af40
28626,559,0,0x8d36c80
28627,541,0,0x8dd29c0
28628,585,0,0x8e6e700
28629,592,0,0x8f0a440
28630,566,0,0x8fa6180
28631,559,0,0x9041ec0
28632,559,0,0x90ddc00
28633,592,0,0x9179940
28634,1176,0,0x9215680
28635,599,0,0x92b13c0
28636,564,0,0x934d100
28637,560,0,0x93e8e40
28638,551,0,0x9484b80
28639,814,0,0x95208c0
28640,555,0,0x95bc600
28641,766,0,0x9658340
28642,7130,0,0x96f4080
28643,613,0,0x978fdc0
28644,1012,0,0x982bb00
28645,1016,0,0x98c7840
28646,759,0,0x9963580
28647,551,0,0x99ff2c0
28648,543,0,0x9a9b000
28649,601,0,0x9b36d40
28650,590,0,0x9bd2a80
28651,2768,0,0x9c6e7c0
28652,625,0,0x9d0a500
28653,105266,0,0x9da6240
28654,31651,0,0x9e41f80
28655,783,0,0x9eddcc0
28656,14801,0,0x9f79a00
28657,672,0,0xa015740
28658,593,0,0xa0b1480
28659,109265,0,0xa14d1c0
28660,726,0,0xa1e8f00
28661,832,0,0xa284c40
28662,28486,0,0xa320980
28663,800,0,0xa3bc6c0
28664,11487,0,0xa458400
28665,567,0,0xa4f4140
28666,2252,0,0xa58fe80
28667,112280,0,0xa62bbc0
28668,577,0,0xa6c7900
28669,23149,0,0xa763640
28670,946,0,0xa7ff380
28671,997,0,0xa89b0c0
28672,6304,0,0xa936e00
28673,6387,0,0xa9d2b40
28674,113215,0,0xaa6e880
28675,732,0,0xab0a5c0
28676,777,0,0xaba6300
28677,530,0,0xac42040
28678,812,0,0xacddd80
28679,1076,0,0xad79ac0
28680,24856,0,0xae15800
28681,2797,0,0xaeb1540
28682,12386,0,0xaf4d280
28683,734,0,0xafe8fc0
28684,1033,0,0xb084d00
28685,559,0,0xb120a40
28686,588,0,0xb1bc780
28687,1225,0,0xb2584c0
28688,599,0,0xb2f4200
28689,758,0,0xb38ff40
28690,108857,0,0xb42bc80
28691,735,0,0xb4c79c0
28692,785,0,0xb563700
28693,571,0,0xb5ff440
28694,555,0,0xb69b180
28695,802,0,0xb736ec0
28696,19204,0,0xb7d2c00
28697,631,0,0xb86e940
28698,92424,0,0xb9a63c0
28699,15426,0,0xba42100
28700,25296,0,0xbadde40
28701,556,0,0xbb79b80
28702,1007,0,0xbc158c0
28703,753,0,0xbcb1600
28704,590,0,0xbd4d340
28705,492,0,0xbde9080
28706,599,0,0xbe84dc0
28707,784,0,0xbf20b00
28708,532,0,0xbfbc840
28709,578,0,0xc058580
28710,996,0,0xc0f42c0
28711,746,0,0xc190000
28712,101112,0,0xc22bd40
28713,3792,0,0xc2c7a80
28714,1183,0,0xc3637c0
28715,792,0,0xc3ff500
28716,12062,0,0xc49b240
28717,747,0,0xc536f80
28718,548,0,0xc5d2cc0
28719,557,0,0xc66ea00
28720,987,0,0xc70a740
28721,33099,0,0xc7a6480
28722,642,0,0xc8421c0
28723,596,0,0xc8ddf00
28724,759,0,0xc979c40
28725,94283,0,0xca15980
28726,634,0,0xcab16c0
28727,8957,0,0xcb4d400
28728,815,0,0xcbe9140
28729,14452,0,0xcc84e80
28730,758,0,0xcd20bc0
28731,489,0,0xcdbc900
28732,538,0,0xce58640
28733,540,0,0xcef4380
28734,561,0,0xcf900c0
28735,597,0,0xd02be00
28736,1431,0,0xd0c7b40
28737,547,0,0xd163880
28738,609,0,0xd1ff5c0
28739,554,0,0xd29b300
28740,563,0,0xd337040
28741,560,0,0xd3d2d80
28742,602,0,0xd46eac0
28743,1174,0,0xd50a800
28744,22613,0,0xd5a6540
28745,788,0,0xd642280
28746,492,0,0xd6ddfc0
28747,730,0,0xd779d00
28748,585,0,0xd815a40
28749,605,0,0xd8b1780
28750,595,0,0xd94d4c0
28751,805,0,0xd9e9200
28752,528,0,0xda84f40
28753,760,0,0xdb20c80
28754,809,0,0xdbbc9c0
28755,81634,0,0xdc58700
28756,14212,0,0xdcf4440
28757,578,0,0xdd90180
28758,722,0,0xde2bec0
28759,516,0,0xdec7c00
28760,560,0,0xdf63940
28761,727,0,0xdfff680
28762,583,0,0xe09b3c0
28763,1002,0,0xe137100
28764,1196,0,0xe1d2e40
28765,515,0,0xe26eb80
28766,721,0,0xe30a8c0
28767,522,0,0xe3a6600
28768,628,0,0xe442340
28769,719,0,0xe4de080
28770,540,0,0xe579dc0
28771,838,0,0xe615b00
28772,526,0,0xe6b1840
28773,714,0,0xe74d580
28774,999,0,0xe7e92c0
28775,565,0,0xe885000
28776,746,0,0xe920d40
28777,556,0,0xe9bca80
28778,892,0,0xea587c0
28779,533,0,0xeaf4500
28780,842,0,0xeb90240
28781,517,0,0xec2bf80
28782,935,0,0xecc7cc0
28783,571,0,0xed63a00
28784,1414,0,0xedff740
28785,320,0,0xee9b480
28786,979,0,0xef371c0
28787,557,0,0xefd2f00
28788,612,0,0xf06ec40
28789,561,0,0xf10a980
28790,976,0,0xf1a66c0
28791,587,0,0xf242400
28792,574,0,0xf2de140
28793,558,0,0xf379e80
28794,581,0,0xf415bc0
28795,543,0,0xf4b1900
28796,539,0,0xf54d640
28797,561,0,0xf5e9380
28798,570,0,0xf6850c0
28799,19175,0,0xf720e00
28800,799,0,0xf7bcb40
28801,526,0,0xf858880
28802,751,0,0xf8f45c0
28803,1421,0,0xf990300
28804,573,0,0xfa2c040
28805,633,0,0xfac7d80
28806,761,0,0xfb63ac0
28807,553,0,0xfbff800
28808,542,0,0xfc9b540
28809,834,0,0xfd37280
28810,555,0,0xfdd2fc0
28811,846,0,0xfe6ed00
28812,997,0,0xff0aa40
28813,758,0,0xffa6780
28814,586,0,0x100424c0
28815,1161,0,0x100de200
28816,597,0,0x10179f40
28817,819,0,0x10215c80
28818,545,0,0x102b19c0
28819,784,0,0x1034d700
28820,57725,0,0x103e9440
28821,46981,0,0x10485180
28822,747,0,0x10520ec0
28823,771,0,0x105bcc00
28824,844,0,0x10658940
28825,1151,0,0x106f4680
28826,589,0,0x107903c0
28827,714,0,0x1082c100
28828,524,0,0x108c7e40
28829,610,0,0x10963b80
28830,726,0,0x109ff8c0
28831,520,0,0x10a9b600
28832,783,0,0x10b37340
28833,37104,0,0x10c6edc0
28834,76299,0,0x10d0ab00
28835,4448,0,0x10da6840
28836,38083,0,0x10e42580
28837,590,0,0x10ede2c0
28838,801,0,0x10f7a000
28839,758,0,0x11015d40
28840,564,0,0x110b1a80
28841,603,0,0x1114d7c0
28842,790,0,0x111e9500
28843,27612,0,0x11285240
28844,79781,0,0x11320f80
28845,774,0,0x113bccc0
28846,541,0,0x11458a00
28847,624,0,0x114f4740
28848,944,0,0x11590480
28849,1246,0,0x1162c1c0
28850,14755,0,0x116c7f00
28851,580,0,0x11763c40
28852,745,0,0x117ff980
28853,47550,0,0x1189b6c0
28854,632,0,0x11937400
28855,85816,0,0x119d3140
28856,1237,0,0x11a6ee80
28857,1247,0,0x11b0abc0
28858,1428,0,0x11ba6900
28859,2250,0,0x11c42640
28860,280,0,0x11cde380
28861,107750,0,0x11e15e00
28862,5029,0,0x11eb1b40
28863,724,0,0x11f4d880
28864,786,0,0x11fe95c0
28865,543,0,0x12085300
28866,735,0,0x12121040
28867,9550,0,0x121bcd80
28868,772,0,0x12258ac0
28869,597,0,0x122f4800
28870,646,0,0x12390540
28871,593,0,0x1242c280
28872,584,0,0x124c7fc0
28873,753,0,0x12563d00
28874,592,0,0x125ffa40
28875,574,0,0x1269b780
28876,596,0,0x127374c0
28877,806,0,0x127d3200
28878,595,0,0x1286ef40
28879,589,0,0x1290ac80
28880,596,0,0x129a69c0
28881,1218,0,0x12a42700
28882,749,0,0x12ade440
28883,548,0,0x12b7a180
28884,726,0,0x12c15ec0
28885,605,0,0x12cb1c00
28886,797,0,0x12d4d940
28887,4124,0,0x12de9680
28888,114699,0,0x12e853c0
28889,9678,0,0x12f21100
28890,794,0,0x12fbce40
28891,26772,0,0x13058b80
28892,368,0,0x130f48c0
28893,872,0,0x13190600
28894,116640,0,0x1322c340
28895,784,0,0x132c8080
28896,962,0,0x13363dc0
28897,616,0,0x133ffb00
28898,555,0,0x1349b840
28899,538,0,0x13537580
28900,552,0,0x135d32c0
28901,601,0,0x1366f000
28902,539,0,0x1370ad40
28903,558,0,0x137a6a80
28904,811,0,0x138427c0
28905,2049,0,0x138de500
28906,721,0,0x1397a240
28907,720,0,0x13a15f80
28908,20971,0,0x13ab1cc0
28909,312,0,0x13b4da00
28910,4600,0,0x13be9740
28911,1012,0,0x13c85480
28912,967,0,0x13d211c0
28913,529,0,0x13dbcf00
28914,634,0,0x13e58c40
28915,758,0,0x13ef4980
28916,120009,0,0x13f906c0
28917,743,0,0x1402c400
28918,3742,0,0x140c8140
28919,546,0,0x14163e80
28920,843,0,0x141ffbc0
28921,15623,0,0x1429b900
28922,592,0,0x14337640
28923,15164,0,0x143d3380
28924,743,0,0x1446f0c0
28925,748,0,0x1450ae00
28926,587,0,0x145a6b40
28927,561,0,0x14642880
28928,606,0,0x146de5c0
28929,859,0,0x1477a300
28930,953,0,0x14816040
28931,833,0,0x148b1d80
28932,588,0,0x1494dac0
28933,574,0,0x149e9800
28934,602,0,0x14a85540
28935,588,0,0x14b21280
28936,881,0,0x14bbcfc0
28937,105304,0,0x14c58d00
28938,963,0,0x14cf4a40
28939,4772,0,0x14d90780
28940,767,0,0x14e2c4c0
28941,722,0,0x14ec8200
28942,536,0,0x14f63f40
28943,787,0,0x14fffc80
28944,972,0,0x1509b9c0
28945,718,0,0x15137700
28946,572,0,0x151d3440
28947,546,0,0x1526f180
28948,725,0,0x1530aec0
28949,622,0,0x153a6c00
28950,2762,0,0x15442940
28951,640,0,0x154de680
28952,31833,0,0x1557a3c0
28953,775,0,0x15616100
28954,586,0,0x156b1e40
28955,560,0,0x1574db80
28956,756,0,0x157e98c0
28957,577,0,0x15885600
28958,579,0,0x15921340
28959,592,0,0x159bd080
28960,1009,0,0x15a58dc0
28961,556,0,0x15af4b00
28962,585,0,0x15b90840
28963,749,0,0x15c2c580
28964,589,0,0x15cc82c0
28965,591,0,0x15d64000
28966,748,0,0x15dffd40
28967,606,0,0x15e9ba80
28968,809,0,0x15f377c0
28969,1838,0,0x15fd3500
28970,549,0,0x1606f240
28971,797,0,0x1610af80
28972,85970,0,0x161a6cc0
28973,801,0,0x16242a00
28974,14112,0,0x162de740
28975,874,0,0x1637a480
28976,12144,0,0x164b1f00
28977,593,0,0x1654dc40
28978,579,0,0x165e9980
28979,750,0,0x166856c0
28980,613,0,0x16721400
28981,555,0,0x167bd140
28982,849,0,0x16858e80
28983,786,0,0x168f4bc0
28984,74192,0,0x16990900
28985,942,0,0x16a2c640
28986,20941,0,0x16ac8380
28987,558,0,0x16b640c0
28988,939,0,0x16bffe00
28989,991,0,0x16c9bb40
28990,57266,0,0x16d37880
28991,594,0,0x16dd35c0
28992,730,0,0x16e6f300
28993,605,0,0x16f0b040
28994,603,0,0x16fa6d80
28995,732,0,0x17042ac0
28996,568,0,0x170de800
28997,603,0,0x1717a540
28998,751,0,0x17216280
28999,63614,0,0x172b1fc0
29000,865,0,0x1734dd00
29001,1332,0,0x173e9a40
29002,25665,0,0x17485780
29003,793,0,0x175214c0
29004,524,0,0x175bd200
29005,773,0,0x17658f40
29006,523,0,0x176f4c80
29007,789,0,0x177909c0
29008,821,0,0x1782c700
29009,522,0,0x178c8440
29010,718,0,0x17964180
29011,765,0,0x179ffec0
29012,55493,0,0x17a9bc00
29013,756,0,0x17b37940
29014,752,0,0x17bd3680
29015,552,0,0x17c6f3c0
29016,570,0,0x17d0b100
29017,617,0,0x17da6e40
29018,749,0,0x17e42b80
29019,549,0,0x17ede8c0
29020,626,0,0x17f7a600
29021,755,0,0x18016340
29022,52090,0,0x180b2080
29023,5290,0,0x1814ddc0
29024,647,0,0x181e9b00
29025,29659,0,0x18285840
29026,811,0,0x18321580
29027,547,0,0x183bd2c0
29028,718,0,0x18459000
29029,60674,0,0x184f4d40
29030,753,0,0x18590a80
29031,561,0,0x1862c7c0
29032,866,0,0x186c8500
29033,555,0,0x18764240
29034,596,0,0x187fff80
29035,541,0,0x1889bcc0
29036,753,0,0x18937a00
29037,549,0,0x189d3740
29038,797,0,0x18a6f480
29039,39667,0,0x18b0b1c0
29040,642,0,0x18ba6f00
29041,8388,0,0x18c42c40
29042,743,0,0x18cde980
29043,36934,0,0x18d7a6c0
29044,781,0,0x18e16400
29045,765,0,0x18eb2140
29046,536,0,0x18f4de80
29047,717,0,0x18fe9bc0
29048,851,0,0x19085900
29049,514,0,0x19121640
29050,715,0,0x191bd380
29051,790,0,0x192590c0
29052,523,0,0x192f4e00
29053,722,0,0x19390b40
29054,59787,0,0x1942c880
29055,801,0,0x194c85c0
29056,586,0,0x19564300
29057,754,0,0x19600040
29058,606,0,0x1969bd80
29059,582,0,0x19737ac0
29060,767,0,0x197d3800
29061,1032,0,0x1986f540
29062,996,0,0x1990b280
29063,802,0,0x199a6fc0
29064,26903,0,0x19a42d00
29065,12868,0,0x19adea40
29066,756,0,0x19b7a780
29067,561,0,0x19c164c0
29068,553,0,0x19cb2200
29069,993,0,0x19d4df40
29070,43284,0,0x19de9c80
29071,768,0,0x19e859c0
29072,552,0,0x19f21700
29073,718,0,0x19fbd440
29074,603,0,0x1a059180
29075,542,0,0x1a0f4ec0
29076,759,0,0x1a190c00
29077,514,0,0x1a22c940
29078,772,0,0x1a2c8680
29079,547,0,0x1a3643c0
29080,524,0,0x1a400100
29081,641,0,0x1a49be40
29082,718,0,0x1a537b80
29083,552,0,0x1a5d38c0
29084,763,0,0x1a66f600
29085,1604,0,0x1a70b340
29086,577,0,0x1a7a7080
29087,739,0,0x1a842dc0
29088,521,0,0x1a8deb00
29089,522,0,0x1a97a840
29090,726,0,0x1aa16580
29091,532,0,0x1aab22c0
29092,764,0,0x1ab4e000
29093,48004,0,0x1abe9d40
29094,970,0,0x1ac85a80
29095,812,0,0x1ad217c0
29096,20188,0,0x1adbd500
29097,588,0,0x1ae59240
29098,19788,0,0x1aef4f80
29099,552,0,0x1af90cc0
29100,605,0,0x1b02ca00
29101,847,0,0x1b0c8740
29102,593,0,0x1b164480
29103,788,0,0x1b2001c0
29104,60550,0,0x1b29bf00
29105,761,0,0x1b337c40
29106,582,0,0x1b3d3980
29107,715,0,0x1b46f6c0
29108,530,0,0x1b50b400
29109,601,0,0x1b5a7140
29110,719,0,0x1b642e80
29111,559,0,0x1b6debc0
29112,764,0,0x1b77a900
29113,535,0,0x1b816640
29114,917,0,0x1b8b2380
29115,983,0,0x1b94e0c0
29116,738,0,0x1b9e9e00
29117,598,0,0x1ba85b40
29118,797,0,0x1bb21880
29119,539,0,0x1bbbd5c0
29120,538,0,0x1bc59300
29121,613,0,0x1bcf5040
29122,711,0,0x1bd90d80
29123,557,0,0x1be2cac0
29124,864,0,0x1bec8800
29125,33116,0,0x1bf64540
29126,853,0,0x1c000280
29127,598,0,0x1c09bfc0
29128,583,0,0x1c137d00
29129,749,0,0x1c1d3a40
29130,584,0,0x1c26f780
29131,599,0,0x1c30b4c0
29132,746,0,0x1c3a7200
29133,606,0,0x1c442f40
29134,571,0,0x1c4dec80
29135,742,0,0x1c57a9c0
29136,558,0,0x1c616700
29137,808,0,0x1c6b2440
29138,2996,0,0x1c74e180
29139,593,0,0x1c7e9ec0
29140,27492,0,0x1c885c00
29141,573,0,0x1c921940
29142,594,0,0x1c9bd680
29143,782,0,0x1ca593c0
29144,553,0,0x1caf5100
29145,553,0,0x1cb90e40
29146,554,0,0x1cc2cb80
29147,581,0,0x1ccc88c0
29148,531,0,0x1cd64600
29149,597,0,0x1ce00340
29150,558,0,0x1ce9c080
29151,591,0,0x1cf37dc0
29152,554,0,0x1cfd3b00
29153,557,0,0x1d06f840
29154,791,0,0x1d10b580
29155,68189,0,0x1d1a72c0
29156,725,0,0x1d243000
29157,837,0,0x1d2ded40
29158,517,0,0x1d37aa80
29159,586,0,0x1d4167c0
29160,803,0,0x1d4b2500
29161,561,0,0x1d54e240
29162,564,0,0x1d5e9f80
29163,716,0,0x1d685cc0
29164,595,0,0x1d721a00
29165,787,0,0x1d7bd740
29166,545,0,0x1d859480
29167,550,0,0x1d8f51c0
29168,570,0,0x1d990f00
29169,1366,0,0x1da2cc40
29170,999,0,0x1dac8980
29171,641,0,0x1db646c0
29172,778,0,0x1dc00400
29173,522,0,0x1dc9c140
29174,562,0,0x1dd37e80
29175,721,0,0x1ddd3bc0
29176,550,0,0x1de6f900
29177,718,0,0x1df0b640
29178,549,0,0x1dfa7380
29179,520,0,0x1e0430c0
29180,798,0,0x1e0dee00
29181,748,0,0x1e17ab40
29182,779,0,0x1e216880
29183,577,0,0x1e2b25c0
29184,723,0,0x1e34e300
29185,535,0,0x1e3ea040
29186,803,0,0x1e485d80
29187,949,0,0x1e521ac0
29188,536,0,0x1e5bd800
29189,727,0,0x1e659540
29190,720,0,0x1e6f5280
29191,558,0,0x1e790fc0
29192,719,0,0x1e82cd00
29193,521,0,0x1e8c8a40
29194,833,0,0x1e964780
29195,558,0,0x1ea004c0
29196,728,0,0x1ea9c200
29197,984,0,0x1eb37f40
29198,645,0,0x1ebd3c80
29199,2857,0,0x1ec6f9c0
29200,91686,0,0x1eda7440
29201,12678,0,0x1ee43180
29202,720,0,0x1eedeec0
29203,580,0,0x1ef7ac00
29204,671,0,0x1f016940
29205,1728,0,0x1f0b2680
29206,1564,0,0x1f14e3c0
29207,5868,0,0x1f285e40
29208,1615,0,0x1f321b80
29209,961,0,0x1f3bd8c0
29210,998,0,0x1f459600
29211,952,0,0x1f4f5340
29212,995,0,0x1f591080
29213,955,0,0x1f62cdc0
29214,1000,0,0x1f6c8b00
29215,944,0,0x1f764840
29216,1061,0,0x1f800580
29217,946,0,0x1f89c2c0
29218,943,0,0x1f938000
29219,939,0,0x1f9d3d40
29220,977,0,0x1fa6fa80
29221,959,0,0x1fb0b7c0
29222,993,0,0x1fba7500
29223,753,0,0x1fc43240
29224,996,0,0x1fcdef80
29225,797,0,0x1fd7acc0
29226,952,0,0x1fe16a00
29227,841,0,0x1feb2740
29228,965,0,0x1ff4e480
29229,1002,0,0x1ffea1c0
29230,781,0,0x20085f00
29231,1003,0,0x20121c40
29232,940,0,0x201bd980
29233,844,0,0x202596c0
29234,1024,0,0x202f5400
29235,736,0,0x20391140
29236,1003,0,0x2042ce80
29237,969,0,0x204c8bc0
29238,992,0,0x20564900
29239,968,0,0x20600640
29240,1013,0,0x2069c380
29241,791,0,0x207380c0
29242,1010,0,0x207d3e00
29243,954,0,0x2086fb40
29244,836,0,0x2090b880
29245,996,0,0x209a75c0
29246,1022,0,0x20a43300
29247,982,0,0x20adf040
29248,982,0,0x20b7ad80
29249,988,0,0x20c16ac0
29250,1025,0,0x20cb2800
29251,937,0,0x20d4e540
29252,998,0,0x20dea280
29253,1357,0,0x20e85fc0
29254,835,0,0x20f21d00
29255,978,0,0x20fbda40
29256,1097,0,0x21059780
29257,808,0,0x210f54c0
29258,1057,0,0x21191200
29259,3645,0,0x212c8c80
29260,591,0,0x213649c0
29261,498,0,0x21400700
29262,339,0,0x2149c440
29263,29751,0,0x215d3ec0
29264,62451,0,0x2166fc00
29265,1180,0,0x2170b940
29266,1018,0,0x217a7680
29267,1161,0,0x218433c0
29268,1016,0,0x218df100
29269,1647,0,0x2197ae40
29270,1258,0,0x21a16b80
29271,1299,0,0x21ab28c0
29272,1209,0,0x21b4e600
29273,1158,0,0x21bea340
29274,992,0,0x21c86080
29275,1165,0,0x21d21dc0
29276,1010,0,0x21dbdb00
29277,1218,0,0x21e59840
29278,921,0,0x21ef5580
29279,1065,0,0x21f912c0
29280,1023,0,0x2202d000
29281,495,0,0x220c8d40
29282,3185,0,0x22164a80
29283,923,0,0x222007c0
29284,1402,0,0x2229c500
29285,3659,0,0x223d3f80
29286,109703,0,0x2246fcc0
29287,4154,0,0x2250ba00
29288,781,0,0x225a7740
29289,785,0,0x22643480
29290,577,0,0x226df1c0
29291,773,0,0x2277af00
29292,10316,0,0x22816c40
29293,1352,0,0x228b2980
29294,1042,0,0x2294e6c0
29295,1085,0,0x229ea400
29296,1041,0,0x22a86140
29297,1411,0,0x22b21e80
29298,900,0,0x22bbdbc0
29299,958,0,0x22c59900
29300,1014,0,0x22cf5640
29301,943,0,0x22d91380
29302,985,0,0x22e2d0c0
29303,1020,0,0x22ec8e00
29304,991,0,0x22f64b40
29305,1032,0,0x23000880
29306,994,0,0x2309c5c0
29307,1015,0,0x23138300
29308,1136,0,0x231d4040
29309,769,0,0x2326fd80
29310,591,0,0x2330bac0
29311,50778,0,0x23443540
29312,12225,0,0x234df280
29313,1208,0,0x2357afc0
29314,967,0,0x23616d00
29315,776,0,0x236b2a40
29316,400,0,0x2374e780
29317,2170,0,0x237ea4c0
29318,32367,0,0x23921f40
29319,1380,0,0x239bdc80
29320,1012,0,0x23a599c0
29321,1012,0,0x23af5700
29322,994,0,0x23b91440
29323,993,0,0x23c2d180
29324,1026,0,0x23cc8ec0
29325,981,0,0x23d64c00
29326,1013,0,0x23e00940
29327,983,0,0x23e9c680
29328,1211,0,0x23f383c0
29329,1000,0,0x23fd4100
29330,970,0,0x2406fe40
29331,966,0,0x2410bb80
29332,972,0,0x241a78c0
29333,1208,0,0x24243600
29334,958,0,0x242df340
29335,1017,0,0x2437b080
29336,899,0,0x24416dc0
29337,1036,0,0x244b2b00
29338,989,0,0x2454e840
29339,1285,0,0x245ea580
29340,946,0,0x246862c0
29341,1062,0,0x24722000
29342,1230,0,0x247bdd40
29343,999,0,0x24859a80
29344,961,0,0x248f57c0
29345,1003,0,0x24991500
29346,975,0,0x24a2d240
29347,1036,0,0x24ac8f80
29348,971,0,0x24b64cc0
29349,1304,0,0x24c00a00
29350,1152,0,0x24c9c740
29351,852,0,0x24d38480
29352,1193,0,0x24dd41c0
29353,2128,0,0x24e6ff00
29354,37232,0,0x24f0bc40
29355,747,0,0x24fa7980
29356,773,0,0x250436c0
29357,531,0,0x250df400
29358,493,0,0x2517b140
29359,2240,0,0x25216e80
29360,47676,0,0x2534e900
29361,45674,0,0x253ea640
29362,1605,0,0x25486380
29363,1201,0,0x255220c0
29364,979,0,0x255bde00
29365,993,0,0x25659b40
29366,952,0,0x256f5880
29367,1045,0,0x257915c0
29368,1163,0,0x2582d300
29369,1030,0,0x258c9040
29370,1179,0,0x25964d80
29371,1003,0,0x25a00ac0
29372,1005,0,0x25a9c800
29373,1208,0,0x25b38540
29374,1206,0,0x25bd4280
29375,82876,0,0x25c6ffc0
29376,70253,0,0x25d0bd00
29377,1906,0,0x25da7a40
29378,595,0,0x25e43780
29379,650,0,0x25edf4c0
29380,749,0,0x25f7b200
29381,566,0,0x26016f40
29382,800,0,0x260b2c80
29383,76008,0,0x2614e9c0
29384,308,0,0x261ea700
29385,75029,0,0x26286440
29386,941,0,0x26322180
29387,566,0,0x263bdec0
29388,790,0,0x26459c00
29389,554,0,0x264f5940
29390,744,0,0x26591680
29391,1182,0,0x2662d3c0
29392,13451,0,0x26764e40
29393,102772,0,0x26800b80
29394,114004,0,0x26938600
29395,723,0,0x269d4340
29396,723,0,0x26a70080
29397,599,0,0x26b0bdc0
29398,1934,0,0x26ba7b00
29399,958,0,0x26c43840
29400,593,0,0x26cdf580
29401,626,0,0x26d7b2c0
29402,732,0,0x26e17000
29403,548,0,0x26eb2d40
29404,543,0,0x26f4ea80
29405,555,0,0x26fea7c0
29406,834,0,0x27086500
29407,546,0,0x27122240
29408,826,0,0x271bdf80
29409,951,0,0x27259cc0
29410,599,0,0x272f5a00
29411,566,0,0x27391740
29412,547,0,0x2742d480
29413,757,0,0x274c91c0
29414,8659,0,0x27564f00
29415,621,0,0x27600c40
29416,5516,0,0x2769c980
