index,rtt_ns,server_latency_ns,addr
0,36651,8,0x3221c640
1,37650,8,0x322b8380
2,36676,8,0x323540c0
3,36225,8,0x323efe00
4,38263,8,0x3248bb40
5,35470,8,0x32527880
6,36573,8,0x325c35c0
7,35715,8,0x3265f300
8,39145,8,0x326fb040
9,36495,8,0x32796d80
10,36497,8,0x32832ac0
11,37539,8,0x328ce800
12,44227,8,0x3296a540
13,37297,8,0x32a06280
14,39780,8,0x32aa1fc0
15,35247,8,0x32b3dd00
16,37354,8,0x32bd9a40
17,36736,8,0x32c75780
18,37691,8,0x32d114c0
19,37192,8,0x32dad200
20,37647,8,0x32e48f40
21,35710,8,0x32ee4c80
22,35602,8,0x32f809c0
23,36600,8,0x3301c700
24,49008,8,0x330b8440
25,36551,8,0x33154180
26,37885,8,0x331efec0
27,36521,8,0x3328bc00
28,36208,8,0x33327940
29,36559,8,0x333c3680
30,36434,8,0x3345f3c0
31,36269,8,0x334fb100
32,37597,8,0x33596e40
33,37020,8,0x33632b80
34,36412,8,0x336ce8c0
35,37022,8,0x3376a600
36,37883,8,0x33806340
37,35772,8,0x338a2080
38,35610,8,0x3393ddc0
39,36050,8,0x339d9b00
40,37809,8,0x33a75840
41,38159,8,0x33b11580
42,36240,8,0x33bad2c0
43,37060,8,0x33c49000
44,36843,8,0x33ce4d40
45,36308,8,0x33d80a80
46,36223,8,0x33e1c7c0
47,35828,8,0x33eb8500
48,37100,8,0x33f54240
49,36482,8,0x33feff80
50,36630,8,0x3408bcc0
51,36743,8,0x34127a00
52,37027,8,0x341c3740
53,36128,8,0x3425f480
54,36332,8,0x342fb1c0
55,35249,8,0x34396f00
56,46158,8,0x34432c40
57,37786,8,0x344ce980
58,36008,8,0x3456a6c0
59,36139,8,0x34606400
60,35811,8,0x346a2140
61,37065,8,0x3473de80
62,35612,8,0x347d9bc0
63,34811,8,0x34875900
64,37545,8,0x34911640
65,36477,8,0x349ad380
66,36148,8,0x34a490c0
67,35295,8,0x34ae4e00
68,36770,8,0x34b80b40
69,36477,8,0x34c1c880
70,35898,8,0x34cb85c0
71,36795,8,0x34d54300
72,38280,8,0x34df0040
73,36904,8,0x34e8bd80
74,35949,8,0x34f27ac0
75,42923,8,0x34fc3800
76,38490,8,0x3505f540
77,37570,8,0x350fb280
78,38252,8,0x35196fc0
79,36573,8,0x35232d00
80,44397,8,0x352cea40
81,34137,8,0x3536a780
82,35238,8,0x354064c0
83,35843,8,0x354a2200
84,36027,8,0x3553df40
85,36853,8,0x355d9c80
86,46105,8,0x356759c0
87,36342,8,0x35711700
88,36218,8,0x357ad440
89,34713,8,0x35849180
90,35183,8,0x358e4ec0
91,36821,8,0x35980c00
92,35817,8,0x35a1c940
93,34482,8,0x35ab8680
94,35368,8,0x35b543c0
95,36174,8,0x35bf0100
96,35895,8,0x35c8be40
97,34442,8,0x35d27b80
98,34191,8,0x35dc38c0
99,35773,8,0x35e5f600
100,42794,8,0x35efb340
101,35806,8,0x35f97080
102,34956,8,0x36032dc0
103,36471,8,0x360ceb00
104,35635,8,0x3616a840
105,34778,8,0x36206580
106,34334,8,0x362a22c0
107,36833,8,0x3633e000
108,35847,8,0x363d9d40
109,34451,8,0x36475a80
110,34068,8,0x365117c0
111,35285,8,0x365ad500
112,35916,8,0x36649240
113,34945,8,0x366e4f80
114,34802,8,0x36780cc0
115,37502,8,0x3681ca00
116,35590,8,0x368b8740
117,35313,8,0x36954480
118,34750,8,0x369f01c0
119,36021,8,0x36a8bf00
120,36351,8,0x36b27c40
121,35164,8,0x36bc3980
122,34506,8,0x36c5f6c0
123,35849,8,0x36cfb400
124,36689,8,0x36d97140
125,34424,8,0x36e32e80
126,33799,8,0x36ecebc0
127,35607,8,0x36f6a900
128,36444,8,0x37006640
129,35005,8,0x370a2380
130,36631,8,0x3713e0c0
131,35625,8,0x371d9e00
132,36095,8,0x37275b40
133,34505,8,0x37311880
134,34333,8,0x373ad5c0
135,35800,8,0x37449300
136,35807,8,0x374e5040
137,35346,8,0x37580d80
138,35357,8,0x3761cac0
139,36047,8,0x376b8800
140,35396,8,0x37754540
141,35153,8,0x377f0280
142,36288,8,0x3788bfc0
143,39836,8,0x37927d00
144,38027,8,0x379c3a40
145,34696,8,0x37a5f780
146,35213,8,0x37afb4c0
147,35718,8,0x37b97200
148,44606,8,0x37c32f40
149,35392,8,0x37ccec80
150,34120,8,0x37d6a9c0
151,35903,8,0x37e06700
152,38140,8,0x37ea2440
153,35383,8,0x37f3e180
154,35007,8,0x37fd9ec0
155,35295,8,0x38075c00
156,36480,8,0x38111940
157,34328,8,0x381ad680
158,34382,8,0x382493c0
159,37998,8,0x382e5100
160,36141,8,0x38380e40
161,34996,8,0x3841cb80
162,34625,8,0x384b88c0
163,35866,8,0x38554600
164,36257,8,0x385f0340
165,34926,8,0x3868c080
166,34430,8,0x38727dc0
167,35650,8,0x387c3b00
168,35434,8,0x3885f840
169,34514,8,0x388fb580
170,33989,8,0x389972c0
171,35563,8,0x38a33000
172,36241,8,0x38aced40
173,34908,8,0x38b6aa80
174,36149,8,0x38c067c0
175,36101,8,0x38ca2500
176,37623,8,0x38d3e240
177,36287,8,0x38dd9f80
178,34994,8,0x38e75cc0
179,35285,8,0x38f11a00
180,35485,8,0x38fad740
181,34803,8,0x39049480
182,54883,8,0x390e51c0
183,191785,8,0x39180f00
184,59359,8,0x3921cc40
185,47050,8,0x392b8980
186,51082,8,0x393546c0
187,44566,8,0x393f0400
188,42830,8,0x3948c140
189,55336,8,0x39527e80
190,44331,8,0x395c3bc0
191,41591,8,0x3965f900
192,41897,8,0x396fb640
193,41895,8,0x39797380
194,41866,8,0x398330c0
195,42257,8,0x398cee00
196,42400,8,0x3996ab40
197,42307,8,0x39a06880
198,41539,8,0x39aa25c0
199,43767,8,0x39b3e300
200,44972,8,0x39bda040
201,45114,8,0x39c75d80
202,43269,8,0x39d11ac0
203,42614,8,0x39dad800
204,42406,8,0x39e49540
205,42348,8,0x39ee5280
206,45635,8,0x39f80fc0
207,43614,8,0x3a01cd00
208,43706,8,0x3a0b8a40
209,43412,8,0x3a154780
210,43510,8,0x3a1f04c0
211,43738,8,0x3a28c200
212,43304,8,0x3a327f40
213,43573,8,0x3a3c3c80
214,42457,8,0x3a45f9c0
215,46474,8,0x3a4fb700
216,44702,8,0x3a597440
217,43792,8,0x3a633180
218,43378,8,0x3a6ceec0
219,42511,8,0x3a76ac00
220,44563,8,0x3a806940
221,42832,8,0x3a8a2680
222,43905,8,0x3a93e3c0
223,43916,8,0x3a9da100
224,43958,8,0x3aa75e40
225,43305,8,0x3ab11b80
226,42098,8,0x3abad8c0
227,41140,8,0x3ac49600
228,43149,8,0x3ace5340
229,42780,8,0x3ad81080
230,45917,8,0x3ae1cdc0
231,50122,8,0x3aeb8b00
232,44847,8,0x3af54840
233,41831,8,0x3aff0580
234,43245,8,0x3b08c2c0
235,42856,8,0x3b128000
236,42842,8,0x3b1c3d40
237,42269,8,0x3b25fa80
238,41545,8,0x3b2fb7c0
239,42885,8,0x3b397500
240,42664,8,0x3b433240
241,41451,8,0x3b4cef80
242,43245,8,0x3b56acc0
243,41884,8,0x3b606a00
244,42435,8,0x3b6a2740
245,44512,8,0x3b73e480
246,43633,8,0x3b7da1c0
247,41392,8,0x3b875f00
248,43431,8,0x3b911c40
249,41908,8,0x3b9ad980
250,41296,8,0x3ba496c0
251,41431,8,0x3bae5400
252,42208,8,0x3bb81140
253,41962,8,0x3bc1ce80
254,41889,8,0x3bcb8bc0
255,42066,8,0x3bd54900
256,43532,8,0x3bdf0640
257,43157,8,0x3be8c380
258,43162,8,0x3bf280c0
259,41036,8,0x3bfc3e00
260,46359,8,0x3c05fb40
261,43684,8,0x3c0fb880
262,42970,8,0x3c1975c0
263,43254,8,0x3c233300
264,43832,8,0x3c2cf040
265,42787,8,0x3c36ad80
266,43031,8,0x3c406ac0
267,42622,8,0x3c4a2800
268,50905,8,0x3c53e540
269,43029,8,0x3c5da280
270,48536,8,0x3c675fc0
271,42744,8,0x3c711d00
272,42875,8,0x3c7ada40
273,44199,8,0x3c849780
274,50472,8,0x3c8e54c0
275,43915,8,0x3c981200
276,42600,8,0x3ca1cf40
277,42410,8,0x3cab8c80
278,43165,8,0x3cb549c0
279,41910,8,0x3cbf0700
280,42935,8,0x3cc8c440
281,43367,8,0x3cd28180
282,42116,8,0x3cdc3ec0
283,43598,8,0x3ce5fc00
284,42755,8,0x3cefb940
285,41891,8,0x3cf97680
286,43642,8,0x3d0333c0
287,43388,8,0x3d0cf100
288,42920,8,0x3d16ae40
289,45460,8,0x3d206b80
290,44123,8,0x3d2a28c0
291,41999,8,0x3d33e600
292,42517,8,0x3d3da340
293,42290,8,0x3d476080
294,44256,8,0x3d511dc0
295,43348,8,0x3d5adb00
296,42907,8,0x3d649840
297,40904,8,0x3d6e5580
298,42945,8,0x3d7812c0
299,43590,8,0x3d81d000
300,43617,8,0x3d8b8d40
301,41458,8,0x3d954a80
302,43434,8,0x3d9f07c0
303,43507,8,0x3da8c500
304,46049,8,0x3db28240
305,41935,8,0x3dbc3f80
306,41884,8,0x3dc5fcc0
307,43967,8,0x3dcfba00
308,42861,8,0x3dd97740
309,42622,8,0x3de33480
310,43092,8,0x3decf1c0
311,43168,8,0x3df6af00
312,43110,8,0x3e006c40
313,43101,8,0x3e0a2980
314,44222,8,0x3e13e6c0
315,43432,8,0x3e1da400
316,49183,8,0x3e276140
317,52249,8,0x3e311e80
318,44712,8,0x3e3adbc0
319,48028,8,0x3e449900
320,43659,8,0x3e4e5640
321,42870,8,0x3e581380
322,44490,8,0x3e61d0c0
323,43021,8,0x3e6b8e00
324,43408,8,0x3e754b40
325,43994,8,0x3e7f0880
326,44970,8,0x3e88c5c0
327,44681,8,0x3e928300
328,44779,8,0x3e9c4040
329,44146,8,0x3ea5fd80
330,45038,8,0x3eafbac0
331,44744,8,0x3eb97800
332,43122,8,0x3ec33540
333,41801,8,0x3eccf280
334,51546,8,0x3ed6afc0
335,45539,8,0x3ee06d00
336,45142,8,0x3eea2a40
337,45138,8,0x3ef3e780
338,44566,8,0x3efda4c0
339,44720,8,0x3f076200
340,44208,8,0x3f111f40
341,45184,8,0x3f1adc80
342,43244,8,0x3f2499c0
343,43511,8,0x3f2e5700
344,44946,8,0x3f381440
345,45200,8,0x3f41d180
346,43472,8,0x3f4b8ec0
347,43079,8,0x3f554c00
348,47743,8,0x3f5f0940
349,44205,8,0x3f68c680
350,44912,8,0x3f7283c0
351,44775,8,0x3f7c4100
352,46146,8,0x3f85fe40
353,43179,8,0x3f8fbb80
354,44043,8,0x3f9978c0
355,45381,8,0x3fa33600
356,44648,8,0x3facf340
357,43508,8,0x3fb6b080
358,49372,8,0x3fc06dc0
359,45715,8,0x3fca2b00
360,59202,8,0x3fd3e840
361,45876,8,0x3fdda580
362,44256,8,0x3fe762c0
363,47671,8,0x3ff12000
364,45042,8,0x3ffadd40
365,47765,8,0x49ac0
366,39569,8,0xe5800
367,38744,8,0x181540
368,38346,8,0x21d280
369,39084,8,0x2b8fc0
370,38911,8,0x354d00
371,38206,8,0x3f0a40
372,39683,8,0x48c780
373,38881,8,0x5284c0
374,39833,8,0x5c4200
375,38676,8,0x65ff40
376,37212,8,0x6fbc80
377,39079,8,0x7979c0
378,39643,8,0x833700
379,38939,8,0x8cf440
380,36632,8,0x96b180
381,39884,8,0xa06ec0
382,47995,58,0xaa2c00
383,46380,58,0xb3e940
384,46093,58,0xbda680
385,45014,58,0xc763c0
386,45134,58,0xd12100
387,44386,58,0xdade40
388,45562,58,0xe49b80
389,45082,58,0xee58c0
390,46289,58,0xf81600
391,47979,58,0x101d340
392,44117,58,0x10b9080
393,45120,58,0x1154dc0
394,46277,58,0x11f0b00
395,47062,58,0x128c840
396,46278,58,0x1328580
397,43210,58,0x13c42c0
398,46932,8,0x1460000
399,40378,8,0x14fbd40
400,39564,8,0x1597a80
401,43225,8,0x16337c0
402,52578,8,0x16cf500
403,42120,8,0x176b240
404,40096,8,0x1806f80
405,38924,8,0x18a2cc0
406,38668,8,0x193ea00
407,39841,8,0x19da740
408,58692,8,0x1a76480
409,39235,8,0x1b121c0
410,47196,58,0x1badf00
411,48839,58,0x1c49c40
412,46029,58,0x1ce5980
413,44711,58,0x1d816c0
414,49522,58,0x1e1d400
415,45121,58,0x1eb9140
416,44855,58,0x1f54e80
417,45552,58,0x1ff0bc0
418,48171,58,0x208c900
419,46296,58,0x2128640
420,45450,58,0x21c4380
421,44860,58,0x22600c0
422,46319,58,0x22fbe00
423,45774,58,0x2397b40
424,45425,58,0x2433880
425,43656,58,0x24cf5c0
426,52370,8,0x256b300
427,45610,8,0x2607040
428,46246,8,0x26a2d80
429,45785,8,0x273eac0
430,46801,8,0x27da800
431,45168,8,0x2876540
432,45450,8,0x2912280
433,50562,8,0x29adfc0
434,46084,8,0x2a49d00
435,44563,8,0x2ae5a40
436,43736,8,0x2b81780
437,44873,8,0x2c1d4c0
438,48534,8,0x2cb9200
439,44330,8,0x2d54f40
440,45380,8,0x2df0c80
441,46097,8,0x2e8c9c0
442,47168,8,0x2f28700
443,44328,8,0x2fc4440
444,45815,8,0x3060180
445,57691,8,0x30fbec0
446,43525,8,0x3197c00
447,45058,8,0x3233940
448,46040,8,0x32cf680
449,45605,8,0x336b3c0
450,46451,8,0x3407100
451,44194,8,0x34a2e40
452,46587,8,0x353eb80
453,48604,8,0x35da8c0
454,46057,8,0x3676600
455,45309,8,0x3712340
456,45179,8,0x37ae080
457,45470,8,0x3849dc0
458,45958,8,0x38e5b00
459,45828,8,0x3981840
460,46464,8,0x3a1d580
461,44769,8,0x3ab92c0
462,46031,8,0x3b55000
463,52142,8,0x3bf0d40
464,46429,8,0x3c8ca80
465,45572,8,0x3d287c0
466,46267,8,0x3dc4500
467,44083,8,0x3e60240
468,49572,8,0x3efbf80
469,44587,8,0x3f97cc0
470,46568,8,0x4033a00
471,43979,8,0x40cf740
472,44681,8,0x416b480
473,45973,8,0x42071c0
474,47086,8,0x42a2f00
475,46215,8,0x433ec40
476,44954,8,0x43da980
477,43800,8,0x44766c0
478,43978,8,0x4512400
479,43290,8,0x45ae140
480,43925,8,0x4649e80
481,44526,8,0x46e5bc0
482,44450,8,0x4781900
483,47382,8,0x481d640
484,44636,8,0x48b9380
485,43732,8,0x49550c0
486,44584,8,0x49f0e00
487,43673,8,0x4a8cb40
488,43701,8,0x4b28880
489,45465,8,0x4bc45c0
490,45183,8,0x4c60300
491,43484,8,0x4cfc040
492,45610,8,0x4d97d80
493,44344,8,0x4e33ac0
494,44933,8,0x4ecf800
495,43427,8,0x4f6b540
496,44733,8,0x5007280
497,51326,8,0x50a2fc0
498,46096,8,0x513ed00
499,43813,8,0x51daa40
500,43627,8,0x5276780
501,43989,8,0x53124c0
502,45930,8,0x53ae200
503,43179,8,0x5449f40
504,43469,8,0x54e5c80
505,44266,8,0x55819c0
506,53428,8,0x561d700
507,44986,8,0x56b9440
508,43829,8,0x5755180
509,43226,8,0x57f0ec0
510,44828,8,0x588cc00
511,44339,8,0x5928940
512,47941,8,0x59c4680
513,43953,8,0x5a603c0
514,44552,8,0x5afc100
515,43158,8,0x5b97e40
516,45118,8,0x5c33b80
517,43093,8,0x5ccf8c0
518,44714,8,0x5d6b600
519,44656,8,0x5e07340
520,43767,8,0x5ea3080
521,46175,8,0x5f3edc0
522,45769,8,0x5fdab00
523,46023,8,0x6076840
524,46500,8,0x6112580
525,45069,8,0x61ae2c0
526,46020,8,0x624a000
527,47082,8,0x62e5d40
528,46232,8,0x6381a80
529,45785,8,0x641d7c0
530,45205,8,0x64b9500
531,46252,8,0x6555240
532,54734,8,0x65f0f80
533,45074,8,0x668ccc0
534,44803,8,0x6728a00
535,43278,8,0x67c4740
536,44194,8,0x6860480
537,54734,8,0x68fc1c0
538,39129,8,0x6997f00
539,39840,8,0x6a33c40
540,40421,8,0x6acf980
541,39687,8,0x6b6b6c0
542,41919,8,0x6c07400
543,38871,8,0x6ca3140
544,40976,8,0x6d3ee80
545,38923,8,0x6ddabc0
546,47837,8,0x6e76900
547,41824,8,0x6f12640
548,46169,8,0x6fae380
549,39275,8,0x704a0c0
550,39399,8,0x70e5e00
551,39862,8,0x7181b40
552,39621,8,0x721d880
553,39937,8,0x72b95c0
554,44690,8,0x7355300
555,39892,8,0x73f1040
556,39651,8,0x748cd80
557,40855,8,0x7528ac0
558,40130,8,0x75c4800
559,38616,8,0x7660540
560,40789,8,0x76fc280
561,42489,8,0x7797fc0
562,40903,8,0x7833d00
563,39546,8,0x78cfa40
564,39274,8,0x796b780
565,39719,8,0x7a074c0
566,38741,8,0x7aa3200
567,38990,8,0x7b3ef40
568,39743,8,0x7bdac80
569,40318,8,0x7c769c0
570,41349,8,0x7d12700
571,42671,8,0x7dae440
572,41064,8,0x7e4a180
573,41138,8,0x7ee5ec0
574,40400,8,0x7f81c00
575,40986,8,0x801d940
576,40526,8,0x80b9680
577,40218,8,0x81553c0
578,40975,8,0x81f1100
579,40007,8,0x828ce40
580,41120,8,0x8328b80
581,40174,8,0x83c48c0
582,40547,8,0x8460600
583,41214,8,0x84fc340
584,41227,8,0x8598080
585,40043,8,0x8633dc0
586,43775,8,0x86cfb00
587,40960,8,0x876b840
588,41650,8,0x8807580
589,41294,8,0x88a32c0
590,40345,8,0x893f000
591,46225,8,0x89dad40
592,41575,8,0x8a76a80
593,40389,8,0x8b127c0
594,41966,8,0x8bae500
595,40436,8,0x8c4a240
596,40731,8,0x8ce5f80
597,40678,8,0x8d81cc0
598,41446,8,0x8e1da00
599,40618,8,0x8eb9740
600,41357,8,0x8f55480
601,41652,8,0x8ff11c0
602,41648,8,0x908cf00
603,41319,8,0x9128c40
604,41044,8,0x91c4980
605,40735,8,0x92606c0
606,42252,8,0x92fc400
607,40372,8,0x9398140
608,41363,8,0x9433e80
609,41007,8,0x94cfbc0
610,41431,8,0x956b900
611,40667,8,0x9607640
612,39946,8,0x96a3380
613,40693,8,0x973f0c0
614,40629,8,0x97dae00
615,40373,8,0x9876b40
616,43779,8,0x9912880
617,40210,8,0x99ae5c0
618,42115,8,0x9a4a300
619,41321,8,0x9ae6040
620,40660,8,0x9b81d80
621,40826,8,0x9c1dac0
622,41556,8,0x9cb9800
623,40809,8,0x9d55540
624,41911,8,0x9df1280
625,44133,8,0x9e8cfc0
626,40843,8,0x9f28d00
627,50947,8,0x9fc4a40
628,40960,8,0xa060780
629,41002,8,0xa0fc4c0
630,42953,8,0xa198200
631,40846,8,0xa233f40
632,40900,8,0xa2cfc80
633,41224,8,0xa36b9c0
634,41441,8,0xa407700
635,45793,8,0xa4a3440
636,41551,8,0xa53f180
637,40570,8,0xa5daec0
638,40596,8,0xa676c00
639,41501,8,0xa712940
640,41048,8,0xa7ae680
641,40891,8,0xa84a3c0
642,40809,8,0xa8e6100
643,40843,8,0xa981e40
644,40546,8,0xaa1db80
645,42247,8,0xaab98c0
646,39930,8,0xab55600
647,39765,8,0xabf1340
648,39066,8,0xac8d080
649,39720,8,0xad28dc0
650,40916,8,0xadc4b00
651,38981,8,0xae60840
652,39869,8,0xaefc580
653,38792,8,0xaf982c0
654,40062,8,0xb034000
655,39887,8,0xb0cfd40
656,39541,8,0xb16ba80
657,39099,8,0xb2077c0
658,39225,8,0xb2a3500
659,39130,8,0xb33f240
660,43133,8,0xb3daf80
661,39449,8,0xb476cc0
662,39141,8,0xb512a00
663,39635,8,0xb5ae740
664,39490,8,0xb64a480
665,38865,8,0xb6e61c0
666,41118,8,0xb781f00
667,39571,8,0xb81dc40
668,40144,8,0xb8b9980
669,40000,8,0xb9556c0
670,40574,8,0xb9f1400
671,40355,8,0xba8d140
672,39990,8,0xbb28e80
673,38495,8,0xbbc4bc0
674,39656,8,0xbc60900
675,41578,8,0xbcfc640
676,40067,8,0xbd98380
677,46301,8,0xbe340c0
678,39345,8,0xbecfe00
679,39590,8,0xbf6bb40
680,40330,8,0xc007880
681,39251,8,0xc0a35c0
682,41981,8,0xc13f300
683,40203,8,0xc1db040
684,40051,8,0xc276d80
685,40727,8,0xc312ac0
686,38872,8,0xc3ae800
687,39906,8,0xc44a540
688,39625,8,0xc4e6280
689,44689,8,0xc581fc0
690,39198,8,0xc61dd00
691,39743,8,0xc6b9a40
692,40362,8,0xc755780
693,39398,8,0xc7f14c0
694,39690,8,0xc88d200
695,40310,8,0xc928f40
696,40660,8,0xc9c4c80
697,39981,8,0xca609c0
698,39775,8,0xcafc700
699,38903,8,0xcb98440
700,40159,8,0xcc34180
701,40171,8,0xcccfec0
702,39708,8,0xcd6bc00
703,57528,8,0xce07940
704,42475,8,0xcea3680
705,40865,8,0xcf3f3c0
706,41054,8,0xcfdb100
707,40297,8,0xd076e40
708,41245,8,0xd112b80
709,40972,8,0xd1ae8c0
710,41044,8,0xd24a600
711,40679,8,0xd2e6340
712,40166,8,0xd382080
713,40469,8,0xd41ddc0
714,42076,8,0xd4b9b00
715,40577,8,0xd555840
716,41683,8,0xd5f1580
717,40588,8,0xd68d2c0
718,40825,8,0xd729000
719,43682,8,0xd7c4d40
720,40062,8,0xd860a80
721,47886,8,0xd8fc7c0
722,40630,8,0xd998500
723,47945,8,0xda34240
724,42297,8,0xdacff80
725,41095,8,0xdb6bcc0
726,41666,8,0xdc07a00
727,40490,8,0xdca3740
728,41291,8,0xdd3f480
729,40484,8,0xdddb1c0
730,41205,8,0xde76f00
731,41027,8,0xdf12c40
732,48881,8,0xdfae980
733,43430,8,0xe04a6c0
734,44349,8,0xe0e6400
735,41398,8,0xe182140
736,42614,8,0xe21de80
737,41849,8,0xe2b9bc0
738,41754,8,0xe355900
739,40894,8,0xe3f1640
740,40568,8,0xe48d380
741,41078,8,0xe5290c0
742,42833,8,0xe5c4e00
743,40325,8,0xe660b40
744,42438,8,0xe6fc880
745,40753,8,0xe7985c0
746,42264,8,0xe834300
747,41167,8,0xe8d0040
748,40705,8,0xe96bd80
749,43276,8,0xea07ac0
750,42159,8,0xeaa3800
751,40652,8,0xeb3f540
752,41474,8,0xebdb280
753,42837,8,0xec76fc0
754,41565,8,0xed12d00
755,41353,8,0xedaea40
756,42351,8,0xee4a780
757,40949,8,0xeee64c0
758,40911,8,0xef82200
759,40801,8,0xf01df40
760,41647,8,0xf0b9c80
761,40577,8,0xf1559c0
762,43555,8,0xf1f1700
763,43584,8,0xf28d440
764,46987,8,0xf329180
765,41336,8,0xf3c4ec0
766,41226,8,0xf460c00
767,41624,8,0xf4fc940
768,40903,8,0xf598680
769,40901,8,0xf6343c0
770,42240,8,0xf6d0100
771,40122,8,0xf76be40
772,42457,8,0xf807b80
773,55196,8,0xf8a38c0
774,40144,8,0xf93f600
775,38679,8,0xf9db340
776,39576,8,0xfa77080
777,39496,8,0xfb12dc0
778,43215,8,0xfbaeb00
779,41190,8,0xfc4a840
780,39636,8,0xfce6580
781,39435,8,0xfd822c0
782,40924,8,0xfe1e000
783,38922,8,0xfeb9d40
784,40602,8,0xff55a80
785,38916,8,0xfff17c0
786,41945,8,0x1008d500
787,40038,8,0x10129240
788,40719,8,0x101c4f80
789,38991,8,0x10260cc0
790,41007,8,0x102fca00
791,39043,8,0x10398740
792,39516,8,0x10434480
793,41261,8,0x104d01c0
794,41014,8,0x1056bf00
795,40265,8,0x10607c40
796,39816,8,0x106a3980
797,39439,8,0x1073f6c0
798,40146,8,0x107db400
799,39814,8,0x10877140
800,39785,8,0x10912e80
801,39519,8,0x109aebc0
802,40329,8,0x10a4a900
803,39679,8,0x10ae6640
804,38823,8,0x10b82380
805,39247,8,0x10c1e0c0
806,45420,8,0x10cb9e00
807,39645,8,0x10d55b40
808,42098,8,0x10df1880
809,39343,8,0x10e8d5c0
810,41260,8,0x10f29300
811,40276,8,0x10fc5040
812,40198,8,0x11060d80
813,39085,8,0x110fcac0
814,39790,8,0x11198800
815,39604,8,0x11234540
816,41241,8,0x112d0280
817,48536,8,0x1136bfc0
818,43416,8,0x11407d00
819,39347,8,0x114a3a40
820,39257,8,0x1153f780
821,39813,8,0x115db4c0
822,41702,8,0x11677200
823,39679,8,0x11712f40
824,39293,8,0x117aec80
825,39556,8,0x1184a9c0
826,40781,8,0x118e6700
827,38942,8,0x11982440
828,39549,8,0x11a1e180
829,40137,8,0x11ab9ec0
830,40202,8,0x11b55c00
831,39498,8,0x11bf1940
832,40246,8,0x11c8d680
833,39230,8,0x11d293c0
834,40935,8,0x11dc5100
835,38830,8,0x11e60e40
836,39219,8,0x11efcb80
837,41113,8,0x11f988c0
838,40674,8,0x12034600
839,40046,8,0x120d0340
840,38640,8,0x1216c080
841,39604,8,0x12207dc0
842,40705,8,0x122a3b00
843,40978,8,0x1233f840
844,40946,8,0x123db580
845,39711,8,0x124772c0
846,39868,8,0x12513000
847,39645,8,0x125aed40
848,39672,8,0x1264aa80
849,44910,8,0x126e67c0
850,40611,8,0x12782500
851,39649,8,0x1281e240
852,40805,8,0x128b9f80
853,40404,8,0x12955cc0
854,40272,8,0x129f1a00
855,40145,8,0x12a8d740
856,39139,8,0x12b29480
857,39898,8,0x12bc51c0
858,40299,8,0x12c60f00
859,39465,8,0x12cfcc40
860,39600,8,0x12d98980
861,40517,8,0x12e346c0
862,39725,8,0x12ed0400
863,39435,8,0x12f6c140
864,39438,8,0x13007e80
865,39144,8,0x130a3bc0
866,40986,8,0x1313f900
867,41454,8,0x131db640
868,39719,8,0x13277380
869,39566,8,0x133130c0
870,40009,8,0x133aee00
871,39379,8,0x1344ab40
872,38743,8,0x134e6880
873,39345,8,0x135825c0
874,41827,8,0x1361e300
875,39830,8,0x136ba040
876,39386,8,0x13755d80
877,40369,8,0x137f1ac0
878,41190,8,0x1388d800
879,38218,8,0x13929540
880,39908,8,0x139c5280
881,43945,8,0x13a60fc0
882,40376,8,0x13afcd00
883,38830,8,0x13b98a40
884,39961,8,0x13c34780
885,39120,8,0x13cd04c0
886,40120,8,0x13d6c200
887,38878,8,0x13e07f40
888,39740,8,0x13ea3c80
889,39652,8,0x13f3f9c0
890,41671,8,0x13fdb700
891,47678,8,0x14077440
892,40571,8,0x14113180
893,39858,8,0x141aeec0
894,40885,8,0x1424ac00
895,40149,8,0x142e6940
896,41093,8,0x14382680
897,39803,8,0x1441e3c0
898,40887,8,0x144ba100
899,38887,8,0x14555e40
900,40608,8,0x145f1b80
901,40795,8,0x1468d8c0
902,40351,8,0x14729600
903,39732,8,0x147c5340
904,39324,8,0x14861080
905,40753,8,0x148fcdc0
906,41288,8,0x14998b00
907,39322,8,0x14a34840
908,40032,8,0x14ad0580
909,39243,8,0x14b6c2c0
910,40021,8,0x14c08000
911,40526,8,0x14ca3d40
912,48318,8,0x14d3fa80
913,50809,8,0x14ddb7c0
914,41103,8,0x14e77500
915,39542,8,0x14f13240
916,41391,8,0x14faef80
917,39072,8,0x1504acc0
918,40266,8,0x150e6a00
919,39424,8,0x15182740
920,40957,8,0x1521e480
921,40209,8,0x152ba1c0
922,40317,8,0x15355f00
923,38936,8,0x153f1c40
924,40002,8,0x1548d980
925,39066,8,0x155296c0
926,41292,8,0x155c5400
927,39312,8,0x15661140
928,40019,8,0x156fce80
929,39547,8,0x15798bc0
930,41375,8,0x15834900
931,40038,8,0x158d0640
932,39294,8,0x1596c380
933,39980,8,0x15a080c0
934,39524,8,0x15aa3e00
935,44460,8,0x15b3fb40
936,40704,8,0x15bdb880
937,39914,8,0x15c775c0
938,41707,8,0x15d13300
939,40231,8,0x15daf040
940,41120,8,0x15e4ad80
941,41000,8,0x15ee6ac0
942,39506,8,0x15f82800
943,39950,8,0x1601e540
944,41066,8,0x160ba280
945,43745,8,0x16155fc0
946,40339,8,0x161f1d00
947,39858,8,0x1628da40
948,40676,8,0x16329780
949,39086,8,0x163c54c0
950,39376,8,0x16461200
951,38737,8,0x164fcf40
952,40534,8,0x16598c80
953,39906,8,0x166349c0
954,40413,8,0x166d0700
955,41690,8,0x1676c440
956,40797,8,0x16808180
957,39307,8,0x168a3ec0
958,39960,8,0x1693fc00
959,40063,8,0x169db940
960,40420,8,0x16a77680
961,40059,8,0x16b133c0
962,41305,8,0x16baf100
963,39440,8,0x16c4ae40
964,40561,8,0x16ce6b80
965,38932,8,0x16d828c0
966,39792,8,0x16e1e600
967,38646,8,0x16eba340
968,40194,8,0x16f56080
969,40502,8,0x16ff1dc0
970,42988,8,0x1708db00
971,39699,8,0x17129840
972,40426,8,0x171c5580
973,39357,8,0x172612c0
974,39921,8,0x172fd000
975,38855,8,0x17398d40
976,39933,8,0x17434a80
977,40692,8,0x174d07c0
978,46188,8,0x1756c500
979,39232,8,0x17608240
980,39683,8,0x176a3f80
981,39245,8,0x1773fcc0
982,39652,8,0x177dba00
983,38563,8,0x17877740
984,39904,8,0x17913480
985,41955,8,0x179af1c0
986,40765,8,0x17a4af00
987,39308,8,0x17ae6c40
988,40767,8,0x17b82980
989,38697,8,0x17c1e6c0
990,40264,8,0x17cba400
991,39371,8,0x17d56140
992,40029,8,0x17df1e80
993,40259,8,0x17e8dbc0
994,39683,8,0x17f29900
995,39582,8,0x17fc5640
996,40135,8,0x18061380
997,40023,8,0x180fd0c0
998,40052,8,0x18198e00
999,38644,8,0x18234b40
1000,42287,8,0x182d0880
1001,39712,8,0x1836c5c0
1002,40725,8,0x18408300
1003,38768,8,0x184a4040
1004,40871,8,0x1853fd80
1005,39340,8,0x185dbac0
1006,39817,8,0x18677800
1007,38769,8,0x18713540
1008,40068,8,0x187af280
1009,42236,8,0x1884afc0
1010,46793,8,0x188e6d00
1011,39968,8,0x18982a40
1012,39719,8,0x18a1e780
1013,39328,8,0x18aba4c0
1014,41663,8,0x18b56200
1015,39106,8,0x18bf1f40
1016,40692,8,0x18c8dc80
1017,39637,8,0x18d299c0
1018,40287,8,0x18dc5700
1019,38304,8,0x18e61440
1020,41475,8,0x18efd180
1021,45237,8,0x18f98ec0
1022,41764,8,0x19034c00
1023,40062,8,0x190d0940
1024,40258,8,0x1916c680
1025,39284,8,0x192083c0
1026,45770,8,0x192a4100
1027,37566,8,0x1933fe40
1028,39333,8,0x193dbb80
1029,39862,8,0x194778c0
1030,39851,8,0x19513600
1031,37369,8,0x195af340
1032,39808,8,0x1964b080
1033,38035,8,0x196e6dc0
1034,38130,8,0x19782b00
1035,39304,8,0x1981e840
1036,38784,8,0x198ba580
1037,37974,8,0x199562c0
1038,39795,8,0x199f2000
1039,37991,8,0x19a8dd40
1040,39087,8,0x19b29a80
1041,39125,8,0x19bc57c0
1042,38433,8,0x19c61500
1043,37980,8,0x19cfd240
1044,40679,8,0x19d98f80
1045,37526,8,0x19e34cc0
1046,38953,8,0x19ed0a00
1047,38949,8,0x19f6c740
1048,39156,8,0x1a008480
1049,38291,8,0x1a0a41c0
1050,38979,8,0x1a13ff00
1051,37080,8,0x1a1dbc40
1052,39825,8,0x1a277980
1053,37658,8,0x1a3136c0
1054,39527,8,0x1a3af400
1055,38088,8,0x1a44b140
1056,38868,8,0x1a4e6e80
1057,37677,8,0x1a582bc0
1058,38109,8,0x1a61e900
1059,39468,8,0x1a6ba640
1060,38721,8,0x1a756380
1061,39155,8,0x1a7f20c0
1062,41247,8,0x1a88de00
1063,37478,8,0x1a929b40
1064,38510,8,0x1a9c5880
1065,43728,8,0x1aa615c0
1066,39672,8,0x1aafd300
1067,37581,8,0x1ab99040
1068,38324,8,0x1ac34d80
1069,38487,8,0x1acd0ac0
1070,39447,8,0x1ad6c800
1071,36932,8,0x1ae08540
1072,39270,8,0x1aea4280
1073,42850,8,0x1af3ffc0
1074,38449,8,0x1afdbd00
1075,37484,8,0x1b077a40
1076,39511,8,0x1b113780
1077,37731,8,0x1b1af4c0
1078,39143,8,0x1b24b200
1079,37391,8,0x1b2e6f40
1080,38846,8,0x1b382c80
1081,38278,8,0x1b41e9c0
1082,39143,8,0x1b4ba700
1083,37455,8,0x1b556440
1084,38345,8,0x1b5f2180
1085,39344,8,0x1b68dec0
1086,39765,8,0x1b729c00
1087,47491,8,0x1b7c5940
1088,45534,8,0x1b861680
1089,38546,8,0x1b8fd3c0
1090,37950,8,0x1b999100
1091,38991,8,0x1ba34e40
1092,40304,8,0x1bad0b80
1093,38454,8,0x1bb6c8c0
1094,38250,8,0x1bc08600
1095,38462,8,0x1bca4340
1096,38065,8,0x1bd40080
1097,38574,8,0x1bddbdc0
1098,39274,8,0x1be77b00
1099,38893,8,0x1bf13840
1100,39594,8,0x1bfaf580
1101,38530,8,0x1c04b2c0
1102,38729,8,0x1c0e7000
1103,39743,8,0x1c182d40
1104,38021,8,0x1c21ea80
1105,37698,8,0x1c2ba7c0
1106,38433,8,0x1c356500
1107,38319,8,0x1c3f2240
1108,44272,8,0x1c48df80
1109,46624,8,0x1c529cc0
1110,39151,8,0x1c5c5a00
1111,38231,8,0x1c661740
1112,38622,8,0x1c6fd480
1113,37825,8,0x1c7991c0
1114,39288,8,0x1c834f00
1115,38806,8,0x1c8d0c40
1116,38559,8,0x1c96c980
1117,38137,8,0x1ca086c0
1118,41166,8,0x1caa4400
1119,38683,8,0x1cb40140
1120,37843,8,0x1cbdbe80
1121,37165,8,0x1cc77bc0
1122,38658,8,0x1cd13900
1123,38161,8,0x1cdaf640
1124,38244,8,0x1ce4b380
1125,56856,8,0x1cee70c0
1126,37970,8,0x1cf82e00
1127,36589,8,0x1d01eb40
1128,36619,8,0x1d0ba880
1129,35843,8,0x1d1565c0
1130,38373,8,0x1d1f2300
1131,37083,8,0x1d28e040
1132,36696,8,0x1d329d80
1133,38000,8,0x1d3c5ac0
1134,36878,8,0x1d461800
1135,36731,8,0x1d4fd540
1136,37484,8,0x1d599280
1137,39898,8,0x1d634fc0
1138,37047,8,0x1d6d0d00
1139,36917,8,0x1d76ca40
1140,37486,8,0x1d808780
1141,35756,8,0x1d8a44c0
1142,37566,8,0x1d940200
1143,36978,8,0x1d9dbf40
1144,36505,8,0x1da77c80
1145,37272,8,0x1db139c0
1146,38725,8,0x1dbaf700
1147,38426,8,0x1dc4b440
1148,38131,8,0x1dce7180
1149,35913,8,0x1dd82ec0
1150,37914,8,0x1de1ec00
1151,38614,8,0x1deba940
1152,37615,8,0x1df56680
1153,36334,8,0x1dff23c0
1154,36931,8,0x1e08e100
1155,41508,8,0x1e129e40
1156,36922,8,0x1e1c5b80
1157,36511,8,0x1e2618c0
1158,36737,8,0x1e2fd600
1159,37171,8,0x1e399340
1160,37339,8,0x1e435080
1161,36363,8,0x1e4d0dc0
1162,39437,8,0x1e56cb00
1163,37659,8,0x1e608840
1164,37608,8,0x1e6a4580
1165,36469,8,0x1e7402c0
1166,38045,8,0x1e7dc000
1167,37200,8,0x1e877d40
1168,37041,8,0x1e913a80
1169,37105,8,0x1e9af7c0
1170,37393,8,0x1ea4b500
1171,37267,8,0x1eae7240
1172,37066,8,0x1eb82f80
1173,35384,8,0x1ec1ecc0
1174,36703,8,0x1ecbaa00
1175,37442,8,0x1ed56740
1176,37254,8,0x1edf2480
1177,38367,8,0x1ee8e1c0
1178,37665,8,0x1ef29f00
1179,37872,8,0x1efc5c40
1180,37358,8,0x1f061980
1181,36644,8,0x1f0fd6c0
1182,37415,8,0x1f199400
1183,37286,8,0x1f235140
1184,37982,8,0x1f2d0e80
1185,36113,8,0x1f36cbc0
1186,37585,8,0x1f408900
1187,36638,8,0x1f4a4640
1188,37249,8,0x1f540380
1189,36459,8,0x1f5dc0c0
1190,36461,8,0x1f677e00
1191,37139,8,0x1f713b40
1192,38821,8,0x1f7af880
1193,35382,8,0x1f84b5c0
1194,38362,8,0x1f8e7300
1195,37846,8,0x1f983040
1196,37682,8,0x1fa1ed80
1197,37263,8,0x1fabaac0
1198,37358,8,0x1fb56800
1199,36803,8,0x1fbf2540
1200,37016,8,0x1fc8e280
1201,42962,8,0x1fd29fc0
1202,37086,8,0x1fdc5d00
1203,36640,8,0x1fe61a40
1204,37552,8,0x1fefd780
1205,37237,8,0x1ff994c0
1206,39580,8,0x20035200
1207,36947,8,0x200d0f40
1208,37243,8,0x2016cc80
1209,36309,8,0x202089c0
1210,37535,8,0x202a4700
1211,41908,8,0x20340440
1212,39121,8,0x203dc180
1213,37299,8,0x20477ec0
1214,38764,8,0x20513c00
1215,37097,8,0x205af940
1216,36239,8,0x2064b680
1217,36646,8,0x206e73c0
1218,37461,8,0x20783100
1219,36987,8,0x2081ee40
1220,37117,8,0x208bab80
1221,38732,8,0x209568c0
1222,37388,8,0x209f2600
1223,36976,8,0x20a8e340
1224,35829,8,0x20b2a080
1225,36965,8,0x20bc5dc0
1226,37817,8,0x20c61b00
1227,37327,8,0x20cfd840
1228,38500,8,0x20d99580
1229,36414,8,0x20e352c0
1230,37524,8,0x20ed1000
1231,37646,8,0x20f6cd40
1232,37514,8,0x21008a80
1233,36443,8,0x210a47c0
1234,38050,8,0x21140500
1235,36108,8,0x211dc240
1236,38574,8,0x21277f80
1237,36737,8,0x21313cc0
1238,37304,8,0x213afa00
1239,36632,8,0x2144b740
1240,37242,8,0x214e7480
1241,36877,8,0x215831c0
1242,38336,8,0x2161ef00
1243,36732,8,0x216bac40
1244,37760,8,0x21756980
1245,36887,8,0x217f26c0
1246,38256,8,0x2188e400
1247,41817,8,0x2192a140
1248,36900,8,0x219c5e80
1249,35776,8,0x21a61bc0
1250,37409,8,0x21afd900
1251,38035,8,0x21b99640
1252,36863,8,0x21c35380
1253,36188,8,0x21cd10c0
1254,37888,8,0x21d6ce00
1255,37163,8,0x21e08b40
1256,36869,8,0x21ea4880
1257,45999,8,0x21f405c0
1258,43446,8,0x21fdc300
1259,36861,8,0x22078040
1260,37335,8,0x22113d80
1261,37038,8,0x221afac0
1262,36888,8,0x2224b800
1263,36320,8,0x222e7540
1264,36778,8,0x22383280
1265,40654,8,0x2241efc0
1266,38174,8,0x224bad00
1267,36667,8,0x22556a40
1268,51149,8,0x225f2780
1269,35525,8,0x2268e4c0
1270,37268,8,0x2272a200
1271,35702,8,0x227c5f40
1272,35572,8,0x22861c80
1273,36639,8,0x228fd9c0
1274,37532,8,0x22999700
1275,36738,8,0x22a35440
1276,36628,8,0x22ad1180
1277,36081,8,0x22b6cec0
1278,37671,8,0x22c08c00
1279,36531,8,0x22ca4940
1280,36934,8,0x22d40680
1281,35762,8,0x22ddc3c0
1282,37223,8,0x22e78100
1283,35958,8,0x22f13e40
1284,36914,8,0x22fafb80
1285,37315,8,0x2304b8c0
1286,37313,8,0x230e7600
1287,36064,8,0x23183340
1288,35367,8,0x2321f080
1289,36063,8,0x232badc0
1290,38188,8,0x23356b00
1291,37216,8,0x233f2840
1292,37009,8,0x2348e580
1293,39934,8,0x2352a2c0
1294,38063,8,0x235c6000
1295,37368,8,0x23661d40
1296,36458,8,0x236fda80
1297,35865,8,0x237997c0
1298,37942,8,0x23835500
1299,36441,8,0x238d1240
1300,36725,8,0x2396cf80
1301,35767,8,0x23a08cc0
1302,37388,8,0x23aa4a00
1303,35569,8,0x23b40740
1304,35672,8,0x23bdc480
1305,35406,8,0x23c781c0
1306,37530,8,0x23d13f00
1307,35761,8,0x23dafc40
1308,37159,8,0x23e4b980
1309,35750,8,0x23ee76c0
1310,38031,8,0x23f83400
1311,36733,8,0x2401f140
1312,36160,8,0x240bae80
1313,35643,8,0x24156bc0
1314,38028,8,0x241f2900
1315,45062,8,0x2428e640
1316,36652,8,0x2432a380
1317,36312,8,0x243c60c0
1318,37637,8,0x24461e00
1319,36224,8,0x244fdb40
1320,35541,8,0x24599880
1321,36791,8,0x246355c0
1322,38387,8,0x246d1300
1323,36908,8,0x2476d040
1324,37161,8,0x24808d80
1325,37230,8,0x248a4ac0
1326,37624,8,0x24940800
1327,35214,8,0x249dc540
1328,36066,8,0x24a78280
1329,38583,8,0x24b13fc0
1330,36402,8,0x24bafd00
1331,36135,8,0x24c4ba40
1332,35705,8,0x24ce7780
1333,36168,8,0x24d834c0
1334,36552,8,0x24e1f200
1335,35815,8,0x24ebaf40
1336,36313,8,0x24f56c80
1337,35955,8,0x24ff29c0
1338,37903,8,0x2508e700
1339,42095,8,0x2512a440
1340,36638,8,0x251c6180
1341,37170,8,0x25261ec0
1342,38328,8,0x252fdc00
1343,35784,8,0x25399940
1344,36947,8,0x25435680
1345,36861,8,0x254d13c0
1346,36269,8,0x2556d100
1347,35136,8,0x25608e40
1348,36221,8,0x256a4b80
1349,37453,8,0x257408c0
1350,37687,8,0x257dc600
1351,35960,8,0x25878340
1352,36696,8,0x25914080
1353,37003,8,0x259afdc0
1354,40134,8,0x25a4bb00
1355,36552,8,0x25ae7840
1356,36437,8,0x25b83580
1357,37427,8,0x25c1f2c0
1358,37343,8,0x25cbb000
1359,35886,8,0x25d56d40
1360,36222,8,0x25df2a80
1361,36308,8,0x25e8e7c0
1362,36490,8,0x25f2a500
1363,36486,8,0x25fc6240
1364,35535,8,0x26061f80
1365,35800,8,0x260fdcc0
1366,37279,8,0x26199a00
1367,35952,8,0x26235740
1368,35985,8,0x262d1480
1369,37845,8,0x2636d1c0
1370,37577,8,0x26408f00
1371,36682,8,0x264a4c40
1372,35621,8,0x26540980
1373,36465,8,0x265dc6c0
1374,36899,8,0x26678400
1375,35299,8,0x26714140
1376,35859,8,0x267afe80
1377,36421,8,0x2684bbc0
1378,37184,8,0x268e7900
1379,36750,8,0x26983640
1380,36219,8,0x26a1f380
1381,35786,8,0x26abb0c0
1382,36887,8,0x26b56e00
1383,36018,8,0x26bf2b40
1384,38145,8,0x26c8e880
1385,40813,8,0x26d2a5c0
1386,37836,8,0x26dc6300
1387,36904,8,0x26e62040
1388,36523,8,0x26efdd80
1389,35521,8,0x26f99ac0
1390,36222,8,0x27035800
1391,34837,8,0x270d1540
1392,36080,8,0x2716d280
1393,38612,8,0x27208fc0
1394,37308,8,0x272a4d00
1395,36180,8,0x27340a40
1396,36493,8,0x273dc780
1397,35769,8,0x274784c0
1398,38483,8,0x27514200
1399,35210,8,0x275aff40
1400,35535,8,0x2764bc80
1401,37057,8,0x276e79c0
1402,37158,8,0x27783700
1403,36731,8,0x2781f440
1404,36075,8,0x278bb180
1405,36404,8,0x27956ec0
1406,37281,8,0x279f2c00
1407,35905,8,0x27a8e940
1408,35892,8,0x27b2a680
1409,36209,8,0x27bc63c0
1410,37180,8,0x27c62100
1411,36160,8,0x27cfde40
1412,35855,8,0x27d99b80
1413,38198,8,0x27e358c0
1414,36571,8,0x27ed1600
1415,35117,8,0x27f6d340
1416,36546,8,0x28009080
1417,35644,8,0x280a4dc0
1418,37300,8,0x28140b00
1419,36688,8,0x281dc840
1420,42356,8,0x28278580
1421,38766,8,0x283142c0
1422,38536,8,0x283b0000
1423,35818,8,0x2844bd40
1424,36357,8,0x284e7a80
1425,36597,8,0x285837c0
1426,38344,8,0x2861f500
1427,35768,8,0x286bb240
1428,52641,8,0x28756f80
1429,39709,8,0x287f2cc0
1430,36503,8,0x2888ea00
1431,35659,8,0x2892a740
1432,36904,8,0x289c6480
1433,36388,8,0x28a621c0
1434,38791,8,0x28afdf00
1435,36180,8,0x28b99c40
1436,36826,8,0x28c35980
1437,35555,8,0x28cd16c0
1438,35642,8,0x28d6d400
1439,36068,8,0x28e09140
1440,37107,8,0x28ea4e80
1441,36151,8,0x28f40bc0
1442,37547,8,0x28fdc900
1443,37290,8,0x29078640
1444,36359,8,0x29114380
1445,36534,8,0x291b00c0
1446,37503,8,0x2924be00
1447,35578,8,0x292e7b40
1448,36665,8,0x29383880
1449,36366,8,0x2941f5c0
1450,38804,8,0x294bb300
1451,36595,8,0x29557040
1452,36718,8,0x295f2d80
1453,36420,8,0x2968eac0
1454,35703,8,0x2972a800
1455,35632,8,0x297c6540
1456,36473,8,0x29862280
1457,40867,8,0x298fdfc0
1458,36499,8,0x29999d00
1459,36837,8,0x29a35a40
1460,36945,8,0x29ad1780
1461,35766,8,0x29b6d4c0
1462,36109,8,0x29c09200
1463,35686,8,0x29ca4f40
1464,35929,8,0x29d40c80
1465,36371,8,0x29ddc9c0
1466,36862,8,0x29e78700
1467,36845,8,0x29f14440
1468,36502,8,0x29fb0180
1469,35202,8,0x2a04bec0
1470,36130,8,0x2a0e7c00
1471,35555,8,0x2a183940
1472,44457,8,0x2a21f680
1473,37640,8,0x2a2bb3c0
1474,37810,8,0x2a357100
1475,36336,8,0x2a3f2e40
1476,37200,8,0x2a48eb80
1477,36566,8,0x2a52a8c0
1478,36460,8,0x2a5c6600
1479,36482,8,0x2a662340
1480,37376,8,0x2a6fe080
1481,36135,8,0x2a799dc0
1482,37539,8,0x2a835b00
1483,35909,8,0x2a8d1840
1484,36808,8,0x2a96d580
1485,36756,8,0x2aa092c0
1486,35924,8,0x2aaa5000
1487,38948,8,0x2ab40d40
1488,36823,8,0x2abdca80
1489,36015,8,0x2ac787c0
1490,36969,8,0x2ad14500
1491,35728,8,0x2adb0240
1492,36798,8,0x2ae4bf80
1493,36718,8,0x2aee7cc0
1494,35806,8,0x2af83a00
1495,37374,8,0x2b01f740
1496,36617,8,0x2b0bb480
1497,36276,8,0x2b1571c0
1498,36862,8,0x2b1f2f00
1499,36193,8,0x2b28ec40
1500,36127,8,0x2b32a980
1501,36416,8,0x2b3c66c0
1502,37265,8,0x2b462400
1503,36860,8,0x2b4fe140
1504,36885,8,0x2b599e80
1505,35632,8,0x2b635bc0
1506,36497,8,0x2b6d1900
1507,36914,8,0x2b76d640
1508,37220,8,0x2b809380
1509,36415,8,0x2b8a50c0
1510,36925,8,0x2b940e00
1511,36543,8,0x2b9dcb40
1512,37134,8,0x2ba78880
1513,35648,8,0x2bb145c0
1514,42735,8,0x2bbb0300
1515,35949,8,0x2bc4c040
1516,36040,8,0x2bce7d80
1517,37890,8,0x2bd83ac0
1518,36394,8,0x2be1f800
1519,37488,8,0x2bebb540
1520,37207,8,0x2bf57280
1521,38246,8,0x2bff2fc0
1522,37365,8,0x2c08ed00
1523,36200,8,0x2c12aa40
1524,37836,8,0x2c1c6780
1525,41674,8,0x2c2624c0
1526,37088,8,0x2c2fe200
1527,36329,8,0x2c399f40
1528,37087,8,0x2c435c80
1529,35916,8,0x2c4d19c0
1530,36411,8,0x2c56d700
1531,36357,8,0x2c609440
1532,36920,8,0x2c6a5180
1533,36241,8,0x2c740ec0
1534,37568,8,0x2c7dcc00
1535,36616,8,0x2c878940
1536,36483,8,0x2c914680
1537,36110,8,0x2c9b03c0
1538,35618,8,0x2ca4c100
1539,35039,8,0x2cae7e40
1540,36856,8,0x2cb83b80
1541,36993,8,0x2cc1f8c0
1542,37713,8,0x2ccbb600
1543,36194,8,0x2cd57340
1544,36861,8,0x2cdf3080
1545,35670,8,0x2ce8edc0
1546,38936,8,0x2cf2ab00
1547,35703,8,0x2cfc6840
1548,37189,8,0x2d062580
1549,36256,8,0x2d0fe2c0
1550,37002,8,0x2d19a000
1551,36367,8,0x2d235d40
1552,36601,8,0x2d2d1a80
1553,35979,8,0x2d36d7c0
1554,37630,8,0x2d409500
1555,35466,8,0x2d4a5240
1556,37700,8,0x2d540f80
1557,43403,8,0x2d5dccc0
1558,43099,8,0x2d678a00
1559,35865,8,0x2d714740
1560,36458,8,0x2d7b0480
1561,37610,8,0x2d84c1c0
1562,37270,8,0x2d8e7f00
1563,35912,8,0x2d983c40
1564,37041,8,0x2da1f980
1565,36120,8,0x2dabb6c0
1566,36451,8,0x2db57400
1567,36505,8,0x2dbf3140
1568,37620,8,0x2dc8ee80
1569,37161,8,0x2dd2abc0
1570,36772,8,0x2ddc6900
1571,35753,8,0x2de62640
1572,37645,8,0x2defe380
1573,36708,8,0x2df9a0c0
1574,36872,8,0x2e035e00
1575,36485,8,0x2e0d1b40
1576,38004,8,0x2e16d880
1577,36802,8,0x2e2095c0
1578,37907,8,0x2e2a5300
1579,36242,8,0x2e341040
1580,37819,8,0x2e3dcd80
1581,36547,8,0x2e478ac0
1582,36532,8,0x2e514800
1583,35598,8,0x2e5b0540
1584,37413,8,0x2e64c280
1585,40212,8,0x2e6e7fc0
1586,36824,8,0x2e783d00
1587,36450,8,0x2e81fa40
1588,37034,8,0x2e8bb780
1589,37436,8,0x2e9574c0
1590,38290,8,0x2e9f3200
1591,35603,8,0x2ea8ef40
1592,37386,8,0x2eb2ac80
1593,36868,8,0x2ebc69c0
1594,36833,8,0x2ec62700
1595,36205,8,0x2ecfe440
1596,37126,8,0x2ed9a180
1597,36878,8,0x2ee35ec0
1598,37207,8,0x2eed1c00
1599,50622,8,0x2ef6d940
1600,41102,8,0x2f009680
1601,35720,8,0x2f0a53c0
1602,35919,8,0x2f141100
1603,36306,8,0x2f1dce40
1604,37820,8,0x2f278b80
1605,38981,8,0x2f3148c0
1606,36648,8,0x2f3b0600
1607,36886,8,0x2f44c340
1608,36672,8,0x2f4e8080
1609,35510,8,0x2f583dc0
1610,36851,8,0x2f61fb00
1611,37263,8,0x2f6bb840
1612,37458,8,0x2f757580
1613,36535,8,0x2f7f32c0
1614,36677,8,0x2f88f000
1615,37220,8,0x2f92ad40
1616,37408,8,0x2f9c6a80
1617,37391,8,0x2fa627c0
1618,36381,8,0x2fafe500
1619,47368,8,0x2fb9a240
1620,38273,8,0x2fc35f80
1621,35878,8,0x2fcd1cc0
1622,36542,8,0x2fd6da00
1623,36299,8,0x2fe09740
1624,36706,8,0x2fea5480
1625,36514,8,0x2ff411c0
1626,38372,8,0x2ffdcf00
1627,36732,8,0x30078c40
1628,37342,8,0x30114980
1629,42125,8,0x301b06c0
1630,37224,8,0x3024c400
1631,36778,8,0x302e8140
1632,37967,8,0x30383e80
1633,36655,8,0x3041fbc0
1634,37568,8,0x304bb900
1635,37883,8,0x30557640
1636,36924,8,0x305f3380
1637,36693,8,0x3068f0c0
1638,37816,8,0x3072ae00
1639,36152,8,0x307c6b40
1640,36669,8,0x30862880
1641,36945,8,0x308fe5c0
1642,41775,8,0x3099a300
1643,37057,8,0x30a36040
1644,37303,8,0x30ad1d80
1645,35815,8,0x30b6dac0
1646,37037,8,0x30c09800
1647,36834,8,0x30ca5540
1648,36629,8,0x30d41280
1649,40861,8,0x30ddcfc0
1650,36377,8,0x30e78d00
1651,37343,8,0x30f14a40
1652,37063,8,0x30fb0780
1653,36009,8,0x3104c4c0
1654,36905,8,0x310e8200
1655,35838,8,0x31183f40
1656,37605,8,0x3121fc80
1657,37247,8,0x312bb9c0
1658,37748,8,0x31357700
1659,37916,8,0x313f3440
1660,36833,8,0x3148f180
1661,35883,8,0x3152aec0
1662,36701,8,0x315c6c00
1663,36820,8,0x31662940
1664,39858,8,0x316fe680
1665,35756,8,0x3179a3c0
1666,36556,8,0x31836100
1667,36670,8,0x318d1e40
1668,36968,8,0x3196db80
1669,36750,8,0x31a098c0
1670,36250,8,0x31aa5600
1671,37266,8,0x31b41340
1672,37236,8,0x31bdd080
1673,36462,8,0x31c78dc0
1674,37233,8,0x31d14b00
1675,36848,8,0x31db0840
1676,37262,8,0x31e4c580
1677,35398,8,0x31ee82c0
1678,37790,8,0x31f84000
1679,38333,8,0x3201fd40
1680,37187,8,0x320bba80
1681,46379,8,0x321577c0
1682,36976,8,0x321f3500
1683,37198,8,0x3228f240
1684,37166,8,0x3232af80
1685,36956,8,0x323c6cc0
1686,41778,8,0x32462a00
1687,36612,8,0x324fe740
1688,36607,8,0x3259a480
1689,36292,8,0x326361c0
1690,38122,8,0x326d1f00
1691,37960,8,0x3276dc40
1692,37243,8,0x32809980
1693,37048,8,0x328a56c0
1694,38253,8,0x32941400
1695,37026,8,0x329dd140
1696,53878,8,0x32a78e80
1697,35641,8,0x32b14bc0
1698,36088,8,0x32bb0900
1699,36049,8,0x32c4c640
1700,35770,8,0x32ce8380
1701,35444,8,0x32d840c0
1702,35226,8,0x32e1fe00
1703,35948,8,0x32ebbb40
1704,35669,8,0x32f57880
1705,34830,8,0x32ff35c0
1706,36972,8,0x3308f300
1707,35687,8,0x3312b040
1708,36465,8,0x331c6d80
1709,37149,8,0x33262ac0
1710,35731,8,0x332fe800
1711,36273,8,0x3339a540
1712,36253,8,0x33436280
1713,37566,8,0x334d1fc0
1714,35337,8,0x3356dd00
1715,36215,8,0x33609a40
1716,36147,8,0x336a5780
1717,36027,8,0x337414c0
1718,35002,8,0x337dd200
1719,35438,8,0x33878f40
1720,35810,8,0x33914c80
1721,35701,8,0x339b09c0
1722,35974,8,0x33a4c700
1723,36942,8,0x33ae8440
1724,36302,8,0x33b84180
1725,35921,8,0x33c1fec0
1726,35519,8,0x33cbbc00
1727,35788,8,0x33d57940
1728,39408,8,0x33df3680
1729,34582,8,0x33e8f3c0
1730,35192,8,0x33f2b100
1731,36489,8,0x33fc6e40
1732,36077,8,0x34062b80
1733,35540,8,0x340fe8c0
1734,41303,8,0x3419a600
1735,36276,8,0x34236340
1736,36576,8,0x342d2080
1737,34897,8,0x3436ddc0
1738,39901,8,0x34409b00
1739,35801,8,0x344a5840
1740,34770,8,0x34541580
1741,34729,8,0x345dd2c0
1742,35420,8,0x34679000
1743,44558,8,0x34714d40
1744,35936,8,0x347b0a80
1745,34792,8,0x3484c7c0
1746,36134,8,0x348e8500
1747,34402,8,0x34984240
1748,35069,8,0x34a1ff80
1749,34594,8,0x34abbcc0
1750,35575,8,0x34b57a00
1751,34940,8,0x34bf3740
1752,35212,8,0x34c8f480
1753,36753,8,0x34d2b1c0
1754,36983,8,0x34dc6f00
1755,34454,8,0x34e62c40
1756,34890,8,0x34efe980
1757,33903,8,0x34f9a6c0
1758,35636,8,0x35036400
1759,35896,8,0x350d2140
1760,34833,8,0x3516de80
1761,35401,8,0x35209bc0
1762,36680,8,0x352a5900
1763,33360,8,0x35341640
1764,34235,8,0x353dd380
1765,34230,8,0x354790c0
1766,35294,8,0x35514e00
1767,34993,8,0x355b0b40
1768,36382,8,0x3564c880
1769,44326,8,0x356e85c0
1770,42602,8,0x35784300
1771,35013,8,0x35820040
1772,38867,8,0x358bbd80
1773,35188,8,0x35957ac0
1774,35333,8,0x359f3800
1775,34533,8,0x35a8f540
1776,35298,8,0x35b2b280
1777,37133,8,0x35bc6fc0
1778,35539,8,0x35c62d00
1779,35426,8,0x35cfea40
1780,34253,8,0x35d9a780
1781,34099,8,0x35e364c0
1782,37653,8,0x35ed2200
1783,34486,8,0x35f6df40
1784,35813,8,0x36009c80
1785,34188,8,0x360a59c0
1786,36124,8,0x36141700
1787,34723,8,0x361dd440
1788,34249,8,0x36279180
1789,35144,8,0x36314ec0
1790,35978,8,0x363b0c00
1791,35587,8,0x3644c940
1792,35041,8,0x364e8680
1793,33478,8,0x365843c0
1794,35279,8,0x36620100
1795,35179,8,0x366bbe40
1796,33930,8,0x36757b80
1797,36613,8,0x367f38c0
1798,35779,8,0x3688f600
1799,35969,8,0x3692b340
1800,35170,8,0x369c7080
1801,33753,8,0x36a62dc0
1802,37773,8,0x36afeb00
1803,35030,8,0x36b9a840
1804,33574,8,0x36c36580
1805,44657,8,0x36cd22c0
1806,35938,8,0x36d6e000
1807,35739,8,0x36e09d40
1808,35142,8,0x36ea5a80
1809,34379,8,0x36f417c0
1810,36403,8,0x36fdd500
1811,36141,8,0x37079240
1812,36906,8,0x37114f80
1813,34122,8,0x371b0cc0
1814,35297,8,0x3724ca00
1815,40255,8,0x372e8740
1816,35543,8,0x37384480
1817,34317,8,0x374201c0
1818,36135,8,0x374bbf00
1819,44427,8,0x37557c40
1820,33703,8,0x375f3980
1821,33756,8,0x3768f6c0
1822,35815,8,0x3772b400
1823,34550,8,0x377c7140
1824,35432,8,0x37862e80
1825,33313,8,0x378febc0
1826,35712,8,0x3799a900
1827,36250,8,0x37a36640
1828,33810,8,0x37ad2380
1829,33972,8,0x37b6e0c0
1830,35826,8,0x37c09e00
1831,35145,8,0x37ca5b40
1832,34392,8,0x37d41880
1833,33688,8,0x37ddd5c0
1834,36451,8,0x37e79300
1835,34594,8,0x37f15040
1836,33499,8,0x37fb0d80
1837,33905,8,0x3804cac0
1838,35917,8,0x380e8800
1839,34731,8,0x38184540
1840,34889,8,0x38220280
1841,38204,8,0x382bbfc0
1842,40539,8,0x38357d00
1843,36238,8,0x383f3a40
1844,34411,8,0x3848f780
1845,34558,8,0x3852b4c0
1846,35159,8,0x385c7200
1847,34063,8,0x38662f40
1848,34396,8,0x386fec80
1849,34600,8,0x3879a9c0
1850,35261,8,0x38836700
1851,34403,8,0x388d2440
1852,34928,8,0x3896e180
1853,35219,8,0x38a09ec0
1854,34406,8,0x38aa5c00
1855,33810,8,0x38b41940
1856,35689,8,0x38bdd680
1857,39199,8,0x38c793c0
1858,35788,8,0x38d15100
1859,34128,8,0x38db0e40
1860,37173,8,0x38e4cb80
1861,35354,8,0x38ee88c0
1862,35049,8,0x38f84600
1863,34118,8,0x39020340
1864,34574,8,0x390bc080
1865,34761,8,0x39157dc0
1866,37380,8,0x391f3b00
1867,44151,8,0x3928f840
1868,33946,8,0x3932b580
1869,35386,8,0x393c72c0
1870,35177,8,0x39463000
1871,35566,8,0x394fed40
1872,34197,8,0x3959aa80
1873,34952,8,0x396367c0
1874,35655,8,0x396d2500
1875,33930,8,0x3976e240
1876,34110,8,0x39809f80
1877,35099,8,0x398a5cc0
1878,34069,8,0x39941a00
1879,34096,8,0x399dd740
1880,34438,8,0x39a79480
1881,34940,8,0x39b151c0
1882,35862,8,0x39bb0f00
1883,33804,8,0x39c4cc40
1884,34738,8,0x39ce8980
1885,34729,8,0x39d846c0
1886,35685,8,0x39e20400
1887,33684,8,0x39ebc140
1888,35463,8,0x39f57e80
1889,34740,8,0x39ff3bc0
1890,35567,8,0x3a08f900
1891,33227,8,0x3a12b640
1892,34667,8,0x3a1c7380
1893,34892,8,0x3a2630c0
1894,35181,8,0x3a2fee00
1895,34243,8,0x3a39ab40
1896,34508,8,0x3a436880
1897,35266,8,0x3a4d25c0
1898,35739,8,0x3a56e300
1899,34647,8,0x3a60a040
1900,38398,8,0x3a6a5d80
1901,36365,8,0x3a741ac0
1902,35323,8,0x3a7dd800
1903,33927,8,0x3a879540
1904,35084,8,0x3a915280
1905,38076,8,0x3a9b0fc0
1906,35164,8,0x3aa4cd00
1907,34327,8,0x3aae8a40
1908,35550,8,0x3ab84780
1909,34629,8,0x3ac204c0
1910,35438,8,0x3acbc200
1911,33207,8,0x3ad57f40
1912,33727,8,0x3adf3c80
1913,35086,8,0x3ae8f9c0
1914,35923,8,0x3af2b700
1915,36214,8,0x3afc7440
1916,33824,8,0x3b063180
1917,34760,8,0x3b0feec0
1918,34744,8,0x3b19ac00
1919,33757,8,0x3b236940
1920,34627,8,0x3b2d2680
1921,34685,8,0x3b36e3c0
1922,35426,8,0x3b40a100
1923,34553,8,0x3b4a5e40
1924,33975,8,0x3b541b80
1925,35956,8,0x3b5dd8c0
1926,34904,8,0x3b679600
1927,34014,8,0x3b715340
1928,34618,8,0x3b7b1080
1929,44945,8,0x3b84cdc0
1930,38413,8,0x3b8e8b00
1931,34497,8,0x3b984840
1932,34774,8,0x3ba20580
1933,35243,8,0x3babc2c0
1934,35354,8,0x3bb58000
1935,34610,8,0x3bbf3d40
1936,33798,8,0x3bc8fa80
1937,35040,8,0x3bd2b7c0
1938,35513,8,0x3bdc7500
1939,34690,8,0x3be63240
1940,43113,8,0x3befef80
1941,40758,8,0x3bf9acc0
1942,40627,8,0x3c036a00
1943,33640,8,0x3c0d2740
1944,34372,8,0x3c16e480
1945,37289,8,0x3c20a1c0
1946,35952,8,0x3c2a5f00
1947,34720,8,0x3c341c40
1948,34616,8,0x3c3dd980
1949,33988,8,0x3c4796c0
1950,34864,8,0x3c515400
1951,39433,8,0x3c5b1140
1952,36860,8,0x3c64ce80
1953,35266,8,0x3c6e8bc0
1954,36366,8,0x3c784900
1955,33775,8,0x3c820640
1956,34608,8,0x3c8bc380
1957,34020,8,0x3c9580c0
1958,34976,8,0x3c9f3e00
1959,34204,8,0x3ca8fb40
1960,36265,8,0x3cb2b880
1961,34478,8,0x3cbc75c0
1962,36652,8,0x3cc63300
1963,34120,8,0x3ccff040
1964,35062,8,0x3cd9ad80
1965,34089,8,0x3ce36ac0
1966,35501,8,0x3ced2800
1967,34577,8,0x3cf6e540
1968,36745,8,0x3d00a280
1969,37419,8,0x3d0a5fc0
1970,36207,8,0x3d141d00
1971,34267,8,0x3d1dda40
1972,35456,8,0x3d279780
1973,34522,8,0x3d3154c0
1974,36673,8,0x3d3b1200
1975,33410,8,0x3d44cf40
1976,35272,8,0x3d4e8c80
1977,34373,8,0x3d5849c0
1978,34771,8,0x3d620700
1979,34263,8,0x3d6bc440
1980,34419,8,0x3d758180
1981,34570,8,0x3d7f3ec0
1982,34934,8,0x3d88fc00
1983,33701,8,0x3d92b940
1984,34590,8,0x3d9c7680
1985,34475,8,0x3da633c0
1986,39711,8,0x3daff100
1987,33902,8,0x3db9ae40
1988,34892,8,0x3dc36b80
1989,35579,8,0x3dcd28c0
1990,34100,8,0x3dd6e600
1991,43041,8,0x3de0a340
1992,34519,8,0x3dea6080
1993,34083,8,0x3df41dc0
1994,35826,8,0x3dfddb00
1995,34283,8,0x3e079840
1996,36925,8,0x3e115580
1997,33491,8,0x3e1b12c0
1998,34368,8,0x3e24d000
1999,33834,8,0x3e2e8d40
2000,35097,8,0x3e384a80
2001,34306,8,0x3e4207c0
2002,34665,8,0x3e4bc500
2003,34360,8,0x3e558240
2004,36014,8,0x3e5f3f80
2005,34332,8,0x3e68fcc0
2006,33844,8,0x3e72ba00
2007,34330,8,0x3e7c7740
2008,34677,8,0x3e863480
2009,34716,8,0x3e8ff1c0
2010,34540,8,0x3e99af00
2011,34854,8,0x3ea36c40
2012,34360,8,0x3ead2980
2013,34488,8,0x3eb6e6c0
2014,34372,8,0x3ec0a400
2015,34785,8,0x3eca6140
2016,34111,8,0x3ed41e80
2017,34600,8,0x3edddbc0
2018,34678,8,0x3ee79900
2019,35803,8,0x3ef15640
2020,34927,8,0x3efb1380
2021,34419,8,0x3f04d0c0
2022,34240,8,0x3f0e8e00
2023,33611,8,0x3f184b40
2024,35657,8,0x3f220880
2025,34388,8,0x3f2bc5c0
2026,34316,8,0x3f358300
2027,33609,8,0x3f3f4040
2028,35279,8,0x3f48fd80
2029,39636,8,0x3f52bac0
2030,35183,8,0x3f5c7800
2031,33392,8,0x3f663540
2032,35718,8,0x3f6ff280
2033,38269,8,0x3f79afc0
2034,34513,8,0x3f836d00
2035,34380,8,0x3f8d2a40
2036,35306,8,0x3f96e780
2037,35219,8,0x3fa0a4c0
2038,34021,8,0x3faa6200
2039,33854,8,0x3fb41f40
2040,34724,8,0x3fbddc80
2041,34711,8,0x3fc799c0
2042,35193,8,0x3fd15700
2043,34099,8,0x3fdb1440
2044,34587,8,0x3fe4d180
2045,34500,8,0x3fee8ec0
2046,34585,8,0x3ff84c00
2047,39975,8,0x20980
2048,34158,8,0xbc6c0
2049,34485,8,0x158400
2050,34848,8,0x1f4140
2051,31746,8,0x28fe80
2052,34165,8,0x32bbc0
2053,33702,8,0x3c7900
2054,33590,8,0x463640
2055,32353,8,0x4ff380
2056,33231,8,0x59b0c0
2057,34284,8,0x636e00
2058,33903,8,0x6d2b40
2059,33094,8,0x76e880
2060,33708,8,0x80a5c0
2061,33532,8,0x8a6300
2062,35336,8,0x942040
2063,41045,8,0x9ddd80
2064,35305,8,0xa79ac0
2065,39216,58,0xb15800
2066,38235,58,0xbb1540
2067,40648,58,0xc4d280
2068,38106,58,0xce8fc0
2069,39643,58,0xd84d00
2070,40696,58,0xe20a40
2071,42023,58,0xebc780
2072,38438,58,0xf584c0
2073,38181,58,0xff4200
2074,41005,58,0x108ff40
2075,39528,58,0x112bc80
2076,40082,58,0x11c79c0
2077,41958,58,0x1263700
2078,38613,58,0x12ff440
2079,41231,58,0x139b180
2080,38729,8,0x1436ec0
2081,34216,8,0x14d2c00
2082,33248,8,0x156e940
2083,34734,8,0x160a680
2084,34151,8,0x16a63c0
2085,34930,8,0x1742100
2086,35105,8,0x17dde40
2087,36043,8,0x1879b80
2088,34678,8,0x19158c0
2089,39032,8,0x19b1600
2090,34409,8,0x1a4d340
2091,33964,8,0x1ae9080
2092,40063,58,0x1b84dc0
2093,38983,58,0x1c20b00
2094,38664,58,0x1cbc840
2095,38185,58,0x1d58580
2096,36913,58,0x1df42c0
2097,39856,58,0x1e90000
2098,38476,58,0x1f2bd40
2099,38241,58,0x1fc7a80
2100,39770,58,0x20637c0
2101,37640,58,0x20ff500
2102,37956,58,0x219b240
2103,41058,58,0x2236f80
2104,38476,58,0x22d2cc0
2105,38283,58,0x236ea00
2106,39577,58,0x240a740
2107,39467,58,0x24a6480
2108,42189,8,0x25421c0
2109,37123,8,0x25ddf00
2110,33815,8,0x2679c40
2111,34762,8,0x2715980
2112,33987,8,0x27b16c0
2113,43739,8,0x284d400
2114,48919,8,0x28e9140
2115,34673,8,0x2984e80
2116,35880,8,0x2a20bc0
2117,34719,8,0x2abc900
2118,34217,8,0x2b58640
2119,35340,8,0x2bf4380
2120,34682,8,0x2c900c0
2121,33964,8,0x2d2be00
2122,35232,8,0x2dc7b40
2123,35757,8,0x2e63880
2124,38134,8,0x2eff5c0
2125,33586,8,0x2f9b300
2126,34480,8,0x3037040
2127,34675,8,0x30d2d80
2128,35150,8,0x316eac0
2129,34464,8,0x320a800
2130,34347,8,0x32a6540
2131,34706,8,0x3342280
2132,37607,8,0x33ddfc0
2133,34125,8,0x3479d00
2134,34946,8,0x3515a40
2135,34209,8,0x35b1780
2136,34439,8,0x364d4c0
2137,35048,8,0x36e9200
2138,35573,8,0x3784f40
2139,34369,8,0x3820c80
2140,34443,8,0x38bc9c0
2141,32878,8,0x3958700
2142,34309,8,0x39f4440
2143,34572,8,0x3a90180
2144,36351,8,0x3b2bec0
2145,34929,8,0x3bc7c00
2146,34025,8,0x3c63940
2147,33399,8,0x3cff680
2148,34942,8,0x3d9b3c0
2149,33797,8,0x3e37100
2150,34043,8,0x3ed2e40
2151,35232,8,0x3f6eb80
2152,35806,8,0x400a8c0
2153,35222,8,0x40a6600
2154,34723,8,0x4142340
2155,34594,8,0x41de080
2156,35323,8,0x4279dc0
2157,33819,8,0x4315b00
2158,34559,8,0x43b1840
2159,33958,8,0x444d580
2160,34846,8,0x44e92c0
2161,34361,8,0x4585000
2162,33801,8,0x4620d40
2163,34541,8,0x46bca80
2164,34082,8,0x47587c0
2165,33771,8,0x47f4500
2166,34488,8,0x4890240
2167,34371,8,0x492bf80
2168,36641,8,0x49c7cc0
2169,41553,8,0x4a63a00
2170,35090,8,0x4aff740
2171,34111,8,0x4b9b480
2172,35662,8,0x4c371c0
2173,33868,8,0x4cd2f00
2174,34700,8,0x4d6ec40
2175,34735,8,0x4e0a980
2176,43164,8,0x4ea66c0
2177,33717,8,0x4f42400
2178,33822,8,0x4fde140
2179,34321,8,0x5079e80
2180,34788,8,0x5115bc0
2181,33503,8,0x51b1900
2182,34788,8,0x524d640
2183,37875,8,0x52e9380
2184,35031,8,0x53850c0
2185,34148,8,0x5420e00
2186,34562,8,0x54bcb40
2187,34305,8,0x5558880
2188,34454,8,0x55f45c0
2189,33041,8,0x5690300
2190,34792,8,0x572c040
2191,35804,8,0x57c7d80
2192,34705,8,0x5863ac0
2193,34258,8,0x58ff800
2194,34402,8,0x599b540
2195,34769,8,0x5a37280
2196,37017,8,0x5ad2fc0
2197,34578,8,0x5b6ed00
2198,34939,8,0x5c0aa40
2199,34328,8,0x5ca6780
2200,35223,8,0x5d424c0
2201,34179,8,0x5dde200
2202,34385,8,0x5e79f40
2203,34312,8,0x5f15c80
2204,35303,8,0x5fb19c0
2205,34440,8,0x604d700
2206,35214,8,0x60e9440
2207,34553,8,0x6185180
2208,35122,8,0x6220ec0
2209,33369,8,0x62bcc00
2210,34670,8,0x6358940
2211,34634,8,0x63f4680
2212,37893,8,0x64903c0
2213,34096,8,0x652c100
2214,35548,8,0x65c7e40
2215,34608,8,0x6663b80
2216,34585,8,0x66ff8c0
2217,33885,8,0x679b600
2218,34485,8,0x6837340
2219,34076,8,0x68d3080
2220,35833,8,0x696edc0
2221,33542,8,0x6a0ab00
2222,34751,8,0x6aa6840
2223,34461,8,0x6b42580
2224,34989,8,0x6bde2c0
2225,34450,8,0x6c7a000
2226,34089,8,0x6d15d40
2227,36671,8,0x6db1a80
2228,35236,8,0x6e4d7c0
2229,34259,8,0x6ee9500
2230,36532,8,0x6f85240
2231,34425,8,0x7020f80
2232,34444,8,0x70bccc0
2233,34271,8,0x7158a00
2234,35151,8,0x71f4740
2235,34349,8,0x7290480
2236,36225,8,0x732c1c0
2237,34018,8,0x73c7f00
2238,44306,8,0x7463c40
2239,35170,8,0x74ff980
2240,39961,8,0x759b6c0
2241,34878,8,0x7637400
2242,37103,8,0x76d3140
2243,34888,8,0x776ee80
2244,34419,8,0x780abc0
2245,34472,8,0x78a6900
2246,35010,8,0x7942640
2247,34695,8,0x79de380
2248,34641,8,0x7a7a0c0
2249,33752,8,0x7b15e00
2250,34806,8,0x7bb1b40
2251,35541,8,0x7c4d880
2252,34970,8,0x7ce95c0
2253,33778,8,0x7d85300
2254,35524,8,0x7e21040
2255,34844,8,0x7ebcd80
2256,34443,8,0x7f58ac0
2257,34971,8,0x7ff4800
2258,34345,8,0x8090540
2259,35022,8,0x812c280
2260,37876,8,0x81c7fc0
2261,33792,8,0x8263d00
2262,35087,8,0x82ffa40
2263,34562,8,0x839b780
2264,34731,8,0x84374c0
2265,33966,8,0x84d3200
2266,36426,8,0x856ef40
2267,34968,8,0x860ac80
2268,35134,8,0x86a69c0
2269,35440,8,0x8742700
2270,35688,8,0x87de440
2271,36679,8,0x887a180
2272,35653,8,0x8915ec0
2273,34659,8,0x89b1c00
2274,35193,8,0x8a4d940
2275,34259,8,0x8ae9680
2276,33822,8,0x8b853c0
2277,34443,8,0x8c21100
2278,35382,8,0x8cbce40
2279,34280,8,0x8d58b80
2280,43288,8,0x8df48c0
2281,34355,8,0x8e90600
2282,35252,8,0x8f2c340
2283,34579,8,0x8fc8080
2284,34523,8,0x9063dc0
2285,35123,8,0x90ffb00
2286,36696,8,0x919b840
2287,34659,8,0x9237580
2288,35343,8,0x92d32c0
2289,34343,8,0x936f000
2290,35888,8,0x940ad40
2291,43239,8,0x94a6a80
2292,41124,8,0x95427c0
2293,35268,8,0x95de500
2294,36128,8,0x967a240
2295,33177,8,0x9715f80
2296,37233,8,0x97b1cc0
2297,37830,8,0x984da00
2298,36319,8,0x98e9740
2299,35390,8,0x9985480
2300,44685,8,0x9a211c0
2301,37523,8,0x9abcf00
2302,35215,8,0x9b58c40
2303,35575,8,0x9bf4980
2304,35060,8,0x9c906c0
2305,36029,8,0x9d2c400
2306,35659,8,0x9dc8140
2307,33951,8,0x9e63e80
2308,34850,8,0x9effbc0
2309,35699,8,0x9f9b900
2310,35869,8,0xa037640
2311,35499,8,0xa0d3380
2312,34458,8,0xa16f0c0
2313,35107,8,0xa20ae00
2314,35972,8,0xa2a6b40
2315,34863,8,0xa342880
2316,36519,8,0xa3de5c0
2317,35014,8,0xa47a300
2318,34854,8,0xa516040
2319,34601,8,0xa5b1d80
2320,35151,8,0xa64dac0
2321,35535,8,0xa6e9800
2322,35868,8,0xa785540
2323,38925,8,0xa821280
2324,38144,8,0xa8bcfc0
2325,36426,8,0xa958d00
2326,36296,8,0xa9f4a40
2327,35573,8,0xaa90780
2328,34527,8,0xab2c4c0
2329,36617,8,0xabc8200
2330,38172,8,0xac63f40
2331,34588,8,0xacffc80
2332,36498,8,0xad9b9c0
2333,35395,8,0xae37700
2334,35033,8,0xaed3440
2335,34957,8,0xaf6f180
2336,35270,8,0xb00aec0
2337,35068,8,0xb0a6c00
2338,36332,8,0xb142940
2339,34996,8,0xb1de680
2340,35424,8,0xb27a3c0
2341,34754,8,0xb316100
2342,36572,8,0xb3b1e40
2343,36496,8,0xb44db80
2344,35163,8,0xb4e98c0
2345,36899,8,0xb585600
2346,36342,8,0xb621340
2347,35610,8,0xb6bd080
2348,34658,8,0xb758dc0
2349,36145,8,0xb7f4b00
2350,35465,8,0xb890840
2351,34347,8,0xb92c580
2352,35741,8,0xb9c82c0
2353,35548,8,0xba64000
2354,36027,8,0xbaffd40
2355,34633,8,0xbb9ba80
2356,34402,8,0xbc377c0
2357,35031,8,0xbcd3500
2358,35363,8,0xbd6f240
2359,35715,8,0xbe0af80
2360,37000,8,0xbea6cc0
2361,34553,8,0xbf42a00
2362,42494,8,0xbfde740
2363,34444,8,0xc07a480
2364,36369,8,0xc1161c0
2365,35420,8,0xc1b1f00
2366,35532,8,0xc24dc40
2367,36243,8,0xc2e9980
2368,34708,8,0xc3856c0
2369,36292,8,0xc421400
2370,35023,8,0xc4bd140
2371,34997,8,0xc558e80
2372,35323,8,0xc5f4bc0
2373,35453,8,0xc690900
2374,36188,8,0xc72c640
2375,37616,8,0xc7c8380
2376,35038,8,0xc8640c0
2377,34929,8,0xc8ffe00
2378,35724,8,0xc99bb40
2379,36113,8,0xca37880
2380,36173,8,0xcad35c0
2381,35080,8,0xcb6f300
2382,35791,8,0xcc0b040
2383,35447,8,0xcca6d80
2384,35468,8,0xcd42ac0
2385,35363,8,0xcdde800
2386,35805,8,0xce7a540
2387,42854,8,0xcf16280
2388,38953,8,0xcfb1fc0
2389,37135,8,0xd04dd00
2390,35183,8,0xd0e9a40
2391,34617,8,0xd185780
2392,35754,8,0xd2214c0
2393,36151,8,0xd2bd200
2394,33809,8,0xd358f40
2395,35993,8,0xd3f4c80
2396,35705,8,0xd4909c0
2397,36899,8,0xd52c700
2398,36171,8,0xd5c8440
2399,35204,8,0xd664180
2400,35668,8,0xd6ffec0
2401,35053,8,0xd79bc00
2402,35850,8,0xd837940
2403,34493,8,0xd8d3680
2404,37580,8,0xd96f3c0
2405,35456,8,0xda0b100
2406,35676,8,0xdaa6e40
2407,34688,8,0xdb42b80
2408,34283,8,0xdbde8c0
2409,35486,8,0xdc7a600
2410,34534,8,0xdd16340
2411,35559,8,0xddb2080
2412,36146,8,0xde4ddc0
2413,35678,8,0xdee9b00
2414,36643,8,0xdf85840
2415,35827,8,0xe021580
2416,34628,8,0xe0bd2c0
2417,35621,8,0xe159000
2418,36247,8,0xe1f4d40
2419,36167,8,0xe290a80
2420,36689,8,0xe32c7c0
2421,36317,8,0xe3c8500
2422,34776,8,0xe464240
2423,35222,8,0xe4fff80
2424,42190,8,0xe59bcc0
2425,36016,8,0xe637a00
2426,36152,8,0xe6d3740
2427,34381,8,0xe76f480
2428,35975,8,0xe80b1c0
2429,35243,8,0xe8a6f00
2430,35746,8,0xe942c40
2431,35455,8,0xe9de980
2432,35128,8,0xea7a6c0
2433,35728,8,0xeb16400
2434,36849,8,0xebb2140
2435,34535,8,0xec4de80
2436,34577,8,0xece9bc0
2437,35979,8,0xed85900
2438,110509,8,0xee21640
2439,66885,8,0xeebd380
2440,41965,8,0xef590c0
2441,38127,8,0xeff4e00
2442,37820,8,0xf090b40
2443,36519,8,0xf12c880
2444,39887,8,0xf1c85c0
2445,37465,8,0xf264300
2446,37085,8,0xf300040
2447,35834,8,0xf39bd80
2448,36548,8,0xf437ac0
2449,37097,8,0xf4d3800
2450,34382,8,0xf56f540
2451,35077,8,0xf60b280
2452,39102,8,0xf6a6fc0
2453,36577,8,0xf742d00
2454,41130,8,0xf7dea40
2455,35076,8,0xf87a780
2456,36329,8,0xf9164c0
2457,35340,8,0xf9b2200
2458,35456,8,0xfa4df40
2459,34527,8,0xfae9c80
2460,37033,8,0xfb859c0
2461,36144,8,0xfc21700
2462,35708,8,0xfcbd440
2463,37564,8,0xfd59180
2464,36494,8,0xfdf4ec0
2465,36804,8,0xfe90c00
2466,34866,8,0xff2c940
2467,35451,8,0xffc8680
2468,35628,8,0x100643c0
2469,39983,8,0x10100100
2470,36992,8,0x1019be40
2471,36271,8,0x10237b80
2472,36290,8,0x102d38c0
2473,35154,8,0x1036f600
2474,35866,8,0x1040b340
2475,35253,8,0x104a7080
2476,35850,8,0x10542dc0
2477,35781,8,0x105deb00
2478,38377,8,0x1067a840
2479,35368,8,0x10716580
2480,36524,8,0x107b22c0
2481,34910,8,0x1084e000
2482,36024,8,0x108e9d40
2483,35103,8,0x10985a80
2484,37649,8,0x10a217c0
2485,36163,8,0x10abd500
2486,44555,8,0x10b59240
2487,37923,8,0x10bf4f80
2488,36448,8,0x10c90cc0
2489,34837,8,0x10d2ca00
2490,43170,8,0x10dc8740
2491,37302,8,0x10e64480
2492,37811,8,0x10f001c0
2493,36586,8,0x10f9bf00
2494,36663,8,0x11037c40
2495,36513,8,0x110d3980
2496,35535,8,0x1116f6c0
2497,36674,8,0x1120b400
2498,34798,8,0x112a7140
2499,36528,8,0x11342e80
2500,35822,8,0x113debc0
2501,34945,8,0x1147a900
2502,34454,8,0x11516640
2503,36370,8,0x115b2380
2504,36572,8,0x1164e0c0
2505,35731,8,0x116e9e00
2506,34651,8,0x11785b40
2507,36865,8,0x11821880
2508,39065,8,0x118bd5c0
2509,34444,8,0x11959300
2510,35398,8,0x119f5040
2511,35678,8,0x11a90d80
2512,36037,8,0x11b2cac0
2513,36121,8,0x11bc8800
2514,35573,8,0x11c64540
2515,36336,8,0x11d00280
2516,39301,8,0x11d9bfc0
2517,35257,8,0x11e37d00
2518,35300,8,0x11ed3a40
2519,36293,8,0x11f6f780
2520,35698,8,0x1200b4c0
2521,35833,8,0x120a7200
2522,37407,8,0x12142f40
2523,35300,8,0x121dec80
2524,36617,8,0x1227a9c0
2525,35878,8,0x12316700
2526,35590,8,0x123b2440
2527,117156,8,0x1244e180
2528,68106,8,0x124e9ec0
2529,39350,8,0x12585c00
2530,36149,8,0x12621940
2531,36663,8,0x126bd680
2532,36425,8,0x127593c0
2533,37219,8,0x127f5100
2534,35243,8,0x12890e40
2535,36314,8,0x1292cb80
2536,36851,8,0x129c88c0
2537,36313,8,0x12a64600
2538,36682,8,0x12b00340
2539,36750,8,0x12b9c080
2540,35713,8,0x12c37dc0
2541,35311,8,0x12cd3b00
2542,36345,8,0x12d6f840
2543,35023,8,0x12e0b580
2544,35870,8,0x12ea72c0
2545,34591,8,0x12f43000
2546,35103,8,0x12fded40
2547,37507,8,0x1307aa80
2548,44930,8,0x131167c0
2549,34700,8,0x131b2500
2550,35651,8,0x1324e240
2551,35491,8,0x132e9f80
2552,38443,8,0x13385cc0
2553,34596,8,0x13421a00
2554,35871,8,0x134bd740
2555,35526,8,0x13559480
2556,36828,8,0x135f51c0
2557,35409,8,0x13690f00
2558,34590,8,0x1372cc40
2559,35606,8,0x137c8980
2560,36001,8,0x138646c0
2561,34086,8,0x13900400
2562,35733,8,0x1399c140
2563,37274,8,0x13a37e80
2564,35524,8,0x13ad3bc0
2565,35674,8,0x13b6f900
2566,36225,8,0x13c0b640
2567,37381,8,0x13ca7380
2568,37430,8,0x13d430c0
2569,34585,8,0x13ddee00
2570,35598,8,0x13e7ab40
2571,35936,8,0x13f16880
2572,36213,8,0x13fb25c0
2573,34729,8,0x1404e300
2574,35646,8,0x140ea040
2575,35297,8,0x14185d80
2576,38955,8,0x14221ac0
2577,36688,8,0x142bd800
2578,34541,8,0x14359540
2579,36023,8,0x143f5280
2580,37690,8,0x14490fc0
2581,37277,8,0x1452cd00
2582,34838,8,0x145c8a40
2583,36160,8,0x14664780
2584,35617,8,0x147004c0
2585,35121,8,0x1479c200
2586,37263,8,0x14837f40
2587,34909,8,0x148d3c80
2588,36182,8,0x1496f9c0
2589,35267,8,0x14a0b700
2590,34882,8,0x14aa7440
2591,35477,8,0x14b43180
2592,36170,8,0x14bdeec0
2593,35063,8,0x14c7ac00
2594,68441,8,0x14d16940
2595,105508,8,0x14db2680
2596,48776,8,0x14e4e3c0
2597,43943,8,0x14eea100
2598,44096,8,0x14f85e40
2599,43744,8,0x15021b80
2600,42782,8,0x150bd8c0
2601,44485,8,0x15159600
2602,43661,8,0x151f5340
2603,42129,8,0x15291080
2604,43427,8,0x1532cdc0
2605,43439,8,0x153c8b00
2606,48746,8,0x15464840
2607,42500,8,0x15500580
2608,42497,8,0x1559c2c0
2609,42650,8,0x15638000
2610,43031,8,0x156d3d40
2611,42317,8,0x1576fa80
2612,44183,8,0x1580b7c0
2613,42468,8,0x158a7500
2614,43818,8,0x15943240
2615,42846,8,0x159def80
2616,43256,8,0x15a7acc0
2617,43586,8,0x15b16a00
2618,44037,8,0x15bb2740
2619,42841,8,0x15c4e480
2620,50912,8,0x15cea1c0
2621,46782,8,0x15d85f00
2622,43284,8,0x15e21c40
2623,43003,8,0x15ebd980
2624,42185,8,0x15f596c0
2625,43414,8,0x15ff5400
2626,43507,8,0x16091140
2627,42524,8,0x1612ce80
2628,44162,8,0x161c8bc0
2629,41688,8,0x16264900
2630,43341,8,0x16300640
2631,43095,8,0x1639c380
2632,42430,8,0x164380c0
2633,42318,8,0x164d3e00
2634,42600,8,0x1656fb40
2635,43537,8,0x1660b880
2636,47601,8,0x166a75c0
2637,42396,8,0x16743300
2638,43641,8,0x167df040
2639,42463,8,0x1687ad80
2640,43385,8,0x16916ac0
2641,43754,8,0x169b2800
2642,42588,8,0x16a4e540
2643,42304,8,0x16aea280
2644,49149,8,0x16b85fc0
2645,42509,8,0x16c21d00
2646,44156,8,0x16cbda40
2647,42452,8,0x16d59780
2648,41937,8,0x16df54c0
2649,42547,8,0x16e91200
2650,46123,8,0x16f2cf40
2651,42931,8,0x16fc8c80
2652,43521,8,0x170649c0
2653,42178,8,0x17100700
2654,42801,8,0x1719c440
2655,43967,8,0x17238180
2656,43788,8,0x172d3ec0
2657,42425,8,0x1736fc00
2658,42202,8,0x1740b940
2659,42752,8,0x174a7680
2660,42915,8,0x175433c0
2661,42682,8,0x175df100
2662,269834,8,0x1767ae40
2663,51326,8,0x17716b80
2664,42446,8,0x177b28c0
2665,45563,8,0x1784e600
2666,43545,8,0x178ea340
2667,42833,8,0x17986080
2668,43791,8,0x17a21dc0
2669,41359,8,0x17abdb00
2670,54739,8,0x17b59840
2671,42746,8,0x17bf5580
2672,42742,8,0x17c912c0
2673,42470,8,0x17d2d000
2674,42873,8,0x17dc8d40
2675,42487,8,0x17e64a80
2676,43342,8,0x17f007c0
2677,54763,8,0x17f9c500
2678,45192,8,0x18038240
2679,42854,8,0x180d3f80
2680,45740,8,0x1816fcc0
2681,41577,8,0x1820ba00
2682,42329,8,0x182a7740
2683,42567,8,0x18343480
2684,45540,8,0x183df1c0
2685,42388,8,0x1847af00
2686,169723,8,0x18516c40
2687,46060,8,0x185b2980
2688,42315,8,0x1864e6c0
2689,42121,8,0x186ea400
2690,44305,8,0x18786140
2691,43947,8,0x18821e80
2692,45329,8,0x188bdbc0
2693,43707,8,0x18959900
2694,43956,8,0x189f5640
2695,47193,8,0x18a91380
2696,43187,8,0x18b2d0c0
2697,42082,8,0x18bc8e00
2698,43366,8,0x18c64b40
2699,42492,8,0x18d00880
2700,44096,8,0x18d9c5c0
2701,43665,8,0x18e38300
2702,42098,8,0x18ed4040
2703,43238,8,0x18f6fd80
2704,43390,8,0x1900bac0
2705,41951,8,0x190a7800
2706,43447,8,0x19143540
2707,43250,8,0x191df280
2708,49043,8,0x1927afc0
2709,45117,8,0x19316d00
2710,42943,8,0x193b2a40
2711,43126,8,0x1944e780
2712,43171,8,0x194ea4c0
2713,43529,8,0x19586200
2714,42500,8,0x19621f40
2715,41859,8,0x196bdc80
2716,43569,8,0x197599c0
2717,43163,8,0x197f5700
2718,43947,8,0x19891440
2719,43416,8,0x1992d180
2720,43549,8,0x199c8ec0
2721,42685,8,0x19a64c00
2722,43333,8,0x19b00940
2723,41747,8,0x19b9c680
2724,47331,8,0x19c383c0
2725,42746,8,0x19cd4100
2726,42653,8,0x19d6fe40
2727,42537,8,0x19e0bb80
2728,43491,8,0x19ea78c0
2729,43005,8,0x19f43600
2730,42279,8,0x19fdf340
2731,42335,8,0x1a07b080
2732,43468,8,0x1a116dc0
2733,41817,8,0x1a1b2b00
2734,42061,8,0x1a24e840
2735,42795,8,0x1a2ea580
2736,42765,8,0x1a3862c0
2737,43643,8,0x1a422000
2738,43399,8,0x1a4bdd40
2739,45147,8,0x1a559a80
2740,43619,8,0x1a5f57c0
2741,42934,8,0x1a691500
2742,42531,8,0x1a72d240
2743,43901,8,0x1a7c8f80
2744,42479,8,0x1a864cc0
2745,43675,8,0x1a900a00
2746,43076,8,0x1a99c740
2747,42035,8,0x1aa38480
2748,46414,8,0x1aad41c0
2749,43188,8,0x1ab6ff00
2750,42837,8,0x1ac0bc40
2751,42849,8,0x1aca7980
2752,44224,8,0x1ad436c0
2753,42796,8,0x1addf400
2754,45890,8,0x1ae7b140
2755,41752,8,0x1af16e80
2756,44428,8,0x1afb2bc0
2757,44143,8,0x1b04e900
2758,43091,8,0x1b0ea640
2759,42519,8,0x1b186380
2760,44090,8,0x1b2220c0
2761,43556,8,0x1b2bde00
2762,42779,8,0x1b359b40
2763,43138,8,0x1b3f5880
2764,43097,8,0x1b4915c0
2765,52331,8,0x1b52d300
2766,45259,8,0x1b5c9040
2767,193691,8,0x1b664d80
2768,56764,8,0x1b700ac0
2769,57121,8,0x1b79c800
2770,47176,8,0x1b838540
2771,50653,8,0x1b8d4280
2772,52414,8,0x1b96ffc0
2773,46991,8,0x1ba0bd00
2774,42897,8,0x1baa7a40
2775,43983,8,0x1bb43780
2776,55320,8,0x1bbdf4c0
2777,42394,8,0x1bc7b200
2778,42749,8,0x1bd16f40
2779,42500,8,0x1bdb2c80
2780,42237,8,0x1be4e9c0
2781,42477,8,0x1beea700
2782,43035,8,0x1bf86440
2783,41817,8,0x1c022180
2784,43222,8,0x1c0bdec0
2785,46239,8,0x1c159c00
2786,43967,8,0x1c1f5940
2787,41856,8,0x1c291680
2788,41752,8,0x1c32d3c0
2789,43633,8,0x1c3c9100
2790,44243,8,0x1c464e40
2791,42410,8,0x1c500b80
2792,43741,8,0x1c59c8c0
2793,42474,8,0x1c638600
2794,42584,8,0x1c6d4340
2795,41865,8,0x1c770080
2796,42069,8,0x1c80bdc0
2797,42611,8,0x1c8a7b00
2798,42810,8,0x1c943840
2799,43349,8,0x1c9df580
2800,46438,8,0x1ca7b2c0
2801,42115,8,0x1cb17000
2802,43227,8,0x1cbb2d40
2803,42650,8,0x1cc4ea80
2804,42622,8,0x1ccea7c0
2805,42276,8,0x1cd86500
2806,42662,8,0x1ce22240
2807,43120,8,0x1cebdf80
2808,43656,8,0x1cf59cc0
2809,42786,8,0x1cff5a00
2810,45900,8,0x1d091740
2811,42367,8,0x1d12d480
2812,43496,8,0x1d1c91c0
2813,42702,8,0x1d264f00
2814,43566,8,0x1d300c40
2815,45878,8,0x1d39c980
2816,42691,8,0x1d4386c0
2817,41914,8,0x1d4d4400
2818,42536,8,0x1d570140
2819,42015,8,0x1d60be80
2820,42657,8,0x1d6a7bc0
2821,42198,8,0x1d743900
2822,43242,8,0x1d7df640
2823,41635,8,0x1d87b380
2824,43212,8,0x1d9170c0
2825,42431,8,0x1d9b2e00
2826,43438,8,0x1da4eb40
2827,42451,8,0x1daea880
2828,42179,8,0x1db865c0
2829,42829,8,0x1dc22300
2830,45875,8,0x1dcbe040
2831,48254,8,0x1dd59d80
2832,45250,8,0x1ddf5ac0
2833,44516,8,0x1de91800
2834,44972,8,0x1df2d540
2835,44025,8,0x1dfc9280
2836,48958,8,0x1e064fc0
2837,46622,8,0x1e100d00
2838,44731,8,0x1e19ca40
2839,44116,8,0x1e238780
2840,43894,8,0x1e2d44c0
2841,43653,8,0x1e370200
2842,44823,8,0x1e40bf40
2843,44404,8,0x1e4a7c80
2844,48739,8,0x1e5439c0
2845,44914,8,0x1e5df700
2846,44035,8,0x1e67b440
2847,43898,8,0x1e717180
2848,44591,8,0x1e7b2ec0
2849,44938,8,0x1e84ec00
2850,101328,8,0x1e8ea940
2851,52836,8,0x1e986680
2852,34158,8,0x1ea223c0
2853,35029,8,0x1eabe100
2854,39816,8,0x1eb59e40
2855,42008,8,0x1ebf5b80
2856,33738,8,0x1ec918c0
2857,33535,8,0x1ed2d600
2858,33021,8,0x1edc9340
2859,32220,8,0x1ee65080
2860,35116,8,0x1ef00dc0
2861,32920,8,0x1ef9cb00
2862,33193,8,0x1f038840
2863,32042,8,0x1f0d4580
2864,33515,8,0x1f1702c0
2865,32836,8,0x1f20c000
2866,33176,8,0x1f2a7d40
2867,32674,8,0x1f343a80
2868,33791,8,0x1f3df7c0
2869,33220,8,0x1f47b500
2870,32500,8,0x1f517240
2871,32030,8,0x1f5b2f80
2872,34711,8,0x1f64ecc0
2873,33095,8,0x1f6eaa00
2874,32862,8,0x1f786740
2875,34372,8,0x1f822480
2876,34623,8,0x1f8be1c0
2877,33074,8,0x1f959f00
2878,34211,8,0x1f9f5c40
2879,32632,8,0x1fa91980
2880,33506,8,0x1fb2d6c0
2881,33431,8,0x1fbc9400
2882,32956,8,0x1fc65140
2883,32195,8,0x1fd00e80
2884,31853,8,0x1fd9cbc0
2885,33732,8,0x1fe38900
2886,33088,8,0x1fed4640
2887,32382,8,0x1ff70380
2888,34041,8,0x2000c0c0
2889,33118,8,0x200a7e00
2890,35240,8,0x20143b40
2891,32176,8,0x201df880
2892,32822,8,0x2027b5c0
2893,33315,8,0x20317300
2894,33030,8,0x203b3040
2895,33032,8,0x2044ed80
2896,33174,8,0x204eaac0
2897,32281,8,0x20586800
2898,33096,8,0x20622540
2899,32607,8,0x206be280
2900,36921,8,0x20759fc0
2901,33128,8,0x207f5d00
2902,32777,8,0x20891a40
2903,33320,8,0x2092d780
2904,34800,8,0x209c94c0
2905,32869,8,0x20a65200
2906,33885,8,0x20b00f40
2907,32526,8,0x20b9cc80
2908,32429,8,0x20c389c0
2909,33629,8,0x20cd4700
2910,33777,8,0x20d70440
2911,33481,8,0x20e0c180
2912,32319,8,0x20ea7ec0
2913,33493,8,0x20f43c00
2914,33795,8,0x20fdf940
2915,32432,8,0x2107b680
2916,32133,8,0x211173c0
2917,39921,8,0x211b3100
2918,32912,8,0x2124ee40
2919,34587,8,0x212eab80
2920,33934,8,0x213868c0
2921,33276,8,0x21422600
2922,33298,8,0x214be340
2923,32569,8,0x2155a080
2924,32280,8,0x215f5dc0
2925,32553,8,0x21691b00
2926,32882,8,0x2172d840
2927,33082,8,0x217c9580
2928,32455,8,0x218652c0
2929,33244,8,0x21901000
2930,32514,8,0x2199cd40
2931,33895,8,0x21a38a80
2932,33858,8,0x21ad47c0
2933,33951,8,0x21b70500
2934,34838,8,0x21c0c240
2935,33520,8,0x21ca7f80
2936,34040,8,0x21d43cc0
2937,33473,8,0x21ddfa00
2938,33137,8,0x21e7b740
2939,32167,8,0x21f17480
2940,33024,8,0x21fb31c0
2941,33731,8,0x2204ef00
2942,40229,8,0x220eac40
2943,42323,8,0x22186980
2944,38759,8,0x222226c0
2945,39315,8,0x222be400
2946,42271,8,0x2235a140
2947,39516,8,0x223f5e80
2948,38747,8,0x22491bc0
2949,43937,8,0x2252d900
2950,34981,8,0x225c9640
2951,40094,8,0x22665380
2952,38922,8,0x227010c0
2953,39796,8,0x2279ce00
2954,40092,8,0x22838b40
2955,38566,8,0x228d4880
2956,41258,8,0x229705c0
2957,41875,8,0x22a0c300
2958,41756,8,0x22aa8040
2959,40228,8,0x22b43d80
2960,41886,8,0x22bdfac0
2961,57459,8,0x22c7b800
2962,38505,8,0x22d17540
2963,41363,8,0x22db3280
2964,49652,8,0x22e4efc0
2965,35429,8,0x22eead00
2966,38289,8,0x22f86a40
2967,33318,8,0x23022780
2968,33425,8,0x230be4c0
2969,33529,8,0x2315a200
2970,33928,8,0x231f5f40
2971,32299,8,0x23291c80
2972,33717,8,0x2332d9c0
2973,38569,8,0x233c9700
2974,39639,8,0x23465440
2975,40450,8,0x23501180
2976,41672,8,0x2359cec0
2977,40891,8,0x23638c00
2978,42733,8,0x236d4940
2979,47085,8,0x23770680
2980,41868,8,0x2380c3c0
2981,40693,8,0x238a8100
2982,42896,8,0x23943e40
2983,38741,8,0x239dfb80
2984,34460,8,0x23a7b8c0
2985,32978,8,0x23b17600
2986,33335,8,0x23bb3340
2987,39298,8,0x23c4f080
2988,36371,8,0x23ceadc0
2989,32785,8,0x23d86b00
2990,33543,8,0x23e22840
2991,33279,8,0x23ebe580
2992,32937,8,0x23f5a2c0
2993,35022,8,0x23ff6000
2994,32994,8,0x24091d40
2995,32020,8,0x2412da80
2996,34516,8,0x241c97c0
2997,38468,8,0x24265500
2998,38728,8,0x24301240
2999,39713,8,0x2439cf80
3000,37762,8,0x24438cc0
3001,33524,8,0x244d4a00
3002,32579,8,0x24570740
3003,31996,8,0x2460c480
3004,35225,8,0x246a81c0
3005,33573,8,0x24743f00
3006,33060,8,0x247dfc40
3007,32666,8,0x2487b980
3008,35477,8,0x249176c0
3009,33929,8,0x249b3400
3010,32784,8,0x24a4f140
3011,32213,8,0x24aeae80
3012,34766,8,0x24b86bc0
3013,34297,8,0x24c22900
3014,33631,8,0x24cbe640
3015,40175,8,0x24d5a380
3016,34546,8,0x24df60c0
3017,33049,8,0x24e91e00
3018,32758,8,0x24f2db40
3019,32002,8,0x24fc9880
3020,35645,8,0x250655c0
3021,33377,8,0x25101300
3022,33262,8,0x2519d040
3023,34410,8,0x25238d80
3024,33031,8,0x252d4ac0
3025,33040,8,0x25370800
3026,32666,8,0x2540c540
3027,32218,8,0x254a8280
3028,36655,8,0x25543fc0
3029,33825,8,0x255dfd00
3030,33208,8,0x2567ba40
3031,32584,8,0x25717780
3032,33974,8,0x257b34c0
3033,32755,8,0x2584f200
3034,32899,8,0x258eaf40
3035,32172,8,0x25986c80
3036,35044,8,0x25a229c0
3037,34426,8,0x25abe700
3038,32575,8,0x25b5a440
3039,33103,8,0x25bf6180
3040,32657,8,0x25c91ec0
3041,37758,8,0x25d2dc00
3042,33383,8,0x25dc9940
3043,32354,8,0x25e65680
3044,33868,8,0x25f013c0
3045,32759,8,0x25f9d100
3046,33905,8,0x26038e40
3047,32726,8,0x260d4b80
3048,32930,8,0x261708c0
3049,34520,8,0x2620c600
3050,33206,8,0x262a8340
3051,32779,8,0x26344080
3052,35917,8,0x263dfdc0
3053,33349,8,0x2647bb00
3054,32899,8,0x26517840
3055,32140,8,0x265b3580
3056,32942,8,0x2664f2c0
3057,33866,8,0x266eb000
3058,33426,8,0x26786d40
3059,32387,8,0x26822a80
3060,33949,8,0x268be7c0
3061,32437,8,0x2695a500
3062,32899,8,0x269f6240
3063,32097,8,0x26a91f80
3064,33804,8,0x26b2dcc0
3065,33574,8,0x26bc9a00
3066,34918,8,0x26c65740
3067,34125,8,0x26d01480
3068,34509,8,0x26d9d1c0
3069,33232,8,0x26e38f00
3070,32952,8,0x26ed4c40
3071,32840,8,0x26f70980
3072,45423,8,0x2700c6c0
3073,35353,8,0x270a8400
3074,32731,8,0x27144140
3075,33367,8,0x271dfe80
3076,32454,8,0x2727bbc0
3077,32280,8,0x27317900
3078,32978,8,0x273b3640
3079,32954,8,0x2744f380
3080,33127,8,0x274eb0c0
3081,32799,8,0x27586e00
3082,34770,8,0x27622b40
3083,32746,8,0x276be880
3084,34274,8,0x2775a5c0
3085,32444,8,0x277f6300
3086,33663,8,0x27892040
3087,32928,8,0x2792dd80
3088,33790,8,0x279c9ac0
3089,32310,8,0x27a65800
3090,32273,8,0x27b01540
3091,33855,8,0x27b9d280
3092,36891,8,0x27c38fc0
3093,31901,8,0x27cd4d00
3094,33288,8,0x27d70a40
3095,32855,8,0x27e0c780
3096,35010,8,0x27ea84c0
3097,33176,8,0x27f44200
3098,32598,8,0x27fdff40
3099,33732,8,0x2807bc80
3100,33810,8,0x281179c0
3101,34104,8,0x281b3700
3102,33246,8,0x2824f440
3103,37617,8,0x282eb180
3104,33664,8,0x28386ec0
3105,33200,8,0x28422c00
3106,32189,8,0x284be940
3107,32544,8,0x2855a680
3108,33953,8,0x285f63c0
3109,32679,8,0x28692100
3110,33053,8,0x2872de40
3111,34885,8,0x287c9b80
3112,33468,8,0x288658c0
3113,32960,8,0x28901600
3114,32029,8,0x2899d340
3115,32600,8,0x28a39080
3116,35109,8,0x28ad4dc0
3117,33860,8,0x28b70b00
3118,33440,8,0x28c0c840
3119,33128,8,0x28ca8580
3120,34591,8,0x28d442c0
3121,33855,8,0x28de0000
3122,33550,8,0x28e7bd40
3123,33451,8,0x28f17a80
3124,34714,8,0x28fb37c0
3125,33621,8,0x2904f500
3126,35067,8,0x290eb240
3127,34188,8,0x29186f80
3128,34866,8,0x29222cc0
3129,33438,8,0x292bea00
3130,33533,8,0x2935a740
3131,34784,8,0x293f6480
3132,35298,8,0x294921c0
3133,33563,8,0x2952df00
3134,33996,8,0x295c9c40
3135,33993,8,0x29665980
3136,34864,8,0x297016c0
3137,33406,8,0x2979d400
3138,34069,8,0x29839140
3139,33668,8,0x298d4e80
3140,34540,8,0x29970bc0
3141,34825,8,0x29a0c900
3142,33698,8,0x29aa8640
3143,34066,8,0x29b44380
3144,33625,8,0x29be00c0
3145,33227,8,0x29c7be00
3146,33523,8,0x29d17b40
3147,34143,8,0x29db3880
3148,35537,8,0x29e4f5c0
3149,33574,8,0x29eeb300
3150,32706,8,0x29f87040
3151,33910,8,0x2a022d80
3152,36609,8,0x2a0beac0
3153,32938,8,0x2a15a800
3154,33538,8,0x2a1f6540
3155,34080,8,0x2a292280
3156,37648,8,0x2a32dfc0
3157,33366,8,0x2a3c9d00
3158,34222,8,0x2a465a40
3159,33962,8,0x2a501780
3160,34154,8,0x2a59d4c0
3161,34241,8,0x2a639200
3162,34037,8,0x2a6d4f40
3163,34270,8,0x2a770c80
3164,34052,8,0x2a80c9c0
3165,38612,8,0x2a8a8700
3166,33134,8,0x2a944440
3167,34630,8,0x2a9e0180
3168,34508,8,0x2aa7bec0
3169,32353,8,0x2ab17c00
3170,34752,8,0x2abb3940
3171,33596,8,0x2ac4f680
3172,33670,8,0x2aceb3c0
3173,33214,8,0x2ad87100
3174,33787,8,0x2ae22e40
3175,33500,8,0x2aebeb80
3176,39260,8,0x2af5a8c0
3177,34166,8,0x2aff6600
3178,33145,8,0x2b092340
3179,33741,8,0x2b12e080
3180,34055,8,0x2b1c9dc0
3181,33651,8,0x2b265b00
3182,34246,8,0x2b301840
3183,34435,8,0x2b39d580
3184,34155,8,0x2b4392c0
3185,34114,8,0x2b4d5000
3186,42136,8,0x2b570d40
3187,51338,8,0x2b60ca80
3188,64802,8,0x2b6a87c0
3189,37055,8,0x2b744500
3190,36943,8,0x2b7e0240
3191,36348,8,0x2b87bf80
3192,35859,8,0x2b917cc0
3193,35694,8,0x2b9b3a00
3194,33869,8,0x2ba4f740
3195,34561,8,0x2baeb480
3196,36457,8,0x2bb871c0
3197,34454,8,0x2bc22f00
3198,34670,8,0x2bcbec40
3199,33984,8,0x2bd5a980
3200,36656,8,0x2bdf66c0
3201,34816,8,0x2be92400
3202,33683,8,0x2bf2e140
3203,34431,8,0x2bfc9e80
3204,34025,8,0x2c065bc0
3205,34443,8,0x2c101900
3206,33854,8,0x2c19d640
3207,34829,8,0x2c239380
3208,34849,8,0x2c2d50c0
3209,34321,8,0x2c370e00
3210,34397,8,0x2c40cb40
3211,35115,8,0x2c4a8880
3212,34151,8,0x2c5445c0
3213,34461,8,0x2c5e0300
3214,34185,8,0x2c67c040
3215,35817,8,0x2c717d80
3216,34536,8,0x2c7b3ac0
3217,33213,8,0x2c84f800
3218,34385,8,0x2c8eb540
3219,35033,8,0x2c987280
3220,38403,8,0x2ca22fc0
3221,34368,8,0x2cabed00
3222,34824,8,0x2cb5aa40
3223,34795,8,0x2cbf6780
3224,36156,8,0x2cc924c0
3225,33800,8,0x2cd2e200
3226,34435,8,0x2cdc9f40
3227,39919,8,0x2ce65c80
3228,35447,8,0x2cf019c0
3229,36467,8,0x2cf9d700
3230,35157,8,0x2d039440
3231,34763,8,0x2d0d5180
3232,34590,8,0x2d170ec0
3233,34958,8,0x2d20cc00
3234,33879,8,0x2d2a8940
3235,34624,8,0x2d344680
3236,34801,8,0x2d3e03c0
3237,34765,8,0x2d47c100
3238,34225,8,0x2d517e40
3239,35192,8,0x2d5b3b80
3240,35261,8,0x2d64f8c0
3241,34318,8,0x2d6eb600
3242,35349,8,0x2d787340
3243,35548,8,0x2d823080
3244,36736,8,0x2d8bedc0
3245,34269,8,0x2d95ab00
3246,34728,8,0x2d9f6840
3247,35124,8,0x2da92580
3248,36301,8,0x2db2e2c0
3249,34316,8,0x2dbca000
3250,35041,8,0x2dc65d40
3251,35931,8,0x2dd01a80
3252,35018,8,0x2dd9d7c0
3253,34494,8,0x2de39500
3254,34569,8,0x2ded5240
3255,35233,8,0x2df70f80
3256,34791,8,0x2e00ccc0
3257,33951,8,0x2e0a8a00
3258,34542,8,0x2e144740
3259,37052,8,0x2e1e0480
3260,36773,8,0x2e27c1c0
3261,34370,8,0x2e317f00
3262,35131,8,0x2e3b3c40
3263,34192,8,0x2e44f980
3264,34541,8,0x2e4eb6c0
3265,33982,8,0x2e587400
3266,33914,8,0x2e623140
3267,34903,8,0x2e6bee80
3268,34590,8,0x2e75abc0
3269,34804,8,0x2e7f6900
3270,34348,8,0x2e892640
3271,34308,8,0x2e92e380
3272,35519,8,0x2e9ca0c0
3273,33704,8,0x2ea65e00
3274,36233,8,0x2eb01b40
3275,34099,8,0x2eb9d880
3276,35308,8,0x2ec395c0
3277,34893,8,0x2ecd5300
3278,34508,8,0x2ed71040
3279,34821,8,0x2ee0cd80
3280,34497,8,0x2eea8ac0
3281,34041,8,0x2ef44800
3282,34975,8,0x2efe0540
3283,35229,8,0x2f07c280
3284,36972,8,0x2f117fc0
3285,34795,8,0x2f1b3d00
3286,33483,8,0x2f24fa40
3287,35227,8,0x2f2eb780
3288,36699,8,0x2f3874c0
3289,39905,8,0x2f423200
3290,34321,8,0x2f4bef40
3291,33841,8,0x2f55ac80
3292,35474,8,0x2f5f69c0
3293,34203,8,0x2f692700
3294,33681,8,0x2f72e440
3295,47395,8,0x2f7ca180
3296,38135,8,0x2f865ec0
3297,35000,8,0x2f901c00
3298,35262,8,0x2f99d940
3299,35030,8,0x2fa39680
3300,34182,8,0x2fad53c0
3301,34083,8,0x2fb71100
3302,34804,8,0x2fc0ce40
3303,36383,8,0x2fca8b80
3304,34714,8,0x2fd448c0
3305,33642,8,0x2fde0600
3306,36163,8,0x2fe7c340
3307,33799,8,0x2ff18080
3308,36061,8,0x2ffb3dc0
3309,33427,8,0x3004fb00
3310,34150,8,0x300eb840
3311,34913,8,0x30187580
3312,35370,8,0x302232c0
3313,33908,8,0x302bf000
3314,34433,8,0x3035ad40
3315,34041,8,0x303f6a80
3316,35506,8,0x304927c0
3317,33817,8,0x3052e500
3318,37038,8,0x305ca240
3319,34585,8,0x30665f80
3320,35843,8,0x30701cc0
3321,33602,8,0x3079da00
3322,37547,8,0x30839740
3323,34763,8,0x308d5480
3324,35388,8,0x309711c0
3325,34296,8,0x30a0cf00
3326,35138,8,0x30aa8c40
3327,34697,8,0x30b44980
3328,34327,8,0x30be06c0
3329,33957,8,0x30c7c400
3330,34270,8,0x30d18140
3331,34017,8,0x30db3e80
3332,34976,8,0x30e4fbc0
3333,35238,8,0x30eeb900
3334,35193,8,0x30f87640
3335,35329,8,0x31023380
3336,34946,8,0x310bf0c0
3337,40179,8,0x3115ae00
3338,35534,8,0x311f6b40
3339,33950,8,0x31292880
3340,34355,8,0x3132e5c0
3341,35106,8,0x313ca300
3342,34250,8,0x31466040
3343,33878,8,0x31501d80
3344,34403,8,0x3159dac0
3345,33944,8,0x31639800
3346,34541,8,0x316d5540
3347,34548,8,0x31771280
3348,39097,8,0x3180cfc0
3349,34298,8,0x318a8d00
3350,35728,8,0x31944a40
3351,38295,8,0x319e0780
3352,34590,8,0x31a7c4c0
3353,33923,8,0x31b18200
3354,35503,8,0x31bb3f40
3355,35148,8,0x31c4fc80
3356,35132,8,0x31ceb9c0
3357,34114,8,0x31d87700
3358,34998,8,0x31e23440
3359,34435,8,0x31ebf180
3360,33454,8,0x31f5aec0
3361,34448,8,0x31ff6c00
3362,36219,8,0x32092940
3363,34381,8,0x3212e680
3364,35246,8,0x321ca3c0
3365,34479,8,0x32266100
3366,35832,8,0x32301e40
3367,33829,8,0x3239db80
3368,35425,8,0x324398c0
3369,34251,8,0x324d5600
3370,34258,8,0x32571340
3371,34279,8,0x3260d080
3372,36011,8,0x326a8dc0
3373,33478,8,0x32744b00
3374,34380,8,0x327e0840
3375,34306,8,0x3287c580
3376,102768,8,0x329182c0
3377,236302,8,0x329b4000
3378,85376,8,0x32a4fd40
3379,68361,8,0x32aeba80
3380,63545,8,0x32b877c0
3381,61006,8,0x32c23500
3382,62028,8,0x32cbf240
3383,65155,8,0x32d5af80
3384,53341,8,0x32df6cc0
3385,49500,8,0x32e92a00
3386,49487,8,0x32f2e740
3387,48983,8,0x32fca480
3388,54291,8,0x330661c0
3389,69760,8,0x33101f00
3390,61827,8,0x3319dc40
3391,59955,8,0x33239980
3392,54281,8,0x332d56c0
3393,53596,8,0x33371400
3394,57827,8,0x3340d140
3395,114256,8,0x334a8e80
3396,43332,8,0x33544bc0
3397,35504,8,0x335e0900
3398,149395,8,0x3367c640
3399,43961,8,0x33718380
3400,34501,8,0x337b40c0
3401,34015,8,0x3384fe00
3402,34529,8,0x338ebb40
3403,34169,8,0x33987880
3404,35749,8,0x33a235c0
3405,34464,8,0x33abf300
3406,34294,8,0x33b5b040
3407,34459,8,0x33bf6d80
3408,34536,8,0x33c92ac0
3409,33518,8,0x33d2e800
3410,33655,8,0x33dca540
3411,35688,8,0x33e66280
3412,38424,8,0x33f01fc0
3413,34336,8,0x33f9dd00
3414,34207,8,0x34039a40
3415,33633,8,0x340d5780
3416,34475,8,0x341714c0
3417,34187,8,0x3420d200
3418,33640,8,0x342a8f40
3419,34597,8,0x34344c80
3420,35443,8,0x343e09c0
3421,35238,8,0x3447c700
3422,34305,8,0x34518440
3423,34539,8,0x345b4180
3424,35009,8,0x3464fec0
3425,35760,8,0x346ebc00
3426,34605,8,0x34787940
3427,35399,8,0x34823680
3428,35491,8,0x348bf3c0
3429,34107,8,0x3495b100
3430,35176,8,0x349f6e40
3431,34583,8,0x34a92b80
3432,39227,8,0x34b2e8c0
3433,33978,8,0x34bca600
3434,34072,8,0x34c66340
3435,34625,8,0x34d02080
3436,36393,8,0x34d9ddc0
3437,34308,8,0x34e39b00
3438,34496,8,0x34ed5840
3439,34997,8,0x34f71580
3440,36729,8,0x3500d2c0
3441,34023,8,0x350a9000
3442,34921,8,0x35144d40
3443,34974,8,0x351e0a80
3444,35343,8,0x3527c7c0
3445,34140,8,0x35318500
3446,34094,8,0x353b4240
3447,34848,8,0x3544ff80
3448,34916,8,0x354ebcc0
3449,33954,8,0x35587a00
3450,33372,8,0x35623740
3451,34715,8,0x356bf480
3452,37226,8,0x3575b1c0
3453,34470,8,0x357f6f00
3454,35494,8,0x35892c40
3455,36316,8,0x3592e980
3456,35444,8,0x359ca6c0
3457,33538,8,0x35a66400
3458,33976,8,0x35b02140
3459,34290,8,0x35b9de80
3460,35850,8,0x35c39bc0
3461,33735,8,0x35cd5900
3462,35604,8,0x35d71640
3463,34962,8,0x35e0d380
3464,33972,8,0x35ea90c0
3465,33507,8,0x35f44e00
3466,33701,8,0x35fe0b40
3467,35355,8,0x3607c880
3468,35065,8,0x361185c0
3469,34978,8,0x361b4300
3470,36865,8,0x36250040
3471,34184,8,0x362ebd80
3472,34539,8,0x36387ac0
3473,34318,8,0x36423800
3474,33655,8,0x364bf540
3475,34598,8,0x3655b280
3476,36296,8,0x365f6fc0
3477,34333,8,0x36692d00
3478,34835,8,0x3672ea40
3479,34032,8,0x367ca780
3480,34986,8,0x368664c0
3481,34081,8,0x36902200
3482,33947,8,0x3699df40
3483,34862,8,0x36a39c80
3484,36768,8,0x36ad59c0
3485,34681,8,0x36b71700
3486,34264,8,0x36c0d440
3487,34458,8,0x36ca9180
3488,34364,8,0x36d44ec0
3489,33999,8,0x36de0c00
3490,32859,8,0x36e7c940
3491,34717,8,0x36f18680
3492,80383,8,0x36fb43c0
3493,100497,8,0x37050100
3494,57765,8,0x370ebe40
3495,52330,8,0x37187b80
3496,50321,8,0x372238c0
3497,51004,8,0x372bf600
3498,49861,8,0x3735b340
3499,48479,8,0x373f7080
3500,48451,8,0x37492dc0
3501,48227,8,0x3752eb00
3502,49064,8,0x375ca840
3503,53406,8,0x37666580
3504,47030,8,0x377022c0
3505,47711,8,0x3779e000
3506,48001,8,0x37839d40
3507,48385,8,0x378d5a80
3508,47973,8,0x379717c0
3509,47221,8,0x37a0d500
3510,48379,8,0x37aa9240
3511,46878,8,0x37b44f80
3512,47311,8,0x37be0cc0
3513,48267,8,0x37c7ca00
3514,48367,8,0x37d18740
3515,49070,8,0x37db4480
3516,49944,8,0x37e501c0
3517,46790,8,0x37eebf00
3518,51832,8,0x37f87c40
3519,48324,8,0x38023980
3520,48152,8,0x380bf6c0
3521,48253,8,0x3815b400
3522,48951,8,0x381f7140
3523,47968,8,0x38292e80
3524,48636,8,0x3832ebc0
3525,47576,8,0x383ca900
3526,48011,8,0x38466640
3527,47799,8,0x38502380
3528,48074,8,0x3859e0c0
3529,49373,8,0x38639e00
3530,48080,8,0x386d5b40
3531,47895,8,0x38771880
3532,48214,8,0x3880d5c0
3533,50267,8,0x388a9300
3534,48563,8,0x38945040
3535,47609,8,0x389e0d80
3536,47179,8,0x38a7cac0
3537,48223,8,0x38b18800
3538,47747,8,0x38bb4540
3539,49437,8,0x38c50280
3540,53858,8,0x38cebfc0
3541,47104,8,0x38d87d00
3542,48460,8,0x38e23a40
3543,47272,8,0x38ebf780
3544,49222,8,0x38f5b4c0
3545,47629,8,0x38ff7200
3546,47140,8,0x39092f40
3547,51496,8,0x3912ec80
3548,49519,8,0x391ca9c0
3549,48659,8,0x39266700
3550,48224,8,0x39302440
3551,46563,8,0x3939e180
3552,48894,8,0x39439ec0
3553,47595,8,0x394d5c00
3554,54951,8,0x39571940
3555,60705,8,0x3960d680
3556,59463,8,0x396a93c0
3557,53733,8,0x39745100
3558,50396,8,0x397e0e40
3559,48926,8,0x3987cb80
3560,48900,8,0x399188c0
3561,48884,8,0x399b4600
3562,52247,8,0x39a50340
3563,47749,8,0x39aec080
3564,50112,8,0x39b87dc0
3565,49483,8,0x39c23b00
3566,49923,8,0x39cbf840
3567,49162,8,0x39d5b580
3568,50278,8,0x39df72c0
3569,74295,8,0x39e93000
3570,49119,8,0x39f2ed40
3571,48501,8,0x39fcaa80
3572,48902,8,0x3a0667c0
3573,50512,8,0x3a102500
3574,47822,8,0x3a19e240
3575,49531,8,0x3a239f80
3576,49732,8,0x3a2d5cc0
3577,52380,8,0x3a371a00
3578,49163,8,0x3a40d740
3579,48712,8,0x3a4a9480
3580,50817,8,0x3a5451c0
3581,50149,8,0x3a5e0f00
3582,49437,8,0x3a67cc40
3583,49370,8,0x3a718980
3584,49303,8,0x3a7b46c0
3585,48711,8,0x3a850400
3586,49252,8,0x3a8ec140
3587,49405,8,0x3a987e80
3588,50995,8,0x3aa23bc0
3589,50398,8,0x3aabf900
3590,48758,8,0x3ab5b640
3591,48717,8,0x3abf7380
3592,52959,8,0x3ac930c0
3593,48048,8,0x3ad2ee00
3594,50544,8,0x3adcab40
3595,49286,8,0x3ae66880
3596,48738,8,0x3af025c0
3597,50382,8,0x3af9e300
3598,48553,8,0x3b03a040
3599,48947,8,0x3b0d5d80
3600,54891,8,0x3b171ac0
3601,50515,8,0x3b20d800
3602,49514,8,0x3b2a9540
3603,49125,8,0x3b345280
3604,54015,8,0x3b3e0fc0
3605,47601,8,0x3b47cd00
3606,50574,8,0x3b518a40
3607,47313,8,0x3b5b4780
3608,48889,8,0x3b6504c0
3609,55025,8,0x3b6ec200
3610,49797,8,0x3b787f40
3611,48975,8,0x3b823c80
3612,51704,8,0x3b8bf9c0
3613,49467,8,0x3b95b700
3614,49381,8,0x3b9f7440
3615,48836,8,0x3ba93180
3616,49469,8,0x3bb2eec0
3617,48711,8,0x3bbcac00
3618,49914,8,0x3bc66940
3619,49409,8,0x3bd02680
3620,50384,8,0x3bd9e3c0
3621,53354,8,0x3be3a100
3622,47162,8,0x3bed5e40
3623,49336,8,0x3bf71b80
3624,50339,8,0x3c00d8c0
3625,48935,8,0x3c0a9600
3626,49232,8,0x3c145340
3627,49365,8,0x3c1e1080
3628,50055,8,0x3c27cdc0
3629,49330,8,0x3c318b00
3630,48931,8,0x3c3b4840
3631,50019,8,0x3c450580
3632,50071,8,0x3c4ec2c0
3633,48699,8,0x3c588000
3634,49833,8,0x3c623d40
3635,48505,8,0x3c6bfa80
3636,52678,8,0x3c75b7c0
3637,47936,8,0x3c7f7500
3638,48500,8,0x3c893240
3639,49103,8,0x3c92ef80
3640,49633,8,0x3c9cacc0
3641,49471,8,0x3ca66a00
3642,49620,8,0x3cb02740
3643,48795,8,0x3cb9e480
3644,52155,8,0x3cc3a1c0
3645,49295,8,0x3ccd5f00
3646,50662,8,0x3cd71c40
3647,56432,8,0x3ce0d980
3648,50777,8,0x3cea96c0
3649,47231,8,0x3cf45400
3650,46067,8,0x3cfe1140
3651,50495,8,0x3d07ce80
3652,50038,8,0x3d118bc0
3653,48148,8,0x3d1b4900
3654,48809,8,0x3d250640
3655,48141,8,0x3d2ec380
3656,48486,8,0x3d3880c0
3657,47427,8,0x3d423e00
3658,46762,8,0x3d4bfb40
3659,48437,8,0x3d55b880
3660,50996,8,0x3d5f75c0
3661,49623,8,0x3d693300
3662,48330,8,0x3d72f040
3663,50057,8,0x3d7cad80
3664,52261,8,0x3d866ac0
3665,49242,8,0x3d902800
3666,50828,8,0x3d99e540
3667,47546,8,0x3da3a280
3668,54153,8,0x3dad5fc0
3669,49093,8,0x3db71d00
3670,48770,8,0x3dc0da40
3671,54627,8,0x3dca9780
3672,49926,8,0x3dd454c0
3673,49447,8,0x3dde1200
3674,48292,8,0x3de7cf40
3675,48803,8,0x3df18c80
3676,52302,8,0x3dfb49c0
3677,49899,8,0x3e050700
3678,47307,8,0x3e0ec440
3679,48943,8,0x3e188180
3680,52096,8,0x3e223ec0
3681,48076,8,0x3e2bfc00
3682,48366,8,0x3e35b940
3683,48038,8,0x3e3f7680
3684,50428,8,0x3e4933c0
3685,48579,8,0x3e52f100
3686,49789,8,0x3e5cae40
3687,50840,8,0x3e666b80
3688,49279,8,0x3e7028c0
3689,50374,8,0x3e79e600
3690,48632,8,0x3e83a340
3691,48389,8,0x3e8d6080
3692,50191,8,0x3e971dc0
3693,50256,8,0x3ea0db00
3694,49526,8,0x3eaa9840
3695,51670,8,0x3eb45580
3696,48370,8,0x3ebe12c0
3697,49393,8,0x3ec7d000
3698,48174,8,0x3ed18d40
3699,49614,8,0x3edb4a80
3700,51389,8,0x3ee507c0
3701,48446,8,0x3eeec500
3702,49388,8,0x3ef88240
3703,49284,8,0x3f023f80
3704,49367,8,0x3f0bfcc0
3705,48565,8,0x3f15ba00
3706,49068,8,0x3f1f7740
3707,48013,8,0x3f293480
3708,53073,8,0x3f32f1c0
3709,49437,8,0x3f3caf00
3710,52813,8,0x3f466c40
3711,47127,8,0x3f502980
3712,48993,8,0x3f59e6c0
3713,48878,8,0x3f63a400
3714,49589,8,0x3f6d6140
3715,48269,8,0x3f771e80
3716,52128,8,0x3f80dbc0
3717,48315,8,0x3f8a9900
3718,49583,8,0x3f945640
3719,48680,8,0x3f9e1380
3720,49047,8,0x3fa7d0c0
3721,48654,8,0x3fb18e00
3722,49108,8,0x3fbb4b40
3723,48214,8,0x3fc50880
3724,50044,8,0x3fcec5c0
3725,52958,8,0x3fd88300
3726,126861,8,0x3fe24040
3727,67888,8,0x3febfd80
3728,47650,8,0x3ff5bac0
3729,44438,8,0x3fff7800
3730,45955,8,0x93580
3731,41296,8,0x12f2c0
3732,40371,8,0x1cb000
3733,37366,8,0x266d40
3734,40001,8,0x302a80
3735,38842,8,0x39e7c0
3736,40290,8,0x43a500
3737,39511,8,0x4d6240
3738,39200,8,0x571f80
3739,39872,8,0x60dcc0
3740,39028,8,0x6a9a00
3741,38455,8,0x745740
3742,39185,8,0x7e1480
3743,39300,8,0x87d1c0
3744,38618,8,0x918f00
3745,38492,8,0x9b4c40
3746,40264,8,0xa50980
3747,45858,58,0xaec6c0
3748,44734,58,0xb88400
3749,43743,58,0xc24140
3750,45449,58,0xcbfe80
3751,45379,58,0xd5bbc0
3752,45541,58,0xdf7900
3753,45754,58,0xe93640
3754,44386,58,0xf2f380
3755,44195,58,0xfcb0c0
3756,47735,58,0x1066e00
3757,46681,58,0x1102b40
3758,45312,58,0x119e880
3759,47706,58,0x123a5c0
3760,44842,58,0x12d6300
3761,43981,58,0x1372040
3762,46993,58,0x140dd80
3763,45740,8,0x14a9ac0
3764,40406,8,0x1545800
3765,40106,8,0x15e1540
3766,40821,8,0x167d280
3767,40118,8,0x1718fc0
3768,39079,8,0x17b4d00
3769,38424,8,0x1850a40
3770,38185,8,0x18ec780
3771,40084,8,0x19884c0
3772,41458,8,0x1a24200
3773,38784,8,0x1abff40
3774,45462,58,0x1b5bc80
3775,44546,58,0x1bf79c0
3776,45508,58,0x1c93700
3777,44104,58,0x1d2f440
3778,44144,58,0x1dcb180
3779,45887,58,0x1e66ec0
3780,43853,58,0x1f02c00
3781,44661,58,0x1f9e940
3782,44866,58,0x203a680
3783,43606,58,0x20d63c0
3784,43285,58,0x2172100
3785,43628,58,0x220de40
3786,45016,58,0x22a9b80
3787,44622,58,0x23458c0
3788,44920,58,0x23e1600
3789,43668,58,0x247d340
3790,39549,8,0x2519080
3791,47538,8,0x25b4dc0
3792,42813,8,0x2650b00
3793,43217,8,0x26ec840
3794,43154,8,0x2788580
3795,42883,8,0x28242c0
3796,43380,8,0x28c0000
3797,42423,8,0x295bd40
3798,43298,8,0x29f7a80
3799,42560,8,0x2a937c0
3800,44443,8,0x2b2f500
3801,44596,8,0x2bcb240
3802,44950,8,0x2c66f80
3803,42639,8,0x2d02cc0
3804,44145,8,0x2d9ea00
3805,44479,8,0x2e3a740
3806,43323,8,0x2ed6480
3807,43023,8,0x2f721c0
3808,42876,8,0x300df00
3809,42643,8,0x30a9c40
3810,42722,8,0x3145980
3811,43090,8,0x31e16c0
3812,43513,8,0x327d400
3813,41875,8,0x3319140
3814,47641,8,0x33b4e80
3815,45153,8,0x3450bc0
3816,42501,8,0x34ec900
3817,46009,8,0x3588640
3818,42119,8,0x3624380
3819,44123,8,0x36c00c0
3820,51221,8,0x375be00
3821,37944,8,0x37f7b40
3822,36427,8,0x3893880
3823,39059,8,0x392f5c0
3824,37375,8,0x39cb300
3825,37476,8,0x3a67040
3826,36253,8,0x3b02d80
3827,38084,8,0x3b9eac0
3828,38887,8,0x3c3a800
3829,36489,8,0x3cd6540
3830,36517,8,0x3d72280
3831,43046,8,0x3e0dfc0
3832,37173,8,0x3ea9d00
3833,36301,8,0x3f45a40
3834,35877,8,0x3fe1780
3835,38657,8,0x407d4c0
3836,37375,8,0x4119200
3837,37434,8,0x41b4f40
3838,38736,8,0x4250c80
3839,37515,8,0x42ec9c0
3840,36389,8,0x4388700
3841,36857,8,0x4424440
3842,37320,8,0x44c0180
3843,37635,8,0x455bec0
3844,36784,8,0x45f7c00
3845,36348,8,0x4693940
3846,39544,8,0x472f680
3847,37725,8,0x47cb3c0
3848,36569,8,0x4867100
3849,36443,8,0x4902e40
3850,36593,8,0x499eb80
3851,39577,8,0x4a3a8c0
3852,36334,8,0x4ad6600
3853,36468,8,0x4b72340
3854,37721,8,0x4c0e080
3855,38056,8,0x4ca9dc0
3856,37434,8,0x4d45b00
3857,36428,8,0x4de1840
3858,37992,8,0x4e7d580
3859,37884,8,0x4f192c0
3860,36346,8,0x4fb5000
3861,37839,8,0x5050d40
3862,37622,8,0x50eca80
3863,37604,8,0x51887c0
3864,37744,8,0x5224500
3865,37415,8,0x52c0240
3866,37264,8,0x535bf80
3867,37786,8,0x53f7cc0
3868,36675,8,0x5493a00
3869,37173,8,0x552f740
3870,37830,8,0x55cb480
3871,37405,8,0x56671c0
3872,37875,8,0x5702f00
3873,36531,8,0x579ec40
3874,37624,8,0x583a980
3875,36938,8,0x58d66c0
3876,38163,8,0x5972400
3877,37993,8,0x5a0e140
3878,37739,8,0x5aa9e80
3879,37694,8,0x5b45bc0
3880,36703,8,0x5be1900
3881,36479,8,0x5c7d640
3882,36814,8,0x5d19380
3883,38304,8,0x5db50c0
3884,36305,8,0x5e50e00
3885,37189,8,0x5eecb40
3886,36608,8,0x5f88880
3887,37673,8,0x60245c0
3888,36485,8,0x60c0300
3889,37473,8,0x615c040
3890,36497,8,0x61f7d80
3891,39754,8,0x6293ac0
3892,37615,8,0x632f800
3893,36813,8,0x63cb540
3894,36939,8,0x6467280
3895,40065,8,0x6502fc0
3896,37374,8,0x659ed00
3897,37200,8,0x663aa40
3898,36748,8,0x66d6780
3899,37297,8,0x67724c0
3900,37961,8,0x680e200
3901,36796,8,0x68a9f40
3902,36571,8,0x6945c80
3903,37740,8,0x69e19c0
3904,37198,8,0x6a7d700
3905,38222,8,0x6b19440
3906,37355,8,0x6bb5180
3907,36777,8,0x6c50ec0
3908,36944,8,0x6cecc00
3909,36517,8,0x6d88940
3910,36524,8,0x6e24680
3911,38454,8,0x6ec03c0
3912,37275,8,0x6f5c100
3913,36785,8,0x6ff7e40
3914,36843,8,0x7093b80
3915,37783,8,0x712f8c0
3916,36918,8,0x71cb600
3917,42091,8,0x7267340
3918,38585,8,0x7303080
3919,37994,8,0x739edc0
3920,38156,8,0x743ab00
3921,36652,8,0x74d6840
3922,36710,8,0x7572580
3923,38203,8,0x760e2c0
3924,37292,8,0x76aa000
3925,37264,8,0x7745d40
3926,36484,8,0x77e1a80
3927,37736,8,0x787d7c0
3928,37076,8,0x7919500
3929,37774,8,0x79b5240
3930,37130,8,0x7a50f80
3931,38309,8,0x7aeccc0
3932,37033,8,0x7b88a00
3933,37580,8,0x7c24740
3934,38078,8,0x7cc0480
3935,39175,8,0x7d5c1c0
3936,36972,8,0x7df7f00
3937,36880,8,0x7e93c40
3938,37841,8,0x7f2f980
3939,37835,8,0x7fcb6c0
3940,37230,8,0x8067400
3941,36832,8,0x8103140
3942,37878,8,0x819ee80
3943,37229,8,0x823abc0
3944,36955,8,0x82d6900
3945,36336,8,0x8372640
3946,38203,8,0x840e380
3947,37961,8,0x84aa0c0
3948,36968,8,0x8545e00
3949,37098,8,0x85e1b40
3950,39156,8,0x867d880
3951,37574,8,0x87195c0
3952,37652,8,0x87b5300
3953,36477,8,0x8851040
3954,38696,8,0x88ecd80
3955,37676,8,0x8988ac0
3956,37108,8,0x8a24800
3957,36823,8,0x8ac0540
3958,37097,8,0x8b5c280
3959,40816,8,0x8bf7fc0
3960,37183,8,0x8c93d00
3961,36727,8,0x8d2fa40
3962,38704,8,0x8dcb780
3963,37121,8,0x8e674c0
3964,43999,8,0x8f03200
3965,37300,8,0x8f9ef40
3966,37234,8,0x903ac80
3967,37747,8,0x90d69c0
3968,36599,8,0x9172700
3969,37432,8,0x920e440
3970,37152,8,0x92aa180
3971,37050,8,0x9345ec0
3972,36272,8,0x93e1c00
3973,36808,8,0x947d940
3974,36646,8,0x9519680
3975,37678,8,0x95b53c0
3976,37066,8,0x9651100
3977,35948,8,0x96ece40
3978,37288,8,0x9788b80
3979,38670,8,0x98248c0
3980,36656,8,0x98c0600
3981,37931,8,0x995c340
3982,37086,8,0x99f8080
3983,38498,8,0x9a93dc0
3984,36164,8,0x9b2fb00
3985,35948,8,0x9bcb840
3986,36952,8,0x9c67580
3987,38316,8,0x9d032c0
3988,35767,8,0x9d9f000
3989,37883,8,0x9e3ad40
3990,37371,8,0x9ed6a80
3991,37180,8,0x9f727c0
3992,37045,8,0xa00e500
3993,36181,8,0xa0aa240
3994,38527,8,0xa145f80
3995,37439,8,0xa1e1cc0
3996,37520,8,0xa27da00
3997,36507,8,0xa319740
3998,37513,8,0xa3b5480
3999,37904,8,0xa4511c0
4000,36114,8,0xa4ecf00
4001,35902,8,0xa588c40
4002,37055,8,0xa624980
4003,37083,8,0xa6c06c0
4004,36224,8,0xa75c400
4005,36753,8,0xa7f8140
4006,36624,8,0xa893e80
4007,38675,8,0xa92fbc0
4008,37625,8,0xa9cb900
4009,37942,8,0xaa67640
4010,38329,8,0xab03380
4011,37640,8,0xab9f0c0
4012,36653,8,0xac3ae00
4013,36326,8,0xacd6b40
4014,36843,8,0xad72880
4015,37693,8,0xae0e5c0
4016,36588,8,0xaeaa300
4017,39539,8,0xaf46040
4018,36742,8,0xafe1d80
4019,38063,8,0xb07dac0
4020,41958,8,0xb119800
4021,39343,8,0xb1b5540
4022,37063,8,0xb251280
4023,42040,8,0xb2ecfc0
4024,37697,8,0xb388d00
4025,36846,8,0xb424a40
4026,41748,8,0xb4c0780
4027,36114,8,0xb55c4c0
4028,37301,8,0xb5f8200
4029,105499,8,0xb693f40
4030,71512,8,0xb72fc80
4031,44871,8,0xb7cb9c0
4032,39034,8,0xb867700
4033,37986,8,0xb903440
4034,38040,8,0xb99f180
4035,39015,8,0xba3aec0
4036,37612,8,0xbad6c00
4037,42409,8,0xbb72940
4038,39190,8,0xbc0e680
4039,37630,8,0xbcaa3c0
4040,37220,8,0xbd46100
4041,36703,8,0xbde1e40
4042,37235,8,0xbe7db80
4043,37708,8,0xbf198c0
4044,38575,8,0xbfb5600
4045,37430,8,0xc051340
4046,38161,8,0xc0ed080
4047,38863,8,0xc188dc0
4048,35926,8,0xc224b00
4049,36422,8,0xc2c0840
4050,36722,8,0xc35c580
4051,37590,8,0xc3f82c0
4052,37453,8,0xc494000
4053,39832,8,0xc52fd40
4054,40757,8,0xc5cba80
4055,37491,8,0xc6677c0
4056,36998,8,0xc703500
4057,36866,8,0xc79f240
4058,37054,8,0xc83af80
4059,37109,8,0xc8d6cc0
4060,38034,8,0xc972a00
4061,38213,8,0xca0e740
4062,37302,8,0xcaaa480
4063,38254,8,0xcb461c0
4064,36163,8,0xcbe1f00
4065,37370,8,0xcc7dc40
4066,35944,8,0xcd19980
4067,37112,8,0xcdb56c0
4068,39176,8,0xce51400
4069,37988,8,0xceed140
4070,37518,8,0xcf88e80
4071,38493,8,0xd024bc0
4072,37225,8,0xd0c0900
4073,37440,8,0xd15c640
4074,37093,8,0xd1f8380
4075,37768,8,0xd2940c0
4076,38086,8,0xd32fe00
4077,37563,8,0xd3cbb40
4078,36875,8,0xd467880
4079,37805,8,0xd5035c0
4080,36328,8,0xd59f300
4081,37635,8,0xd63b040
4082,37159,8,0xd6d6d80
4083,53402,8,0xd772ac0
4084,38088,8,0xd80e800
4085,36462,8,0xd8aa540
4086,35089,8,0xd946280
4087,39214,8,0xd9e1fc0
4088,41872,8,0xda7dd00
4089,36230,8,0xdb19a40
4090,35572,8,0xdbb5780
4091,36285,8,0xdc514c0
4092,36527,8,0xdced200
4093,35222,8,0xdd88f40
4094,35553,8,0xde24c80
4095,36784,8,0xdec09c0
4096,36812,8,0xdf5c700
4097,37936,8,0xdff8440
4098,35649,8,0xe094180
4099,37306,8,0xe12fec0
4100,36173,8,0xe1cbc00
4101,35665,8,0xe267940
4102,35781,8,0xe303680
4103,36216,8,0xe39f3c0
4104,37447,8,0xe43b100
4105,36491,8,0xe4d6e40
4106,35239,8,0xe572b80
4107,37208,8,0xe60e8c0
4108,36212,8,0xe6aa600
4109,36031,8,0xe746340
4110,35798,8,0xe7e2080
4111,39845,8,0xe87ddc0
4112,37955,8,0xe919b00
4113,35953,8,0xe9b5840
4114,35209,8,0xea51580
4115,36919,8,0xeaed2c0
4116,37710,8,0xeb89000
4117,36220,8,0xec24d40
4118,35524,8,0xecc0a80
4119,36957,8,0xed5c7c0
4120,35619,8,0xedf8500
4121,42559,8,0xee94240
4122,40278,8,0xef2ff80
4123,37260,8,0xefcbcc0
4124,35709,8,0xf067a00
4125,36213,8,0xf103740
4126,37419,8,0xf19f480
4127,39365,8,0xf23b1c0
4128,36513,8,0xf2d6f00
4129,37740,8,0xf372c40
4130,37733,8,0xf40e980
4131,36512,8,0xf4aa6c0
4132,35543,8,0xf546400
4133,35248,8,0xf5e2140
4134,37791,8,0xf67de80
4135,37599,8,0xf719bc0
4136,35355,8,0xf7b5900
4137,34636,8,0xf851640
4138,36226,8,0xf8ed380
4139,37281,8,0xf9890c0
4140,36598,8,0xfa24e00
4141,35465,8,0xfac0b40
4142,38852,8,0xfb5c880
4143,37725,8,0xfbf85c0
4144,35464,8,0xfc94300
4145,36155,8,0xfd30040
4146,36929,8,0xfdcbd80
4147,36968,8,0xfe67ac0
4148,35438,8,0xff03800
4149,35663,8,0xff9f540
4150,38309,8,0x1003b280
4151,42609,8,0x100d6fc0
4152,36062,8,0x10172d00
4153,35723,8,0x1020ea40
4154,37291,8,0x102aa780
4155,36913,8,0x103464c0
4156,37391,8,0x103e2200
4157,36875,8,0x1047df40
4158,36643,8,0x10519c80
4159,36476,8,0x105b59c0
4160,35693,8,0x10651700
4161,35674,8,0x106ed440
4162,36760,8,0x10789180
4163,37469,8,0x10824ec0
4164,36094,8,0x108c0c00
4165,36848,8,0x1095c940
4166,37058,8,0x109f8680
4167,36848,8,0x10a943c0
4168,36850,8,0x10b30100
4169,35297,8,0x10bcbe40
4170,36243,8,0x10c67b80
4171,38351,8,0x10d038c0
4172,37013,8,0x10d9f600
4173,36076,8,0x10e3b340
4174,36511,8,0x10ed7080
4175,36435,8,0x10f72dc0
4176,36366,8,0x1100eb00
4177,35935,8,0x110aa840
4178,35969,8,0x11146580
4179,36420,8,0x111e22c0
4180,36859,8,0x1127e000
4181,36459,8,0x11319d40
4182,37205,8,0x113b5a80
4183,36824,8,0x114517c0
4184,36763,8,0x114ed500
4185,35140,8,0x11589240
4186,38204,8,0x11624f80
4187,595786,8,0x116c0cc0
4188,69442,8,0x1175ca00
4189,40063,8,0x117f8740
4190,37798,8,0x11894480
4191,38633,8,0x119301c0
4192,36826,8,0x119cbf00
4193,41446,8,0x11a67c40
4194,38463,8,0x11b03980
4195,39177,8,0x11b9f6c0
4196,42101,8,0x11c3b400
4197,38402,8,0x11cd7140
4198,36446,8,0x11d72e80
4199,37797,8,0x11e0ebc0
4200,36666,8,0x11eaa900
4201,39871,8,0x11f46640
4202,36902,8,0x11fe2380
4203,38223,8,0x1207e0c0
4204,38281,8,0x12119e00
4205,37878,8,0x121b5b40
4206,36940,8,0x12251880
4207,38431,8,0x122ed5c0
4208,35685,8,0x12389300
4209,52468,8,0x12425040
4210,39953,8,0x124c0d80
4211,37720,8,0x1255cac0
4212,37031,8,0x125f8800
4213,39785,8,0x12694540
4214,35736,8,0x12730280
4215,43492,8,0x127cbfc0
4216,36501,8,0x12867d00
4217,36865,8,0x12903a40
4218,36729,8,0x1299f780
4219,38070,8,0x12a3b4c0
4220,37084,8,0x12ad7200
4221,36418,8,0x12b72f40
4222,37475,8,0x12c0ec80
4223,37115,8,0x12caa9c0
4224,36494,8,0x12d46700
4225,38360,8,0x12de2440
4226,37442,8,0x12e7e180
4227,37993,8,0x12f19ec0
4228,37933,8,0x12fb5c00
4229,37853,8,0x13051940
4230,38955,8,0x130ed680
4231,36811,8,0x131893c0
4232,37916,8,0x13225100
4233,37382,8,0x132c0e40
4234,36890,8,0x1335cb80
4235,37275,8,0x133f88c0
4236,37101,8,0x13494600
4237,36286,8,0x13530340
4238,36517,8,0x135cc080
4239,36961,8,0x13667dc0
4240,38328,8,0x13703b00
4241,37221,8,0x1379f840
4242,37706,8,0x1383b580
4243,37921,8,0x138d72c0
4244,37664,8,0x13973000
4245,39783,8,0x13a0ed40
4246,38710,8,0x13aaaa80
4247,36103,8,0x13b467c0
4248,37090,8,0x13be2500
4249,38561,8,0x13c7e240
4250,36593,8,0x13d19f80
4251,37311,8,0x13db5cc0
4252,36573,8,0x13e51a00
4253,36391,8,0x13eed740
4254,36862,8,0x13f89480
4255,37052,8,0x140251c0
4256,36809,8,0x140c0f00
4257,36987,8,0x1415cc40
4258,37561,8,0x141f8980
4259,38303,8,0x142946c0
4260,39170,8,0x14330400
4261,37091,8,0x143cc140
4262,37089,8,0x14467e80
4263,36809,8,0x14503bc0
4264,38004,8,0x1459f900
4265,36696,8,0x1463b640
4266,36875,8,0x146d7380
4267,37892,8,0x147730c0
4268,37136,8,0x1480ee00
4269,36796,8,0x148aab40
4270,36309,8,0x14946880
4271,37709,8,0x149e25c0
4272,38257,8,0x14a7e300
4273,36862,8,0x14b1a040
4274,37526,8,0x14bb5d80
4275,43001,8,0x14c51ac0
4276,37676,8,0x14ced800
4277,37600,8,0x14d89540
4278,36051,8,0x14e25280
4279,40402,8,0x14ec0fc0
4280,37119,8,0x14f5cd00
4281,36998,8,0x14ff8a40
4282,38872,8,0x15094780
4283,36493,8,0x151304c0
4284,36580,8,0x151cc200
4285,37488,8,0x15267f40
4286,35881,8,0x15303c80
4287,37916,8,0x1539f9c0
4288,37595,8,0x1543b700
4289,39540,8,0x154d7440
4290,36753,8,0x15573180
4291,37217,8,0x1560eec0
4292,38145,8,0x156aac00
4293,37720,8,0x15746940
4294,36524,8,0x157e2680
4295,38265,8,0x1587e3c0
4296,37573,8,0x1591a100
4297,37922,8,0x159b5e40
4298,38529,8,0x15a51b80
4299,38127,8,0x15aed8c0
4300,38842,8,0x15b89600
4301,37577,8,0x15c25340
4302,37208,8,0x15cc1080
4303,39860,8,0x15d5cdc0
4304,39773,8,0x15df8b00
4305,37679,8,0x15e94840
4306,37402,8,0x15f30580
4307,37716,8,0x15fcc2c0
4308,36760,8,0x16068000
4309,38611,8,0x16103d40
4310,65037,8,0x1619fa80
4311,205126,8,0x1623b7c0
4312,166408,8,0x162d7500
4313,82551,8,0x16373240
4314,76017,8,0x1640ef80
4315,75023,8,0x164aacc0
4316,73470,8,0x16546a00
4317,72029,8,0x165e2740
4318,71599,8,0x1667e480
4319,70959,8,0x1671a1c0
4320,70976,8,0x167b5f00
4321,68405,8,0x16851c40
4322,68043,8,0x168ed980
4323,69541,8,0x169896c0
4324,74825,8,0x16a25400
4325,71663,8,0x16ac1140
4326,70074,8,0x16b5ce80
4327,68923,8,0x16bf8bc0
4328,69389,8,0x16c94900
4329,70541,8,0x16d30640
4330,69339,8,0x16dcc380
4331,70226,8,0x16e680c0
4332,70573,8,0x16f03e00
4333,70364,8,0x16f9fb40
4334,68746,8,0x1703b880
4335,65122,8,0x170d75c0
4336,63221,8,0x17173300
4337,64604,8,0x1720f040
4338,63453,8,0x172aad80
4339,68249,8,0x17346ac0
4340,67168,8,0x173e2800
4341,66346,8,0x1747e540
4342,63458,8,0x1751a280
4343,69659,8,0x175b5fc0
4344,63326,8,0x17651d00
4345,63951,8,0x176eda40
4346,53855,8,0x17789780
4347,50854,8,0x178254c0
4348,50947,8,0x178c1200
4349,50821,8,0x1795cf40
4350,49528,8,0x179f8c80
4351,50445,8,0x17a949c0
4352,50868,8,0x17b30700
4353,55402,8,0x17bcc440
4354,50986,8,0x17c68180
4355,49714,8,0x17d03ec0
4356,50636,8,0x17d9fc00
4357,51388,8,0x17e3b940
4358,50009,8,0x17ed7680
4359,49432,8,0x17f733c0
4360,51984,8,0x1800f100
4361,50388,8,0x180aae40
4362,49361,8,0x18146b80
4363,113590,8,0x181e28c0
4364,57621,8,0x1827e600
4365,51199,8,0x1831a340
4366,48545,8,0x183b6080
4367,48778,8,0x18451dc0
4368,48988,8,0x184edb00
4369,63628,8,0x18589840
4370,45408,8,0x18625580
4371,41654,8,0x186c12c0
4372,40950,8,0x1875d000
4373,39238,8,0x187f8d40
4374,38663,8,0x18894a80
4375,42489,8,0x189307c0
4376,40525,8,0x189cc500
4377,43978,8,0x18a68240
4378,39990,8,0x18b03f80
4379,41371,8,0x18b9fcc0
4380,40337,8,0x18c3ba00
4381,39862,8,0x18cd7740
4382,38827,8,0x18d73480
4383,41635,8,0x18e0f1c0
4384,40810,8,0x18eaaf00
4385,40022,8,0x18f46c40
4386,40309,8,0x18fe2980
4387,41124,8,0x1907e6c0
4388,39779,8,0x1911a400
4389,39761,8,0x191b6140
4390,39222,8,0x19251e80
4391,42149,8,0x192edbc0
4392,43407,8,0x19389900
4393,40652,8,0x19425640
4394,40121,8,0x194c1380
4395,41125,8,0x1955d0c0
4396,39423,8,0x195f8e00
4397,38753,8,0x19694b40
4398,38965,8,0x19730880
4399,42332,8,0x197cc5c0
4400,40799,8,0x19868300
4401,40918,8,0x19904040
4402,39118,8,0x1999fd80
4403,41801,8,0x19a3bac0
4404,39931,8,0x19ad7800
4405,39325,8,0x19b73540
4406,40256,8,0x19c0f280
4407,47176,8,0x19caafc0
4408,40170,8,0x19d46d00
4409,40705,8,0x19de2a40
4410,40358,8,0x19e7e780
4411,41380,8,0x19f1a4c0
4412,40168,8,0x19fb6200
4413,40290,8,0x1a051f40
4414,39325,8,0x1a0edc80
4415,41399,8,0x1a1899c0
4416,40404,8,0x1a225700
4417,39055,8,0x1a2c1440
4418,39619,8,0x1a35d180
4419,40855,8,0x1a3f8ec0
4420,40593,8,0x1a494c00
4421,42498,8,0x1a530940
4422,39745,8,0x1a5cc680
4423,41635,8,0x1a6683c0
4424,40990,8,0x1a704100
4425,45388,8,0x1a79fe40
4426,39855,8,0x1a83bb80
4427,41229,8,0x1a8d78c0
4428,40393,8,0x1a973600
4429,40645,8,0x1aa0f340
4430,39635,8,0x1aaab080
4431,43760,8,0x1ab46dc0
4432,40909,8,0x1abe2b00
4433,40774,8,0x1ac7e840
4434,39339,8,0x1ad1a580
4435,40055,8,0x1adb62c0
4436,44478,8,0x1ae52000
4437,40308,8,0x1aeedd40
4438,40554,8,0x1af89a80
4439,41452,8,0x1b0257c0
4440,40469,8,0x1b0c1500
4441,40336,8,0x1b15d240
4442,39645,8,0x1b1f8f80
4443,41449,8,0x1b294cc0
4444,40901,8,0x1b330a00
4445,40556,8,0x1b3cc740
4446,39993,8,0x1b468480
4447,41851,8,0x1b5041c0
4448,40965,8,0x1b59ff00
4449,39994,8,0x1b63bc40
4450,38669,8,0x1b6d7980
4451,42836,8,0x1b7736c0
4452,40801,8,0x1b80f400
4453,40260,8,0x1b8ab140
4454,39536,8,0x1b946e80
4455,42660,8,0x1b9e2bc0
4456,41005,8,0x1ba7e900
4457,40387,8,0x1bb1a640
4458,40612,8,0x1bbb6380
4459,40825,8,0x1bc520c0
4460,40541,8,0x1bcede00
4461,40437,8,0x1bd89b40
4462,39104,8,0x1be25880
4463,43003,8,0x1bec15c0
4464,50385,8,0x1bf5d300
4465,43167,8,0x1bff9040
4466,42089,8,0x1c094d80
4467,39989,8,0x1c130ac0
4468,40948,8,0x1c1cc800
4469,38925,8,0x1c268540
4470,39672,8,0x1c304280
4471,43103,8,0x1c39ffc0
4472,40388,8,0x1c43bd00
4473,40371,8,0x1c4d7a40
4474,39485,8,0x1c573780
4475,40128,8,0x1c60f4c0
4476,39928,8,0x1c6ab200
4477,39114,8,0x1c746f40
4478,40863,8,0x1c7e2c80
4479,40684,8,0x1c87e9c0
4480,59248,8,0x1c91a700
4481,39289,8,0x1c9b6440
4482,38472,8,0x1ca52180
4483,40031,8,0x1caedec0
4484,38275,8,0x1cb89c00
4485,37849,8,0x1cc25940
4486,38681,8,0x1ccc1680
4487,44943,8,0x1cd5d3c0
4488,38996,8,0x1cdf9100
4489,39075,8,0x1ce94e40
4490,38753,8,0x1cf30b80
4491,40221,8,0x1cfcc8c0
4492,38718,8,0x1d068600
4493,37768,8,0x1d104340
4494,38788,8,0x1d1a0080
4495,42559,8,0x1d23bdc0
4496,39952,8,0x1d2d7b00
4497,39551,8,0x1d373840
4498,37732,8,0x1d40f580
4499,39672,8,0x1d4ab2c0
4500,38874,8,0x1d547000
4501,37901,8,0x1d5e2d40
4502,39395,8,0x1d67ea80
4503,40643,8,0x1d71a7c0
4504,38451,8,0x1d7b6500
4505,38652,8,0x1d852240
4506,38496,8,0x1d8edf80
4507,40344,8,0x1d989cc0
4508,39859,8,0x1da25a00
4509,38284,8,0x1dac1740
4510,41372,8,0x1db5d480
4511,40164,8,0x1dbf91c0
4512,38403,8,0x1dc94f00
4513,39562,8,0x1dd30c40
4514,38943,8,0x1ddcc980
4515,39545,8,0x1de686c0
4516,38168,8,0x1df04400
4517,38426,8,0x1dfa0140
4518,39148,8,0x1e03be80
4519,39027,8,0x1e0d7bc0
4520,39512,8,0x1e173900
4521,39654,8,0x1e20f640
4522,38635,8,0x1e2ab380
4523,39548,8,0x1e3470c0
4524,38578,8,0x1e3e2e00
4525,40665,8,0x1e47eb40
4526,44767,8,0x1e51a880
4527,39434,8,0x1e5b65c0
4528,37306,8,0x1e652300
4529,39268,8,0x1e6ee040
4530,36923,8,0x1e789d80
4531,38225,8,0x1e825ac0
4532,37798,8,0x1e8c1800
4533,37224,8,0x1e95d540
4534,40864,8,0x1e9f9280
4535,41778,8,0x1ea94fc0
4536,38463,8,0x1eb30d00
4537,37268,8,0x1ebcca40
4538,38394,8,0x1ec68780
4539,42138,8,0x1ed044c0
4540,38634,8,0x1eda0200
4541,38732,8,0x1ee3bf40
4542,38196,8,0x1eed7c80
4543,39623,8,0x1ef739c0
4544,37729,8,0x1f00f700
4545,38090,8,0x1f0ab440
4546,37929,8,0x1f147180
4547,38976,8,0x1f1e2ec0
4548,38371,8,0x1f27ec00
4549,42345,8,0x1f31a940
4550,38388,8,0x1f3b6680
4551,37582,8,0x1f4523c0
4552,37879,8,0x1f4ee100
4553,37474,8,0x1f589e40
4554,40774,8,0x1f625b80
4555,38429,8,0x1f6c18c0
4556,38259,8,0x1f75d600
4557,38043,8,0x1f7f9340
4558,39142,8,0x1f895080
4559,38991,8,0x1f930dc0
4560,37951,8,0x1f9ccb00
4561,37197,8,0x1fa68840
4562,45946,8,0x1fb04580
4563,41520,8,0x1fba02c0
4564,38519,8,0x1fc3c000
4565,37369,8,0x1fcd7d40
4566,37935,8,0x1fd73a80
4567,37563,8,0x1fe0f7c0
4568,37121,8,0x1feab500
4569,38833,8,0x1ff47240
4570,38078,8,0x1ffe2f80
4571,39102,8,0x2007ecc0
4572,37576,8,0x2011aa00
4573,37548,8,0x201b6740
4574,38331,8,0x20252480
4575,38409,8,0x202ee1c0
4576,38152,8,0x20389f00
4577,38522,8,0x20425c40
4578,37919,8,0x204c1980
4579,39757,8,0x2055d6c0
4580,38663,8,0x205f9400
4581,38313,8,0x20695140
4582,37435,8,0x20730e80
4583,38294,8,0x207ccbc0
4584,39572,8,0x20868900
4585,39237,8,0x20904640
4586,38633,8,0x209a0380
4587,38777,8,0x20a3c0c0
4588,36663,8,0x20ad7e00
4589,37862,8,0x20b73b40
4590,39121,8,0x20c0f880
4591,38720,8,0x20cab5c0
4592,38291,8,0x20d47300
4593,38796,8,0x20de3040
4594,38718,8,0x20e7ed80
4595,38593,8,0x20f1aac0
4596,37187,8,0x20fb6800
4597,37166,8,0x21052540
4598,37793,8,0x210ee280
4599,43492,8,0x21189fc0
4600,37848,8,0x21225d00
4601,38974,8,0x212c1a40
4602,39321,8,0x2135d780
4603,38037,8,0x213f94c0
4604,36896,8,0x21495200
4605,37118,8,0x21530f40
4606,37632,8,0x215ccc80
4607,37897,8,0x216689c0
4608,39752,8,0x21704700
4609,37147,8,0x217a0440
4610,38535,8,0x2183c180
4611,42438,8,0x218d7ec0
4612,37968,8,0x21973c00
4613,39277,8,0x21a0f940
4614,38835,8,0x21aab680
4615,38168,8,0x21b473c0
4616,37926,8,0x21be3100
4617,38399,8,0x21c7ee40
4618,38055,8,0x21d1ab80
4619,38328,8,0x21db68c0
4620,36931,8,0x21e52600
4621,38275,8,0x21eee340
4622,38426,8,0x21f8a080
4623,39159,8,0x22025dc0
4624,37939,8,0x220c1b00
4625,38285,8,0x2215d840
4626,38909,8,0x221f9580
4627,37216,8,0x222952c0
4628,38351,8,0x22331000
4629,38797,8,0x223ccd40
4630,38089,8,0x22468a80
4631,38600,8,0x225047c0
4632,38122,8,0x225a0500
4633,37034,8,0x2263c240
4634,37706,8,0x226d7f80
4635,38028,8,0x22773cc0
4636,36909,8,0x2280fa00
4637,38367,8,0x228ab740
4638,37771,8,0x22947480
4639,40024,8,0x229e31c0
4640,37824,8,0x22a7ef00
4641,37763,8,0x22b1ac40
4642,39618,8,0x22bb6980
4643,39644,8,0x22c526c0
4644,37068,8,0x22cee400
4645,38376,8,0x22d8a140
4646,38990,8,0x22e25e80
4647,39349,8,0x22ec1bc0
4648,39120,8,0x22f5d900
4649,37209,8,0x22ff9640
4650,37757,8,0x23095380
4651,38441,8,0x231310c0
4652,36803,8,0x231cce00
4653,38888,8,0x23268b40
4654,38164,8,0x23304880
4655,39025,8,0x233a05c0
4656,39239,8,0x2343c300
4657,37286,8,0x234d8040
4658,40488,8,0x23573d80
4659,38550,8,0x2360fac0
4660,37821,8,0x236ab800
4661,38336,8,0x23747540
4662,38465,8,0x237e3280
4663,52063,8,0x2387efc0
4664,50161,8,0x2391ad00
4665,141096,8,0x239b6a40
4666,64035,8,0x23a52780
4667,54403,8,0x23aee4c0
4668,53372,8,0x23b8a200
4669,54987,8,0x23c25f40
4670,58197,8,0x23cc1c80
4671,54788,8,0x23d5d9c0
4672,55062,8,0x23df9700
4673,49025,8,0x23e95440
4674,50169,8,0x23f31180
4675,48708,8,0x23fccec0
4676,48583,8,0x24068c00
4677,48954,8,0x24104940
4678,48644,8,0x241a0680
4679,49986,8,0x2423c3c0
4680,47166,8,0x242d8100
4681,50218,8,0x24373e40
4682,49044,8,0x2440fb80
4683,47715,8,0x244ab8c0
4684,48222,8,0x24547600
4685,52332,8,0x245e3340
4686,49950,8,0x2467f080
4687,51045,8,0x2471adc0
4688,48725,8,0x247b6b00
4689,48850,8,0x24852840
4690,48993,8,0x248ee580
4691,54483,8,0x2498a2c0
4692,48248,8,0x24a26000
4693,49110,8,0x24ac1d40
4694,49526,8,0x24b5da80
4695,49970,8,0x24bf97c0
4696,48569,8,0x24c95500
4697,48586,8,0x24d31240
4698,48727,8,0x24dccf80
4699,48244,8,0x24e68cc0
4700,51598,8,0x24f04a00
4701,49442,8,0x24fa0740
4702,49843,8,0x2503c480
4703,50476,8,0x250d81c0
4704,48359,8,0x25173f00
4705,207772,8,0x2520fc40
4706,62663,8,0x252ab980
4707,55849,8,0x253476c0
4708,53830,8,0x253e3400
4709,51333,8,0x2547f140
4710,52621,8,0x2551ae80
4711,53836,8,0x255b6bc0
4712,52045,8,0x25652900
4713,48898,8,0x256ee640
4714,48151,8,0x2578a380
4715,72538,8,0x258260c0
4716,46874,8,0x258c1e00
4717,48339,8,0x2595db40
4718,49464,8,0x259f9880
4719,53620,8,0x25a955c0
4720,48474,8,0x25b31300
4721,48716,8,0x25bcd040
4722,46595,8,0x25c68d80
4723,47682,8,0x25d04ac0
4724,48355,8,0x25da0800
4725,48675,8,0x25e3c540
4726,48941,8,0x25ed8280
4727,52784,8,0x25f73fc0
4728,47165,8,0x2600fd00
4729,48105,8,0x260aba40
4730,47291,8,0x26147780
4731,48735,8,0x261e34c0
4732,46979,8,0x2627f200
4733,52229,8,0x2631af40
4734,46960,8,0x263b6c80
4735,56868,8,0x264529c0
4736,89872,8,0x264ee700
4737,113043,8,0x2658a440
4738,58354,8,0x26626180
4739,51684,8,0x266c1ec0
4740,50665,8,0x2675dc00
4741,58204,8,0x267f9940
4742,50929,8,0x26895680
4743,49948,8,0x269313c0
4744,47870,8,0x269cd100
4745,49871,8,0x26a68e40
4746,47736,8,0x26b04b80
4747,53322,8,0x26ba08c0
4748,47539,8,0x26c3c600
4749,47400,8,0x26cd8340
4750,48100,8,0x26d74080
4751,48892,8,0x26e0fdc0
4752,47375,8,0x26eabb00
4753,48290,8,0x26f47840
4754,48140,8,0x26fe3580
4755,48637,8,0x2707f2c0
4756,47560,8,0x2711b000
4757,47532,8,0x271b6d40
4758,47485,8,0x27252a80
4759,48712,8,0x272ee7c0
4760,47203,8,0x2738a500
4761,47851,8,0x27426240
4762,50344,8,0x274c1f80
4763,48515,8,0x2755dcc0
4764,50381,8,0x275f9a00
4765,47699,8,0x27695740
4766,47250,8,0x27731480
4767,48614,8,0x277cd1c0
4768,46298,8,0x27868f00
4769,48139,8,0x27904c40
4770,48471,8,0x279a0980
4771,48393,8,0x27a3c6c0
4772,46874,8,0x27ad8400
4773,47476,8,0x27b74140
4774,48695,8,0x27c0fe80
4775,48016,8,0x27cabbc0
4776,47755,8,0x27d47900
4777,52613,8,0x27de3640
4778,48329,8,0x27e7f380
4779,49160,8,0x27f1b0c0
4780,48810,8,0x27fb6e00
4781,48397,8,0x28052b40
4782,48103,8,0x280ee880
4783,48583,8,0x2818a5c0
4784,47108,8,0x28226300
4785,50099,8,0x282c2040
4786,48120,8,0x2835dd80
4787,49191,8,0x283f9ac0
4788,46531,8,0x28495800
4789,47398,8,0x28531540
4790,48572,8,0x285cd280
4791,55850,8,0x28668fc0
4792,47326,8,0x28704d00
4793,46948,8,0x287a0a40
4794,48446,8,0x2883c780
4795,47919,8,0x288d84c0
4796,47374,8,0x28974200
4797,48500,8,0x28a0ff40
4798,47255,8,0x28aabc80
4799,47972,8,0x28b479c0
4800,47813,8,0x28be3700
4801,48886,8,0x28c7f440
4802,47031,8,0x28d1b180
4803,48918,8,0x28db6ec0
4804,46900,8,0x28e52c00
4805,47941,8,0x28eee940
4806,52396,8,0x28f8a680
4807,48531,8,0x290263c0
4808,48163,8,0x290c2100
4809,48202,8,0x2915de40
4810,47979,8,0x291f9b80
4811,48354,8,0x292958c0
4812,47731,8,0x29331600
4813,55832,8,0x293cd340
4814,59619,8,0x29469080
4815,50159,8,0x29504dc0
4816,48523,8,0x295a0b00
4817,48982,8,0x2963c840
4818,159915,8,0x296d8580
4819,57976,8,0x297742c0
4820,48157,8,0x29810000
4821,52253,8,0x298abd40
4822,46731,8,0x29947a80
4823,48163,8,0x299e37c0
4824,49394,8,0x29a7f500
4825,48172,8,0x29b1b240
4826,47130,8,0x29bb6f80
4827,49155,8,0x29c52cc0
4828,47646,8,0x29ceea00
4829,47284,8,0x29d8a740
4830,46954,8,0x29e26480
4831,49599,8,0x29ec21c0
4832,48490,8,0x29f5df00
4833,48713,8,0x29ff9c40
4834,46510,8,0x2a095980
4835,48445,8,0x2a1316c0
4836,52166,8,0x2a1cd400
4837,48466,8,0x2a269140
4838,47054,8,0x2a304e80
4839,47833,8,0x2a3a0bc0
4840,49014,8,0x2a43c900
4841,47814,8,0x2a4d8640
4842,47610,8,0x2a574380
4843,48019,8,0x2a6100c0
4844,48182,8,0x2a6abe00
4845,47559,8,0x2a747b40
4846,48607,8,0x2a7e3880
4847,49588,8,0x2a87f5c0
4848,48477,8,0x2a91b300
4849,47947,8,0x2a9b7040
4850,46028,8,0x2aa52d80
4851,52145,8,0x2aaeeac0
4852,48438,8,0x2ab8a800
4853,47996,8,0x2ac26540
4854,47463,8,0x2acc2280
4855,53142,8,0x2ad5dfc0
4856,49014,8,0x2adf9d00
4857,48308,8,0x2ae95a40
4858,48341,8,0x2af31780
4859,48085,8,0x2afcd4c0
4860,47366,8,0x2b069200
4861,49067,8,0x2b104f40
4862,46676,8,0x2b1a0c80
4863,48781,8,0x2b23c9c0
4864,47508,8,0x2b2d8700
4865,51494,8,0x2b374440
4866,48985,8,0x2b410180
4867,48582,8,0x2b4abec0
4868,48179,8,0x2b547c00
4869,48718,8,0x2b5e3940
4870,48502,8,0x2b67f680
4871,49468,8,0x2b71b3c0
4872,47948,8,0x2b7b7100
4873,47106,8,0x2b852e40
4874,48422,8,0x2b8eeb80
4875,51360,8,0x2b98a8c0
4876,48231,8,0x2ba26600
4877,48156,8,0x2bac2340
4878,49337,8,0x2bb5e080
4879,50280,8,0x2bbf9dc0
4880,51639,8,0x2bc95b00
4881,48661,8,0x2bd31840
4882,48660,8,0x2bdcd580
4883,48265,8,0x2be692c0
4884,47874,8,0x2bf05000
4885,47952,8,0x2bfa0d40
4886,50696,8,0x2c03ca80
4887,54973,8,0x2c0d87c0
4888,48305,8,0x2c174500
4889,47368,8,0x2c210240
4890,48656,8,0x2c2abf80
4891,79596,8,0x2c347cc0
4892,49452,8,0x2c3e3a00
4893,48782,8,0x2c47f740
4894,48623,8,0x2c51b480
4895,53828,8,0x2c5b71c0
4896,46475,8,0x2c652f00
4897,46829,8,0x2c6eec40
4898,48584,8,0x2c78a980
4899,48400,8,0x2c8266c0
4900,47106,8,0x2c8c2400
4901,48025,8,0x2c95e140
4902,47000,8,0x2c9f9e80
4903,48513,8,0x2ca95bc0
4904,47782,8,0x2cb31900
4905,64675,8,0x2cbcd640
4906,74534,8,0x2cc69380
4907,57408,8,0x2cd050c0
4908,51176,8,0x2cda0e00
4909,52155,8,0x2ce3cb40
4910,47900,8,0x2ced8880
4911,51965,8,0x2cf745c0
4912,50040,8,0x2d010300
4913,48041,8,0x2d0ac040
4914,47391,8,0x2d147d80
4915,47111,8,0x2d1e3ac0
4916,52583,8,0x2d27f800
4917,47570,8,0x2d31b540
4918,46057,8,0x2d3b7280
4919,51955,8,0x2d452fc0
4920,46036,8,0x2d4eed00
4921,47088,8,0x2d58aa40
4922,48625,8,0x2d626780
4923,48003,8,0x2d6c24c0
4924,47452,8,0x2d75e200
4925,48268,8,0x2d7f9f40
4926,46832,8,0x2d895c80
4927,47073,8,0x2d9319c0
4928,46285,8,0x2d9cd700
4929,48047,8,0x2da69440
4930,49895,8,0x2db05180
4931,46333,8,0x2dba0ec0
4932,47044,8,0x2dc3cc00
4933,47739,8,0x2dcd8940
4934,47363,8,0x2dd74680
4935,47166,8,0x2de103c0
4936,46424,8,0x2deac100
4937,47808,8,0x2df47e40
4938,49116,8,0x2dfe3b80
4939,48170,8,0x2e07f8c0
4940,47466,8,0x2e11b600
4941,45966,8,0x2e1b7340
4942,45895,8,0x2e253080
4943,48878,8,0x2e2eedc0
4944,47133,8,0x2e38ab00
4945,51530,8,0x2e426840
4946,47169,8,0x2e4c2580
4947,46129,8,0x2e55e2c0
4948,47986,8,0x2e5fa000
4949,48562,8,0x2e695d40
4950,46617,8,0x2e731a80
4951,46931,8,0x2e7cd7c0
4952,47650,8,0x2e869500
4953,48072,8,0x2e905240
4954,51742,8,0x2e9a0f80
4955,46644,8,0x2ea3ccc0
4956,47104,8,0x2ead8a00
4957,47524,8,0x2eb74740
4958,46249,8,0x2ec10480
4959,47622,8,0x2ecac1c0
4960,49336,8,0x2ed47f00
4961,47149,8,0x2ede3c40
4962,48691,8,0x2ee7f980
4963,46866,8,0x2ef1b6c0
4964,47221,8,0x2efb7400
4965,47066,8,0x2f053140
4966,46735,8,0x2f0eee80
4967,46801,8,0x2f18abc0
4968,46092,8,0x2f226900
4969,47300,8,0x2f2c2640
4970,57719,8,0x2f35e380
4971,63557,8,0x2f3fa0c0
4972,61220,8,0x2f495e00
4973,56996,8,0x2f531b40
4974,47330,8,0x2f5cd880
4975,50617,8,0x2f6695c0
4976,51086,8,0x2f705300
4977,53908,8,0x2f7a1040
4978,47437,8,0x2f83cd80
4979,47432,8,0x2f8d8ac0
4980,46027,8,0x2f974800
4981,47896,8,0x2fa10540
4982,47257,8,0x2faac280
4983,50410,8,0x2fb47fc0
4984,46414,8,0x2fbe3d00
4985,47950,8,0x2fc7fa40
4986,46674,8,0x2fd1b780
4987,47430,8,0x2fdb74c0
4988,46073,8,0x2fe53200
4989,50592,8,0x2feeef40
4990,47962,8,0x2ff8ac80
4991,48014,8,0x300269c0
4992,46556,8,0x300c2700
4993,47273,8,0x3015e440
4994,46675,8,0x301fa180
4995,46465,8,0x30295ec0
4996,45200,8,0x30331c00
4997,52695,8,0x303cd940
4998,49209,8,0x30469680
4999,47438,8,0x305053c0
5000,46288,8,0x305a1100
5001,48225,8,0x3063ce40
5002,45930,8,0x306d8b80
5003,47330,8,0x307748c0
5004,49654,8,0x30810600
5005,46997,8,0x308ac340
5006,46642,8,0x30948080
5007,48520,8,0x309e3dc0
5008,47101,8,0x30a7fb00
5009,47493,8,0x30b1b840
5010,46434,8,0x30bb7580
5011,47360,8,0x30c532c0
5012,46221,8,0x30cef000
5013,47238,8,0x30d8ad40
5014,46432,8,0x30e26a80
5015,64773,8,0x30ec27c0
5016,80467,8,0x30f5e500
5017,60255,8,0x30ffa240
5018,47854,8,0x31095f80
5019,52635,8,0x31131cc0
5020,47908,8,0x311cda00
5021,48147,8,0x31269740
5022,47336,8,0x31305480
5023,47531,8,0x313a11c0
5024,47400,8,0x3143cf00
5025,46429,8,0x314d8c40
5026,47077,8,0x31574980
5027,49496,8,0x316106c0
5028,47279,8,0x316ac400
5029,46113,8,0x31748140
5030,46685,8,0x317e3e80
5031,47908,8,0x3187fbc0
5032,46738,8,0x3191b900
5033,46712,8,0x319b7640
5034,48991,8,0x31a53380
5035,48946,8,0x31aef0c0
5036,47380,8,0x31b8ae00
5037,47201,8,0x31c26b40
5038,46502,8,0x31cc2880
5039,48214,8,0x31d5e5c0
5040,47963,8,0x31dfa300
5041,46355,8,0x31e96040
5042,45926,8,0x31f31d80
5043,47813,8,0x31fcdac0
5044,48125,8,0x32069800
5045,46188,8,0x32105540
5046,80405,8,0x321a1280
5047,74504,8,0x3223cfc0
5048,78591,8,0x322d8d00
5049,71260,8,0x32374a40
5050,65583,8,0x32410780
5051,65236,8,0x324ac4c0
5052,64746,8,0x32548200
5053,63711,8,0x325e3f40
5054,63887,8,0x3267fc80
5055,65028,8,0x3271b9c0
5056,63925,8,0x327b7700
5057,64010,8,0x32853440
5058,63433,8,0x328ef180
5059,63499,8,0x3298aec0
5060,64198,8,0x32a26c00
5061,63309,8,0x32ac2940
5062,63224,8,0x32b5e680
5063,63910,8,0x32bfa3c0
5064,66186,8,0x32c96100
5065,63939,8,0x32d31e40
5066,63551,8,0x32dcdb80
5067,64922,8,0x32e698c0
5068,63083,8,0x32f05600
5069,63381,8,0x32fa1340
5070,63305,8,0x3303d080
5071,65437,8,0x330d8dc0
5072,64383,8,0x33174b00
5073,63532,8,0x33210840
5074,63930,8,0x332ac580
5075,63248,8,0x333482c0
5076,63794,8,0x333e4000
5077,64177,8,0x3347fd40
5078,63578,8,0x3351ba80
5079,68244,8,0x335b77c0
5080,62505,8,0x33653500
5081,64427,8,0x336ef240
5082,63154,8,0x3378af80
5083,63563,8,0x33826cc0
5084,63403,8,0x338c2a00
5085,63688,8,0x3395e740
5086,63346,8,0x339fa480
5087,81070,8,0x33a961c0
5088,63121,8,0x33b31f00
5089,68568,8,0x33bcdc40
5090,62816,8,0x33c69980
5091,63009,8,0x33d056c0
5092,63830,8,0x33da1400
5093,63888,8,0x33e3d140
5094,65863,8,0x33ed8e80
5095,63401,8,0x33f74bc0
5096,63144,8,0x34010900
5097,64833,8,0x340ac640
5098,63570,8,0x34148380
5099,62243,8,0x341e40c0
5100,63311,8,0x3427fe00
5101,63965,8,0x3431bb40
5102,63511,8,0x343b7880
5103,64112,8,0x344535c0
5104,63673,8,0x344ef300
5105,63546,8,0x3458b040
5106,63235,8,0x34626d80
5107,63383,8,0x346c2ac0
5108,73824,8,0x3475e800
5109,86708,8,0x347fa540
5110,43133,8,0x34896280
5111,44205,8,0x34931fc0
5112,40330,8,0x349cdd00
5113,41080,8,0x34a69a40
5114,40069,8,0x34b05780
5115,39818,8,0x34ba14c0
5116,40902,8,0x34c3d200
5117,38722,8,0x34cd8f40
5118,39253,8,0x34d74c80
5119,38383,8,0x34e109c0
5120,36804,8,0x34eac700
5121,38162,8,0x34f48440
5122,46977,8,0x34fe4180
5123,43840,8,0x3507fec0
5124,40336,8,0x3511bc00
5125,40736,8,0x351b7940
5126,41549,8,0x35253680
5127,40974,8,0x352ef3c0
5128,41651,8,0x3538b100
5129,40876,8,0x35426e40
5130,40110,8,0x354c2b80
5131,41229,8,0x3555e8c0
5132,42710,8,0x355fa600
5133,39910,8,0x35696340
5134,41294,8,0x35732080
5135,42166,8,0x357cddc0
5136,40954,8,0x35869b00
5137,41948,8,0x35905840
5138,43346,8,0x359a1580
5139,41603,8,0x35a3d2c0
5140,40094,8,0x35ad9000
5141,40338,8,0x35b74d40
5142,41139,8,0x35c10a80
5143,42452,8,0x35cac7c0
5144,40246,8,0x35d48500
5145,41204,8,0x35de4240
5146,40977,8,0x35e7ff80
5147,41448,8,0x35f1bcc0
5148,40344,8,0x35fb7a00
5149,40343,8,0x36053740
5150,41163,8,0x360ef480
5151,46774,8,0x3618b1c0
5152,41779,8,0x36226f00
5153,44349,8,0x362c2c40
5154,40835,8,0x3635e980
5155,41621,8,0x363fa6c0
5156,40535,8,0x36496400
5157,39588,8,0x36532140
5158,40948,8,0x365cde80
5159,41215,8,0x36669bc0
5160,40372,8,0x36705900
5161,41117,8,0x367a1640
5162,40642,8,0x3683d380
5163,40538,8,0x368d90c0
5164,39681,8,0x36974e00
5165,39930,8,0x36a10b40
5166,41870,8,0x36aac880
5167,41979,8,0x36b485c0
5168,43655,8,0x36be4300
5169,43156,8,0x36c80040
5170,39533,8,0x36d1bd80
5171,41017,8,0x36db7ac0
5172,40374,8,0x36e53800
5173,40832,8,0x36eef540
5174,41398,8,0x36f8b280
5175,45726,8,0x37026fc0
5176,41690,8,0x370c2d00
5177,41381,8,0x3715ea40
5178,40561,8,0x371fa780
5179,41016,8,0x372964c0
5180,39408,8,0x37332200
5181,40647,8,0x373cdf40
5182,44229,8,0x37469c80
5183,40867,8,0x375059c0
5184,40565,8,0x375a1700
5185,41489,8,0x3763d440
5186,41022,8,0x376d9180
5187,41220,8,0x37774ec0
5188,40161,8,0x37810c00
5189,40403,8,0x378ac940
5190,40942,8,0x37948680
5191,42045,8,0x379e43c0
5192,41940,8,0x37a80100
5193,40512,8,0x37b1be40
5194,40038,8,0x37bb7b80
5195,41474,8,0x37c538c0
5196,39774,8,0x37cef600
5197,43429,8,0x37d8b340
5198,40849,8,0x37e27080
5199,42178,8,0x37ec2dc0
5200,41335,8,0x37f5eb00
5201,40566,8,0x37ffa840
5202,55026,8,0x38096580
5203,43617,8,0x381322c0
5204,41839,8,0x381ce000
5205,41731,8,0x38269d40
5206,39816,8,0x38305a80
5207,40780,8,0x383a17c0
5208,41382,8,0x3843d500
5209,41690,8,0x384d9240
5210,41137,8,0x38574f80
5211,40699,8,0x38610cc0
5212,43261,8,0x386aca00
5213,45568,8,0x38748740
5214,41244,8,0x387e4480
5215,41039,8,0x388801c0
5216,43922,8,0x3891bf00
5217,41070,8,0x389b7c40
5218,39863,8,0x38a53980
5219,41653,8,0x38aef6c0
5220,40291,8,0x38b8b400
5221,41127,8,0x38c27140
5222,41305,8,0x38cc2e80
5223,40156,8,0x38d5ebc0
5224,41837,8,0x38dfa900
5225,40890,8,0x38e96640
5226,40128,8,0x38f32380
5227,44505,8,0x38fce0c0
5228,41271,8,0x39069e00
5229,41255,8,0x39105b40
5230,40073,8,0x391a1880
5231,41674,8,0x3923d5c0
5232,41444,8,0x392d9300
5233,40961,8,0x39375040
5234,40944,8,0x39410d80
5235,40794,8,0x394acac0
5236,40074,8,0x39548800
5237,40939,8,0x395e4540
5238,40925,8,0x39680280
5239,44197,8,0x3971bfc0
5240,40737,8,0x397b7d00
5241,44024,8,0x39853a40
5242,41263,8,0x398ef780
5243,40936,8,0x3998b4c0
5244,40205,8,0x39a27200
5245,41113,8,0x39ac2f40
5246,48715,8,0x39b5ec80
5247,41728,8,0x39bfa9c0
5248,40840,8,0x39c96700
5249,39662,8,0x39d32440
5250,41862,8,0x39dce180
5251,41614,8,0x39e69ec0
5252,40603,8,0x39f05c00
5253,40406,8,0x39fa1940
5254,41579,8,0x3a03d680
5255,40295,8,0x3a0d93c0
5256,44290,8,0x3a175100
5257,40424,8,0x3a210e40
5258,41555,8,0x3a2acb80
5259,40598,8,0x3a3488c0
5260,40085,8,0x3a3e4600
5261,41161,8,0x3a480340
5262,40627,8,0x3a51c080
5263,41940,8,0x3a5b7dc0
5264,41708,8,0x3a653b00
5265,40009,8,0x3a6ef840
5266,40918,8,0x3a78b580
5267,41099,8,0x3a8272c0
5268,40481,8,0x3a8c3000
5269,40677,8,0x3a95ed40
5270,41182,8,0x3a9faa80
5271,43620,8,0x3aa967c0
5272,40784,8,0x3ab32500
5273,41315,8,0x3abce240
5274,41068,8,0x3ac69f80
5275,43015,8,0x3ad05cc0
5276,40702,8,0x3ada1a00
5277,41180,8,0x3ae3d740
5278,41134,8,0x3aed9480
5279,41174,8,0x3af751c0
5280,40789,8,0x3b010f00
5281,39685,8,0x3b0acc40
5282,40934,8,0x3b148980
5283,40609,8,0x3b1e46c0
5284,40057,8,0x3b280400
5285,41872,8,0x3b31c140
5286,44317,8,0x3b3b7e80
5287,40058,8,0x3b453bc0
5288,42371,8,0x3b4ef900
5289,41579,8,0x3b58b640
5290,40261,8,0x3b627380
5291,40722,8,0x3b6c30c0
5292,40864,8,0x3b75ee00
5293,41188,8,0x3b7fab40
5294,40978,8,0x3b896880
5295,42137,8,0x3b9325c0
5296,41786,8,0x3b9ce300
5297,52909,8,0x3ba6a040
5298,41471,8,0x3bb05d80
5299,40155,8,0x3bba1ac0
5300,41440,8,0x3bc3d800
5301,43492,8,0x3bcd9540
5302,40066,8,0x3bd75280
5303,44761,8,0x3be10fc0
5304,40753,8,0x3beacd00
5305,41175,8,0x3bf48a40
5306,39496,8,0x3bfe4780
5307,41709,8,0x3c0804c0
5308,40423,8,0x3c11c200
5309,40340,8,0x3c1b7f40
5310,41107,8,0x3c253c80
5311,41631,8,0x3c2ef9c0
5312,40838,8,0x3c38b700
5313,41189,8,0x3c427440
5314,40552,8,0x3c4c3180
5315,43656,8,0x3c55eec0
5316,41923,8,0x3c5fac00
5317,40278,8,0x3c696940
5318,39209,8,0x3c732680
5319,42020,8,0x3c7ce3c0
5320,41044,8,0x3c86a100
5321,58758,8,0x3c905e40
5322,39279,8,0x3c9a1b80
5323,40410,8,0x3ca3d8c0
5324,40201,8,0x3cad9600
5325,40418,8,0x3cb75340
5326,40735,8,0x3cc11080
5327,41675,8,0x3ccacdc0
5328,40297,8,0x3cd48b00
5329,40052,8,0x3cde4840
5330,43680,8,0x3ce80580
5331,39654,8,0x3cf1c2c0
5332,40309,8,0x3cfb8000
5333,39435,8,0x3d053d40
5334,39312,8,0x3d0efa80
5335,40190,8,0x3d18b7c0
5336,40340,8,0x3d227500
5337,44662,8,0x3d2c3240
5338,39971,8,0x3d35ef80
5339,40558,8,0x3d3facc0
5340,40107,8,0x3d496a00
5341,40548,8,0x3d532740
5342,40440,8,0x3d5ce480
5343,40591,8,0x3d66a1c0
5344,39015,8,0x3d705f00
5345,43298,8,0x3d7a1c40
5346,40418,8,0x3d83d980
5347,39435,8,0x3d8d96c0
5348,39881,8,0x3d975400
5349,40139,8,0x3da11140
5350,39583,8,0x3daace80
5351,39906,8,0x3db48bc0
5352,40208,8,0x3dbe4900
5353,40656,8,0x3dc80640
5354,40297,8,0x3dd1c380
5355,39364,8,0x3ddb80c0
5356,39929,8,0x3de53e00
5357,40969,8,0x3deefb40
5358,40895,8,0x3df8b880
5359,41824,8,0x3e0275c0
5360,42693,8,0x3e0c3300
5361,40919,8,0x3e15f040
5362,54004,8,0x3e1fad80
5363,32772,8,0x3e296ac0
5364,33730,8,0x3e332800
5365,34054,8,0x3e3ce540
5366,33813,8,0x3e46a280
5367,37337,8,0x3e505fc0
5368,33792,8,0x3e5a1d00
5369,34132,8,0x3e63da40
5370,33495,8,0x3e6d9780
5371,33218,8,0x3e7754c0
5372,34226,8,0x3e811200
5373,34303,8,0x3e8acf40
5374,35401,8,0x3e948c80
5375,34268,8,0x3e9e49c0
5376,33691,8,0x3ea80700
5377,33911,8,0x3eb1c440
5378,33477,8,0x3ebb8180
5379,33618,8,0x3ec53ec0
5380,34499,8,0x3ecefc00
5381,33994,8,0x3ed8b940
5382,33626,8,0x3ee27680
5383,33429,8,0x3eec33c0
5384,33619,8,0x3ef5f100
5385,34019,8,0x3effae40
5386,33149,8,0x3f096b80
5387,40578,8,0x3f1328c0
5388,35298,8,0x3f1ce600
5389,37667,8,0x3f26a340
5390,39727,8,0x3f306080
5391,37576,8,0x3f3a1dc0
5392,34017,8,0x3f43db00
5393,34690,8,0x3f4d9840
5394,33956,8,0x3f575580
5395,33757,8,0x3f6112c0
5396,33229,8,0x3f6ad000
5397,33131,8,0x3f748d40
5398,33414,8,0x3f7e4a80
5399,38291,8,0x3f8807c0
5400,34536,8,0x3f91c500
5401,34047,8,0x3f9b8240
5402,32280,8,0x3fa53f80
5403,34332,8,0x3faefcc0
5404,35506,8,0x3fb8ba00
5405,33851,8,0x3fc27740
5406,34150,8,0x3fcc3480
5407,34091,8,0x3fd5f1c0
5408,35418,8,0x3fdfaf00
5409,33683,8,0x3fe96c40
5410,33623,8,0x3ff32980
5411,34370,8,0x3ffce6c0
5412,35373,8,0x6a440
5413,31150,8,0x106180
5414,30231,8,0x1a1ec0
5415,31336,8,0x23dc00
5416,31231,8,0x2d9940
5417,29679,8,0x375680
5418,30104,8,0x4113c0
5419,31683,8,0x4ad100
5420,31059,8,0x548e40
5421,31585,8,0x5e4b80
5422,30244,8,0x6808c0
5423,31135,8,0x71c600
5424,30934,8,0x7b8340
5425,30967,8,0x854080
5426,29484,8,0x8efdc0
5427,31070,8,0x98bb00
5428,31817,8,0xa27840
5429,36999,58,0xac3580
5430,35190,58,0xb5f2c0
5431,34564,58,0xbfb000
5432,36932,58,0xc96d40
5433,36125,58,0xd32a80
5434,34177,58,0xdce7c0
5435,37385,58,0xe6a500
5436,35124,58,0xf06240
5437,34835,58,0xfa1f80
5438,34577,58,0x103dcc0
5439,34891,58,0x10d9a00
5440,34891,58,0x1175740
5441,35630,58,0x1211480
5442,35627,58,0x12ad1c0
5443,36653,58,0x1348f00
5444,36517,58,0x13e4c40
5445,35182,8,0x1480980
5446,30442,8,0x151c6c0
5447,31464,8,0x15b8400
5448,31357,8,0x1654140
5449,31506,8,0x16efe80
5450,31349,8,0x178bbc0
5451,32002,8,0x1827900
5452,33156,8,0x18c3640
5453,30229,8,0x195f380
5454,31129,8,0x19fb0c0
5455,31369,8,0x1a96e00
5456,33507,58,0x1b32b40
5457,35020,58,0x1bce880
5458,34609,58,0x1c6a5c0
5459,34812,58,0x1d06300
5460,34168,58,0x1da2040
5461,34885,58,0x1e3dd80
5462,32914,58,0x1ed9ac0
5463,35737,58,0x1f75800
5464,36572,58,0x2011540
5465,34603,58,0x20ad280
5466,34679,58,0x2148fc0
5467,35058,58,0x21e4d00
5468,36142,58,0x2280a40
5469,35523,58,0x231c780
5470,34104,58,0x23b84c0
5471,34893,58,0x2454200
5472,30500,8,0x24eff40
5473,37055,8,0x258bc80
5474,33854,8,0x26279c0
5475,34374,8,0x26c3700
5476,33488,8,0x275f440
5477,35040,8,0x27fb180
5478,33538,8,0x2896ec0
5479,33288,8,0x2932c00
5480,37029,8,0x29ce940
5481,34442,8,0x2a6a680
5482,34160,8,0x2b063c0
5483,33659,8,0x2ba2100
5484,33765,8,0x2c3de40
5485,35385,8,0x2cd9b80
5486,33540,8,0x2d758c0
5487,34143,8,0x2e11600
5488,34438,8,0x2ead340
5489,35315,8,0x2f49080
5490,34638,8,0x2fe4dc0
5491,34086,8,0x3080b00
5492,33688,8,0x311c840
5493,33673,8,0x31b8580
5494,33709,8,0x32542c0
5495,36232,8,0x32f0000
5496,34660,8,0x338bd40
5497,34614,8,0x3427a80
5498,33557,8,0x34c37c0
5499,34439,8,0x355f500
5500,33666,8,0x35fb240
5501,34023,8,0x3696f80
5502,33091,8,0x3732cc0
5503,34086,8,0x37cea00
5504,33470,8,0x386a740
5505,33985,8,0x3906480
5506,39688,8,0x39a21c0
5507,35637,8,0x3a3df00
5508,33850,8,0x3ad9c40
5509,33644,8,0x3b75980
5510,35996,8,0x3c116c0
5511,34281,8,0x3cad400
5512,34235,8,0x3d49140
5513,33806,8,0x3de4e80
5514,34568,8,0x3e80bc0
5515,33718,8,0x3f1c900
5516,34692,8,0x3fb8640
5517,34125,8,0x4054380
5518,33921,8,0x40f00c0
5519,34701,8,0x418be00
5520,33410,8,0x4227b40
5521,33487,8,0x42c3880
5522,34217,8,0x435f5c0
5523,38355,8,0x43fb300
5524,34104,8,0x4497040
5525,35888,8,0x4532d80
5526,33728,8,0x45ceac0
5527,34652,8,0x466a800
5528,33406,8,0x4706540
5529,33834,8,0x47a2280
5530,38413,8,0x483dfc0
5531,33766,8,0x48d9d00
5532,34291,8,0x4975a40
5533,33894,8,0x4a11780
5534,33446,8,0x4aad4c0
5535,33732,8,0x4b49200
5536,33359,8,0x4be4f40
5537,33995,8,0x4c80c80
5538,33967,8,0x4d1c9c0
5539,36361,8,0x4db8700
5540,33879,8,0x4e54440
5541,34160,8,0x4ef0180
5542,33280,8,0x4f8bec0
5543,33652,8,0x5027c00
5544,34077,8,0x50c3940
5545,34798,8,0x515f680
5546,34364,8,0x51fb3c0
5547,33681,8,0x5297100
5548,34099,8,0x5332e40
5549,34639,8,0x53ceb80
5550,34056,8,0x546a8c0
5551,33773,8,0x5506600
5552,33270,8,0x55a2340
5553,33751,8,0x563e080
5554,36039,8,0x56d9dc0
5555,34439,8,0x5775b00
5556,33708,8,0x5811840
5557,33612,8,0x58ad580
5558,33945,8,0x59492c0
5559,33636,8,0x59e5000
5560,33388,8,0x5a80d40
5561,34433,8,0x5b1ca80
5562,33591,8,0x5bb87c0
5563,33492,8,0x5c54500
5564,34811,8,0x5cf0240
5565,34178,8,0x5d8bf80
5566,34006,8,0x5e27cc0
5567,33207,8,0x5ec3a00
5568,33531,8,0x5f5f740
5569,37408,8,0x5ffb480
5570,34480,8,0x60971c0
5571,33847,8,0x6132f00
5572,33790,8,0x61cec40
5573,33214,8,0x626a980
5574,33490,8,0x63066c0
5575,33857,8,0x63a2400
5576,33942,8,0x643e140
5577,34209,8,0x64d9e80
5578,34314,8,0x6575bc0
5579,34230,8,0x6611900
5580,52518,8,0x66ad640
5581,33165,8,0x6749380
5582,33292,8,0x67e50c0
5583,33577,8,0x6880e00
5584,34704,8,0x691cb40
5585,36615,8,0x69b8880
5586,33184,8,0x6a545c0
5587,33805,8,0x6af0300
5588,33644,8,0x6b8c040
5589,32928,8,0x6c27d80
5590,32896,8,0x6cc3ac0
5591,33737,8,0x6d5f800
5592,33318,8,0x6dfb540
5593,33435,8,0x6e97280
5594,36362,8,0x6f32fc0
5595,33457,8,0x6fced00
5596,33971,8,0x706aa40
5597,33912,8,0x7106780
5598,34601,8,0x71a24c0
5599,33935,8,0x723e200
5600,33439,8,0x72d9f40
5601,34853,8,0x7375c80
5602,33033,8,0x74119c0
5603,33564,8,0x74ad700
5604,32885,8,0x7549440
5605,33502,8,0x75e5180
5606,32713,8,0x7680ec0
5607,33843,8,0x771cc00
5608,33126,8,0x77b8940
5609,33424,8,0x7854680
5610,32790,8,0x78f03c0
5611,32711,8,0x798c100
5612,34550,8,0x7a27e40
5613,35667,8,0x7ac3b80
5614,34035,8,0x7b5f8c0
5615,33941,8,0x7bfb600
5616,32826,8,0x7c97340
5617,33267,8,0x7d33080
5618,32672,8,0x7dcedc0
5619,33093,8,0x7e6ab00
5620,33090,8,0x7f06840
5621,77182,8,0x7fa2580
5622,34363,8,0x803e2c0
5623,32956,8,0x80da000
5624,32934,8,0x8175d40
5625,35428,8,0x8211a80
5626,34877,8,0x82ad7c0
5627,34698,8,0x8349500
5628,35650,8,0x83e5240
5629,34702,8,0x8480f80
5630,34097,8,0x851ccc0
5631,33253,8,0x85b8a00
5632,32555,8,0x8654740
5633,34365,8,0x86f0480
5634,33538,8,0x878c1c0
5635,33525,8,0x8827f00
5636,33165,8,0x88c3c40
5637,34047,8,0x895f980
5638,46866,8,0x89fb6c0
5639,32407,8,0x8a97400
5640,33079,8,0x8b33140
5641,34149,8,0x8bcee80
5642,33114,8,0x8c6abc0
5643,34708,8,0x8d06900
5644,32239,8,0x8da2640
5645,33436,8,0x8e3e380
5646,33878,8,0x8eda0c0
5647,36203,8,0x8f75e00
5648,32586,8,0x9011b40
5649,34742,8,0x90ad880
5650,33658,8,0x91495c0
5651,33345,8,0x91e5300
5652,33188,8,0x9281040
5653,34013,8,0x931cd80
5654,34260,8,0x93b8ac0
5655,32170,8,0x9454800
5656,32053,8,0x94f0540
5657,34451,8,0x958c280
5658,39222,8,0x9627fc0
5659,34012,8,0x96c3d00
5660,32383,8,0x975fa40
5661,33279,8,0x97fb780
5662,33003,8,0x98974c0
5663,32612,8,0x9933200
5664,32702,8,0x99cef40
5665,34696,8,0x9a6ac80
5666,33531,8,0x9b069c0
5667,32440,8,0x9ba2700
5668,32214,8,0x9c3e440
5669,33498,8,0x9cda180
5670,33097,8,0x9d75ec0
5671,33126,8,0x9e11c00
5672,34882,8,0x9ead940
5673,34187,8,0x9f49680
5674,33313,8,0x9fe53c0
5675,33534,8,0xa081100
5676,35050,8,0xa11ce40
5677,33482,8,0xa1b8b80
5678,33771,8,0xa2548c0
5679,34565,8,0xa2f0600
5680,32601,8,0xa38c340
5681,34019,8,0xa428080
5682,34209,8,0xa4c3dc0
5683,33126,8,0xa55fb00
5684,33918,8,0xa5fb840
5685,33162,8,0xa697580
5686,32983,8,0xa7332c0
5687,33677,8,0xa7cf000
5688,32764,8,0xa86ad40
5689,34276,8,0xa906a80
5690,32916,8,0xa9a27c0
5691,33613,8,0xaa3e500
5692,33614,8,0xaada240
5693,41119,8,0xab75f80
5694,32434,8,0xac11cc0
5695,32889,8,0xacada00
5696,32202,8,0xad49740
5697,34356,8,0xade5480
5698,33336,8,0xae811c0
5699,32743,8,0xaf1cf00
5700,32574,8,0xafb8c40
5701,32950,8,0xb054980
5702,34805,8,0xb0f06c0
5703,33469,8,0xb18c400
5704,32833,8,0xb228140
5705,33348,8,0xb2c3e80
5706,33420,8,0xb35fbc0
5707,33256,8,0xb3fb900
5708,32517,8,0xb497640
5709,37064,8,0xb533380
5710,33466,8,0xb5cf0c0
5711,34196,8,0xb66ae00
5712,31909,8,0xb706b40
5713,33377,8,0xb7a2880
5714,33499,8,0xb83e5c0
5715,32651,8,0xb8da300
5716,32699,8,0xb976040
5717,34222,8,0xba11d80
5718,32862,8,0xbaadac0
5719,34174,8,0xbb49800
5720,32852,8,0xbbe5540
5721,33525,8,0xbc81280
5722,35431,8,0xbd1cfc0
5723,32848,8,0xbdb8d00
5724,32055,8,0xbe54a40
5725,32920,8,0xbef0780
5726,33109,8,0xbf8c4c0
5727,32923,8,0xc028200
5728,33052,8,0xc0c3f40
5729,33846,8,0xc15fc80
5730,33153,8,0xc1fb9c0
5731,34413,8,0xc297700
5732,31927,8,0xc333440
5733,34143,8,0xc3cf180
5734,32866,8,0xc46aec0
5735,103679,8,0xc506c00
5736,98306,8,0xc5a2940
5737,50578,8,0xc63e680
5738,44893,8,0xc6da3c0
5739,43606,8,0xc776100
5740,43232,8,0xc811e40
5741,45282,8,0xc8adb80
5742,48789,8,0xc9498c0
5743,43899,8,0xc9e5600
5744,47771,8,0xca81340
5745,50312,8,0xcb1d080
5746,42860,8,0xcbb8dc0
5747,46511,8,0xcc54b00
5748,42281,8,0xccf0840
5749,44747,8,0xcd8c580
5750,44407,8,0xce282c0
5751,43086,8,0xcec4000
5752,104861,8,0xcf5fd40
5753,64477,8,0xcffba80
5754,44267,8,0xd0977c0
5755,43065,8,0xd133500
5756,43163,8,0xd1cf240
5757,43273,8,0xd26af80
5758,42143,8,0xd306cc0
5759,47849,8,0xd3a2a00
5760,48106,8,0xd43e740
5761,44805,8,0xd4da480
5762,45457,8,0xd5761c0
5763,42545,8,0xd611f00
5764,41880,8,0xd6adc40
5765,43281,8,0xd749980
5766,42059,8,0xd7e56c0
5767,41060,8,0xd881400
5768,42467,8,0xd91d140
5769,42156,8,0xd9b8e80
5770,41466,8,0xda54bc0
5771,42092,8,0xdaf0900
5772,42400,8,0xdb8c640
5773,41978,8,0xdc28380
5774,42224,8,0xdcc40c0
5775,41377,8,0xdd5fe00
5776,42876,8,0xddfbb40
5777,46662,8,0xde97880
5778,42042,8,0xdf335c0
5779,41552,8,0xdfcf300
5780,41958,8,0xe06b040
5781,45497,8,0xe106d80
5782,48020,8,0xe1a2ac0
5783,44057,8,0xe23e800
5784,42619,8,0xe2da540
5785,42807,8,0xe376280
5786,45851,8,0xe411fc0
5787,42851,8,0xe4add00
5788,41884,8,0xe549a40
5789,43390,8,0xe5e5780
5790,41330,8,0xe6814c0
5791,45406,8,0xe71d200
5792,41730,8,0xe7b8f40
5793,43011,8,0xe854c80
5794,41888,8,0xe8f09c0
5795,42300,8,0xe98c700
5796,41684,8,0xea28440
5797,43356,8,0xeac4180
5798,42939,8,0xeb5fec0
5799,42493,8,0xebfbc00
5800,42279,8,0xec97940
5801,41245,8,0xed33680
5802,42763,8,0xedcf3c0
5803,42008,8,0xee6b100
5804,45045,8,0xef06e40
5805,47526,8,0xefa2b80
5806,45500,8,0xf03e8c0
5807,41919,8,0xf0da600
5808,42009,8,0xf176340
5809,42458,8,0xf212080
5810,42070,8,0xf2addc0
5811,42653,8,0xf349b00
5812,42800,8,0xf3e5840
5813,43771,8,0xf481580
5814,41697,8,0xf51d2c0
5815,42687,8,0xf5b9000
5816,108768,8,0xf654d40
5817,80064,8,0xf6f0a80
5818,50935,8,0xf78c7c0
5819,45519,8,0xf828500
5820,45049,8,0xf8c4240
5821,48989,8,0xf95ff80
5822,45340,8,0xf9fbcc0
5823,44609,8,0xfa97a00
5824,42200,8,0xfb33740
5825,44722,8,0xfbcf480
5826,43256,8,0xfc6b1c0
5827,42523,8,0xfd06f00
5828,43041,8,0xfda2c40
5829,43972,8,0xfe3e980
5830,44011,8,0xfeda6c0
5831,59533,8,0xff76400
5832,42690,8,0x10012140
5833,43962,8,0x100ade80
5834,43061,8,0x10149bc0
5835,43205,8,0x101e5900
5836,45241,8,0x10281640
5837,43188,8,0x1031d380
5838,43318,8,0x103b90c0
5839,42975,8,0x10454e00
5840,42575,8,0x104f0b40
5841,44084,8,0x1058c880
5842,43016,8,0x106285c0
5843,42037,8,0x106c4300
5844,43183,8,0x10760040
5845,43870,8,0x107fbd80
5846,42019,8,0x10897ac0
5847,42455,8,0x10933800
5848,43352,8,0x109cf540
5849,43988,8,0x10a6b280
5850,49845,8,0x10b06fc0
5851,43014,8,0x10ba2d00
5852,43169,8,0x10c3ea40
5853,42759,8,0x10cda780
5854,42648,8,0x10d764c0
5855,42976,8,0x10e12200
5856,42038,8,0x10eadf40
5857,45302,8,0x10f49c80
5858,41734,8,0x10fe59c0
5859,42058,8,0x11081700
5860,43044,8,0x1111d440
5861,43432,8,0x111b9180
5862,42779,8,0x11254ec0
5863,42584,8,0x112f0c00
5864,41711,8,0x1138c940
5865,46925,8,0x11428680
5866,43348,8,0x114c43c0
5867,42159,8,0x11560100
5868,42579,8,0x115fbe40
5869,42837,8,0x11697b80
5870,42734,8,0x117338c0
5871,42552,8,0x117cf600
5872,42361,8,0x1186b340
5873,43416,8,0x11907080
5874,45918,8,0x119a2dc0
5875,49534,8,0x11a3eb00
5876,41378,8,0x11ada840
5877,42083,8,0x11b76580
5878,41009,8,0x11c122c0
5879,40402,8,0x11cae000
5880,43448,8,0x11d49d40
5881,42190,8,0x11de5a80
5882,40370,8,0x11e817c0
5883,40700,8,0x11f1d500
5884,41149,8,0x11fb9240
5885,41563,8,0x12054f80
5886,41115,8,0x120f0cc0
5887,40020,8,0x1218ca00
5888,40596,8,0x12228740
5889,42110,8,0x122c4480
5890,41348,8,0x123601c0
5891,40549,8,0x123fbf00
5892,40561,8,0x12497c40
5893,41241,8,0x12533980
5894,40644,8,0x125cf6c0
5895,42340,8,0x1266b400
5896,40541,8,0x12707140
5897,41433,8,0x127a2e80
5898,41003,8,0x1283ebc0
5899,41010,8,0x128da900
5900,40588,8,0x12976640
5901,41678,8,0x12a12380
5902,42133,8,0x12aae0c0
5903,40634,8,0x12b49e00
5904,41713,8,0x12be5b40
5905,41749,8,0x12c81880
5906,40819,8,0x12d1d5c0
5907,48133,8,0x12db9300
5908,43868,8,0x12e55040
5909,41441,8,0x12ef0d80
5910,43401,8,0x12f8cac0
5911,40474,8,0x13028800
5912,40932,8,0x130c4540
5913,41775,8,0x13160280
5914,45245,8,0x131fbfc0
5915,41571,8,0x13297d00
5916,44053,8,0x13333a40
5917,42465,8,0x133cf780
5918,40459,8,0x1346b4c0
5919,40525,8,0x13507200
5920,40746,8,0x135a2f40
5921,42362,8,0x1363ec80
5922,40689,8,0x136da9c0
5923,40350,8,0x13776700
5924,43725,8,0x13812440
5925,40914,8,0x138ae180
5926,41817,8,0x13949ec0
5927,40780,8,0x139e5c00
5928,40530,8,0x13a81940
5929,41657,8,0x13b1d680
5930,40201,8,0x13bb93c0
5931,40511,8,0x13c55100
5932,40726,8,0x13cf0e40
5933,40970,8,0x13d8cb80
5934,40810,8,0x13e288c0
5935,40590,8,0x13ec4600
5936,45088,8,0x13f60340
5937,41529,8,0x13ffc080
5938,39614,8,0x14097dc0
5939,43299,8,0x14133b00
5940,41594,8,0x141cf840
5941,40622,8,0x1426b580
5942,41101,8,0x143072c0
5943,40441,8,0x143a3000
5944,41639,8,0x1443ed40
5945,41892,8,0x144daa80
5946,40193,8,0x145767c0
5947,40849,8,0x14612500
5948,41466,8,0x146ae240
5949,41138,8,0x14749f80
5950,41644,8,0x147e5cc0
5951,41065,8,0x14881a00
5952,40442,8,0x1491d740
5953,42719,8,0x149b9480
5954,43979,8,0x14a551c0
5955,40385,8,0x14af0f00
5956,41087,8,0x14b8cc40
5957,41692,8,0x14c28980
5958,42458,8,0x14cc46c0
5959,40534,8,0x14d60400
5960,40697,8,0x14dfc140
5961,41372,8,0x14e97e80
5962,40173,8,0x14f33bc0
5963,41131,8,0x14fcf900
5964,40711,8,0x1506b640
5965,40376,8,0x15107380
5966,40397,8,0x151a30c0
5967,41538,8,0x1523ee00
5968,41625,8,0x152dab40
5969,44773,8,0x15376880
5970,40440,8,0x154125c0
5971,40856,8,0x154ae300
5972,41366,8,0x1554a040
5973,40067,8,0x155e5d80
5974,40909,8,0x15681ac0
5975,41421,8,0x1571d800
5976,44256,8,0x157b9540
5977,41574,8,0x15855280
5978,44864,8,0x158f0fc0
5979,41185,8,0x1598cd00
5980,40827,8,0x15a28a40
5981,40649,8,0x15ac4780
5982,41031,8,0x15b604c0
5983,43854,8,0x15bfc200
5984,41646,8,0x15c97f40
5985,42688,8,0x15d33c80
5986,40409,8,0x15dcf9c0
5987,40843,8,0x15e6b700
5988,41531,8,0x15f07440
5989,39486,8,0x15fa3180
5990,41305,8,0x1603eec0
5991,40340,8,0x160dac00
5992,41579,8,0x16176940
5993,40659,8,0x16212680
5994,40277,8,0x162ae3c0
5995,41453,8,0x1634a100
5996,41309,8,0x163e5e40
5997,41624,8,0x16481b80
5998,46883,8,0x1651d8c0
5999,41204,8,0x165b9600
6000,41574,8,0x16655340
6001,51609,8,0x166f1080
6002,41644,8,0x1678cdc0
6003,41443,8,0x16828b00
6004,40448,8,0x168c4840
6005,41062,8,0x16960580
6006,40487,8,0x169fc2c0
6007,40459,8,0x16a98000
6008,41438,8,0x16b33d40
6009,41511,8,0x16bcfa80
6010,39587,8,0x16c6b7c0
6011,41889,8,0x16d07500
6012,41562,8,0x16da3240
6013,44035,8,0x16e3ef80
6014,40153,8,0x16edacc0
6015,40087,8,0x16f76a00
6016,40956,8,0x17012740
6017,41961,8,0x170ae480
6018,39462,8,0x1714a1c0
6019,40763,8,0x171e5f00
6020,41244,8,0x17281c40
6021,40676,8,0x1731d980
6022,40864,8,0x173b96c0
6023,40064,8,0x17455400
6024,41429,8,0x174f1140
6025,41156,8,0x1758ce80
6026,40274,8,0x17628bc0
6027,40970,8,0x176c4900
6028,43601,8,0x17760640
6029,40801,8,0x177fc380
6030,40890,8,0x178980c0
6031,40313,8,0x17933e00
6032,41556,8,0x179cfb40
6033,41531,8,0x17a6b880
6034,39737,8,0x17b075c0
6035,41094,8,0x17ba3300
6036,41353,8,0x17c3f040
6037,40862,8,0x17cdad80
6038,40944,8,0x17d76ac0
6039,41352,8,0x17e12800
6040,41796,8,0x17eae540
6041,41192,8,0x17f4a280
6042,46442,8,0x17fe5fc0
6043,42035,8,0x18081d00
6044,41007,8,0x1811da40
6045,41642,8,0x181b9780
6046,40801,8,0x182554c0
6047,41085,8,0x182f1200
6048,41326,8,0x1838cf40
6049,41591,8,0x18428c80
6050,40144,8,0x184c49c0
6051,40331,8,0x18560700
6052,41597,8,0x185fc440
6053,41425,8,0x18698180
6054,40188,8,0x18733ec0
6055,41504,8,0x187cfc00
6056,40785,8,0x1886b940
6057,43795,8,0x18907680
6058,39961,8,0x189a33c0
6059,42495,8,0x18a3f100
6060,44093,8,0x18adae40
6061,41324,8,0x18b76b80
6062,40443,8,0x18c128c0
6063,40728,8,0x18cae600
6064,41196,8,0x18d4a340
6065,57541,8,0x18de6080
6066,40035,8,0x18e81dc0
6067,40872,8,0x18f1db00
6068,40391,8,0x18fb9840
6069,41592,8,0x19055580
6070,39799,8,0x190f12c0
6071,40932,8,0x1918d000
6072,43341,8,0x19228d40
6073,39970,8,0x192c4a80
6074,40711,8,0x193607c0
6075,42639,8,0x193fc500
6076,40291,8,0x19498240
6077,40529,8,0x19533f80
6078,40287,8,0x195cfcc0
6079,40807,8,0x1966ba00
6080,40615,8,0x19707740
6081,40910,8,0x197a3480
6082,40766,8,0x1983f1c0
6083,40357,8,0x198daf00
6084,39859,8,0x19976c40
6085,40257,8,0x19a12980
6086,41503,8,0x19aae6c0
6087,45977,8,0x19b4a400
6088,41349,8,0x19be6140
6089,40456,8,0x19c81e80
6090,40831,8,0x19d1dbc0
6091,40997,8,0x19db9900
6092,39843,8,0x19e55640
6093,40097,8,0x19ef1380
6094,41184,8,0x19f8d0c0
6095,50369,8,0x1a028e00
6096,40867,8,0x1a0c4b40
6097,40802,8,0x1a160880
6098,41735,8,0x1a1fc5c0
6099,40232,8,0x1a298300
6100,39600,8,0x1a334040
6101,41277,8,0x1a3cfd80
6102,43369,8,0x1a46bac0
6103,42163,8,0x1a507800
6104,41294,8,0x1a5a3540
6105,40684,8,0x1a63f280
6106,45577,8,0x1a6dafc0
6107,40358,8,0x1a776d00
6108,40514,8,0x1a812a40
6109,41021,8,0x1a8ae780
6110,40788,8,0x1a94a4c0
6111,46387,8,0x1a9e6200
6112,37883,8,0x1aa81f40
6113,38080,8,0x1ab1dc80
6114,38585,8,0x1abb99c0
6115,36433,8,0x1ac55700
6116,38178,8,0x1acf1440
6117,35831,8,0x1ad8d180
6118,36286,8,0x1ae28ec0
6119,37348,8,0x1aec4c00
6120,37027,8,0x1af60940
6121,36712,8,0x1affc680
6122,40739,8,0x1b0983c0
6123,37273,8,0x1b134100
6124,40027,8,0x1b1cfe40
6125,42623,8,0x1b26bb80
6126,30550,8,0x1b3078c0
6127,31357,8,0x1b3a3600
6128,30765,8,0x1b43f340
6129,30775,8,0x1b4db080
6130,30716,8,0x1b576dc0
6131,31506,8,0x1b612b00
6132,31217,8,0x1b6ae840
6133,29991,8,0x1b74a580
6134,29111,8,0x1b7e62c0
6135,29244,8,0x1b882000
6136,29706,8,0x1b91dd40
6137,29636,8,0x1b9b9a80
6138,29302,8,0x1ba557c0
6139,29450,8,0x1baf1500
6140,29910,8,0x1bb8d240
6141,29296,8,0x1bc28f80
6142,28714,8,0x1bcc4cc0
6143,29623,8,0x1bd60a00
6144,29810,8,0x1bdfc740
6145,30639,8,0x1be98480
6146,31960,8,0x1bf341c0
6147,29323,8,0x1bfcff00
6148,29658,8,0x1c06bc40
6149,29407,8,0x1c107980
6150,28604,8,0x1c1a36c0
6151,29802,8,0x1c23f400
6152,29587,8,0x1c2db140
6153,29503,8,0x1c376e80
6154,29026,8,0x1c412bc0
6155,29727,8,0x1c4ae900
6156,30129,8,0x1c54a640
6157,29314,8,0x1c5e6380
6158,29291,8,0x1c6820c0
6159,30947,8,0x1c71de00
6160,30266,8,0x1c7b9b40
6161,31980,8,0x1c855880
6162,30298,8,0x1c8f15c0
6163,28822,8,0x1c98d300
6164,29906,8,0x1ca29040
6165,30096,8,0x1cac4d80
6166,28632,8,0x1cb60ac0
6167,29435,8,0x1cbfc800
6168,28910,8,0x1cc98540
6169,29529,8,0x1cd34280
6170,32395,8,0x1cdcffc0
6171,29317,8,0x1ce6bd00
6172,30457,8,0x1cf07a40
6173,29441,8,0x1cfa3780
6174,30440,8,0x1d03f4c0
6175,31378,8,0x1d0db200
6176,28998,8,0x1d176f40
6177,30646,8,0x1d212c80
6178,29021,8,0x1d2ae9c0
6179,29238,8,0x1d34a700
6180,28824,8,0x1d3e6440
6181,29427,8,0x1d482180
6182,28980,8,0x1d51dec0
6183,29542,8,0x1d5b9c00
6184,32065,8,0x1d655940
6185,30182,8,0x1d6f1680
6186,29092,8,0x1d78d3c0
6187,29138,8,0x1d829100
6188,29861,8,0x1d8c4e40
6189,29619,8,0x1d960b80
6190,32440,8,0x1d9fc8c0
6191,30458,8,0x1da98600
6192,29301,8,0x1db34340
6193,30309,8,0x1dbd0080
6194,29309,8,0x1dc6bdc0
6195,29258,8,0x1dd07b00
6196,29906,8,0x1dda3840
6197,30232,8,0x1de3f580
6198,29301,8,0x1dedb2c0
6199,28983,8,0x1df77000
6200,30277,8,0x1e012d40
6201,30382,8,0x1e0aea80
6202,28255,8,0x1e14a7c0
6203,28833,8,0x1e1e6500
6204,30091,8,0x1e282240
6205,32364,8,0x1e31df80
6206,29574,8,0x1e3b9cc0
6207,29587,8,0x1e455a00
6208,28998,8,0x1e4f1740
6209,30302,8,0x1e58d480
6210,28189,8,0x1e6291c0
6211,27961,8,0x1e6c4f00
6212,28202,8,0x1e760c40
6213,29805,8,0x1e7fc980
6214,28845,8,0x1e8986c0
6215,29070,8,0x1e934400
6216,35130,8,0x1e9d0140
6217,30611,8,0x1ea6be80
6218,28810,8,0x1eb07bc0
6219,29186,8,0x1eba3900
6220,31984,8,0x1ec3f640
6221,29010,8,0x1ecdb380
6222,29601,8,0x1ed770c0
6223,28860,8,0x1ee12e00
6224,29685,8,0x1eeaeb40
6225,31018,8,0x1ef4a880
6226,29583,8,0x1efe65c0
6227,29546,8,0x1f082300
6228,29991,8,0x1f11e040
6229,30016,8,0x1f1b9d80
6230,29168,8,0x1f255ac0
6231,29313,8,0x1f2f1800
6232,28970,8,0x1f38d540
6233,30886,8,0x1f429280
6234,34875,8,0x1f4c4fc0
6235,29566,8,0x1f560d00
6236,29424,8,0x1f5fca40
6237,29104,8,0x1f698780
6238,29143,8,0x1f7344c0
6239,29627,8,0x1f7d0200
6240,28785,8,0x1f86bf40
6241,31001,8,0x1f907c80
6242,29143,8,0x1f9a39c0
6243,30603,8,0x1fa3f700
6244,28660,8,0x1fadb440
6245,28355,8,0x1fb77180
6246,32206,8,0x1fc12ec0
6247,29894,8,0x1fcaec00
6248,29561,8,0x1fd4a940
6249,32298,8,0x1fde6680
6250,29614,8,0x1fe823c0
6251,29680,8,0x1ff1e100
6252,29763,8,0x1ffb9e40
6253,29380,8,0x20055b80
6254,29513,8,0x200f18c0
6255,29561,8,0x2018d600
6256,29433,8,0x20229340
6257,30447,8,0x202c5080
6258,31188,8,0x20360dc0
6259,31165,8,0x203fcb00
6260,28915,8,0x20498840
6261,29106,8,0x20534580
6262,29918,8,0x205d02c0
6263,30390,8,0x2066c000
6264,32277,8,0x20707d40
6265,31095,8,0x207a3a80
6266,29490,8,0x2083f7c0
6267,29474,8,0x208db500
6268,29380,8,0x20977240
6269,28693,8,0x20a12f80
6270,29848,8,0x20aaecc0
6271,29654,8,0x20b4aa00
6272,29315,8,0x20be6740
6273,31182,8,0x20c82480
6274,29459,8,0x20d1e1c0
6275,30079,8,0x20db9f00
6276,28837,8,0x20e55c40
6277,29087,8,0x20ef1980
6278,29737,8,0x20f8d6c0
6279,32143,8,0x21029400
6280,28288,8,0x210c5140
6281,29738,8,0x21160e80
6282,29582,8,0x211fcbc0
6283,29528,8,0x21298900
6284,28811,8,0x21334640
6285,28983,8,0x213d0380
6286,30151,8,0x2146c0c0
6287,30130,8,0x21507e00
6288,28695,8,0x215a3b40
6289,30998,8,0x2163f880
6290,31276,8,0x216db5c0
6291,30737,8,0x21777300
6292,29379,8,0x21813040
6293,29628,8,0x218aed80
6294,31602,8,0x2194aac0
6295,29434,8,0x219e6800
6296,29891,8,0x21a82540
6297,30220,8,0x21b1e280
6298,32790,8,0x21bb9fc0
6299,30109,8,0x21c55d00
6300,30094,8,0x21cf1a40
6301,29663,8,0x21d8d780
6302,29331,8,0x21e294c0
6303,29672,8,0x21ec5200
6304,29757,8,0x21f60f40
6305,30953,8,0x21ffcc80
6306,28475,8,0x220989c0
6307,29573,8,0x22134700
6308,36322,8,0x221d0440
6309,28956,8,0x2226c180
6310,29113,8,0x22307ec0
6311,29639,8,0x223a3c00
6312,29935,8,0x2243f940
6313,29689,8,0x224db680
6314,28486,8,0x225773c0
6315,29434,8,0x22613100
6316,29999,8,0x226aee40
6317,29780,8,0x2274ab80
6318,29623,8,0x227e68c0
6319,30370,8,0x22882600
6320,29984,8,0x2291e340
6321,30080,8,0x229ba080
6322,29783,8,0x22a55dc0
6323,33826,8,0x22af1b00
6324,30172,8,0x22b8d840
6325,30469,8,0x22c29580
6326,28985,8,0x22cc52c0
6327,29092,8,0x22d61000
6328,29388,8,0x22dfcd40
6329,29587,8,0x22e98a80
6330,28809,8,0x22f347c0
6331,30989,8,0x22fd0500
6332,30014,8,0x2306c240
6333,29345,8,0x23107f80
6334,29562,8,0x231a3cc0
6335,31246,8,0x2323fa00
6336,29227,8,0x232db740
6337,29965,8,0x23377480
6338,31195,8,0x234131c0
6339,29989,8,0x234aef00
6340,28204,8,0x2354ac40
6341,29383,8,0x235e6980
6342,28109,8,0x236826c0
6343,28708,8,0x2371e400
6344,29227,8,0x237ba140
6345,105620,8,0x23855e80
6346,68744,8,0x238f1bc0
6347,42714,8,0x2398d900
6348,38614,8,0x23a29640
6349,39466,8,0x23ac5380
6350,37083,8,0x23b610c0
6351,37339,8,0x23bfce00
6352,36000,8,0x23c98b40
6353,38558,8,0x23d34880
6354,37451,8,0x23dd05c0
6355,36607,8,0x23e6c300
6356,36244,8,0x23f08040
6357,36684,8,0x23fa3d80
6358,37628,8,0x2403fac0
6359,37921,8,0x240db800
6360,36792,8,0x24177540
6361,37658,8,0x24213280
6362,39583,8,0x242aefc0
6363,36923,8,0x2434ad00
6364,36249,8,0x243e6a40
6365,36389,8,0x24482780
6366,36312,8,0x2451e4c0
6367,39260,8,0x245ba200
6368,35560,8,0x24655f40
6369,38125,8,0x246f1c80
6370,40457,8,0x2478d9c0
6371,36007,8,0x24829700
6372,35808,8,0x248c5440
6373,36939,8,0x24961180
6374,36708,8,0x249fcec0
6375,36580,8,0x24a98c00
6376,35600,8,0x24b34940
6377,36150,8,0x24bd0680
6378,36725,8,0x24c6c3c0
6379,36693,8,0x24d08100
6380,35838,8,0x24da3e40
6381,36657,8,0x24e3fb80
6382,38115,8,0x24edb8c0
6383,36517,8,0x24f77600
6384,35705,8,0x25013340
6385,38312,8,0x250af080
6386,36780,8,0x2514adc0
6387,36142,8,0x251e6b00
6388,36498,8,0x25282840
6389,37730,8,0x2531e580
6390,37865,8,0x253ba2c0
6391,35983,8,0x25456000
6392,35863,8,0x254f1d40
6393,37139,8,0x2558da80
6394,36868,8,0x256297c0
6395,36430,8,0x256c5500
6396,35415,8,0x25761240
6397,40045,8,0x257fcf80
6398,35803,8,0x25898cc0
6399,36521,8,0x25934a00
6400,36269,8,0x259d0740
6401,37642,8,0x25a6c480
6402,36363,8,0x25b081c0
6403,35745,8,0x25ba3f00
6404,37751,8,0x25c3fc40
6405,37012,8,0x25cdb980
6406,35705,8,0x25d776c0
6407,36555,8,0x25e13400
6408,36725,8,0x25eaf140
6409,38051,8,0x25f4ae80
6410,36724,8,0x25fe6bc0
6411,36924,8,0x26082900
6412,38250,8,0x2611e640
6413,36647,8,0x261ba380
6414,35678,8,0x262560c0
6415,36591,8,0x262f1e00
6416,36190,8,0x2638db40
6417,37280,8,0x26429880
6418,36362,8,0x264c55c0
6419,35183,8,0x26561300
6420,36543,8,0x265fd040
6421,36932,8,0x26698d80
6422,35674,8,0x26734ac0
6423,36732,8,0x267d0800
6424,36988,8,0x2686c540
6425,52862,8,0x26908280
6426,36702,8,0x269a3fc0
6427,32429,8,0x26a3fd00
6428,36592,8,0x26adba40
6429,33037,8,0x26b77780
6430,31560,8,0x26c134c0
6431,32415,8,0x26caf200
6432,36049,8,0x26d4af40
6433,33089,8,0x26de6c80
6434,32546,8,0x26e829c0
6435,33047,8,0x26f1e700
6436,34295,8,0x26fba440
6437,32542,8,0x27056180
6438,32202,8,0x270f1ec0
6439,32889,8,0x2718dc00
6440,33536,8,0x27229940
6441,35408,8,0x272c5680
6442,31931,8,0x273613c0
6443,32555,8,0x273fd100
6444,32934,8,0x27498e40
6445,33316,8,0x27534b80
6446,31997,8,0x275d08c0
6447,32559,8,0x2766c600
6448,32705,8,0x27708340
6449,32715,8,0x277a4080
6450,40904,8,0x2783fdc0
6451,34538,8,0x278dbb00
6452,33572,8,0x27977840
6453,32461,8,0x27a13580
6454,32846,8,0x27aaf2c0
6455,33357,8,0x27b4b000
6456,34944,8,0x27be6d40
6457,33154,8,0x27c82a80
6458,32206,8,0x27d1e7c0
6459,33212,8,0x27dba500
6460,33085,8,0x27e56240
6461,32518,8,0x27ef1f80
6462,33652,8,0x27f8dcc0
6463,34873,8,0x28029a00
6464,33294,8,0x280c5740
6465,33769,8,0x28161480
6466,32278,8,0x281fd1c0
6467,32848,8,0x28298f00
6468,33585,8,0x28334c40
6469,32025,8,0x283d0980
6470,32861,8,0x2846c6c0
6471,34705,8,0x28508400
6472,32609,8,0x285a4140
6473,34138,8,0x2863fe80
6474,32348,8,0x286dbbc0
6475,33069,8,0x28777900
6476,33461,8,0x28813640
6477,32890,8,0x288af380
6478,32657,8,0x2894b0c0
6479,33615,8,0x289e6e00
6480,33057,8,0x28a82b40
6481,33568,8,0x28b1e880
6482,32655,8,0x28bba5c0
6483,33948,8,0x28c56300
6484,32570,8,0x28cf2040
6485,32720,8,0x28d8dd80
6486,33883,8,0x28e29ac0
6487,33655,8,0x28ec5800
6488,32893,8,0x28f61540
6489,34954,8,0x28ffd280
6490,35240,8,0x29098fc0
6491,33788,8,0x29134d00
6492,32629,8,0x291d0a40
6493,32206,8,0x2926c780
6494,35565,8,0x293084c0
6495,32919,8,0x293a4200
6496,33461,8,0x2943ff40
6497,34074,8,0x294dbc80
6498,32179,8,0x295779c0
6499,33673,8,0x29613700
6500,34298,8,0x296af440
6501,32601,8,0x2974b180
6502,33659,8,0x297e6ec0
6503,34135,8,0x29882c00
6504,33235,8,0x2991e940
6505,33819,8,0x299ba680
6506,32419,8,0x29a563c0
6507,33050,8,0x29af2100
6508,32833,8,0x29b8de40
6509,32426,8,0x29c29b80
6510,33230,8,0x29cc58c0
6511,33012,8,0x29d61600
6512,32985,8,0x29dfd340
6513,33450,8,0x29e99080
6514,31810,8,0x29f34dc0
6515,34405,8,0x29fd0b00
6516,33848,8,0x2a06c840
6517,32637,8,0x2a108580
6518,32063,8,0x2a1a42c0
6519,33493,8,0x2a240000
6520,33143,8,0x2a2dbd40
6521,33223,8,0x2a377a80
6522,32465,8,0x2a4137c0
6523,33812,8,0x2a4af500
6524,32442,8,0x2a54b240
6525,32291,8,0x2a5e6f80
6526,32855,8,0x2a682cc0
6527,33034,8,0x2a71ea00
6528,32641,8,0x2a7ba740
6529,32979,8,0x2a856480
6530,34066,8,0x2a8f21c0
6531,33030,8,0x2a98df00
6532,32825,8,0x2aa29c40
6533,32729,8,0x2aac5980
6534,32642,8,0x2ab616c0
6535,34038,8,0x2abfd400
6536,32974,8,0x2ac99140
6537,32494,8,0x2ad34e80
6538,31866,8,0x2add0bc0
6539,33740,8,0x2ae6c900
6540,32795,8,0x2af08640
6541,32718,8,0x2afa4380
6542,32777,8,0x2b0400c0
6543,33615,8,0x2b0dbe00
6544,32106,8,0x2b177b40
6545,35394,8,0x2b213880
6546,33152,8,0x2b2af5c0
6547,33836,8,0x2b34b300
6548,33000,8,0x2b3e7040
6549,32425,8,0x2b482d80
6550,32939,8,0x2b51eac0
6551,33556,8,0x2b5ba800
6552,33094,8,0x2b656540
6553,32735,8,0x2b6f2280
6554,34181,8,0x2b78dfc0
6555,32964,8,0x2b829d00
6556,35472,8,0x2b8c5a40
6557,33198,8,0x2b961780
6558,32924,8,0x2b9fd4c0
6559,35287,8,0x2ba99200
6560,32849,8,0x2bb34f40
6561,32946,8,0x2bbd0c80
6562,32285,8,0x2bc6c9c0
6563,33405,8,0x2bd08700
6564,32886,8,0x2bda4440
6565,33081,8,0x2be40180
6566,32781,8,0x2bedbec0
6567,40813,8,0x2bf77c00
6568,33806,8,0x2c013940
6569,32500,8,0x2c0af680
6570,31576,8,0x2c14b3c0
6571,33833,8,0x2c1e7100
6572,33310,8,0x2c282e40
6573,33275,8,0x2c31eb80
6574,35814,8,0x2c3ba8c0
6575,38040,8,0x2c456600
6576,38219,8,0x2c4f2340
6577,38372,8,0x2c58e080
6578,34709,8,0x2c629dc0
6579,33121,8,0x2c6c5b00
6580,32733,8,0x2c761840
6581,32759,8,0x2c7fd580
6582,32317,8,0x2c8992c0
6583,32294,8,0x2c935000
6584,33448,8,0x2c9d0d40
6585,33462,8,0x2ca6ca80
6586,31952,8,0x2cb087c0
6587,33299,8,0x2cba4500
6588,33526,8,0x2cc40240
6589,34612,8,0x2ccdbf80
6590,31848,8,0x2cd77cc0
6591,32288,8,0x2ce13a00
6592,33431,8,0x2ceaf740
6593,32846,8,0x2cf4b480
6594,31705,8,0x2cfe71c0
6595,33436,8,0x2d082f00
6596,32398,8,0x2d11ec40
6597,32870,8,0x2d1ba980
6598,32333,8,0x2d2566c0
6599,34681,8,0x2d2f2400
6600,32922,8,0x2d38e140
6601,32663,8,0x2d429e80
6602,33297,8,0x2d4c5bc0
6603,32716,8,0x2d561900
6604,34035,8,0x2d5fd640
6605,33348,8,0x2d699380
6606,32558,8,0x2d7350c0
6607,33635,8,0x2d7d0e00
6608,33259,8,0x2d86cb40
6609,33926,8,0x2d908880
6610,32953,8,0x2d9a45c0
6611,33564,8,0x2da40300
6612,31754,8,0x2dadc040
6613,32901,8,0x2db77d80
6614,33464,8,0x2dc13ac0
6615,33376,8,0x2dcaf800
6616,32910,8,0x2dd4b540
6617,32562,8,0x2dde7280
6618,39523,8,0x2de82fc0
6619,32146,8,0x2df1ed00
6620,31614,8,0x2dfbaa40
6621,33116,8,0x2e056780
6622,32990,8,0x2e0f24c0
6623,33388,8,0x2e18e200
6624,33690,8,0x2e229f40
6625,33869,8,0x2e2c5c80
6626,33427,8,0x2e3619c0
6627,33694,8,0x2e3fd700
6628,32377,8,0x2e499440
6629,33433,8,0x2e535180
6630,33194,8,0x2e5d0ec0
6631,33030,8,0x2e66cc00
6632,32457,8,0x2e708940
6633,34415,8,0x2e7a4680
6634,33322,8,0x2e8403c0
6635,32124,8,0x2e8dc100
6636,31618,8,0x2e977e40
6637,32593,8,0x2ea13b80
6638,33337,8,0x2eaaf8c0
6639,33015,8,0x2eb4b600
6640,32893,8,0x2ebe7340
6641,32432,8,0x2ec83080
6642,33890,8,0x2ed1edc0
6643,33966,8,0x2edbab00
6644,31926,8,0x2ee56840
6645,32222,8,0x2eef2580
6646,33163,8,0x2ef8e2c0
6647,32827,8,0x2f02a000
6648,34658,8,0x2f0c5d40
6649,32960,8,0x2f161a80
6650,33317,8,0x2f1fd7c0
6651,33495,8,0x2f299500
6652,31983,8,0x2f335240
6653,32461,8,0x2f3d0f80
6654,33399,8,0x2f46ccc0
6655,32271,8,0x2f508a00
6656,32114,8,0x2f5a4740
6657,34121,8,0x2f640480
6658,33282,8,0x2f6dc1c0
6659,32992,8,0x2f777f00
6660,32745,8,0x2f813c40
6661,33285,8,0x2f8af980
6662,33905,8,0x2f94b6c0
6663,33554,8,0x2f9e7400
6664,32772,8,0x2fa83140
6665,33296,8,0x2fb1ee80
6666,33456,8,0x2fbbabc0
6667,33057,8,0x2fc56900
6668,32499,8,0x2fcf2640
6669,34371,8,0x2fd8e380
6670,33864,8,0x2fe2a0c0
6671,33257,8,0x2fec5e00
6672,31808,8,0x2ff61b40
6673,33605,8,0x2fffd880
6674,33119,8,0x300995c0
6675,33453,8,0x30135300
6676,32671,8,0x301d1040
6677,33272,8,0x3026cd80
6678,34253,8,0x30308ac0
6679,32030,8,0x303a4800
6680,33382,8,0x30440540
6681,35719,8,0x304dc280
6682,45035,8,0x30577fc0
6683,35095,8,0x30613d00
6684,33201,8,0x306afa40
6685,32938,8,0x3074b780
6686,32901,8,0x307e74c0
6687,33444,8,0x30883200
6688,31732,8,0x3091ef40
6689,34075,8,0x309bac80
6690,32883,8,0x30a569c0
6691,33021,8,0x30af2700
6692,35687,8,0x30b8e440
6693,32859,8,0x30c2a180
6694,33038,8,0x30cc5ec0
6695,32737,8,0x30d61c00
6696,32582,8,0x30dfd940
6697,32401,8,0x30e99680
6698,33335,8,0x30f353c0
6699,32924,8,0x30fd1100
6700,33134,8,0x3106ce40
6701,33487,8,0x31108b80
6702,33351,8,0x311a48c0
6703,33876,8,0x31240600
6704,32508,8,0x312dc340
6705,33004,8,0x31378080
6706,33258,8,0x31413dc0
6707,34840,8,0x314afb00
6708,50231,8,0x3154b840
6709,31834,8,0x315e7580
6710,31346,8,0x316832c0
6711,32631,8,0x3171f000
6712,32475,8,0x317bad40
6713,31256,8,0x31856a80
6714,31626,8,0x318f27c0
6715,33046,8,0x3198e500
6716,31577,8,0x31a2a240
6717,31187,8,0x31ac5f80
6718,31352,8,0x31b61cc0
6719,32280,8,0x31bfda00
6720,31164,8,0x31c99740
6721,31588,8,0x31d35480
6722,32919,8,0x31dd11c0
6723,32103,8,0x31e6cf00
6724,30966,8,0x31f08c40
6725,30940,8,0x31fa4980
6726,31915,8,0x320406c0
6727,32531,8,0x320dc400
6728,30816,8,0x32178140
6729,31796,8,0x32213e80
6730,32558,8,0x322afbc0
6731,31437,8,0x3234b900
6732,31854,8,0x323e7640
6733,32134,8,0x32483380
6734,31507,8,0x3251f0c0
6735,32352,8,0x325bae00
6736,30967,8,0x32656b40
6737,33540,8,0x326f2880
6738,31676,8,0x3278e5c0
6739,32426,8,0x3282a300
6740,31390,8,0x328c6040
6741,30480,8,0x32961d80
6742,31337,8,0x329fdac0
6743,36008,8,0x32a99800
6744,31287,8,0x32b35540
6745,31331,8,0x32bd1280
6746,34184,8,0x32c6cfc0
6747,32412,8,0x32d08d00
6748,31592,8,0x32da4a40
6749,31150,8,0x32e40780
6750,31567,8,0x32edc4c0
6751,33087,8,0x32f78200
6752,31756,8,0x33013f40
6753,31918,8,0x330afc80
6754,31662,8,0x3314b9c0
6755,31364,8,0x331e7700
6756,30681,8,0x33283440
6757,31245,8,0x3331f180
6758,32015,8,0x333baec0
6759,31193,8,0x33456c00
6760,31537,8,0x334f2940
6761,31288,8,0x3358e680
6762,31817,8,0x3362a3c0
6763,31489,8,0x336c6100
6764,31086,8,0x33761e40
6765,31919,8,0x337fdb80
6766,32656,8,0x338998c0
6767,31450,8,0x33935600
6768,30953,8,0x339d1340
6769,30887,8,0x33a6d080
6770,33604,8,0x33b08dc0
6771,31393,8,0x33ba4b00
6772,31473,8,0x33c40840
6773,32333,8,0x33cdc580
6774,30759,8,0x33d782c0
6775,31296,8,0x33e14000
6776,31250,8,0x33eafd40
6777,32648,8,0x33f4ba80
6778,31933,8,0x33fe77c0
6779,32664,8,0x34083500
6780,31895,8,0x3411f240
6781,33800,8,0x341baf80
6782,31341,8,0x34256cc0
6783,30655,8,0x342f2a00
6784,30417,8,0x3438e740
6785,33074,8,0x3442a480
6786,31426,8,0x344c61c0
6787,31309,8,0x34561f00
6788,31416,8,0x345fdc40
6789,31482,8,0x34699980
6790,31028,8,0x347356c0
6791,32044,8,0x347d1400
6792,30635,8,0x3486d140
6793,31930,8,0x34908e80
6794,31363,8,0x349a4bc0
6795,31760,8,0x34a40900
6796,32948,8,0x34adc640
6797,32213,8,0x34b78380
6798,30829,8,0x34c140c0
6799,31257,8,0x34cafe00
6800,31025,8,0x34d4bb40
6801,32445,8,0x34de7880
6802,35663,8,0x34e835c0
6803,31725,8,0x34f1f300
6804,31221,8,0x34fbb040
6805,35854,8,0x35056d80
6806,31047,8,0x350f2ac0
6807,31697,8,0x3518e800
6808,30512,8,0x3522a540
6809,32167,8,0x352c6280
6810,35506,8,0x35361fc0
6811,31788,8,0x353fdd00
6812,30432,8,0x35499a40
6813,31124,8,0x35535780
6814,32069,8,0x355d14c0
6815,31428,8,0x3566d200
6816,30732,8,0x35708f40
6817,32653,8,0x357a4c80
6818,31462,8,0x358409c0
6819,31406,8,0x358dc700
6820,30602,8,0x35978440
6821,31641,8,0x35a14180
6822,31211,8,0x35aafec0
6823,30963,8,0x35b4bc00
6824,30049,8,0x35be7940
6825,33174,8,0x35c83680
6826,31051,8,0x35d1f3c0
6827,31062,8,0x35dbb100
6828,31303,8,0x35e56e40
6829,31913,8,0x35ef2b80
6830,31851,8,0x35f8e8c0
6831,32926,8,0x3602a600
6832,30560,8,0x360c6340
6833,31720,8,0x36162080
6834,32025,8,0x361fddc0
6835,32048,8,0x36299b00
6836,30524,8,0x36335840
6837,32920,8,0x363d1580
6838,32090,8,0x3646d2c0
6839,31371,8,0x36509000
6840,32531,8,0x365a4d40
6841,31759,8,0x36640a80
6842,31615,8,0x366dc7c0
6843,31288,8,0x36778500
6844,30521,8,0x36814240
6845,31836,8,0x368aff80
6846,31452,8,0x3694bcc0
6847,30809,8,0x369e7a00
6848,30390,8,0x36a83740
6849,33118,8,0x36b1f480
6850,32112,8,0x36bbb1c0
6851,31821,8,0x36c56f00
6852,30097,8,0x36cf2c40
6853,31436,8,0x36d8e980
6854,31507,8,0x36e2a6c0
6855,32173,8,0x36ec6400
6856,30904,8,0x36f62140
6857,33648,8,0x36ffde80
6858,31541,8,0x37099bc0
6859,31340,8,0x37135900
6860,30549,8,0x371d1640
6861,31441,8,0x3726d380
6862,31495,8,0x373090c0
6863,31440,8,0x373a4e00
6864,30749,8,0x37440b40
6865,32002,8,0x374dc880
6866,31696,8,0x375785c0
6867,34827,8,0x37614300
6868,30840,8,0x376b0040
6869,31014,8,0x3774bd80
6870,33001,8,0x377e7ac0
6871,32355,8,0x37883800
6872,31210,8,0x3791f540
6873,33704,8,0x379bb280
6874,34870,8,0x37a56fc0
6875,31072,8,0x37af2d00
6876,31232,8,0x37b8ea40
6877,31992,8,0x37c2a780
6878,31513,8,0x37cc64c0
6879,31028,8,0x37d62200
6880,31356,8,0x37dfdf40
6881,33037,8,0x37e99c80
6882,31525,8,0x37f359c0
6883,31145,8,0x37fd1700
6884,33074,8,0x3806d440
6885,31859,8,0x38109180
6886,31596,8,0x381a4ec0
6887,30677,8,0x38240c00
6888,31934,8,0x382dc940
6889,32194,8,0x38378680
6890,31183,8,0x384143c0
6891,31195,8,0x384b0100
6892,31441,8,0x3854be40
6893,31161,8,0x385e7b80
6894,31904,8,0x386838c0
6895,30958,8,0x3871f600
6896,31245,8,0x387bb340
6897,31696,8,0x38857080
6898,31215,8,0x388f2dc0
6899,32864,8,0x3898eb00
6900,31023,8,0x38a2a840
6901,31843,8,0x38ac6580
6902,31399,8,0x38b622c0
6903,30065,8,0x38bfe000
6904,31767,8,0x38c99d40
6905,31960,8,0x38d35a80
6906,31402,8,0x38dd17c0
6907,32484,8,0x38e6d500
6908,30889,8,0x38f09240
6909,31143,8,0x38fa4f80
6910,31968,8,0x39040cc0
6911,31045,8,0x390dca00
6912,30636,8,0x39178740
6913,32287,8,0x39214480
6914,32279,8,0x392b01c0
6915,30868,8,0x3934bf00
6916,30749,8,0x393e7c40
6917,31848,8,0x39483980
6918,31910,8,0x3951f6c0
6919,32252,8,0x395bb400
6920,31104,8,0x39657140
6921,31765,8,0x396f2e80
6922,31139,8,0x3978ebc0
6923,31778,8,0x3982a900
6924,36847,8,0x398c6640
6925,33311,8,0x39962380
6926,32082,8,0x399fe0c0
6927,31222,8,0x39a99e00
6928,31962,8,0x39b35b40
6929,35709,8,0x39bd1880
6930,31147,8,0x39c6d5c0
6931,30555,8,0x39d09300
6932,31305,8,0x39da5040
6933,32434,8,0x39e40d80
6934,31412,8,0x39edcac0
6935,31238,8,0x39f78800
6936,31966,8,0x3a014540
6937,31230,8,0x3a0b0280
6938,34044,8,0x3a14bfc0
6939,31134,8,0x3a1e7d00
6940,33174,8,0x3a283a40
6941,32631,8,0x3a31f780
6942,31984,8,0x3a3bb4c0
6943,33531,8,0x3a457200
6944,30847,8,0x3a4f2f40
6945,31678,8,0x3a58ec80
6946,30782,8,0x3a62a9c0
6947,31380,8,0x3a6c6700
6948,31136,8,0x3a762440
6949,31806,8,0x3a7fe180
6950,32032,8,0x3a899ec0
6951,31619,8,0x3a935c00
6952,31371,8,0x3a9d1940
6953,31736,8,0x3aa6d680
6954,31268,8,0x3ab093c0
6955,31720,8,0x3aba5100
6956,32388,8,0x3ac40e40
6957,32815,8,0x3acdcb80
6958,33666,8,0x3ad788c0
6959,31927,8,0x3ae14600
6960,31468,8,0x3aeb0340
6961,30901,8,0x3af4c080
6962,30990,8,0x3afe7dc0
6963,32212,8,0x3b083b00
6964,31201,8,0x3b11f840
6965,30894,8,0x3b1bb580
6966,30730,8,0x3b2572c0
6967,31512,8,0x3b2f3000
6968,32192,8,0x3b38ed40
6969,32046,8,0x3b42aa80
6970,31938,8,0x3b4c67c0
6971,30731,8,0x3b562500
6972,32474,8,0x3b5fe240
6973,33000,8,0x3b699f80
6974,31907,8,0x3b735cc0
6975,31952,8,0x3b7d1a00
6976,32053,8,0x3b86d740
6977,31926,8,0x3b909480
6978,31180,8,0x3b9a51c0
6979,32387,8,0x3ba40f00
6980,31806,8,0x3badcc40
6981,31608,8,0x3bb78980
6982,31887,8,0x3bc146c0
6983,31666,8,0x3bcb0400
6984,31815,8,0x3bd4c140
6985,31456,8,0x3bde7e80
6986,31316,8,0x3be83bc0
6987,32255,8,0x3bf1f900
6988,33199,8,0x3bfbb640
6989,31295,8,0x3c057380
6990,30313,8,0x3c0f30c0
6991,34440,8,0x3c18ee00
6992,32030,8,0x3c22ab40
6993,32278,8,0x3c2c6880
6994,30876,8,0x3c3625c0
6995,32616,8,0x3c3fe300
6996,31565,8,0x3c49a040
6997,31981,8,0x3c535d80
6998,30947,8,0x3c5d1ac0
6999,31705,8,0x3c66d800
7000,31788,8,0x3c709540
7001,32040,8,0x3c7a5280
7002,34902,8,0x3c840fc0
7003,31391,8,0x3c8dcd00
7004,31370,8,0x3c978a40
7005,31000,8,0x3ca14780
7006,31543,8,0x3cab04c0
7007,32062,8,0x3cb4c200
7008,31053,8,0x3cbe7f40
7009,32000,8,0x3cc83c80
7010,31145,8,0x3cd1f9c0
7011,32545,8,0x3cdbb700
7012,31430,8,0x3ce57440
7013,30805,8,0x3cef3180
7014,31458,8,0x3cf8eec0
7015,31900,8,0x3d02ac00
7016,31163,8,0x3d0c6940
7017,33244,8,0x3d162680
7018,31507,8,0x3d1fe3c0
7019,31861,8,0x3d29a100
7020,48789,8,0x3d335e40
7021,29380,8,0x3d3d1b80
7022,29005,8,0x3d46d8c0
7023,31058,8,0x3d509600
7024,29398,8,0x3d5a5340
7025,29951,8,0x3d641080
7026,29228,8,0x3d6dcdc0
7027,29442,8,0x3d778b00
7028,29086,8,0x3d814840
7029,29673,8,0x3d8b0580
7030,29111,8,0x3d94c2c0
7031,29852,8,0x3d9e8000
7032,31364,8,0x3da83d40
7033,30264,8,0x3db1fa80
7034,30055,8,0x3dbbb7c0
7035,29369,8,0x3dc57500
7036,29483,8,0x3dcf3240
7037,30031,8,0x3dd8ef80
7038,29038,8,0x3de2acc0
7039,31257,8,0x3dec6a00
7040,29340,8,0x3df62740
7041,30875,8,0x3dffe480
7042,29271,8,0x3e09a1c0
7043,29861,8,0x3e135f00
7044,29058,8,0x3e1d1c40
7045,29446,8,0x3e26d980
7046,29064,8,0x3e3096c0
7047,41105,8,0x3e3a5400
7048,31773,8,0x3e441140
7049,30443,8,0x3e4dce80
7050,28935,8,0x3e578bc0
7051,29343,8,0x3e614900
7052,29857,8,0x3e6b0640
7053,32290,8,0x3e74c380
7054,29587,8,0x3e7e80c0
7055,30020,8,0x3e883e00
7056,30009,8,0x3e91fb40
7057,30806,8,0x3e9bb880
7058,29108,8,0x3ea575c0
7059,29250,8,0x3eaf3300
7060,29899,8,0x3eb8f040
7061,29254,8,0x3ec2ad80
7062,30413,8,0x3ecc6ac0
7063,30100,8,0x3ed62800
7064,29966,8,0x3edfe540
7065,30933,8,0x3ee9a280
7066,31411,8,0x3ef35fc0
7067,29726,8,0x3efd1d00
7068,30389,8,0x3f06da40
7069,29355,8,0x3f109780
7070,28822,8,0x3f1a54c0
7071,29690,8,0x3f241200
7072,30017,8,0x3f2dcf40
7073,29654,8,0x3f378c80
7074,28793,8,0x3f4149c0
7075,29427,8,0x3f4b0700
7076,31018,8,0x3f54c440
7077,29412,8,0x3f5e8180
7078,29553,8,0x3f683ec0
7079,30105,8,0x3f71fc00
7080,30287,8,0x3f7bb940
7081,30409,8,0x3f857680
7082,29011,8,0x3f8f33c0
7083,30191,8,0x3f98f100
7084,30729,8,0x3fa2ae40
7085,29559,8,0x3fac6b80
7086,29417,8,0x3fb628c0
7087,30169,8,0x3fbfe600
7088,29632,8,0x3fc9a340
7089,30741,8,0x3fd36080
7090,29942,8,0x3fdd1dc0
7091,31038,8,0x3fe6db00
7092,29577,8,0x3ff09840
7093,29037,8,0x3ffa5580
7094,32321,8,0x41300
7095,27739,8,0xdd040
7096,29066,8,0x178d80
7097,28625,8,0x214ac0
7098,27376,8,0x2b0800
7099,29465,8,0x34c540
7100,27429,8,0x3e8280
7101,27652,8,0x483fc0
7102,27968,8,0x51fd00
7103,28021,8,0x5bba40
7104,28938,8,0x657780
7105,28732,8,0x6f34c0
7106,27682,8,0x78f200
7107,28052,8,0x82af40
7108,28227,8,0x8c6c80
7109,27313,8,0x9629c0
7110,27516,8,0x9fe700
7111,34921,58,0xa9a440
7112,34851,58,0xb36180
7113,32794,58,0xbd1ec0
7114,33946,58,0xc6dc00
7115,34308,58,0xd09940
7116,32660,58,0xda5680
7117,32642,58,0xe413c0
7118,32002,58,0xedd100
7119,32768,58,0xf78e40
7120,32950,58,0x1014b80
7121,34836,58,0x10b08c0
7122,33145,58,0x114c600
7123,31344,58,0x11e8340
7124,32684,58,0x1284080
7125,32298,58,0x131fdc0
7126,32092,58,0x13bbb00
7127,33534,8,0x1457840
7128,27895,8,0x14f3580
7129,28039,8,0x158f2c0
7130,29127,8,0x162b000
7131,27598,8,0x16c6d40
7132,29065,8,0x1762a80
7133,27341,8,0x17fe7c0
7134,28449,8,0x189a500
7135,28755,8,0x1936240
7136,28313,8,0x19d1f80
7137,28566,8,0x1a6dcc0
7138,27931,8,0x1b09a00
7139,33161,58,0x1ba5740
7140,32834,58,0x1c41480
7141,31527,58,0x1cdd1c0
7142,32450,58,0x1d78f00
7143,32560,58,0x1e14c40
7144,32024,58,0x1eb0980
7145,31796,58,0x1f4c6c0
7146,31169,58,0x1fe8400
7147,31789,58,0x2084140
7148,31832,58,0x211fe80
7149,30757,58,0x21bbbc0
7150,31981,58,0x2257900
7151,33258,58,0x22f3640
7152,30976,58,0x238f380
7153,30655,58,0x242b0c0
7154,31721,58,0x24c6e00
7155,35605,8,0x2562b40
7156,30336,8,0x25fe880
7157,29916,8,0x269a5c0
7158,30243,8,0x2736300
7159,30309,8,0x27d2040
7160,30206,8,0x286dd80
7161,29259,8,0x2909ac0
7162,30048,8,0x29a5800
7163,29878,8,0x2a41540
7164,30605,8,0x2add280
7165,31232,8,0x2b78fc0
7166,32012,8,0x2c14d00
7167,29690,8,0x2cb0a40
7168,30503,8,0x2d4c780
7169,29902,8,0x2de84c0
7170,30920,8,0x2e84200
7171,30182,8,0x2f1ff40
7172,30168,8,0x2fbbc80
7173,29951,8,0x30579c0
7174,38285,8,0x30f3700
7175,36439,8,0x318f440
7176,29769,8,0x322b180
7177,29523,8,0x32c6ec0
7178,29842,8,0x3362c00
7179,31837,8,0x33fe940
7180,29840,8,0x349a680
7181,30991,8,0x35363c0
7182,29644,8,0x35d2100
7183,31065,8,0x366de40
7184,30594,8,0x3709b80
7185,29931,8,0x37a58c0
7186,31518,8,0x3841600
7187,30509,8,0x38dd340
7188,29962,8,0x3979080
7189,30653,8,0x3a14dc0
7190,30094,8,0x3ab0b00
7191,30661,8,0x3b4c840
7192,29664,8,0x3be8580
7193,30521,8,0x3c842c0
7194,30827,8,0x3d20000
7195,30137,8,0x3dbbd40
7196,30890,8,0x3e57a80
7197,28589,8,0x3ef37c0
7198,30013,8,0x3f8f500
7199,31418,8,0x402b240
7200,29712,8,0x40c6f80
7201,29524,8,0x4162cc0
7202,31203,8,0x41fea00
7203,29892,8,0x429a740
7204,29979,8,0x4336480
7205,30086,8,0x43d21c0
7206,30159,8,0x446df00
7207,30828,8,0x4509c40
7208,29052,8,0x45a5980
7209,30568,8,0x46416c0
7210,30877,8,0x46dd400
7211,31160,8,0x4779140
7212,29829,8,0x4814e80
7213,28769,8,0x48b0bc0
7214,30067,8,0x494c900
7215,31473,8,0x49e8640
7216,29184,8,0x4a84380
7217,29008,8,0x4b200c0
7218,30488,8,0x4bbbe00
7219,30057,8,0x4c57b40
7220,29836,8,0x4cf3880
7221,29745,8,0x4d8f5c0
7222,30060,8,0x4e2b300
7223,30389,8,0x4ec7040
7224,30004,8,0x4f62d80
7225,30319,8,0x4ffeac0
7226,32107,8,0x509a800
7227,29636,8,0x5136540
7228,29806,8,0x51d2280
7229,31454,8,0x526dfc0
7230,29408,8,0x5309d00
7231,29870,8,0x53a5a40
7232,29551,8,0x5441780
7233,29266,8,0x54dd4c0
7234,29788,8,0x5579200
7235,31222,8,0x5614f40
7236,29389,8,0x56b0c80
7237,33010,8,0x574c9c0
7238,30037,8,0x57e8700
7239,29862,8,0x5884440
7240,30260,8,0x5920180
7241,29794,8,0x59bbec0
7242,29902,8,0x5a57c00
7243,29761,8,0x5af3940
7244,29818,8,0x5b8f680
7245,29383,8,0x5c2b3c0
7246,30318,8,0x5cc7100
7247,29938,8,0x5d62e40
7248,29817,8,0x5dfeb80
7249,29345,8,0x5e9a8c0
7250,29568,8,0x5f36600
7251,30023,8,0x5fd2340
7252,29638,8,0x606e080
7253,29978,8,0x6109dc0
7254,29281,8,0x61a5b00
7255,31684,8,0x6241840
7256,29296,8,0x62dd580
7257,29699,8,0x63792c0
7258,30001,8,0x6415000
7259,30988,8,0x64b0d40
7260,29945,8,0x654ca80
7261,30144,8,0x65e87c0
7262,30007,8,0x6684500
7263,30608,8,0x6720240
7264,29409,8,0x67bbf80
7265,29067,8,0x6857cc0
7266,30098,8,0x68f3a00
7267,29993,8,0x698f740
7268,29558,8,0x6a2b480
7269,30230,8,0x6ac71c0
7270,31523,8,0x6b62f00
7271,29662,8,0x6bfec40
7272,29644,8,0x6c9a980
7273,29465,8,0x6d366c0
7274,30194,8,0x6dd2400
7275,30048,8,0x6e6e140
7276,29813,8,0x6f09e80
7277,30086,8,0x6fa5bc0
7278,29771,8,0x7041900
7279,30321,8,0x70dd640
7280,30141,8,0x7179380
7281,29473,8,0x72150c0
7282,29383,8,0x72b0e00
7283,30785,8,0x734cb40
7284,29912,8,0x73e8880
7285,31356,8,0x74845c0
7286,30336,8,0x7520300
7287,29981,8,0x75bc040
7288,30028,8,0x7657d80
7289,29114,8,0x76f3ac0
7290,31304,8,0x778f800
7291,29734,8,0x782b540
7292,30595,8,0x78c7280
7293,31856,8,0x7962fc0
7294,29732,8,0x79fed00
7295,29162,8,0x7a9aa40
7296,28851,8,0x7b36780
7297,30140,8,0x7bd24c0
7298,30107,8,0x7c6e200
7299,35077,8,0x7d09f40
7300,29853,8,0x7da5c80
7301,53259,8,0x7e419c0
7302,119680,8,0x7edd700
7303,51559,8,0x7f79440
7304,40642,8,0x8015180
7305,48742,8,0x80b0ec0
7306,43349,8,0x814cc00
7307,39206,8,0x81e8940
7308,39317,8,0x8284680
7309,40573,8,0x83203c0
7310,37077,8,0x83bc100
7311,36045,8,0x8457e40
7312,35405,8,0x84f3b80
7313,34868,8,0x858f8c0
7314,37966,8,0x862b600
7315,42574,8,0x86c7340
7316,36236,8,0x8763080
7317,37614,8,0x87fedc0
7318,36550,8,0x889ab00
7319,36282,8,0x8936840
7320,36954,8,0x89d2580
7321,35712,8,0x8a6e2c0
7322,36090,8,0x8b0a000
7323,34666,8,0x8ba5d40
7324,37116,8,0x8c41a80
7325,37281,8,0x8cdd7c0
7326,38316,8,0x8d79500
7327,53317,8,0x8e15240
7328,36732,8,0x8eb0f80
7329,37441,8,0x8f4ccc0
7330,38216,8,0x8fe8a00
7331,49687,8,0x9084740
7332,40361,8,0x9120480
7333,35683,8,0x91bc1c0
7334,35338,8,0x9257f00
7335,36932,8,0x92f3c40
7336,36360,8,0x938f980
7337,35792,8,0x942b6c0
7338,37724,8,0x94c7400
7339,37669,8,0x9563140
7340,34861,8,0x95fee80
7341,50539,8,0x969abc0
7342,37557,8,0x9736900
7343,36623,8,0x97d2640
7344,43604,8,0x986e380
7345,40725,8,0x990a0c0
7346,38762,8,0x99a5e00
7347,37863,8,0x9a41b40
7348,38957,8,0x9add880
7349,37682,8,0x9b795c0
7350,38592,8,0x9c15300
7351,36863,8,0x9cb1040
7352,38174,8,0x9d4cd80
7353,36425,8,0x9de8ac0
7354,37282,8,0x9e84800
7355,39140,8,0x9f20540
7356,45518,8,0x9fbc280
7357,51426,8,0xa057fc0
7358,38586,8,0xa0f3d00
7359,41866,8,0xa18fa40
7360,37456,8,0xa22b780
7361,37859,8,0xa2c74c0
7362,37706,8,0xa363200
7363,40278,8,0xa3fef40
7364,38902,8,0xa49ac80
7365,36743,8,0xa5369c0
7366,37642,8,0xa5d2700
7367,39348,8,0xa66e440
7368,38260,8,0xa70a180
7369,36990,8,0xa7a5ec0
7370,38147,8,0xa841c00
7371,37754,8,0xa8dd940
7372,39535,8,0xa979680
7373,39237,8,0xaa153c0
7374,41393,8,0xaab1100
7375,37987,8,0xab4ce40
7376,38982,8,0xabe8b80
7377,36347,8,0xac848c0
7378,38143,8,0xad20600
7379,38056,8,0xadbc340
7380,36805,8,0xae58080
7381,40225,8,0xaef3dc0
7382,53343,8,0xaf8fb00
7383,40062,8,0xb02b840
7384,37027,8,0xb0c7580
7385,36209,8,0xb1632c0
7386,38574,8,0xb1ff000
7387,37565,8,0xb29ad40
7388,36854,8,0xb336a80
7389,40055,8,0xb3d27c0
7390,36682,8,0xb46e500
7391,38108,8,0xb50a240
7392,38690,8,0xb5a5f80
7393,38861,8,0xb641cc0
7394,37621,8,0xb6dda00
7395,37769,8,0xb779740
7396,38988,8,0xb815480
7397,36765,8,0xb8b11c0
7398,37821,8,0xb94cf00
7399,37674,8,0xb9e8c40
7400,53371,8,0xba84980
7401,50152,8,0xbb206c0
7402,38992,8,0xbbbc400
7403,38426,8,0xbc58140
7404,42211,8,0xbcf3e80
7405,39160,8,0xbd8fbc0
7406,57875,8,0xbe2b900
7407,43395,8,0xbec7640
7408,37859,8,0xbf63380
7409,39861,8,0xbfff0c0
7410,37567,8,0xc09ae00
7411,37939,8,0xc136b40
7412,37651,8,0xc1d2880
7413,36525,8,0xc26e5c0
7414,37853,8,0xc30a300
7415,39333,8,0xc3a6040
7416,37183,8,0xc441d80
7417,39071,8,0xc4ddac0
7418,39300,8,0xc579800
7419,39922,8,0xc615540
7420,38565,8,0xc6b1280
7421,42074,8,0xc74cfc0
7422,37843,8,0xc7e8d00
7423,36859,8,0xc884a40
7424,38577,8,0xc920780
7425,39987,8,0xc9bc4c0
7426,38842,8,0xca58200
7427,40237,8,0xcaf3f40
7428,37269,8,0xcb8fc80
7429,36943,8,0xcc2b9c0
7430,37909,8,0xccc7700
7431,47279,8,0xcd63440
7432,45504,8,0xcdff180
7433,41043,8,0xce9aec0
7434,39240,8,0xcf36c00
7435,40298,8,0xcfd2940
7436,38359,8,0xd06e680
7437,36467,8,0xd10a3c0
7438,37633,8,0xd1a6100
7439,37225,8,0xd241e40
7440,37707,8,0xd2ddb80
7441,37193,8,0xd3798c0
7442,36472,8,0xd415600
7443,39776,8,0xd4b1340
7444,38560,8,0xd54d080
7445,36109,8,0xd5e8dc0
7446,37898,8,0xd684b00
7447,39617,8,0xd720840
7448,39641,8,0xd7bc580
7449,38664,8,0xd8582c0
7450,37430,8,0xd8f4000
7451,38434,8,0xd98fd40
7452,38600,8,0xda2ba80
7453,39298,8,0xdac77c0
7454,37935,8,0xdb63500
7455,37560,8,0xdbff240
7456,41672,8,0xdc9af80
7457,49873,8,0xdd36cc0
7458,40774,8,0xddd2a00
7459,39090,8,0xde6e740
7460,37983,8,0xdf0a480
7461,36511,8,0xdfa61c0
7462,39950,8,0xe041f00
7463,41082,8,0xe0ddc40
7464,38508,8,0xe179980
7465,39138,8,0xe2156c0
7466,37329,8,0xe2b1400
7467,39544,8,0xe34d140
7468,41248,8,0xe3e8e80
7469,39144,8,0xe484bc0
7470,39408,8,0xe520900
7471,38946,8,0xe5bc640
7472,38499,8,0xe658380
7473,39615,8,0xe6f40c0
7474,39966,8,0xe78fe00
7475,41034,8,0xe82bb40
7476,38218,8,0xe8c7880
7477,37131,8,0xe9635c0
7478,46414,8,0xe9ff300
7479,37716,8,0xea9b040
7480,37186,8,0xeb36d80
7481,51473,8,0xebd2ac0
7482,42629,8,0xec6e800
7483,38138,8,0xed0a540
7484,38236,8,0xeda6280
7485,43438,8,0xee41fc0
7486,38407,8,0xeeddd00
7487,36777,8,0xef79a40
7488,38768,8,0xf015780
7489,36741,8,0xf0b14c0
7490,37307,8,0xf14d200
7491,39841,8,0xf1e8f40
7492,41178,8,0xf284c80
7493,39645,8,0xf3209c0
7494,39414,8,0xf3bc700
7495,36654,8,0xf458440
7496,36856,8,0xf4f4180
7497,37832,8,0xf58fec0
7498,37649,8,0xf62bc00
7499,50623,8,0xf6c7940
7500,41302,8,0xf763680
7501,38428,8,0xf7ff3c0
7502,38828,8,0xf89b100
7503,37803,8,0xf936e40
7504,37138,8,0xf9d2b80
7505,37906,8,0xfa6e8c0
7506,53847,8,0xfb0a600
7507,45621,8,0xfba6340
7508,36768,8,0xfc42080
7509,38462,8,0xfcdddc0
7510,37585,8,0xfd79b00
7511,37159,8,0xfe15840
7512,39027,8,0xfeb1580
7513,37336,8,0xff4d2c0
7514,38591,8,0xffe9000
7515,38161,8,0x10084d40
7516,37997,8,0x10120a80
7517,40224,8,0x101bc7c0
7518,36796,8,0x10258500
7519,36362,8,0x102f4240
7520,37152,8,0x1038ff80
7521,39143,8,0x1042bcc0
7522,40579,8,0x104c7a00
7523,37138,8,0x10563740
7524,36692,8,0x105ff480
7525,37756,8,0x1069b1c0
7526,38693,8,0x10736f00
7527,37436,8,0x107d2c40
7528,37556,8,0x1086e980
7529,37971,8,0x1090a6c0
7530,43013,8,0x109a6400
7531,49300,8,0x10a42140
7532,42801,8,0x10adde80
7533,38040,8,0x10b79bc0
7534,37150,8,0x10c15900
7535,39229,8,0x10cb1640
7536,37583,8,0x10d4d380
7537,40532,8,0x10de90c0
7538,38361,8,0x10e84e00
7539,40833,8,0x10f20b40
7540,39104,8,0x10fbc880
7541,37957,8,0x110585c0
7542,39101,8,0x110f4300
7543,36676,8,0x11190040
7544,38335,8,0x1122bd80
7545,37535,8,0x112c7ac0
7546,37399,8,0x11363800
7547,36776,8,0x113ff540
7548,36681,8,0x1149b280
7549,41315,8,0x11536fc0
7550,37209,8,0x115d2d00
7551,42538,8,0x1166ea40
7552,36801,8,0x1170a780
7553,37996,8,0x117a64c0
7554,37037,8,0x11842200
7555,37420,8,0x118ddf40
7556,39978,8,0x11979c80
7557,50813,8,0x11a159c0
7558,41329,8,0x11ab1700
7559,38159,8,0x11b4d440
7560,49255,8,0x11be9180
7561,67035,8,0x11c84ec0
7562,45008,8,0x11d20c00
7563,47201,8,0x11dbc940
7564,44815,8,0x11e58680
7565,44225,8,0x11ef43c0
7566,47793,8,0x11f90100
7567,46061,8,0x1202be40
7568,62520,8,0x120c7b80
7569,44249,8,0x121638c0
7570,44738,8,0x121ff600
7571,45436,8,0x1229b340
7572,44119,8,0x12337080
7573,43930,8,0x123d2dc0
7574,43503,8,0x1246eb00
7575,45136,8,0x1250a840
7576,44768,8,0x125a6580
7577,50346,8,0x126422c0
7578,52041,8,0x126de000
7579,45810,8,0x12779d40
7580,43537,8,0x12815a80
7581,47507,8,0x128b17c0
7582,44169,8,0x1294d500
7583,45866,8,0x129e9240
7584,44475,8,0x12a84f80
7585,43925,8,0x12b20cc0
7586,44740,8,0x12bbca00
7587,45249,8,0x12c58740
7588,44135,8,0x12cf4480
7589,44966,8,0x12d901c0
7590,43559,8,0x12e2bf00
7591,45789,8,0x12ec7c40
7592,55110,8,0x12f63980
7593,45321,8,0x12fff6c0
7594,36556,8,0x1309b400
7595,35494,8,0x13137140
7596,36562,8,0x131d2e80
7597,34807,8,0x1326ebc0
7598,35235,8,0x1330a900
7599,36664,8,0x133a6640
7600,44033,8,0x13442380
7601,36109,8,0x134de0c0
7602,35159,8,0x13579e00
7603,35645,8,0x13615b40
7604,35249,8,0x136b1880
7605,35534,8,0x1374d5c0
7606,34182,8,0x137e9300
7607,35642,8,0x13885040
7608,35219,8,0x13920d80
7609,34024,8,0x139bcac0
7610,34832,8,0x13a58800
7611,38112,8,0x13af4540
7612,35985,8,0x13b90280
7613,38092,8,0x13c2bfc0
7614,34988,8,0x13cc7d00
7615,35682,8,0x13d63a40
7616,35713,8,0x13dff780
7617,34744,8,0x13e9b4c0
7618,33799,8,0x13f37200
7619,36322,8,0x13fd2f40
7620,36212,8,0x1406ec80
7621,35047,8,0x1410a9c0
7622,34045,8,0x141a6700
7623,36167,8,0x14242440
7624,35787,8,0x142de180
7625,37379,8,0x14379ec0
7626,34064,8,0x14415c00
7627,45503,8,0x144b1940
7628,37548,8,0x1454d680
7629,35349,8,0x145e93c0
7630,34375,8,0x14685100
7631,35679,8,0x14720e40
7632,35990,8,0x147bcb80
7633,35054,8,0x148588c0
7634,34367,8,0x148f4600
7635,35589,8,0x14990340
7636,35560,8,0x14a2c080
7637,34607,8,0x14ac7dc0
7638,34280,8,0x14b63b00
7639,35781,8,0x14bff840
7640,40028,8,0x14c9b580
7641,34944,8,0x14d372c0
7642,35680,8,0x14dd3000
7643,35117,8,0x14e6ed40
7644,34682,8,0x14f0aa80
7645,34675,8,0x14fa67c0
7646,36485,8,0x15042500
7647,35463,8,0x150de240
7648,35783,8,0x15179f80
7649,34885,8,0x15215cc0
7650,35134,8,0x152b1a00
7651,35501,8,0x1534d740
7652,34683,8,0x153e9480
7653,41619,8,0x154851c0
7654,41994,8,0x15520f00
7655,38300,8,0x155bcc40
7656,35199,8,0x15658980
7657,34962,8,0x156f46c0
7658,36044,8,0x15790400
7659,35863,8,0x1582c140
7660,35088,8,0x158c7e80
7661,34434,8,0x15963bc0
7662,36259,8,0x159ff900
7663,35846,8,0x15a9b640
7664,34851,8,0x15b37380
7665,35238,8,0x15bd30c0
7666,35770,8,0x15c6ee00
7667,36294,8,0x15d0ab40
7668,35153,8,0x15da6880
7669,34538,8,0x15e425c0
7670,38127,8,0x15ede300
7671,35635,8,0x15f7a040
7672,34825,8,0x16015d80
7673,35021,8,0x160b1ac0
7674,35850,8,0x1614d800
7675,36445,8,0x161e9540
7676,33241,8,0x16285280
7677,32922,8,0x16320fc0
7678,31153,8,0x163bcd00
7679,30671,8,0x16458a40
7680,30412,8,0x164f4780
7681,39886,8,0x165904c0
7682,33564,8,0x1662c200
7683,31492,8,0x166c7f40
7684,33399,8,0x16763c80
7685,30949,8,0x167ff9c0
7686,30821,8,0x1689b700
7687,31343,8,0x16937440
7688,30396,8,0x169d3180
7689,30231,8,0x16a6eec0
7690,31238,8,0x16b0ac00
7691,30737,8,0x16ba6940
7692,30748,8,0x16c42680
7693,30684,8,0x16cde3c0
7694,31446,8,0x16d7a100
7695,30641,8,0x16e15e40
7696,29791,8,0x16eb1b80
7697,31053,8,0x16f4d8c0
7698,31079,8,0x16fe9600
7699,34298,8,0x17085340
7700,30469,8,0x17121080
7701,31330,8,0x171bcdc0
7702,30797,8,0x17258b00
7703,35319,8,0x172f4840
7704,32908,8,0x17390580
7705,30767,8,0x1742c2c0
7706,31172,8,0x174c8000
7707,31141,8,0x17563d40
7708,30530,8,0x175ffa80
7709,30593,8,0x1769b7c0
7710,30532,8,0x17737500
7711,30895,8,0x177d3240
7712,40846,8,0x1786ef80
7713,32108,8,0x1790acc0
7714,32516,8,0x179a6a00
7715,31806,8,0x17a42740
7716,35691,8,0x17ade480
7717,31319,8,0x17b7a1c0
7718,31238,8,0x17c15f00
7719,31689,8,0x17cb1c40
7720,30586,8,0x17d4d980
7721,30384,8,0x17de96c0
7722,30681,8,0x17e85400
7723,31613,8,0x17f21140
7724,31599,8,0x17fbce80
7725,31019,8,0x18058bc0
7726,31055,8,0x180f4900
7727,30877,8,0x18190640
7728,30757,8,0x1822c380
7729,32904,8,0x182c80c0
7730,31427,8,0x18363e00
7731,32548,8,0x183ffb40
7732,30373,8,0x1849b880
7733,30547,8,0x185375c0
7734,30711,8,0x185d3300
7735,31348,8,0x1866f040
7736,30862,8,0x1870ad80
7737,31102,8,0x187a6ac0
7738,31129,8,0x18842800
7739,31244,8,0x188de540
7740,30156,8,0x1897a280
7741,33757,8,0x18a15fc0
7742,31448,8,0x18ab1d00
7743,41676,8,0x18b4da40
7744,32425,8,0x18be9780
7745,29870,8,0x18c854c0
7746,30165,8,0x18d21200
7747,32762,8,0x18dbcf40
7748,30707,8,0x18e58c80
7749,30308,8,0x18ef49c0
7750,31187,8,0x18f90700
7751,30702,8,0x1902c440
7752,31436,8,0x190c8180
7753,30558,8,0x19163ec0
7754,30616,8,0x191ffc00
7755,32175,8,0x1929b940
7756,31046,8,0x19337680
7757,30503,8,0x193d33c0
7758,33661,8,0x1946f100
7759,31211,8,0x1950ae40
7760,30317,8,0x195a6b80
7761,30374,8,0x196428c0
7762,30357,8,0x196de600
7763,31778,8,0x1977a340
7764,41080,8,0x19816080
7765,29999,8,0x198b1dc0
7766,30875,8,0x1994db00
7767,30906,8,0x199e9840
7768,30946,8,0x19a85580
7769,30766,8,0x19b212c0
7770,30795,8,0x19bbd000
7771,31677,8,0x19c58d40
7772,30266,8,0x19cf4a80
7773,34417,8,0x19d907c0
7774,37384,8,0x19e2c500
7775,31432,8,0x19ec8240
7776,31473,8,0x19f63f80
7777,31079,8,0x19fffcc0
7778,33757,8,0x1a09ba00
7779,31637,8,0x1a137740
7780,30120,8,0x1a1d3480
7781,30024,8,0x1a26f1c0
7782,30808,8,0x1a30af00
7783,30944,8,0x1a3a6c40
7784,31297,8,0x1a442980
7785,31580,8,0x1a4de6c0
7786,30962,8,0x1a57a400
7787,30983,8,0x1a616140
7788,32362,8,0x1a6b1e80
7789,31292,8,0x1a74dbc0
7790,31291,8,0x1a7e9900
7791,30981,8,0x1a885640
7792,31205,8,0x1a921380
7793,31024,8,0x1a9bd0c0
7794,30723,8,0x1aa58e00
7795,31597,8,0x1aaf4b40
7796,30741,8,0x1ab90880
7797,30501,8,0x1ac2c5c0
7798,31067,8,0x1acc8300
7799,31117,8,0x1ad64040
7800,31354,8,0x1adffd80
7801,30683,8,0x1ae9bac0
7802,30271,8,0x1af37800
7803,33372,8,0x1afd3540
7804,31363,8,0x1b06f280
7805,41494,8,0x1b10afc0
7806,31894,8,0x1b1a6d00
7807,31306,8,0x1b242a40
7808,31042,8,0x1b2de780
7809,31104,8,0x1b37a4c0
7810,31162,8,0x1b416200
7811,32065,8,0x1b4b1f40
7812,30277,8,0x1b54dc80
7813,31059,8,0x1b5e99c0
7814,30704,8,0x1b685700
7815,30745,8,0x1b721440
7816,30900,8,0x1b7bd180
7817,33185,8,0x1b858ec0
7818,30133,8,0x1b8f4c00
7819,31067,8,0x1b990940
7820,30887,8,0x1ba2c680
7821,31150,8,0x1bac83c0
7822,29848,8,0x1bb64100
7823,31192,8,0x1bbffe40
7824,30823,8,0x1bc9bb80
7825,31155,8,0x1bd378c0
7826,31138,8,0x1bdd3600
7827,41101,8,0x1be6f340
7828,32317,8,0x1bf0b080
7829,30952,8,0x1bfa6dc0
7830,31797,8,0x1c042b00
7831,30571,8,0x1c0de840
7832,32989,8,0x1c17a580
7833,31013,8,0x1c2162c0
7834,31359,8,0x1c2b2000
7835,39909,8,0x1c34dd40
7836,32542,8,0x1c3e9a80
7837,31578,8,0x1c4857c0
7838,30620,8,0x1c521500
7839,30832,8,0x1c5bd240
7840,33762,8,0x1c658f80
7841,30634,8,0x1c6f4cc0
7842,31371,8,0x1c790a00
7843,30895,8,0x1c82c740
7844,29935,8,0x1c8c8480
7845,31204,8,0x1c9641c0
7846,31841,8,0x1c9fff00
7847,33075,8,0x1ca9bc40
7848,30605,8,0x1cb37980
7849,52099,8,0x1cbd36c0
7850,30572,8,0x1cc6f400
7851,30564,8,0x1cd0b140
7852,30081,8,0x1cda6e80
7853,31966,8,0x1ce42bc0
7854,31177,8,0x1cede900
7855,31155,8,0x1cf7a640
7856,30974,8,0x1d016380
7857,30600,8,0x1d0b20c0
7858,30744,8,0x1d14de00
7859,31480,8,0x1d1e9b40
7860,30810,8,0x1d285880
7861,32340,8,0x1d3215c0
7862,33112,8,0x1d3bd300
7863,30855,8,0x1d459040
7864,30086,8,0x1d4f4d80
7865,35578,8,0x1d590ac0
7866,36512,8,0x1d62c800
7867,30985,8,0x1d6c8540
7868,29522,8,0x1d764280
7869,34623,8,0x1d7fffc0
7870,31231,8,0x1d89bd00
7871,31171,8,0x1d937a40
7872,30089,8,0x1d9d3780
7873,31000,8,0x1da6f4c0
7874,30695,8,0x1db0b200
7875,30317,8,0x1dba6f40
7876,33086,8,0x1dc42c80
7877,30597,8,0x1dcde9c0
7878,30537,8,0x1dd7a700
7879,30710,8,0x1de16440
7880,30315,8,0x1deb2180
7881,31073,8,0x1df4dec0
7882,30998,8,0x1dfe9c00
7883,30544,8,0x1e085940
7884,30028,8,0x1e121680
7885,31059,8,0x1e1bd3c0
7886,31873,8,0x1e259100
7887,30744,8,0x1e2f4e40
7888,29599,8,0x1e390b80
7889,30367,8,0x1e42c8c0
7890,31274,8,0x1e4c8600
7891,32611,8,0x1e564340
7892,30849,8,0x1e600080
7893,42086,8,0x1e69bdc0
7894,31018,8,0x1e737b00
7895,29924,8,0x1e7d3840
7896,33854,8,0x1e86f580
7897,32126,8,0x1e90b2c0
7898,30409,8,0x1e9a7000
7899,29534,8,0x1ea42d40
7900,29817,8,0x1eadea80
7901,30912,8,0x1eb7a7c0
7902,32894,8,0x1ec16500
7903,29867,8,0x1ecb2240
7904,29078,8,0x1ed4df80
7905,30619,8,0x1ede9cc0
7906,31814,8,0x1ee85a00
7907,29955,8,0x1ef21740
7908,29296,8,0x1efbd480
7909,30407,8,0x1f0591c0
7910,29704,8,0x1f0f4f00
7911,29416,8,0x1f190c40
7912,29257,8,0x1f22c980
7913,29999,8,0x1f2c86c0
7914,30764,8,0x1f364400
7915,30179,8,0x1f400140
7916,29336,8,0x1f49be80
7917,30425,8,0x1f537bc0
7918,30088,8,0x1f5d3900
7919,30711,8,0x1f66f640
7920,29026,8,0x1f70b380
7921,31090,8,0x1f7a70c0
7922,30371,8,0x1f842e00
7923,31477,8,0x1f8deb40
7924,30497,8,0x1f97a880
7925,30442,8,0x1fa165c0
7926,30492,8,0x1fab2300
7927,30240,8,0x1fb4e040
7928,34931,8,0x1fbe9d80
7929,32813,8,0x1fc85ac0
7930,29724,8,0x1fd21800
7931,29531,8,0x1fdbd540
7932,29353,8,0x1fe59280
7933,33222,8,0x1fef4fc0
7934,29964,8,0x1ff90d00
7935,31842,8,0x2002ca40
7936,29036,8,0x200c8780
7937,29879,8,0x201644c0
7938,30165,8,0x20200200
7939,30035,8,0x2029bf40
7940,29144,8,0x20337c80
7941,29943,8,0x203d39c0
7942,29341,8,0x2046f700
7943,30269,8,0x2050b440
7944,29672,8,0x205a7180
7945,30027,8,0x20642ec0
7946,30010,8,0x206dec00
7947,30546,8,0x2077a940
7948,29528,8,0x20816680
7949,29726,8,0x208b23c0
7950,31111,8,0x2094e100
7951,30395,8,0x209e9e40
7952,37204,8,0x20a85b80
7953,32925,8,0x20b218c0
7954,30009,8,0x20bbd600
7955,30973,8,0x20c59340
7956,30706,8,0x20cf5080
7957,29836,8,0x20d90dc0
7958,30077,8,0x20e2cb00
7959,30943,8,0x20ec8840
7960,36331,8,0x20f64580
7961,31836,8,0x210002c0
7962,29818,8,0x2109c000
7963,29213,8,0x21137d40
7964,32824,8,0x211d3a80
7965,32235,8,0x2126f7c0
7966,29381,8,0x2130b500
7967,29850,8,0x213a7240
7968,31073,8,0x21442f80
7969,30270,8,0x214decc0
7970,28914,8,0x2157aa00
7971,29425,8,0x21616740
7972,30028,8,0x216b2480
7973,30441,8,0x2174e1c0
7974,30083,8,0x217e9f00
7975,30325,8,0x21885c40
7976,30280,8,0x21921980
7977,30820,8,0x219bd6c0
7978,29526,8,0x21a59400
7979,29679,8,0x21af5140
7980,31685,8,0x21b90e80
7981,30668,8,0x21c2cbc0
7982,31527,8,0x21cc8900
7983,29532,8,0x21d64640
7984,29761,8,0x21e00380
7985,30126,8,0x21e9c0c0
7986,29647,8,0x21f37e00
7987,30319,8,0x21fd3b40
7988,30294,8,0x2206f880
7989,30739,8,0x2210b5c0
7990,28893,8,0x221a7300
7991,34927,8,0x22243040
7992,32230,8,0x222ded80
7993,30596,8,0x2237aac0
7994,29365,8,0x22416800
7995,30833,8,0x224b2540
7996,30837,8,0x2254e280
7997,32006,8,0x225e9fc0
7998,30017,8,0x22685d00
7999,30108,8,0x22721a40
8000,29998,8,0x227bd780
8001,29901,8,0x228594c0
8002,29088,8,0x228f5200
8003,29174,8,0x22990f40
8004,30244,8,0x22a2cc80
8005,29588,8,0x22ac89c0
8006,29026,8,0x22b64700
8007,30311,8,0x22c00440
8008,29455,8,0x22c9c180
8009,32151,8,0x22d37ec0
8010,29717,8,0x22dd3c00
8011,29886,8,0x22e6f940
8012,29792,8,0x22f0b680
8013,29608,8,0x22fa73c0
8014,30437,8,0x23043100
8015,29652,8,0x230dee40
8016,29947,8,0x2317ab80
8017,30056,8,0x232168c0
8018,29583,8,0x232b2600
8019,29807,8,0x2334e340
8020,31078,8,0x233ea080
8021,29679,8,0x23485dc0
8022,29956,8,0x23521b00
8023,35378,8,0x235bd840
8024,33215,8,0x23659580
8025,30788,8,0x236f52c0
8026,32909,8,0x23791000
8027,30854,8,0x2382cd40
8028,29872,8,0x238c8a80
8029,30013,8,0x239647c0
8030,30364,8,0x23a00500
8031,29237,8,0x23a9c240
8032,29792,8,0x23b37f80
8033,29916,8,0x23bd3cc0
8034,29819,8,0x23c6fa00
8035,29709,8,0x23d0b740
8036,29689,8,0x23da7480
8037,29825,8,0x23e431c0
8038,29887,8,0x23edef00
8039,31168,8,0x23f7ac40
8040,30238,8,0x24016980
8041,30144,8,0x240b26c0
8042,29587,8,0x2414e400
8043,30211,8,0x241ea140
8044,29868,8,0x24285e80
8045,29985,8,0x24321bc0
8046,29878,8,0x243bd900
8047,29401,8,0x24459640
8048,29990,8,0x244f5380
8049,30416,8,0x245910c0
8050,29619,8,0x2462ce00
8051,30357,8,0x246c8b40
8052,30087,8,0x24764880
8053,30257,8,0x248005c0
8054,31167,8,0x2489c300
8055,33244,8,0x24938040
8056,31783,8,0x249d3d80
8057,30685,8,0x24a6fac0
8058,29504,8,0x24b0b800
8059,29964,8,0x24ba7540
8060,30280,8,0x24c43280
8061,32325,8,0x24cdefc0
8062,30321,8,0x24d7ad00
8063,29341,8,0x24e16a40
8064,29296,8,0x24eb2780
8065,30051,8,0x24f4e4c0
8066,29794,8,0x24fea200
8067,31121,8,0x25085f40
8068,31087,8,0x25121c80
8069,30114,8,0x251bd9c0
8070,30357,8,0x25259700
8071,29336,8,0x252f5440
8072,30121,8,0x25391180
8073,30330,8,0x2542cec0
8074,29314,8,0x254c8c00
8075,30371,8,0x25564940
8076,30564,8,0x25600680
8077,29710,8,0x2569c3c0
8078,30018,8,0x25738100
8079,42048,8,0x257d3e40
8080,32949,8,0x2586fb80
8081,29292,8,0x2590b8c0
8082,29110,8,0x259a7600
8083,32390,8,0x25a43340
8084,30191,8,0x25adf080
8085,30506,8,0x25b7adc0
8086,29901,8,0x25c16b00
8087,36267,8,0x25cb2840
8088,34886,8,0x25d4e580
8089,30772,8,0x25dea2c0
8090,29751,8,0x25e86000
8091,30110,8,0x25f21d40
8092,31484,8,0x25fbda80
8093,29640,8,0x260597c0
8094,29920,8,0x260f5500
8095,30603,8,0x26191240
8096,30610,8,0x2622cf80
8097,29794,8,0x262c8cc0
8098,31362,8,0x26364a00
8099,31283,8,0x26400740
8100,30079,8,0x2649c480
8101,29427,8,0x265381c0
8102,29428,8,0x265d3f00
8103,29971,8,0x2666fc40
8104,30691,8,0x2670b980
8105,29563,8,0x267a76c0
8106,29815,8,0x26843400
8107,30499,8,0x268df140
8108,30293,8,0x2697ae80
8109,29134,8,0x26a16bc0
8110,29101,8,0x26ab2900
8111,31199,8,0x26b4e640
8112,30410,8,0x26bea380
8113,31534,8,0x26c860c0
8114,29286,8,0x26d21e00
8115,31853,8,0x26dbdb40
8116,30395,8,0x26e59880
8117,29461,8,0x26ef55c0
8118,29695,8,0x26f91300
8119,38272,8,0x2702d040
8120,31535,8,0x270c8d80
8121,29924,8,0x27164ac0
8122,29695,8,0x27200800
8123,31117,8,0x2729c540
8124,29925,8,0x27338280
8125,32426,8,0x273d3fc0
8126,29212,8,0x2746fd00
8127,31580,8,0x2750ba40
8128,30278,8,0x275a7780
8129,30461,8,0x276434c0
8130,30443,8,0x276df200
8131,30751,8,0x2777af40
8132,29713,8,0x27816c80
8133,29178,8,0x278b29c0
8134,30106,8,0x2794e700
8135,30542,8,0x279ea440
8136,29870,8,0x27a86180
8137,29852,8,0x27b21ec0
8138,29956,8,0x27bbdc00
8139,30772,8,0x27c59940
8140,30090,8,0x27cf5680
8141,29595,8,0x27d913c0
8142,30937,8,0x27e2d100
8143,30130,8,0x27ec8e40
8144,30039,8,0x27f64b80
8145,30726,8,0x280008c0
8146,30336,8,0x2809c600
8147,31052,8,0x28138340
8148,30191,8,0x281d4080
8149,29985,8,0x2826fdc0
8150,37081,8,0x2830bb00
8151,32774,8,0x283a7840
8152,33132,8,0x28443580
8153,30040,8,0x284df2c0
8154,29401,8,0x2857b000
8155,31222,8,0x28616d40
8156,29849,8,0x286b2a80
8157,31235,8,0x2874e7c0
8158,29967,8,0x287ea500
8159,30210,8,0x28886240
8160,30102,8,0x28921f80
8161,29781,8,0x289bdcc0
8162,29412,8,0x28a59a00
8163,30593,8,0x28af5740
8164,29135,8,0x28b91480
8165,30245,8,0x28c2d1c0
8166,29992,8,0x28cc8f00
8167,29841,8,0x28d64c40
8168,30222,8,0x28e00980
8169,30596,8,0x28e9c6c0
8170,29406,8,0x28f38400
8171,30613,8,0x28fd4140
8172,31787,8,0x2906fe80
8173,29568,8,0x2910bbc0
8174,29014,8,0x291a7900
8175,29782,8,0x29243640
8176,29913,8,0x292df380
8177,29346,8,0x2937b0c0
8178,29668,8,0x29416e00
8179,31453,8,0x294b2b40
8180,30495,8,0x2954e880
8181,30768,8,0x295ea5c0
8182,35845,8,0x29686300
8183,31043,8,0x29722040
8184,32288,8,0x297bdd80
8185,29152,8,0x29859ac0
8186,28421,8,0x298f5800
8187,31767,8,0x29991540
8188,30332,8,0x29a2d280
8189,32500,8,0x29ac8fc0
8190,29787,8,0x29b64d00
8191,29672,8,0x29c00a40
8192,31157,8,0x29c9c780
8193,28921,8,0x29d384c0
8194,29059,8,0x29dd4200
8195,30593,8,0x29e6ff40
8196,30431,8,0x29f0bc80
8197,29770,8,0x29fa79c0
8198,46379,8,0x2a043700
8199,29605,8,0x2a0df440
8200,29281,8,0x2a17b180
8201,30125,8,0x2a216ec0
8202,29184,8,0x2a2b2c00
8203,29800,8,0x2a34e940
8204,29095,8,0x2a3ea680
8205,36119,8,0x2a4863c0
8206,30109,8,0x2a522100
8207,29693,8,0x2a5bde40
8208,28507,8,0x2a659b80
8209,28994,8,0x2a6f58c0
8210,29758,8,0x2a791600
8211,30237,8,0x2a82d340
8212,31380,8,0x2a8c9080
8213,33903,8,0x2a964dc0
8214,30702,8,0x2aa00b00
8215,30527,8,0x2aa9c840
8216,30560,8,0x2ab38580
8217,28248,8,0x2abd42c0
8218,29453,8,0x2ac70000
8219,29757,8,0x2ad0bd40
8220,29282,8,0x2ada7a80
8221,28934,8,0x2ae437c0
8222,30433,8,0x2aedf500
8223,30131,8,0x2af7b240
8224,29012,8,0x2b016f80
8225,29085,8,0x2b0b2cc0
8226,29966,8,0x2b14ea00
8227,30202,8,0x2b1ea740
8228,28741,8,0x2b286480
8229,29424,8,0x2b3221c0
8230,29404,8,0x2b3bdf00
8231,31882,8,0x2b459c40
8232,29500,8,0x2b4f5980
8233,28618,8,0x2b5916c0
8234,29484,8,0x2b62d400
8235,30164,8,0x2b6c9140
8236,28540,8,0x2b764e80
8237,29224,8,0x2b800bc0
8238,30629,8,0x2b89c900
8239,29768,8,0x2b938640
8240,28648,8,0x2b9d4380
8241,28958,8,0x2ba700c0
8242,31212,8,0x2bb0be00
8243,30296,8,0x2bba7b40
8244,28629,8,0x2bc43880
8245,28886,8,0x2bcdf5c0
8246,34583,8,0x2bd7b300
8247,30197,8,0x2be17040
8248,29183,8,0x2beb2d80
8249,29042,8,0x2bf4eac0
8250,31390,8,0x2bfea800
8251,29551,8,0x2c086540
8252,29258,8,0x2c122280
8253,31090,8,0x2c1bdfc0
8254,29590,8,0x2c259d00
8255,29438,8,0x2c2f5a40
8256,30449,8,0x2c391780
8257,28907,8,0x2c42d4c0
8258,29684,8,0x2c4c9200
8259,30232,8,0x2c564f40
8260,30253,8,0x2c600c80
8261,28448,8,0x2c69c9c0
8262,29028,8,0x2c738700
8263,30333,8,0x2c7d4440
8264,29307,8,0x2c870180
8265,29525,8,0x2c90bec0
8266,29472,8,0x2c9a7c00
8267,29507,8,0x2ca43940
8268,29749,8,0x2cadf680
8269,29256,8,0x2cb7b3c0
8270,29069,8,0x2cc17100
8271,29701,8,0x2ccb2e40
8272,29428,8,0x2cd4eb80
8273,28511,8,0x2cdea8c0
8274,33315,8,0x2ce86600
8275,30753,8,0x2cf22340
8276,30041,8,0x2cfbe080
8277,28825,8,0x2d059dc0
8278,35875,8,0x2d0f5b00
8279,30560,8,0x2d191840
8280,29209,8,0x2d22d580
8281,28901,8,0x2d2c92c0
8282,29375,8,0x2d365000
8283,30608,8,0x2d400d40
8284,29408,8,0x2d49ca80
8285,28580,8,0x2d5387c0
8286,29774,8,0x2d5d4500
8287,29784,8,0x2d670240
8288,29016,8,0x2d70bf80
8289,28246,8,0x2d7a7cc0
8290,31795,8,0x2d843a00
8291,30155,8,0x2d8df740
8292,30163,8,0x2d97b480
8293,29686,8,0x2da171c0
8294,29571,8,0x2dab2f00
8295,30779,8,0x2db4ec40
8296,29548,8,0x2dbea980
8297,28639,8,0x2dc866c0
8298,29418,8,0x2dd22400
8299,30475,8,0x2ddbe140
8300,29986,8,0x2de59e80
8301,28531,8,0x2def5bc0
8302,30073,8,0x2df91900
8303,30461,8,0x2e02d640
8304,29622,8,0x2e0c9380
8305,30710,8,0x2e1650c0
8306,30195,8,0x2e200e00
8307,31032,8,0x2e29cb40
8308,29312,8,0x2e338880
8309,30189,8,0x2e3d45c0
8310,34743,8,0x2e470300
8311,32389,8,0x2e50c040
8312,29192,8,0x2e5a7d80
8313,28393,8,0x2e643ac0
8314,29508,8,0x2e6df800
8315,30515,8,0x2e77b540
8316,29243,8,0x2e817280
8317,30601,8,0x2e8b2fc0
8318,29328,8,0x2e94ed00
8319,31901,8,0x2e9eaa40
8320,28651,8,0x2ea86780
8321,29185,8,0x2eb224c0
8322,30488,8,0x2ebbe200
8323,32095,8,0x2ec59f40
8324,29212,8,0x2ecf5c80
8325,28592,8,0x2ed919c0
8326,29982,8,0x2ee2d700
8327,30103,8,0x2eec9440
8328,29158,8,0x2ef65180
8329,29170,8,0x2f000ec0
8330,30497,8,0x2f09cc00
8331,29304,8,0x2f138940
8332,30339,8,0x2f1d4680
8333,29024,8,0x2f2703c0
8334,39319,8,0x2f30c100
8335,29685,8,0x2f3a7e40
8336,31470,8,0x2f443b80
8337,29732,8,0x2f4df8c0
8338,30625,8,0x2f57b600
8339,29646,8,0x2f617340
8340,28889,8,0x2f6b3080
8341,30125,8,0x2f74edc0
8342,34723,8,0x2f7eab00
8343,30372,8,0x2f886840
8344,29193,8,0x2f922580
8345,30881,8,0x2f9be2c0
8346,29780,8,0x2fa5a000
8347,29264,8,0x2faf5d40
8348,28728,8,0x2fb91a80
8349,31371,8,0x2fc2d7c0
8350,30375,8,0x2fcc9500
8351,29674,8,0x2fd65240
8352,28670,8,0x2fe00f80
8353,31905,8,0x2fe9ccc0
8354,29188,8,0x2ff38a00
8355,29895,8,0x2ffd4740
8356,29258,8,0x30070480
8357,30512,8,0x3010c1c0
8358,29893,8,0x301a7f00
8359,30460,8,0x30243c40
8360,29502,8,0x302df980
8361,29923,8,0x3037b6c0
8362,29245,8,0x30417400
8363,28471,8,0x304b3140
8364,30510,8,0x3054ee80
8365,29537,8,0x305eabc0
8366,29325,8,0x30686900
8367,29071,8,0x30722640
8368,28868,8,0x307be380
8369,30357,8,0x3085a0c0
8370,29317,8,0x308f5e00
8371,30796,8,0x30991b40
8372,29660,8,0x30a2d880
8373,30044,8,0x30ac95c0
8374,36110,8,0x30b65300
8375,31257,8,0x30c01040
8376,28663,8,0x30c9cd80
8377,29704,8,0x30d38ac0
8378,29631,8,0x30dd4800
8379,30590,8,0x30e70540
8380,29550,8,0x30f0c280
8381,31336,8,0x30fa7fc0
8382,30567,8,0x31043d00
8383,29061,8,0x310dfa40
8384,28676,8,0x3117b780
8385,29228,8,0x312174c0
8386,29687,8,0x312b3200
8387,30808,8,0x3134ef40
8388,29267,8,0x313eac80
8389,29496,8,0x314869c0
8390,29678,8,0x31522700
8391,30253,8,0x315be440
8392,29076,8,0x3165a180
8393,31283,8,0x316f5ec0
8394,29906,8,0x31791c00
8395,30436,8,0x3182d940
8396,30304,8,0x318c9680
8397,29605,8,0x319653c0
8398,32945,8,0x31a01100
8399,29804,8,0x31a9ce40
8400,28655,8,0x31b38b80
8401,29734,8,0x31bd48c0
8402,29677,8,0x31c70600
8403,30573,8,0x31d0c340
8404,29141,8,0x31da8080
8405,29839,8,0x31e43dc0
8406,35992,8,0x31edfb00
8407,30768,8,0x31f7b840
8408,31039,8,0x32017580
8409,29926,8,0x320b32c0
8410,29723,8,0x3214f000
8411,30843,8,0x321ead40
8412,29511,8,0x32286a80
8413,29437,8,0x323227c0
8414,29390,8,0x323be500
8415,30339,8,0x3245a240
8416,28599,8,0x324f5f80
8417,30573,8,0x32591cc0
8418,29830,8,0x3262da00
8419,30656,8,0x326c9740
8420,28655,8,0x32765480
8421,29875,8,0x328011c0
8422,30126,8,0x3289cf00
8423,30315,8,0x32938c40
8424,28762,8,0x329d4980
8425,30022,8,0x32a706c0
8426,29619,8,0x32b0c400
8427,30349,8,0x32ba8140
8428,29347,8,0x32c43e80
8429,30186,8,0x32cdfbc0
8430,29596,8,0x32d7b900
8431,28821,8,0x32e17640
8432,28407,8,0x32eb3380
8433,30026,8,0x32f4f0c0
8434,29510,8,0x32feae00
8435,30239,8,0x33086b40
8436,28962,8,0x33122880
8437,29720,8,0x331be5c0
8438,34766,8,0x3325a300
8439,31097,8,0x332f6040
8440,28984,8,0x33391d80
8441,30293,8,0x3342dac0
8442,29453,8,0x334c9800
8443,30051,8,0x33565540
8444,28737,8,0x33601280
8445,31508,8,0x3369cfc0
8446,29322,8,0x33738d00
8447,29501,8,0x337d4a40
8448,28994,8,0x33870780
8449,29737,8,0x3390c4c0
8450,29309,8,0x339a8200
8451,31048,8,0x33a43f40
8452,30276,8,0x33adfc80
8453,30192,8,0x33b7b9c0
8454,29897,8,0x33c17700
8455,28869,8,0x33cb3440
8456,28963,8,0x33d4f180
8457,30485,8,0x33deaec0
8458,29425,8,0x33e86c00
8459,29947,8,0x33f22940
8460,32062,8,0x33fbe680
8461,31858,8,0x3405a3c0
8462,37083,8,0x340f6100
8463,30102,8,0x34191e40
8464,29480,8,0x3422db80
8465,29552,8,0x342c98c0
8466,29870,8,0x34365600
8467,31559,8,0x34401340
8468,28949,8,0x3449d080
8469,29580,8,0x34538dc0
8470,33469,8,0x345d4b00
8471,30107,8,0x34670840
8472,29375,8,0x3470c580
8473,29394,8,0x347a82c0
8474,30310,8,0x34844000
8475,30714,8,0x348dfd40
8476,29016,8,0x3497ba80
8477,29887,8,0x34a177c0
8478,30319,8,0x34ab3500
8479,28832,8,0x34b4f240
8480,29029,8,0x34beaf80
8481,30002,8,0x34c86cc0
8482,32217,8,0x34d22a00
8483,30592,8,0x34dbe740
8484,28631,8,0x34e5a480
8485,29682,8,0x34ef61c0
8486,28908,8,0x34f91f00
8487,28923,8,0x3502dc40
8488,29221,8,0x350c9980
8489,30329,8,0x351656c0
8490,29982,8,0x35201400
8491,30490,8,0x3529d140
8492,28308,8,0x35338e80
8493,29624,8,0x353d4bc0
8494,32316,8,0x35470900
8495,29106,8,0x3550c640
8496,29595,8,0x355a8380
8497,31458,8,0x356440c0
8498,28530,8,0x356dfe00
8499,29815,8,0x3577bb40
8500,29856,8,0x35817880
8501,29805,8,0x358b35c0
8502,33338,8,0x3594f300
8503,31297,8,0x359eb040
8504,29673,8,0x35a86d80
8505,29183,8,0x35b22ac0
8506,30586,8,0x35bbe800
8507,30517,8,0x35c5a540
8508,29721,8,0x35cf6280
8509,31938,8,0x35d91fc0
8510,28580,8,0x35e2dd00
8511,30281,8,0x35ec9a40
8512,30597,8,0x35f65780
8513,29382,8,0x360014c0
8514,29161,8,0x3609d200
8515,29037,8,0x36138f40
8516,29345,8,0x361d4c80
8517,29056,8,0x362709c0
8518,28815,8,0x3630c700
8519,28895,8,0x363a8440
8520,29869,8,0x36444180
8521,29766,8,0x364dfec0
8522,33225,8,0x3657bc00
8523,28845,8,0x36617940
8524,28965,8,0x366b3680
8525,30047,8,0x3674f3c0
8526,30389,8,0x367eb100
8527,28965,8,0x36886e40
8528,30924,8,0x36922b80
8529,29843,8,0x369be8c0
8530,29803,8,0x36a5a600
8531,29000,8,0x36af6340
8532,29551,8,0x36b92080
8533,30070,8,0x36c2ddc0
8534,29146,8,0x36cc9b00
8535,40839,8,0x36d65840
8536,28463,8,0x36e01580
8537,27758,8,0x36e9d2c0
8538,28916,8,0x36f39000
8539,28539,8,0x36fd4d40
8540,27706,8,0x37070a80
8541,30994,8,0x3710c7c0
8542,27539,8,0x371a8500
8543,27583,8,0x37244240
8544,29260,8,0x372dff80
8545,27970,8,0x3737bcc0
8546,28084,8,0x37417a00
8547,27772,8,0x374b3740
8548,28242,8,0x3754f480
8549,28301,8,0x375eb1c0
8550,27575,8,0x37686f00
8551,27647,8,0x37722c40
8552,28478,8,0x377be980
8553,28558,8,0x3785a6c0
8554,27691,8,0x378f6400
8555,27446,8,0x37992140
8556,30084,8,0x37a2de80
8557,28228,8,0x37ac9bc0
8558,27965,8,0x37b65900
8559,27812,8,0x37c01640
8560,28113,8,0x37c9d380
8561,27811,8,0x37d390c0
8562,27905,8,0x37dd4e00
8563,28584,8,0x37e70b40
8564,28016,8,0x37f0c880
8565,28369,8,0x37fa85c0
8566,27708,8,0x38044300
8567,29060,8,0x380e0040
8568,31745,8,0x3817bd80
8569,29239,8,0x38217ac0
8570,28169,8,0x382b3800
8571,28919,8,0x3834f540
8572,27893,8,0x383eb280
8573,30040,8,0x38486fc0
8574,27568,8,0x38522d00
8575,28238,8,0x385bea40
8576,27935,8,0x3865a780
8577,27394,8,0x386f64c0
8578,27400,8,0x38792200
8579,27686,8,0x3882df40
8580,28452,8,0x388c9c80
8581,27705,8,0x389659c0
8582,27095,8,0x38a01700
8583,27447,8,0x38a9d440
8584,30943,8,0x38b39180
8585,29505,8,0x38bd4ec0
8586,28388,8,0x38c70c00
8587,27422,8,0x38d0c940
8588,27771,8,0x38da8680
8589,27896,8,0x38e443c0
8590,27401,8,0x38ee0100
8591,27634,8,0x38f7be40
8592,28254,8,0x39017b80
8593,27482,8,0x390b38c0
8594,36318,8,0x3914f600
8595,28353,8,0x391eb340
8596,28240,8,0x39287080
8597,27350,8,0x39322dc0
8598,28331,8,0x393beb00
8599,28676,8,0x3945a840
8600,29460,8,0x394f6580
8601,28071,8,0x395922c0
8602,33780,8,0x3962e000
8603,29452,8,0x396c9d40
8604,28444,8,0x39765a80
8605,28909,8,0x398017c0
8606,27206,8,0x3989d500
8607,32908,8,0x39939240
8608,28303,8,0x399d4f80
8609,27513,8,0x39a70cc0
8610,28525,8,0x39b0ca00
8611,27639,8,0x39ba8740
8612,28044,8,0x39c44480
8613,27876,8,0x39ce01c0
8614,27467,8,0x39d7bf00
8615,29626,8,0x39e17c40
8616,27871,8,0x39eb3980
8617,27778,8,0x39f4f6c0
8618,28103,8,0x39feb400
8619,27927,8,0x3a087140
8620,27729,8,0x3a122e80
8621,28983,8,0x3a1bebc0
8622,27521,8,0x3a25a900
8623,28329,8,0x3a2f6640
8624,27715,8,0x3a392380
8625,27749,8,0x3a42e0c0
8626,27822,8,0x3a4c9e00
8627,28797,8,0x3a565b40
8628,28056,8,0x3a601880
8629,28014,8,0x3a69d5c0
8630,29264,8,0x3a739300
8631,27593,8,0x3a7d5040
8632,27990,8,0x3a870d80
8633,27868,8,0x3a90cac0
8634,28489,8,0x3a9a8800
8635,29022,8,0x3aa44540
8636,32908,8,0x3aae0280
8637,31517,8,0x3ab7bfc0
8638,27510,8,0x3ac17d00
8639,26990,8,0x3acb3a40
8640,29045,8,0x3ad4f780
8641,27949,8,0x3adeb4c0
8642,28358,8,0x3ae87200
8643,27672,8,0x3af22f40
8644,29561,8,0x3afbec80
8645,28497,8,0x3b05a9c0
8646,30308,8,0x3b0f6700
8647,27485,8,0x3b192440
8648,28386,8,0x3b22e180
8649,28348,8,0x3b2c9ec0
8650,28041,8,0x3b365c00
8651,27894,8,0x3b401940
8652,28113,8,0x3b49d680
8653,27932,8,0x3b5393c0
8654,27656,8,0x3b5d5100
8655,27222,8,0x3b670e40
8656,29029,8,0x3b70cb80
8657,28148,8,0x3b7a88c0
8658,28176,8,0x3b844600
8659,28866,8,0x3b8e0340
8660,28352,8,0x3b97c080
8661,27965,8,0x3ba17dc0
8662,27728,8,0x3bab3b00
8663,27547,8,0x3bb4f840
8664,29403,8,0x3bbeb580
8665,28045,8,0x3bc872c0
8666,27858,8,0x3bd23000
8667,28252,8,0x3bdbed40
8668,28106,8,0x3be5aa80
8669,27422,8,0x3bef67c0
8670,33628,8,0x3bf92500
8671,29696,8,0x3c02e240
8672,28019,8,0x3c0c9f80
8673,27510,8,0x3c165cc0
8674,28739,8,0x3c201a00
8675,28073,8,0x3c29d740
8676,29182,8,0x3c339480
8677,27856,8,0x3c3d51c0
8678,26745,8,0x3c470f00
8679,28439,8,0x3c50cc40
8680,28174,8,0x3c5a8980
8681,28145,8,0x3c6446c0
8682,27181,8,0x3c6e0400
8683,29048,8,0x3c77c140
8684,28174,8,0x3c817e80
8685,27761,8,0x3c8b3bc0
8686,27024,8,0x3c94f900
8687,28212,8,0x3c9eb640
8688,28429,8,0x3ca87380
8689,29283,8,0x3cb230c0
8690,26814,8,0x3cbbee00
8691,29082,8,0x3cc5ab40
8692,28175,8,0x3ccf6880
8693,27631,8,0x3cd925c0
8694,27624,8,0x3ce2e300
8695,28934,8,0x3ceca040
8696,27744,8,0x3cf65d80
8697,29689,8,0x3d001ac0
8698,27803,8,0x3d09d800
8699,28694,8,0x3d139540
8700,28113,8,0x3d1d5280
8701,29209,8,0x3d270fc0
8702,27392,8,0x3d30cd00
8703,29071,8,0x3d3a8a40
8704,34628,8,0x3d444780
8705,30281,8,0x3d4e04c0
8706,27781,8,0x3d57c200
8707,28757,8,0x3d617f40
8708,29902,8,0x3d6b3c80
8709,27138,8,0x3d74f9c0
8710,27282,8,0x3d7eb700
8711,28504,8,0x3d887440
8712,27183,8,0x3d923180
8713,28155,8,0x3d9beec0
8714,28118,8,0x3da5ac00
8715,28546,8,0x3daf6940
8716,27832,8,0x3db92680
8717,27202,8,0x3dc2e3c0
8718,28871,8,0x3dcca100
8719,28107,8,0x3dd65e40
8720,28099,8,0x3de01b80
8721,28297,8,0x3de9d8c0
8722,27566,8,0x3df39600
8723,28996,8,0x3dfd5340
8724,27846,8,0x3e071080
8725,27313,8,0x3e10cdc0
8726,27149,8,0x3e1a8b00
8727,28683,8,0x3e244840
8728,28156,8,0x3e2e0580
8729,34365,8,0x3e37c2c0
8730,28996,8,0x3e418000
8731,28053,8,0x3e4b3d40
8732,28033,8,0x3e54fa80
8733,29147,8,0x3e5eb7c0
8734,28269,8,0x3e687500
8735,28542,8,0x3e723240
8736,29095,8,0x3e7bef80
8737,27884,8,0x3e85acc0
8738,33477,8,0x3e8f6a00
8739,29921,8,0x3e992740
8740,28269,8,0x3ea2e480
8741,27712,8,0x3eaca1c0
8742,27704,8,0x3eb65f00
8743,28901,8,0x3ec01c40
8744,28215,8,0x3ec9d980
8745,27846,8,0x3ed396c0
8746,27272,8,0x3edd5400
8747,28323,8,0x3ee71140
8748,29440,8,0x3ef0ce80
8749,27308,8,0x3efa8bc0
8750,28107,8,0x3f044900
8751,29215,8,0x3f0e0640
8752,27737,8,0x3f17c380
8753,27195,8,0x3f2180c0
8754,28115,8,0x3f2b3e00
8755,28586,8,0x3f34fb40
8756,28052,8,0x3f3eb880
8757,27074,8,0x3f4875c0
8758,27870,8,0x3f523300
8759,28657,8,0x3f5bf040
8760,28535,8,0x3f65ad80
8761,26707,8,0x3f6f6ac0
8762,27045,8,0x3f792800
8763,30982,8,0x3f82e540
8764,28451,8,0x3f8ca280
8765,29426,8,0x3f965fc0
8766,27529,8,0x3fa01d00
8767,27761,8,0x3fa9da40
8768,27920,8,0x3fb39780
8769,27263,8,0x3fbd54c0
8770,29881,8,0x3fc71200
8771,28596,8,0x3fd0cf40
8772,32714,8,0x3fda8c80
8773,29215,8,0x3fe449c0
8774,27780,8,0x3fee0700
8775,28067,8,0x3ff7c440
8776,31356,8,0x181c0
8777,25975,8,0xb3f00
8778,25890,8,0x14fc40
8779,26666,8,0x1eb980
8780,26909,8,0x2876c0
8781,26496,8,0x323400
8782,25826,8,0x3bf140
8783,26041,8,0x45ae80
8784,25690,8,0x4f6bc0
8785,25443,8,0x592900
8786,25858,8,0x62e640
8787,26112,8,0x6ca380
8788,26985,8,0x7660c0
8789,25992,8,0x801e00
8790,25331,8,0x89db40
8791,26393,8,0x939880
8792,26764,8,0x9d55c0
8793,27854,8,0xa71300
8794,30568,58,0xb0d040
8795,30309,58,0xba8d80
8796,31856,58,0xc44ac0
8797,31008,58,0xce0800
8798,30439,58,0xd7c540
8799,30790,58,0xe18280
8800,30908,58,0xeb3fc0
8801,29679,58,0xf4fd00
8802,28603,58,0xfeba40
8803,31395,58,0x1087780
8804,29912,58,0x11234c0
8805,29385,58,0x11bf200
8806,33359,58,0x125af40
8807,33702,58,0x12f6c80
8808,29451,58,0x13929c0
8809,30012,58,0x142e700
8810,28090,8,0x14ca440
8811,27092,8,0x1566180
8812,26435,8,0x1601ec0
8813,26944,8,0x169dc00
8814,27798,8,0x1739940
8815,26196,8,0x17d5680
8816,26967,8,0x18713c0
8817,25503,8,0x190d100
8818,25548,8,0x19a8e40
8819,27317,8,0x1a44b80
8820,25690,8,0x1ae08c0
8821,31421,58,0x1b7c600
8822,29986,58,0x1c18340
8823,28780,58,0x1cb4080
8824,30538,58,0x1d4fdc0
8825,28818,58,0x1debb00
8826,29207,58,0x1e87840
8827,30239,58,0x1f23580
8828,28533,58,0x1fbf2c0
8829,33814,58,0x205b000
8830,28297,58,0x20f6d40
8831,28835,58,0x2192a80
8832,29844,58,0x222e7c0
8833,30934,58,0x22ca500
8834,28392,58,0x2366240
8835,29813,58,0x2401f80
8836,30544,58,0x249dcc0
8837,36548,8,0x2539a00
8838,30258,8,0x25d5740
8839,32837,8,0x2671480
8840,29575,8,0x270d1c0
8841,27714,8,0x27a8f00
8842,28308,8,0x2844c40
8843,27889,8,0x28e0980
8844,27731,8,0x297c6c0
8845,29219,8,0x2a18400
8846,28117,8,0x2ab4140
8847,28159,8,0x2b4fe80
8848,28850,8,0x2bebbc0
8849,28583,8,0x2c87900
8850,28790,8,0x2d23640
8851,28902,8,0x2dbf380
8852,28792,8,0x2e5b0c0
8853,30473,8,0x2ef6e00
8854,28418,8,0x2f92b40
8855,29466,8,0x302e880
8856,27305,8,0x30ca5c0
8857,27947,8,0x3166300
8858,28372,8,0x3202040
8859,28937,8,0x329dd80
8860,27892,8,0x3339ac0
8861,28913,8,0x33d5800
8862,28229,8,0x3471540
8863,28822,8,0x350d280
8864,39125,8,0x35a8fc0
8865,29613,8,0x3644d00
8866,29241,8,0x36e0a40
8867,30129,8,0x377c780
8868,28358,8,0x38184c0
8869,29061,8,0x38b4200
8870,28870,8,0x394ff40
8871,28626,8,0x39ebc80
8872,27693,8,0x3a879c0
8873,43515,8,0x3b23700
8874,27230,8,0x3bbf440
8875,26874,8,0x3c5b180
8876,26298,8,0x3cf6ec0
8877,27025,8,0x3d92c00
8878,26883,8,0x3e2e940
8879,27492,8,0x3eca680
8880,25997,8,0x3f663c0
8881,27542,8,0x4002100
8882,29290,8,0x409de40
8883,26681,8,0x4139b80
8884,25985,8,0x41d58c0
8885,27658,8,0x4271600
8886,26878,8,0x430d340
8887,26690,8,0x43a9080
8888,25885,8,0x4444dc0
8889,26933,8,0x44e0b00
8890,26676,8,0x457c840
8891,25984,8,0x4618580
8892,25852,8,0x46b42c0
8893,30119,8,0x4750000
8894,27617,8,0x47ebd40
8895,26442,8,0x4887a80
8896,26161,8,0x49237c0
8897,28319,8,0x49bf500
8898,26602,8,0x4a5b240
8899,26461,8,0x4af6f80
8900,26079,8,0x4b92cc0
8901,27709,8,0x4c2ea00
8902,26360,8,0x4cca740
8903,26736,8,0x4d66480
8904,26206,8,0x4e021c0
8905,26741,8,0x4e9df00
8906,26855,8,0x4f39c40
8907,26219,8,0x4fd5980
8908,32277,8,0x50716c0
8909,27766,8,0x510d400
8910,27070,8,0x51a9140
8911,26806,8,0x5244e80
8912,28032,8,0x52e0bc0
8913,27608,8,0x537c900
8914,25974,8,0x5418640
8915,25850,8,0x54b4380
8916,26087,8,0x55500c0
8917,28217,8,0x55ebe00
8918,26297,8,0x5687b40
8919,25912,8,0x5723880
8920,26803,8,0x57bf5c0
8921,26794,8,0x585b300
8922,26985,8,0x58f7040
8923,26698,8,0x5992d80
8924,26288,8,0x5a2eac0
8925,27206,8,0x5aca800
8926,26211,8,0x5b66540
8927,27622,8,0x5c02280
8928,28408,8,0x5c9dfc0
8929,27246,8,0x5d39d00
8930,26122,8,0x5dd5a40
8931,26300,8,0x5e71780
8932,26624,8,0x5f0d4c0
8933,27711,8,0x5fa9200
8934,26877,8,0x6044f40
8935,25770,8,0x60e0c80
8936,25929,8,0x617c9c0
8937,27886,8,0x6218700
8938,26733,8,0x62b4440
8939,26250,8,0x6350180
8940,26395,8,0x63ebec0
8941,28336,8,0x6487c00
8942,26814,8,0x6523940
8943,27067,8,0x65bf680
8944,32384,8,0x665b3c0
8945,28675,8,0x66f7100
8946,26285,8,0x6792e40
8947,27161,8,0x682eb80
8948,26274,8,0x68ca8c0
8949,27082,8,0x6966600
8950,27692,8,0x6a02340
8951,26822,8,0x6a9e080
8952,25427,8,0x6b39dc0
8953,27039,8,0x6bd5b00
8954,26484,8,0x6c71840
8955,28819,8,0x6d0d580
8956,27620,8,0x6da92c0
8957,27238,8,0x6e45000
8958,27280,8,0x6ee0d40
8959,26587,8,0x6f7ca80
8960,25641,8,0x70187c0
8961,26924,8,0x70b4500
8962,26628,8,0x7150240
8963,25949,8,0x71ebf80
8964,25648,8,0x7287cc0
8965,28253,8,0x7323a00
8966,27786,8,0x73bf740
8967,27402,8,0x745b480
8968,25697,8,0x74f71c0
8969,27352,8,0x7592f00
8970,26755,8,0x762ec40
8971,27585,8,0x76ca980
8972,26004,8,0x77666c0
8973,26937,8,0x7802400
8974,26735,8,0x789e140
8975,27028,8,0x7939e80
8976,25674,8,0x79d5bc0
8977,26433,8,0x7a71900
8978,26508,8,0x7b0d640
8979,25748,8,0x7ba9380
8980,32273,8,0x7c450c0
8981,28197,8,0x7ce0e00
8982,26903,8,0x7d7cb40
8983,25791,8,0x7e18880
8984,26195,8,0x7eb45c0
8985,27161,8,0x7f50300
8986,29083,8,0x7fec040
8987,26134,8,0x8087d80
8988,26336,8,0x8123ac0
8989,27220,8,0x81bf800
8990,27020,8,0x825b540
8991,26214,8,0x82f7280
8992,27490,8,0x8392fc0
8993,27910,8,0x842ed00
8994,26338,8,0x84caa40
8995,26762,8,0x8566780
8996,26219,8,0x86024c0
8997,27825,8,0x869e200
8998,27208,8,0x8739f40
8999,26269,8,0x87d5c80
9000,27031,8,0x88719c0
9001,27814,8,0x890d700
9002,26743,8,0x89a9440
9003,26405,8,0x8a45180
9004,26328,8,0x8ae0ec0
9005,27161,8,0x8b7cc00
9006,30802,8,0x8c18940
9007,28700,8,0x8cb4680
9008,26830,8,0x8d503c0
9009,26655,8,0x8dec100
9010,26089,8,0x8e87e40
9011,26509,8,0x8f23b80
9012,26706,8,0x8fbf8c0
9013,27372,8,0x905b600
9014,26397,8,0x90f7340
9015,36977,8,0x9193080
9016,28850,8,0x922edc0
9017,29217,8,0x92cab00
9018,25521,8,0x9366840
9019,26453,8,0x9402580
9020,26755,8,0x949e2c0
9021,27335,8,0x953a000
9022,26726,8,0x95d5d40
9023,27169,8,0x9671a80
9024,27683,8,0x970d7c0
9025,26930,8,0x97a9500
9026,26163,8,0x9845240
9027,26500,8,0x98e0f80
9028,27824,8,0x997ccc0
9029,27380,8,0x9a18a00
9030,27736,8,0x9ab4740
9031,26455,8,0x9b50480
9032,27464,8,0x9bec1c0
9033,26193,8,0x9c87f00
9034,25886,8,0x9d23c40
9035,27654,8,0x9dbf980
9036,28780,8,0x9e5b6c0
9037,28060,8,0x9ef7400
9038,27986,8,0x9f93140
9039,26670,8,0xa02ee80
9040,27098,8,0xa0cabc0
9041,26783,8,0xa166900
9042,26161,8,0xa202640
9043,27188,8,0xa29e380
9044,26918,8,0xa33a0c0
9045,28999,8,0xa3d5e00
9046,27058,8,0xa471b40
9047,26806,8,0xa50d880
9048,27394,8,0xa5a95c0
9049,26491,8,0xa645300
9050,28157,8,0xa6e1040
9051,28664,8,0xa77cd80
9052,27562,8,0xa818ac0
9053,27371,8,0xa8b4800
9054,27353,8,0xa950540
9055,27615,8,0xa9ec280
9056,28926,8,0xaa87fc0
9057,27452,8,0xab23d00
9058,26075,8,0xabbfa40
9059,27494,8,0xac5b780
9060,26749,8,0xacf74c0
9061,27580,8,0xad93200
9062,26244,8,0xae2ef40
9063,26418,8,0xaecac80
9064,26541,8,0xaf669c0
9065,27041,8,0xb002700
9066,25874,8,0xb09e440
9067,26301,8,0xb13a180
9068,27226,8,0xb1d5ec0
9069,27500,8,0xb271c00
9070,26458,8,0xb30d940
9071,26373,8,0xb3a9680
9072,26488,8,0xb4453c0
9073,27434,8,0xb4e1100
9074,28300,8,0xb57ce40
9075,26200,8,0xb618b80
9076,26811,8,0xb6b48c0
9077,28050,8,0xb750600
9078,26448,8,0xb7ec340
9079,30358,8,0xb888080
9080,26862,8,0xb923dc0
9081,27694,8,0xb9bfb00
9082,26682,8,0xba5b840
9083,26469,8,0xbaf7580
9084,26297,8,0xbb932c0
9085,27369,8,0xbc2f000
9086,33928,8,0xbccad40
9087,27575,8,0xbd66a80
9088,27169,8,0xbe027c0
9089,28937,8,0xbe9e500
9090,26235,8,0xbf3a240
9091,27077,8,0xbfd5f80
9092,26477,8,0xc071cc0
9093,28324,8,0xc10da00
9094,27108,8,0xc1a9740
9095,26464,8,0xc245480
9096,26938,8,0xc2e11c0
9097,27420,8,0xc37cf00
9098,25620,8,0xc418c40
9099,26544,8,0xc4b4980
9100,27206,8,0xc5506c0
9101,27241,8,0xc5ec400
9102,27564,8,0xc688140
9103,26428,8,0xc723e80
9104,28910,8,0xc7bfbc0
9105,27133,8,0xc85b900
9106,25740,8,0xc8f7640
9107,26178,8,0xc993380
9108,27083,8,0xca2f0c0
9109,27458,8,0xcacae00
9110,26605,8,0xcb66b40
9111,26299,8,0xcc02880
9112,28344,8,0xcc9e5c0
9113,27282,8,0xcd3a300
9114,25982,8,0xcdd6040
9115,26169,8,0xce71d80
9116,26312,8,0xcf0dac0
9117,28348,8,0xcfa9800
9118,27268,8,0xd045540
9119,28252,8,0xd0e1280
9120,29604,8,0xd17cfc0
9121,29414,8,0xd218d00
9122,29637,8,0xd2b4a40
9123,26711,8,0xd350780
9124,27288,8,0xd3ec4c0
9125,27998,8,0xd488200
9126,26606,8,0xd523f40
9127,26319,8,0xd5bfc80
9128,26713,8,0xd65b9c0
9129,28120,8,0xd6f7700
9130,26074,8,0xd793440
9131,26866,8,0xd82f180
9132,26913,8,0xd8caec0
9133,28488,8,0xd966c00
9134,28348,8,0xda02940
9135,26939,8,0xda9e680
9136,27083,8,0xdb3a3c0
9137,27867,8,0xdbd6100
9138,25774,8,0xdc71e40
9139,26846,8,0xdd0db80
9140,27543,8,0xdda98c0
9141,31056,8,0xde45600
9142,26972,8,0xdee1340
9143,27104,8,0xdf7d080
9144,28221,8,0xe018dc0
9145,27100,8,0xe0b4b00
9146,25988,8,0xe150840
9147,26327,8,0xe1ec580
9148,37254,8,0xe2882c0
9149,27850,8,0xe324000
9150,26941,8,0xe3bfd40
9151,26655,8,0xe45ba80
9152,27431,8,0xe4f77c0
9153,27050,8,0xe593500
9154,26928,8,0xe62f240
9155,26060,8,0xe6caf80
9156,26501,8,0xe766cc0
9157,32038,8,0xe802a00
9158,27198,8,0xe89e740
9159,26514,8,0xe93a480
9160,27844,8,0xe9d61c0
9161,26441,8,0xea71f00
9162,26727,8,0xeb0dc40
9163,28000,8,0xeba9980
9164,26290,8,0xec456c0
9165,27819,8,0xece1400
9166,27058,8,0xed7d140
9167,27142,8,0xee18e80
9168,26608,8,0xeeb4bc0
9169,26559,8,0xef50900
9170,26846,8,0xefec640
9171,27486,8,0xf088380
9172,26119,8,0xf1240c0
9173,27753,8,0xf1bfe00
9174,27499,8,0xf25bb40
9175,26403,8,0xf2f7880
9176,26488,8,0xf3935c0
9177,26884,8,0xf42f300
9178,152901,8,0xf4cb040
9179,84008,8,0xf566d80
9180,65547,8,0xf602ac0
9181,68566,8,0xf69e800
9182,76772,8,0xf73a540
9183,92242,8,0xf7d6280
9184,99487,8,0xf871fc0
9185,57244,8,0xf90dd00
9186,51542,8,0xf9a9a40
9187,49938,8,0xfa45780
9188,51195,8,0xfae14c0
9189,51595,8,0xfb7d200
9190,52613,8,0xfc18f40
9191,51497,8,0xfcb4c80
9192,50019,8,0xfd509c0
9193,52735,8,0xfdec700
9194,91461,8,0xfe88440
9195,60285,8,0xff24180
9196,57689,8,0xffbfec0
9197,58563,8,0x1005bc00
9198,57055,8,0x100f7940
9199,56574,8,0x10193680
9200,58519,8,0x1022f3c0
9201,56699,8,0x102cb100
9202,57187,8,0x10366e40
9203,64326,8,0x10402b80
9204,52342,8,0x1049e8c0
9205,54204,8,0x1053a600
9206,52243,8,0x105d6340
9207,51511,8,0x10672080
9208,53970,8,0x1070ddc0
9209,58538,8,0x107a9b00
9210,54602,8,0x10845840
9211,49669,8,0x108e1580
9212,40814,8,0x1097d2c0
9213,41949,8,0x10a19000
9214,39137,8,0x10ab4d40
9215,51850,8,0x10b50a80
9216,42971,8,0x10bec7c0
9217,38898,8,0x10c88500
9218,38327,8,0x10d24240
9219,38285,8,0x10dbff80
9220,37787,8,0x10e5bcc0
9221,39396,8,0x10ef7a00
9222,38102,8,0x10f93740
9223,38240,8,0x1102f480
9224,39834,8,0x110cb1c0
9225,36783,8,0x11166f00
9226,37149,8,0x11202c40
9227,36150,8,0x1129e980
9228,35965,8,0x1133a6c0
9229,38666,8,0x113d6400
9230,37191,8,0x11472140
9231,36504,8,0x1150de80
9232,37717,8,0x115a9bc0
9233,36441,8,0x11645900
9234,45616,8,0x116e1640
9235,45305,8,0x1177d380
9236,35561,8,0x118190c0
9237,37509,8,0x118b4e00
9238,36046,8,0x11950b40
9239,40533,8,0x119ec880
9240,35872,8,0x11a885c0
9241,36377,8,0x11b24300
9242,38244,8,0x11bc0040
9243,36942,8,0x11c5bd80
9244,35686,8,0x11cf7ac0
9245,37258,8,0x11d93800
9246,36748,8,0x11e2f540
9247,36543,8,0x11ecb280
9248,40799,8,0x11f66fc0
9249,37342,8,0x12002d00
9250,36677,8,0x1209ea40
9251,36803,8,0x1213a780
9252,36858,8,0x121d64c0
9253,39917,8,0x12272200
9254,35908,8,0x1230df40
9255,37502,8,0x123a9c80
9256,36136,8,0x124459c0
9257,36359,8,0x124e1700
9258,36904,8,0x1257d440
9259,36265,8,0x12619180
9260,36044,8,0x126b4ec0
9261,37235,8,0x12750c00
9262,37016,8,0x127ec940
9263,36977,8,0x12888680
9264,36028,8,0x129243c0
9265,40377,8,0x129c0100
9266,36782,8,0x12a5be40
9267,36148,8,0x12af7b80
9268,38836,8,0x12b938c0
9269,37408,8,0x12c2f600
9270,36508,8,0x12ccb340
9271,37492,8,0x12d67080
9272,35844,8,0x12e02dc0
9273,37339,8,0x12e9eb00
9274,36641,8,0x12f3a840
9275,36340,8,0x12fd6580
9276,37521,8,0x130722c0
9277,36668,8,0x1310e000
9278,35472,8,0x131a9d40
9279,36836,8,0x13245a80
9280,36379,8,0x132e17c0
9281,35928,8,0x1337d500
9282,36689,8,0x13419240
9283,40252,8,0x134b4f80
9284,36343,8,0x13550cc0
9285,38218,8,0x135eca00
9286,35835,8,0x13688740
9287,36767,8,0x13724480
9288,36155,8,0x137c01c0
9289,37143,8,0x1385bf00
9290,37016,8,0x138f7c40
9291,35691,8,0x13993980
9292,36207,8,0x13a2f6c0
9293,37121,8,0x13acb400
9294,35561,8,0x13b67140
9295,36464,8,0x13c02e80
9296,36792,8,0x13c9ebc0
9297,36669,8,0x13d3a900
9298,39310,8,0x13dd6640
9299,35749,8,0x13e72380
9300,36163,8,0x13f0e0c0
9301,36909,8,0x13fa9e00
9302,35904,8,0x14045b40
9303,36510,8,0x140e1880
9304,36642,8,0x1417d5c0
9305,55354,8,0x14219300
9306,37146,8,0x142b5040
9307,36120,8,0x14350d80
9308,37262,8,0x143ecac0
9309,37541,8,0x14488800
9310,35753,8,0x14524540
9311,36957,8,0x145c0280
9312,44279,8,0x1465bfc0
9313,38904,8,0x146f7d00
9314,35780,8,0x14793a40
9315,35915,8,0x1482f780
9316,37467,8,0x148cb4c0
9317,37448,8,0x14967200
9318,37434,8,0x14a02f40
9319,36940,8,0x14a9ec80
9320,35561,8,0x14b3a9c0
9321,36734,8,0x14bd6700
9322,36915,8,0x14c72440
9323,36301,8,0x14d0e180
9324,36365,8,0x14da9ec0
9325,37627,8,0x14e45c00
9326,35789,8,0x14ee1940
9327,44363,8,0x14f7d680
9328,37547,8,0x150193c0
9329,36538,8,0x150b5100
9330,35986,8,0x15150e40
9331,37096,8,0x151ecb80
9332,36248,8,0x152888c0
9333,37976,8,0x15324600
9334,38547,8,0x153c0340
9335,36027,8,0x1545c080
9336,35295,8,0x154f7dc0
9337,36930,8,0x15593b00
9338,37382,8,0x1562f840
9339,36769,8,0x156cb580
9340,46640,8,0x157672c0
9341,45592,8,0x15803000
9342,41760,8,0x1589ed40
9343,37561,8,0x1593aa80
9344,35787,8,0x159d67c0
9345,38009,8,0x15a72500
9346,36939,8,0x15b0e240
9347,35940,8,0x15ba9f80
9348,36863,8,0x15c45cc0
9349,37861,8,0x15ce1a00
9350,37054,8,0x15d7d740
9351,36768,8,0x15e19480
9352,38008,8,0x15eb51c0
9353,37981,8,0x15f50f00
9354,36084,8,0x15fecc40
9355,35684,8,0x16088980
9356,37622,8,0x161246c0
9357,40804,8,0x161c0400
9358,36246,8,0x1625c140
9359,35789,8,0x162f7e80
9360,35995,8,0x16393bc0
9361,37444,8,0x1642f900
9362,35764,8,0x164cb640
9363,35496,8,0x16567380
9364,39862,8,0x166030c0
9365,38935,8,0x1669ee00
9366,38701,8,0x1673ab40
9367,38011,8,0x167d6880
9368,36847,8,0x168725c0
9369,38816,8,0x1690e300
9370,37873,8,0x169aa040
9371,38228,8,0x16a45d80
9372,41698,8,0x16ae1ac0
9373,37025,8,0x16b7d800
9374,36415,8,0x16c19540
9375,36624,8,0x16cb5280
9376,39194,8,0x16d50fc0
9377,36886,8,0x16decd00
9378,36319,8,0x16e88a40
9379,36759,8,0x16f24780
9380,37829,8,0x16fc04c0
9381,37053,8,0x1705c200
9382,36647,8,0x170f7f40
9383,36548,8,0x17193c80
9384,36359,8,0x1722f9c0
9385,38652,8,0x172cb700
9386,39819,8,0x17367440
9387,36767,8,0x17403180
9388,37745,8,0x1749eec0
9389,41238,8,0x1753ac00
9390,37231,8,0x175d6940
9391,36166,8,0x17672680
9392,35645,8,0x1770e3c0
9393,36578,8,0x177aa100
9394,36096,8,0x17845e40
9395,36475,8,0x178e1b80
9396,36439,8,0x1797d8c0
9397,37358,8,0x17a19600
9398,36829,8,0x17ab5340
9399,36697,8,0x17b51080
9400,36456,8,0x17becdc0
9401,39902,8,0x17c88b00
9402,36107,8,0x17d24840
9403,37183,8,0x17dc0580
9404,36218,8,0x17e5c2c0
9405,36156,8,0x17ef8000
9406,35852,8,0x17f93d40
9407,36950,8,0x1802fa80
9408,35670,8,0x180cb7c0
9409,36939,8,0x18167500
9410,35714,8,0x18203240
9411,37325,8,0x1829ef80
9412,37192,8,0x1833acc0
9413,37268,8,0x183d6a00
9414,36296,8,0x18472740
9415,37212,8,0x1850e480
9416,39953,8,0x185aa1c0
9417,37396,8,0x18645f00
9418,36139,8,0x186e1c40
9419,37406,8,0x1877d980
9420,36456,8,0x188196c0
9421,36936,8,0x188b5400
9422,36002,8,0x18951140
9423,37072,8,0x189ece80
9424,35623,8,0x18a88bc0
9425,36443,8,0x18b24900
9426,38404,8,0x18bc0640
9427,36765,8,0x18c5c380
9428,36394,8,0x18cf80c0
9429,38550,8,0x18d93e00
9430,37229,8,0x18e2fb40
9431,40497,8,0x18ecb880
9432,36218,8,0x18f675c0
9433,37010,8,0x19003300
9434,35898,8,0x1909f040
9435,38611,8,0x1913ad80
9436,36635,8,0x191d6ac0
9437,36154,8,0x19272800
9438,36231,8,0x1930e540
9439,36722,8,0x193aa280
9440,40425,8,0x19445fc0
9441,36083,8,0x194e1d00
9442,35506,8,0x1957da40
9443,36893,8,0x19619780
9444,45298,8,0x196b54c0
9445,68188,8,0x19751200
9446,40299,8,0x197ecf40
9447,38345,8,0x19888c80
9448,39203,8,0x199249c0
9449,38398,8,0x199c0700
9450,38790,8,0x19a5c440
9451,51310,8,0x19af8180
9452,50280,8,0x19b93ec0
9453,55178,8,0x19c2fc00
9454,48149,8,0x19ccb940
9455,44904,8,0x19d67680
9456,56466,8,0x19e033c0
9457,59490,8,0x19e9f100
9458,53993,8,0x19f3ae40
9459,40766,8,0x19fd6b80
9460,43418,8,0x1a0728c0
9461,40277,8,0x1a10e600
9462,38465,8,0x1a1aa340
9463,38882,8,0x1a246080
9464,37489,8,0x1a2e1dc0
9465,38841,8,0x1a37db00
9466,37282,8,0x1a419840
9467,35848,8,0x1a4b5580
9468,36891,8,0x1a5512c0
9469,37546,8,0x1a5ed000
9470,35875,8,0x1a688d40
9471,37117,8,0x1a724a80
9472,36635,8,0x1a7c07c0
9473,39658,8,0x1a85c500
9474,38997,8,0x1a8f8240
9475,52704,8,0x1a993f80
9476,31911,8,0x1aa2fcc0
9477,32439,8,0x1aacba00
9478,29507,8,0x1ab67740
9479,29740,8,0x1ac03480
9480,30449,8,0x1ac9f1c0
9481,30861,8,0x1ad3af00
9482,30306,8,0x1add6c40
9483,29757,8,0x1ae72980
9484,30431,8,0x1af0e6c0
9485,30177,8,0x1afaa400
9486,28905,8,0x1b046140
9487,30230,8,0x1b0e1e80
9488,30355,8,0x1b17dbc0
9489,31439,8,0x1b219900
9490,31798,8,0x1b2b5640
9491,29308,8,0x1b351380
9492,29917,8,0x1b3ed0c0
9493,30089,8,0x1b488e00
9494,28824,8,0x1b524b40
9495,30009,8,0x1b5c0880
9496,30693,8,0x1b65c5c0
9497,30064,8,0x1b6f8300
9498,30448,8,0x1b794040
9499,30000,8,0x1b82fd80
9500,30307,8,0x1b8cbac0
9501,29663,8,0x1b967800
9502,29794,8,0x1ba03540
9503,29839,8,0x1ba9f280
9504,35094,8,0x1bb3afc0
9505,30604,8,0x1bbd6d00
9506,30585,8,0x1bc72a40
9507,30125,8,0x1bd0e780
9508,30692,8,0x1bdaa4c0
9509,30950,8,0x1be46200
9510,29355,8,0x1bee1f40
9511,29759,8,0x1bf7dc80
9512,30755,8,0x1c0199c0
9513,33997,8,0x1c0b5700
9514,30310,8,0x1c151440
9515,29837,8,0x1c1ed180
9516,31232,8,0x1c288ec0
9517,29888,8,0x1c324c00
9518,29634,8,0x1c3c0940
9519,31990,8,0x1c45c680
9520,29879,8,0x1c4f83c0
9521,30247,8,0x1c594100
9522,30349,8,0x1c62fe40
9523,29258,8,0x1c6cbb80
9524,30544,8,0x1c7678c0
9525,30646,8,0x1c803600
9526,29408,8,0x1c89f340
9527,29542,8,0x1c93b080
9528,30364,8,0x1c9d6dc0
9529,30683,8,0x1ca72b00
9530,29589,8,0x1cb0e840
9531,29421,8,0x1cbaa580
9532,29609,8,0x1cc462c0
9533,30582,8,0x1cce2000
9534,31457,8,0x1cd7dd40
9535,31286,8,0x1ce19a80
9536,29398,8,0x1ceb57c0
9537,31148,8,0x1cf51500
9538,29622,8,0x1cfed240
9539,29313,8,0x1d088f80
9540,30432,8,0x1d124cc0
9541,31418,8,0x1d1c0a00
9542,29604,8,0x1d25c740
9543,29798,8,0x1d2f8480
9544,30016,8,0x1d3941c0
9545,31011,8,0x1d42ff00
9546,30346,8,0x1d4cbc40
9547,30190,8,0x1d567980
9548,30622,8,0x1d6036c0
9549,33259,8,0x1d69f400
9550,29523,8,0x1d73b140
9551,30480,8,0x1d7d6e80
9552,30043,8,0x1d872bc0
9553,31047,8,0x1d90e900
9554,29557,8,0x1d9aa640
9555,29449,8,0x1da46380
9556,30625,8,0x1dae20c0
9557,30526,8,0x1db7de00
9558,29538,8,0x1dc19b40
9559,29595,8,0x1dcb5880
9560,29788,8,0x1dd515c0
9561,59444,8,0x1dded300
9562,50372,8,0x1de89040
9563,29178,8,0x1df24d80
9564,27249,8,0x1dfc0ac0
9565,27633,8,0x1e05c800
9566,25950,8,0x1e0f8540
9567,27271,8,0x1e194280
9568,29939,8,0x1e22ffc0
9569,35318,8,0x1e2cbd00
9570,28123,8,0x1e367a40
9571,100150,8,0x1e403780
9572,50156,8,0x1e49f4c0
9573,48854,8,0x1e53b200
9574,42348,8,0x1e5d6f40
9575,44710,8,0x1e672c80
9576,43757,8,0x1e70e9c0
9577,44624,8,0x1e7aa700
9578,44055,8,0x1e846440
9579,40795,8,0x1e8e2180
9580,39797,8,0x1e97dec0
9581,39385,8,0x1ea19c00
9582,39820,8,0x1eab5940
9583,40275,8,0x1eb51680
9584,39888,8,0x1ebed3c0
9585,45793,8,0x1ec89100
9586,40650,8,0x1ed24e40
9587,40863,8,0x1edc0b80
9588,39923,8,0x1ee5c8c0
9589,39323,8,0x1eef8600
9590,40093,8,0x1ef94340
9591,40712,8,0x1f030080
9592,39215,8,0x1f0cbdc0
9593,40079,8,0x1f167b00
9594,39342,8,0x1f203840
9595,40170,8,0x1f29f580
9596,39460,8,0x1f33b2c0
9597,39206,8,0x1f3d7000
9598,57252,8,0x1f472d40
9599,40740,8,0x1f50ea80
9600,47926,8,0x1f5aa7c0
9601,40763,8,0x1f646500
9602,39126,8,0x1f6e2240
9603,40611,8,0x1f77df80
9604,40149,8,0x1f819cc0
9605,42470,8,0x1f8b5a00
9606,39905,8,0x1f951740
9607,40472,8,0x1f9ed480
9608,39361,8,0x1fa891c0
9609,39956,8,0x1fb24f00
9610,40078,8,0x1fbc0c40
9611,41329,8,0x1fc5c980
9612,38821,8,0x1fcf86c0
9613,39429,8,0x1fd94400
9614,40356,8,0x1fe30140
9615,43951,8,0x1fecbe80
9616,39936,8,0x1ff67bc0
9617,41164,8,0x20003900
9618,38972,8,0x2009f640
9619,40907,8,0x2013b380
9620,40001,8,0x201d70c0
9621,39266,8,0x20272e00
9622,39608,8,0x2030eb40
9623,41226,8,0x203aa880
9624,39156,8,0x204465c0
9625,39756,8,0x204e2300
9626,39196,8,0x2057e040
9627,40479,8,0x20619d80
9628,38866,8,0x206b5ac0
9629,39064,8,0x20751800
9630,42731,8,0x207ed540
9631,40847,8,0x20889280
9632,43689,8,0x20924fc0
9633,40021,8,0x209c0d00
9634,38722,8,0x20a5ca40
9635,40284,8,0x20af8780
9636,39566,8,0x20b944c0
9637,40845,8,0x20c30200
9638,39781,8,0x20ccbf40
9639,39421,8,0x20d67c80
9640,40543,8,0x20e039c0
9641,40280,8,0x20e9f700
9642,39203,8,0x20f3b440
9643,40545,8,0x20fd7180
9644,42949,8,0x21072ec0
9645,38917,8,0x2110ec00
9646,40374,8,0x211aa940
9647,40278,8,0x21246680
9648,40390,8,0x212e23c0
9649,40177,8,0x2137e100
9650,39890,8,0x21419e40
9651,39992,8,0x214b5b80
9652,39804,8,0x215518c0
9653,38885,8,0x215ed600
9654,39649,8,0x21689340
9655,39816,8,0x21725080
9656,40006,8,0x217c0dc0
9657,41132,8,0x2185cb00
9658,47469,8,0x218f8840
9659,45251,8,0x21994580
9660,39986,8,0x21a302c0
9661,40238,8,0x21acc000
9662,42582,8,0x21b67d40
9663,39865,8,0x21c03a80
9664,40046,8,0x21c9f7c0
9665,40539,8,0x21d3b500
9666,39272,8,0x21dd7240
9667,40643,8,0x21e72f80
9668,39159,8,0x21f0ecc0
9669,41287,8,0x21faaa00
9670,39818,8,0x22046740
9671,39408,8,0x220e2480
9672,40299,8,0x2217e1c0
9673,40660,8,0x22219f00
9674,41901,8,0x222b5c40
9675,40519,8,0x22351980
9676,40161,8,0x223ed6c0
9677,41294,8,0x22489400
9678,39390,8,0x22525140
9679,39139,8,0x225c0e80
9680,41013,8,0x2265cbc0
9681,39896,8,0x226f8900
9682,39386,8,0x22794640
9683,40462,8,0x22830380
9684,39990,8,0x228cc0c0
9685,40690,8,0x22967e00
9686,39187,8,0x22a03b40
9687,39872,8,0x22a9f880
9688,40179,8,0x22b3b5c0
9689,43865,8,0x22bd7300
9690,39481,8,0x22c73040
9691,40217,8,0x22d0ed80
9692,38989,8,0x22daaac0
9693,40143,8,0x22e46800
9694,40411,8,0x22ee2540
9695,40151,8,0x22f7e280
9696,44292,8,0x23019fc0
9697,40239,8,0x230b5d00
9698,39508,8,0x23151a40
9699,39383,8,0x231ed780
9700,39729,8,0x232894c0
9701,41004,8,0x23325200
9702,39743,8,0x233c0f40
9703,42524,8,0x2345cc80
9704,40431,8,0x234f89c0
9705,40281,8,0x23594700
9706,41283,8,0x23630440
9707,40942,8,0x236cc180
9708,39464,8,0x23767ec0
9709,40675,8,0x23803c00
9710,40672,8,0x2389f940
9711,40485,8,0x2393b680
9712,39604,8,0x239d73c0
9713,40233,8,0x23a73100
9714,40331,8,0x23b0ee40
9715,39664,8,0x23baab80
9716,38815,8,0x23c468c0
9717,40589,8,0x23ce2600
9718,43085,8,0x23d7e340
9719,40233,8,0x23e1a080
9720,39539,8,0x23eb5dc0
9721,39265,8,0x23f51b00
9722,40255,8,0x23fed840
9723,40466,8,0x24089580
9724,42519,8,0x241252c0
9725,41230,8,0x241c1000
9726,40435,8,0x2425cd40
9727,39248,8,0x242f8a80
9728,39992,8,0x243947c0
9729,39646,8,0x24430500
9730,40425,8,0x244cc240
9731,39501,8,0x24567f80
9732,38302,8,0x24603cc0
9733,45397,8,0x2469fa00
9734,39864,8,0x2473b740
9735,53075,8,0x247d7480
9736,42502,8,0x248731c0
9737,43212,8,0x2490ef00
9738,43268,8,0x249aac40
9739,41400,8,0x24a46980
9740,41113,8,0x24ae26c0
9741,42504,8,0x24b7e400
9742,42886,8,0x24c1a140
9743,42367,8,0x24cb5e80
9744,42354,8,0x24d51bc0
9745,41397,8,0x24ded900
9746,42326,8,0x24e89640
9747,41928,8,0x24f25380
9748,44318,8,0x24fc10c0
9749,42917,8,0x2505ce00
9750,42741,8,0x250f8b40
9751,41949,8,0x25194880
9752,42370,8,0x252305c0
9753,54497,8,0x252cc300
9754,46498,8,0x25368040
9755,42186,8,0x25403d80
9756,41212,8,0x2549fac0
9757,44246,8,0x2553b800
9758,42569,8,0x255d7540
9759,42191,8,0x25673280
9760,45278,8,0x2570efc0
9761,42043,8,0x257aad00
9762,46103,8,0x25846a40
9763,41427,8,0x258e2780
9764,42381,8,0x2597e4c0
9765,44420,8,0x25a1a200
9766,42113,8,0x25ab5f40
9767,42152,8,0x25b51c80
9768,41289,8,0x25bed9c0
9769,42246,8,0x25c89700
9770,43308,8,0x25d25440
9771,42870,8,0x25dc1180
9772,42029,8,0x25e5cec0
9773,43158,8,0x25ef8c00
9774,42405,8,0x25f94940
9775,42916,8,0x26030680
9776,41945,8,0x260cc3c0
9777,46065,8,0x26168100
9778,43350,8,0x26203e40
9779,42547,8,0x2629fb80
9780,42312,8,0x2633b8c0
9781,42554,8,0x263d7600
9782,41210,8,0x26473340
9783,42576,8,0x2650f080
9784,42033,8,0x265aadc0
9785,42581,8,0x26646b00
9786,78426,8,0x266e2840
9787,43438,8,0x2677e580
9788,42786,8,0x2681a2c0
9789,43260,8,0x268b6000
9790,41695,8,0x26951d40
9791,41981,8,0x269eda80
9792,44963,8,0x26a897c0
9793,42833,8,0x26b25500
9794,43892,8,0x26bc1240
9795,42814,8,0x26c5cf80
9796,41702,8,0x26cf8cc0
9797,43903,8,0x26d94a00
9798,42701,8,0x26e30740
9799,42210,8,0x26ecc480
9800,41151,8,0x26f681c0
9801,43359,8,0x27003f00
9802,42289,8,0x2709fc40
9803,41831,8,0x2713b980
9804,43180,8,0x271d76c0
9805,43215,8,0x27273400
9806,43374,8,0x2730f140
9807,45325,8,0x273aae80
9808,40903,8,0x27446bc0
9809,43677,8,0x274e2900
9810,42656,8,0x2757e640
9811,41679,8,0x2761a380
9812,41526,8,0x276b60c0
9813,42764,8,0x27751e00
9814,42156,8,0x277edb40
9815,41789,8,0x27889880
9816,40739,8,0x279255c0
9817,43216,8,0x279c1300
9818,42427,8,0x27a5d040
9819,42262,8,0x27af8d80
9820,41721,8,0x27b94ac0
9821,43673,8,0x27c30800
9822,45525,8,0x27ccc540
9823,40912,8,0x27d68280
9824,61133,8,0x27e03fc0
9825,43427,8,0x27e9fd00
9826,43999,8,0x27f3ba40
9827,42405,8,0x27fd7780
9828,42436,8,0x280734c0
9829,43615,8,0x2810f200
9830,42885,8,0x281aaf40
9831,42016,8,0x28246c80
9832,41147,8,0x282e29c0
9833,43496,8,0x2837e700
9834,42253,8,0x2841a440
9835,42014,8,0x284b6180
9836,44454,8,0x28551ec0
9837,43666,8,0x285edc00
9838,42711,8,0x28689940
9839,42526,8,0x28725680
9840,40914,8,0x287c13c0
9841,43401,8,0x2885d100
9842,41823,8,0x288f8e40
9843,41705,8,0x28994b80
9844,57236,8,0x28a308c0
9845,47555,8,0x28acc600
9846,42413,8,0x28b68340
9847,42156,8,0x28c04080
9848,46064,8,0x28c9fdc0
9849,42591,8,0x28d3bb00
9850,42436,8,0x28dd7840
9851,45768,8,0x28e73580
9852,41736,8,0x28f0f2c0
9853,44045,8,0x28fab000
9854,42895,8,0x29046d40
9855,42045,8,0x290e2a80
9856,42705,8,0x2917e7c0
9857,43619,8,0x2921a500
9858,42406,8,0x292b6240
9859,41403,8,0x29351f80
9860,42268,8,0x293edcc0
9861,43222,8,0x29489a00
9862,42708,8,0x29525740
9863,42034,8,0x295c1480
9864,41820,8,0x2965d1c0
9865,43013,8,0x296f8f00
9866,44519,8,0x29794c40
9867,41587,8,0x29830980
9868,43042,8,0x298cc6c0
9869,42967,8,0x29968400
9870,42770,8,0x29a04140
9871,42423,8,0x29a9fe80
9872,41809,8,0x29b3bbc0
9873,42125,8,0x29bd7900
9874,41849,8,0x29c73640
9875,42516,8,0x29d0f380
9876,43924,8,0x29dab0c0
9877,44323,8,0x29e46e00
9878,41608,8,0x29ee2b40
9879,41496,8,0x29f7e880
9880,43161,8,0x2a01a5c0
9881,46305,8,0x2a0b6300
9882,42811,8,0x2a152040
9883,42521,8,0x2a1edd80
9884,43078,8,0x2a289ac0
9885,42302,8,0x2a325800
9886,42479,8,0x2a3c1540
9887,43102,8,0x2a45d280
9888,47694,8,0x2a4f8fc0
9889,42464,8,0x2a594d00
9890,41599,8,0x2a630a40
9891,43138,8,0x2a6cc780
9892,43227,8,0x2a7684c0
9893,42416,8,0x2a804200
9894,41747,8,0x2a89ff40
9895,44733,8,0x2a93bc80
9896,43691,8,0x2a9d79c0
9897,42314,8,0x2aa73700
9898,42352,8,0x2ab0f440
9899,43228,8,0x2abab180
9900,43426,8,0x2ac46ec0
9901,42041,8,0x2ace2c00
9902,41310,8,0x2ad7e940
9903,40957,8,0x2ae1a680
9904,43097,8,0x2aeb63c0
9905,42892,8,0x2af52100
9906,42573,8,0x2afede40
9907,42869,8,0x2b089b80
9908,41701,8,0x2b1258c0
9909,42999,8,0x2b1c1600
9910,50503,8,0x2b25d340
9911,42060,8,0x2b2f9080
9912,42871,8,0x2b394dc0
9913,43509,8,0x2b430b00
9914,41903,8,0x2b4cc840
9915,42832,8,0x2b568580
9916,43764,8,0x2b6042c0
9917,43839,8,0x2b6a0000
9918,41582,8,0x2b73bd40
9919,41479,8,0x2b7d7a80
9920,42695,8,0x2b8737c0
9921,43138,8,0x2b90f500
9922,42710,8,0x2b9ab240
9923,43301,8,0x2ba46f80
9924,41414,8,0x2bae2cc0
9925,47535,8,0x2bb7ea00
9926,41788,8,0x2bc1a740
9927,41090,8,0x2bcb6480
9928,42365,8,0x2bd521c0
9929,43502,8,0x2bdedf00
9930,41870,8,0x2be89c40
9931,42071,8,0x2bf25980
9932,42525,8,0x2bfc16c0
9933,43039,8,0x2c05d400
9934,42002,8,0x2c0f9140
9935,56385,8,0x2c194e80
9936,43254,8,0x2c230bc0
9937,42671,8,0x2c2cc900
9938,41944,8,0x2c368640
9939,42461,8,0x2c404380
9940,46329,8,0x2c4a00c0
9941,43967,8,0x2c53be00
9942,42209,8,0x2c5d7b40
9943,42615,8,0x2c673880
9944,43464,8,0x2c70f5c0
9945,42356,8,0x2c7ab300
9946,42868,8,0x2c847040
9947,42493,8,0x2c8e2d80
9948,42536,8,0x2c97eac0
9949,43856,8,0x2ca1a800
9950,42268,8,0x2cab6540
9951,40902,8,0x2cb52280
9952,47577,8,0x2cbedfc0
9953,42676,8,0x2cc89d00
9954,44880,8,0x2cd25a40
9955,42417,8,0x2cdc1780
9956,43727,8,0x2ce5d4c0
9957,45175,8,0x2cef9200
9958,43046,8,0x2cf94f40
9959,42612,8,0x2d030c80
9960,43128,8,0x2d0cc9c0
9961,42722,8,0x2d168700
9962,42885,8,0x2d204440
9963,42705,8,0x2d2a0180
9964,43369,8,0x2d33bec0
9965,42943,8,0x2d3d7c00
9966,41813,8,0x2d473940
9967,43633,8,0x2d50f680
9968,43995,8,0x2d5ab3c0
9969,45731,8,0x2d647100
9970,43353,8,0x2d6e2e40
9971,42376,8,0x2d77eb80
9972,46593,8,0x2d81a8c0
9973,43572,8,0x2d8b6600
9974,42708,8,0x2d952340
9975,42186,8,0x2d9ee080
9976,42375,8,0x2da89dc0
9977,42331,8,0x2db25b00
9978,42622,8,0x2dbc1840
9979,42985,8,0x2dc5d580
9980,42699,8,0x2dcf92c0
9981,43100,8,0x2dd95000
9982,57632,8,0x2de30d40
9983,38605,8,0x2decca80
9984,40548,8,0x2df687c0
9985,38321,8,0x2e004500
9986,37958,8,0x2e0a0240
9987,38035,8,0x2e13bf80
9988,37348,8,0x2e1d7cc0
9989,39709,8,0x2e273a00
9990,37711,8,0x2e30f740
9991,38072,8,0x2e3ab480
9992,37554,8,0x2e4471c0
9993,38350,8,0x2e4e2f00
9994,38018,8,0x2e57ec40
9995,37938,8,0x2e61a980
9996,37919,8,0x2e6b66c0
9997,38966,8,0x2e752400
9998,37957,8,0x2e7ee140
9999,40085,8,0x2e889e80
10000,38559,8,0x2e925bc0
10001,39188,8,0x2e9c1900
10002,39076,8,0x2ea5d640
10003,38035,8,0x2eaf9380
10004,37940,8,0x2eb950c0
10005,38933,8,0x2ec30e00
10006,37570,8,0x2ecccb40
10007,37138,8,0x2ed68880
10008,38051,8,0x2ee045c0
10009,38585,8,0x2eea0300
10010,37686,8,0x2ef3c040
10011,37605,8,0x2efd7d80
10012,38935,8,0x2f073ac0
10013,38867,8,0x2f10f800
10014,39542,8,0x2f1ab540
10015,37935,8,0x2f247280
10016,42105,8,0x2f2e2fc0
10017,38518,8,0x2f37ed00
10018,38047,8,0x2f41aa40
10019,37793,8,0x2f4b6780
10020,38469,8,0x2f5524c0
10021,39281,8,0x2f5ee200
10022,37548,8,0x2f689f40
10023,37859,8,0x2f725c80
10024,39773,8,0x2f7c19c0
10025,38930,8,0x2f85d700
10026,38933,8,0x2f8f9440
10027,37250,8,0x2f995180
10028,41448,8,0x2fa30ec0
10029,38871,8,0x2faccc00
10030,51237,8,0x2fb68940
10031,61893,8,0x2fc04680
10032,39338,8,0x2fca03c0
10033,38451,8,0x2fd3c100
10034,41027,8,0x2fdd7e40
10035,40016,8,0x2fe73b80
10036,49790,8,0x2ff0f8c0
10037,40479,8,0x2ffab600
10038,37654,8,0x30047340
10039,37758,8,0x300e3080
10040,38153,8,0x3017edc0
10041,37461,8,0x3021ab00
10042,36559,8,0x302b6840
10043,39398,8,0x30352580
10044,38433,8,0x303ee2c0
10045,40375,8,0x3048a000
10046,37316,8,0x30525d40
10047,38555,8,0x305c1a80
10048,37712,8,0x3065d7c0
10049,37645,8,0x306f9500
10050,36660,8,0x30795240
10051,38292,8,0x30830f80
10052,38161,8,0x308cccc0
10053,38726,8,0x30968a00
10054,36750,8,0x30a04740
10055,38510,8,0x30aa0480
10056,37541,8,0x30b3c1c0
10057,37759,8,0x30bd7f00
10058,39399,8,0x30c73c40
10059,40386,8,0x30d0f980
10060,44179,8,0x30dab6c0
10061,39503,8,0x30e47400
10062,37700,8,0x30ee3140
10063,38676,8,0x30f7ee80
10064,38331,8,0x3101abc0
10065,37905,8,0x310b6900
10066,37868,8,0x31152640
10067,55527,8,0x311ee380
10068,39111,8,0x3128a0c0
10069,37907,8,0x31325e00
10070,37067,8,0x313c1b40
10071,38532,8,0x3145d880
10072,38529,8,0x314f95c0
10073,41044,8,0x31595300
10074,36791,8,0x31631040
10075,38156,8,0x316ccd80
10076,37547,8,0x31768ac0
10077,37668,8,0x31804800
10078,37233,8,0x318a0540
10079,39615,8,0x3193c280
10080,41179,8,0x319d7fc0
10081,37993,8,0x31a73d00
10082,37955,8,0x31b0fa40
10083,37843,8,0x31bab780
10084,41732,8,0x31c474c0
10085,44132,8,0x31ce3200
10086,38347,8,0x31d7ef40
10087,41407,8,0x31e1ac80
10088,37595,8,0x31eb69c0
10089,38785,8,0x31f52700
10090,37596,8,0x31fee440
10091,38736,8,0x3208a180
10092,37621,8,0x32125ec0
10093,37506,8,0x321c1c00
10094,38437,8,0x3225d940
10095,40070,8,0x322f9680
10096,41089,8,0x323953c0
10097,38458,8,0x32431100
10098,38387,8,0x324cce40
10099,37931,8,0x32568b80
10100,37580,8,0x326048c0
10101,38250,8,0x326a0600
10102,40060,8,0x3273c340
10103,38357,8,0x327d8080
10104,37241,8,0x32873dc0
10105,39937,8,0x3290fb00
10106,37676,8,0x329ab840
10107,38319,8,0x32a47580
10108,38063,8,0x32ae32c0
10109,40338,8,0x32b7f000
10110,44369,8,0x32c1ad40
10111,39583,8,0x32cb6a80
10112,37454,8,0x32d527c0
10113,38545,8,0x32dee500
10114,38211,8,0x32e8a240
10115,37767,8,0x32f25f80
10116,37567,8,0x32fc1cc0
10117,42628,8,0x3305da00
10118,37661,8,0x330f9740
10119,38337,8,0x33195480
10120,37274,8,0x332311c0
10121,39297,8,0x332ccf00
10122,37334,8,0x33368c40
10123,38680,8,0x33404980
10124,38047,8,0x334a06c0
10125,37635,8,0x3353c400
10126,37166,8,0x335d8140
10127,38392,8,0x33673e80
10128,60954,8,0x3370fbc0
10129,39394,8,0x337ab900
10130,38319,8,0x33847640
10131,38128,8,0x338e3380
10132,39652,8,0x3397f0c0
10133,37338,8,0x33a1ae00
10134,44619,8,0x33ab6b40
10135,41519,8,0x33b52880
10136,38182,8,0x33bee5c0
10137,38500,8,0x33c8a300
10138,37454,8,0x33d26040
10139,37803,8,0x33dc1d80
10140,38175,8,0x33e5dac0
10141,38421,8,0x33ef9800
10142,38660,8,0x33f95540
10143,39508,8,0x34031280
10144,41648,8,0x340ccfc0
10145,38292,8,0x34168d00
10146,40480,8,0x34204a40
10147,38949,8,0x342a0780
10148,38426,8,0x3433c4c0
10149,37896,8,0x343d8200
10150,38066,8,0x34473f40
10151,37603,8,0x3450fc80
10152,39039,8,0x345ab9c0
10153,38425,8,0x34647700
10154,38063,8,0x346e3440
10155,38805,8,0x3477f180
10156,37508,8,0x3481aec0
10157,37304,8,0x348b6c00
10158,41096,8,0x34952940
10159,44695,8,0x349ee680
10160,40606,8,0x34a8a3c0
10161,40818,8,0x34b26100
10162,37714,8,0x34bc1e40
10163,39016,8,0x34c5db80
10164,38133,8,0x34cf98c0
10165,38568,8,0x34d95600
10166,37797,8,0x34e31340
10167,37791,8,0x34ecd080
10168,38006,8,0x34f68dc0
10169,38310,8,0x35004b00
10170,37222,8,0x350a0840
10171,38920,8,0x3513c580
10172,37942,8,0x351d82c0
10173,38471,8,0x35274000
10174,37781,8,0x3530fd40
10175,38191,8,0x353aba80
10176,41636,8,0x354477c0
10177,38948,8,0x354e3500
10178,37215,8,0x3557f240
10179,38370,8,0x3561af80
10180,37972,8,0x356b6cc0
10181,38090,8,0x35752a00
10182,37871,8,0x357ee740
10183,38925,8,0x3588a480
10184,41263,8,0x359261c0
10185,42280,8,0x359c1f00
10186,37885,8,0x35a5dc40
10187,39115,8,0x35af9980
10188,38065,8,0x35b956c0
10189,37365,8,0x35c31400
10190,37337,8,0x35ccd140
10191,40585,8,0x35d68e80
10192,37876,8,0x35e04bc0
10193,37728,8,0x35ea0900
10194,36816,8,0x35f3c640
10195,38573,8,0x35fd8380
10196,37844,8,0x360740c0
10197,38863,8,0x3610fe00
10198,38015,8,0x361abb40
10199,38316,8,0x36247880
10200,38128,8,0x362e35c0
10201,38226,8,0x3637f300
10202,37454,8,0x3641b040
10203,39262,8,0x364b6d80
10204,38076,8,0x36552ac0
10205,37533,8,0x365ee800
10206,40022,8,0x3668a540
10207,38479,8,0x36726280
10208,43016,8,0x367c1fc0
10209,46114,8,0x3685dd00
10210,46160,8,0x368f9a40
10211,44046,8,0x36995780
10212,39343,8,0x36a314c0
10213,38443,8,0x36acd200
10214,39338,8,0x36b68f40
10215,38194,8,0x36c04c80
10216,38449,8,0x36ca09c0
10217,38068,8,0x36d3c700
10218,37980,8,0x36dd8440
10219,37978,8,0x36e74180
10220,42814,8,0x36f0fec0
10221,38449,8,0x36fabc00
10222,38408,8,0x37047940
10223,37471,8,0x370e3680
10224,37491,8,0x3717f3c0
10225,38213,8,0x3721b100
10226,48820,8,0x372b6e40
10227,47730,8,0x37352b80
10228,40328,8,0x373ee8c0
10229,39455,8,0x3748a600
10230,38381,8,0x37526340
10231,48731,8,0x375c2080
10232,34051,8,0x3765ddc0
10233,35326,8,0x376f9b00
10234,35861,8,0x37795840
10235,36742,8,0x37831580
10236,34900,8,0x378cd2c0
10237,35701,8,0x37969000
10238,36265,8,0x37a04d40
10239,34241,8,0x37aa0a80
10240,34298,8,0x37b3c7c0
10241,34310,8,0x37bd8500
10242,34922,8,0x37c74240
10243,35588,8,0x37d0ff80
10244,35374,8,0x37dabcc0
10245,37150,8,0x37e47a00
10246,34450,8,0x37ee3740
10247,34770,8,0x37f7f480
10248,34654,8,0x3801b1c0
10249,34745,8,0x380b6f00
10250,36891,8,0x38152c40
10251,35268,8,0x381ee980
10252,35270,8,0x3828a6c0
10253,35483,8,0x38326400
10254,35159,8,0x383c2140
10255,34177,8,0x3845de80
10256,34630,8,0x384f9bc0
10257,35165,8,0x38595900
10258,35113,8,0x38631640
10259,35590,8,0x386cd380
10260,34853,8,0x387690c0
10261,35759,8,0x38804e00
10262,35893,8,0x388a0b40
10263,34977,8,0x3893c880
10264,34721,8,0x389d85c0
10265,35913,8,0x38a74300
10266,35632,8,0x38b10040
10267,36271,8,0x38babd80
10268,35931,8,0x38c47ac0
10269,34949,8,0x38ce3800
10270,35291,8,0x38d7f540
10271,35026,8,0x38e1b280
10272,36778,8,0x38eb6fc0
10273,35369,8,0x38f52d00
10274,35564,8,0x38feea40
10275,34889,8,0x3908a780
10276,34057,8,0x391264c0
10277,36058,8,0x391c2200
10278,35300,8,0x3925df40
10279,36682,8,0x392f9c80
10280,34109,8,0x393959c0
10281,34167,8,0x39431700
10282,38711,8,0x394cd440
10283,35600,8,0x39569180
10284,34329,8,0x39604ec0
10285,35730,8,0x396a0c00
10286,35710,8,0x3973c940
10287,34730,8,0x397d8680
10288,34565,8,0x398743c0
10289,34357,8,0x39910100
10290,35718,8,0x399abe40
10291,35624,8,0x39a47b80
10292,34026,8,0x39ae38c0
10293,35044,8,0x39b7f600
10294,37265,8,0x39c1b340
10295,35067,8,0x39cb7080
10296,35639,8,0x39d52dc0
10297,34505,8,0x39deeb00
10298,35088,8,0x39e8a840
10299,34941,8,0x39f26580
10300,34100,8,0x39fc22c0
10301,35010,8,0x3a05e000
10302,35766,8,0x3a0f9d40
10303,34624,8,0x3a195a80
10304,34798,8,0x3a2317c0
10305,35134,8,0x3a2cd500
10306,35364,8,0x3a369240
10307,35316,8,0x3a404f80
10308,34239,8,0x3a4a0cc0
10309,37458,8,0x3a53ca00
10310,36128,8,0x3a5d8740
10311,35791,8,0x3a674480
10312,35365,8,0x3a7101c0
10313,34572,8,0x3a7abf00
10314,35713,8,0x3a847c40
10315,35294,8,0x3a8e3980
10316,33863,8,0x3a97f6c0
10317,36516,8,0x3aa1b400
10318,35635,8,0x3aab7140
10319,34730,8,0x3ab52e80
10320,35358,8,0x3abeebc0
10321,34676,8,0x3ac8a900
10322,35388,8,0x3ad26640
10323,35350,8,0x3adc2380
10324,36698,8,0x3ae5e0c0
10325,35922,8,0x3aef9e00
10326,34931,8,0x3af95b40
10327,35375,8,0x3b031880
10328,35082,8,0x3b0cd5c0
10329,33859,8,0x3b169300
10330,36092,8,0x3b205040
10331,35148,8,0x3b2a0d80
10332,42373,8,0x3b33cac0
10333,35020,8,0x3b3d8800
10334,35900,8,0x3b474540
10335,45028,8,0x3b510280
10336,39782,8,0x3b5abfc0
10337,36054,8,0x3b647d00
10338,37120,8,0x3b6e3a40
10339,34739,8,0x3b77f780
10340,35196,8,0x3b81b4c0
10341,36128,8,0x3b8b7200
10342,35247,8,0x3b952f40
10343,36121,8,0x3b9eec80
10344,37665,8,0x3ba8a9c0
10345,36390,8,0x3bb26700
10346,34826,8,0x3bbc2440
10347,34253,8,0x3bc5e180
10348,34730,8,0x3bcf9ec0
10349,36316,8,0x3bd95c00
10350,35242,8,0x3be31940
10351,34966,8,0x3becd680
10352,34643,8,0x3bf693c0
10353,38554,8,0x3c005100
10354,35409,8,0x3c0a0e40
10355,34708,8,0x3c13cb80
10356,34390,8,0x3c1d88c0
10357,37396,8,0x3c274600
10358,35621,8,0x3c310340
10359,35055,8,0x3c3ac080
10360,35817,8,0x3c447dc0
10361,35680,8,0x3c4e3b00
10362,35035,8,0x3c57f840
10363,35199,8,0x3c61b580
10364,34262,8,0x3c6b72c0
10365,35888,8,0x3c753000
10366,36536,8,0x3c7eed40
10367,35938,8,0x3c88aa80
10368,37013,8,0x3c9267c0
10369,37056,8,0x3c9c2500
10370,36114,8,0x3ca5e240
10371,35030,8,0x3caf9f80
10372,35122,8,0x3cb95cc0
10373,39705,8,0x3cc31a00
10374,35988,8,0x3cccd740
10375,36613,8,0x3cd69480
10376,35279,8,0x3ce051c0
10377,36046,8,0x3cea0f00
10378,34701,8,0x3cf3cc40
10379,34347,8,0x3cfd8980
10380,35888,8,0x3d0746c0
10381,36984,8,0x3d110400
10382,35340,8,0x3d1ac140
10383,37317,8,0x3d247e80
10384,34768,8,0x3d2e3bc0
10385,36319,8,0x3d37f900
10386,35079,8,0x3d41b640
10387,34441,8,0x3d4b7380
10388,35079,8,0x3d5530c0
10389,37971,8,0x3d5eee00
10390,34700,8,0x3d68ab40
10391,35985,8,0x3d726880
10392,35750,8,0x3d7c25c0
10393,36058,8,0x3d85e300
10394,35960,8,0x3d8fa040
10395,35818,8,0x3d995d80
10396,36166,8,0x3da31ac0
10397,36713,8,0x3dacd800
10398,38830,8,0x3db69540
10399,36450,8,0x3dc05280
10400,38477,8,0x3dca0fc0
10401,37438,8,0x3dd3cd00
10402,35366,8,0x3ddd8a40
10403,34924,8,0x3de74780
10404,36986,8,0x3df104c0
10405,36782,8,0x3dfac200
10406,39053,8,0x3e047f40
10407,36138,8,0x3e0e3c80
10408,36577,8,0x3e17f9c0
10409,36410,8,0x3e21b700
10410,35608,8,0x3e2b7440
10411,34168,8,0x3e353180
10412,87583,8,0x3e3eeec0
10413,38282,8,0x3e48ac00
10414,35605,8,0x3e526940
10415,35656,8,0x3e5c2680
10416,35287,8,0x3e65e3c0
10417,35636,8,0x3e6fa100
10418,35061,8,0x3e795e40
10419,34548,8,0x3e831b80
10420,35125,8,0x3e8cd8c0
10421,37108,8,0x3e969600
10422,36116,8,0x3ea05340
10423,35250,8,0x3eaa1080
10424,35194,8,0x3eb3cdc0
10425,35622,8,0x3ebd8b00
10426,34919,8,0x3ec74840
10427,36840,8,0x3ed10580
10428,34717,8,0x3edac2c0
10429,35926,8,0x3ee48000
10430,35053,8,0x3eee3d40
10431,35925,8,0x3ef7fa80
10432,35033,8,0x3f01b7c0
10433,35276,8,0x3f0b7500
10434,34468,8,0x3f153240
10435,35844,8,0x3f1eef80
10436,34311,8,0x3f28acc0
10437,36815,8,0x3f326a00
10438,36323,8,0x3f3c2740
10439,36723,8,0x3f45e480
10440,35958,8,0x3f4fa1c0
10441,42685,8,0x3f595f00
10442,40562,8,0x3f631c40
10443,35269,8,0x3f6cd980
10444,35889,8,0x3f7696c0
10445,36865,8,0x3f805400
10446,34805,8,0x3f8a1140
10447,35386,8,0x3f93ce80
10448,35956,8,0x3f9d8bc0
10449,36156,8,0x3fa74900
10450,35264,8,0x3fb10640
10451,35500,8,0x3fbac380
10452,36780,8,0x3fc480c0
10453,36404,8,0x3fce3e00
10454,36241,8,0x3fd7fb40
10455,35975,8,0x3fe1b880
10456,35053,8,0x3feb75c0
10457,37432,8,0x3ff53300
10458,35324,8,0x3ffef040
10459,38232,8,0x8adc0
10460,33604,8,0x126b00
10461,33313,8,0x1c2840
10462,31090,8,0x25e580
10463,32034,8,0x2fa2c0
10464,33365,8,0x396000
10465,33230,8,0x431d40
10466,31865,8,0x4cda80
10467,31983,8,0x5697c0
10468,33961,8,0x605500
10469,32328,8,0x6a1240
10470,32330,8,0x73cf80
10471,31781,8,0x7d8cc0
10472,32926,8,0x874a00
10473,34044,8,0x910740
10474,32966,8,0x9ac480
10475,33688,8,0xa481c0
10476,38660,58,0xae3f00
10477,37914,58,0xb7fc40
10478,37647,58,0xc1b980
10479,36045,58,0xcb76c0
10480,108785,58,0xd53400
10481,66187,58,0xdef140
10482,44371,58,0xe8ae80
10483,38702,58,0xf26bc0
10484,38243,58,0xfc2900
10485,39951,58,0x105e640
10486,36830,58,0x10fa380
10487,38460,58,0x11960c0
10488,37182,58,0x1231e00
10489,35044,58,0x12cdb40
10490,38224,58,0x1369880
10491,36513,58,0x14055c0
10492,35791,8,0x14a1300
10493,32252,8,0x153d040
10494,33703,8,0x15d8d80
10495,32066,8,0x1674ac0
10496,33478,8,0x1710800
10497,38275,8,0x17ac540
10498,30269,8,0x1848280
10499,29711,8,0x18e3fc0
10500,30735,8,0x197fd00
10501,32836,8,0x1a1ba40
10502,31436,8,0x1ab7780
10503,33682,58,0x1b534c0
10504,35939,58,0x1bef200
10505,36084,58,0x1c8af40
10506,36626,58,0x1d26c80
10507,33403,58,0x1dc29c0
10508,34886,58,0x1e5e700
10509,35768,58,0x1efa440
10510,33323,58,0x1f96180
10511,34583,58,0x2031ec0
10512,36128,58,0x20cdc00
10513,34407,58,0x2169940
10514,34439,58,0x2205680
10515,35038,58,0x22a13c0
10516,35387,58,0x233d100
10517,34348,58,0x23d8e40
10518,34128,58,0x2474b80
10519,30849,8,0x25108c0
10520,38875,8,0x25ac600
10521,33351,8,0x2648340
10522,33391,8,0x26e4080
10523,32969,8,0x277fdc0
10524,34643,8,0x281bb00
10525,32699,8,0x28b7840
10526,33570,8,0x2953580
10527,33423,8,0x29ef2c0
10528,34471,8,0x2a8b000
10529,33591,8,0x2b26d40
10530,35489,8,0x2bc2a80
10531,33244,8,0x2c5e7c0
10532,33936,8,0x2cfa500
10533,33928,8,0x2d96240
10534,32995,8,0x2e31f80
10535,33340,8,0x2ecdcc0
10536,34402,8,0x2f69a00
10537,33767,8,0x3005740
10538,34343,8,0x30a1480
10539,33624,8,0x313d1c0
10540,38578,8,0x31d8f00
10541,33141,8,0x3274c40
10542,33287,8,0x3310980
10543,33893,8,0x33ac6c0
10544,35832,8,0x3448400
10545,33428,8,0x34e4140
10546,33081,8,0x357fe80
10547,33702,8,0x361bbc0
10548,35586,8,0x36b7900
10549,44021,8,0x3753640
10550,35992,8,0x37ef380
10551,33789,8,0x388b0c0
10552,33799,8,0x3926e00
10553,33558,8,0x39c2b40
10554,33637,8,0x3a5e880
10555,34145,8,0x3afa5c0
10556,34291,8,0x3b96300
10557,32677,8,0x3c32040
10558,34220,8,0x3ccdd80
10559,33672,8,0x3d69ac0
10560,34607,8,0x3e05800
10561,33084,8,0x3ea1540
10562,32485,8,0x3f3d280
10563,39087,8,0x3fd8fc0
10564,33826,8,0x4074d00
10565,32459,8,0x4110a40
10566,33100,8,0x41ac780
10567,32677,8,0x42484c0
10568,34202,8,0x42e4200
10569,32825,8,0x437ff40
10570,32350,8,0x441bc80
10571,33160,8,0x44b79c0
10572,32938,8,0x4553700
10573,33458,8,0x45ef440
10574,32486,8,0x468b180
10575,33244,8,0x4726ec0
10576,34254,8,0x47c2c00
10577,34521,8,0x485e940
10578,32515,8,0x48fa680
10579,33719,8,0x49963c0
10580,34414,8,0x4a32100
10581,33266,8,0x4acde40
10582,32569,8,0x4b69b80
10583,51256,8,0x4c058c0
10584,34566,8,0x4ca1600
10585,32767,8,0x4d3d340
10586,33411,8,0x4dd9080
10587,32737,8,0x4e74dc0
10588,32910,8,0x4f10b00
10589,33059,8,0x4fac840
10590,32961,8,0x5048580
10591,33118,8,0x50e42c0
10592,39481,8,0x5180000
10593,32535,8,0x521bd40
10594,31948,8,0x52b7a80
10595,33483,8,0x53537c0
10596,33868,8,0x53ef500
10597,32522,8,0x548b240
10598,32849,8,0x5526f80
10599,33412,8,0x55c2cc0
10600,35124,8,0x565ea00
10601,32209,8,0x56fa740
10602,33196,8,0x5796480
10603,33012,8,0x58321c0
10604,33549,8,0x58cdf00
10605,32458,8,0x5969c40
10606,33760,8,0x5a05980
10607,34941,8,0x5aa16c0
10608,34009,8,0x5b3d400
10609,32321,8,0x5bd9140
10610,32281,8,0x5c74e80
10611,33213,8,0x5d10bc0
10612,33683,8,0x5dac900
10613,32418,8,0x5e48640
10614,31980,8,0x5ee4380
10615,33535,8,0x5f800c0
10616,34944,8,0x601be00
10617,31987,8,0x60b7b40
10618,32682,8,0x6153880
10619,33388,8,0x61ef5c0
10620,33256,8,0x628b300
10621,33254,8,0x6327040
10622,34636,8,0x63c2d80
10623,33174,8,0x645eac0
10624,33655,8,0x64fa800
10625,32312,8,0x6596540
10626,32572,8,0x6632280
10627,35705,8,0x66cdfc0
10628,34288,8,0x6769d00
10629,32752,8,0x6805a40
10630,32234,8,0x68a1780
10631,32923,8,0x693d4c0
10632,34367,8,0x69d9200
10633,32345,8,0x6a74f40
10634,33228,8,0x6b10c80
10635,32791,8,0x6bac9c0
10636,35701,8,0x6c48700
10637,32754,8,0x6ce4440
10638,33121,8,0x6d80180
10639,33063,8,0x6e1bec0
10640,34945,8,0x6eb7c00
10641,33780,8,0x6f53940
10642,32997,8,0x6fef680
10643,33441,8,0x708b3c0
10644,33296,8,0x7127100
10645,34186,8,0x71c2e40
10646,32393,8,0x725eb80
10647,32464,8,0x72fa8c0
10648,33547,8,0x7396600
10649,32815,8,0x7432340
10650,32744,8,0x74ce080
10651,34857,8,0x7569dc0
10652,33492,8,0x7605b00
10653,32863,8,0x76a1840
10654,36568,8,0x773d580
10655,33119,8,0x77d92c0
10656,33516,8,0x7875000
10657,32860,8,0x7910d40
10658,33282,8,0x79aca80
10659,32720,8,0x7a487c0
10660,33373,8,0x7ae4500
10661,32367,8,0x7b80240
10662,34438,8,0x7c1bf80
10663,42785,8,0x7cb7cc0
10664,41030,8,0x7d53a00
10665,34185,8,0x7def740
10666,35232,8,0x7e8b480
10667,32698,8,0x7f271c0
10668,32268,8,0x7fc2f00
10669,32990,8,0x805ec40
10670,34120,8,0x80fa980
10671,33416,8,0x81966c0
10672,33616,8,0x8232400
10673,31580,8,0x82ce140
10674,34410,8,0x8369e80
10675,33658,8,0x8405bc0
10676,33136,8,0x84a1900
10677,32490,8,0x853d640
10678,33833,8,0x85d9380
10679,33099,8,0x86750c0
10680,34505,8,0x8710e00
10681,34049,8,0x87acb40
10682,33810,8,0x8848880
10683,33146,8,0x88e45c0
10684,32104,8,0x8980300
10685,32027,8,0x8a1c040
10686,33781,8,0x8ab7d80
10687,32673,8,0x8b53ac0
10688,34958,8,0x8bef800
10689,32393,8,0x8c8b540
10690,33477,8,0x8d27280
10691,36183,8,0x8dc2fc0
10692,32857,8,0x8e5ed00
10693,31962,8,0x8efaa40
10694,32770,8,0x8f96780
10695,35254,8,0x90324c0
10696,34238,8,0x90ce200
10697,32685,8,0x9169f40
10698,34947,8,0x9205c80
10699,31755,8,0x92a19c0
10700,33393,8,0x933d700
10701,32505,8,0x93d9440
10702,33558,8,0x9475180
10703,32597,8,0x9510ec0
10704,33893,8,0x95acc00
10705,31341,8,0x9648940
10706,33732,8,0x96e4680
10707,33153,8,0x97803c0
10708,32877,8,0x981c100
10709,32056,8,0x98b7e40
10710,36391,8,0x9953b80
10711,34961,8,0x99ef8c0
10712,48135,8,0x9a8b600
10713,32620,8,0x9b27340
10714,33354,8,0x9bc3080
10715,32603,8,0x9c5edc0
10716,36423,8,0x9cfab00
10717,32312,8,0x9d96840
10718,33382,8,0x9e32580
10719,33014,8,0x9ece2c0
10720,33536,8,0x9f6a000
10721,33082,8,0xa005d40
10722,33174,8,0xa0a1a80
10723,32600,8,0xa13d7c0
10724,33172,8,0xa1d9500
10725,34711,8,0xa275240
10726,33512,8,0xa310f80
10727,32961,8,0xa3accc0
10728,33388,8,0xa448a00
10729,32825,8,0xa4e4740
10730,33413,8,0xa580480
10731,33351,8,0xa61c1c0
10732,32729,8,0xa6b7f00
10733,32564,8,0xa753c40
10734,33406,8,0xa7ef980
10735,34260,8,0xa88b6c0
10736,32741,8,0xa927400
10737,32628,8,0xa9c3140
10738,34453,8,0xaa5ee80
10739,33077,8,0xaafabc0
10740,35306,8,0xab96900
10741,33360,8,0xac32640
10742,34046,8,0xacce380
10743,32581,8,0xad6a0c0
10744,34605,8,0xae05e00
10745,32974,8,0xaea1b40
10746,35173,8,0xaf3d880
10747,33507,8,0xafd95c0
10748,33478,8,0xb075300
10749,31513,8,0xb111040
10750,33249,8,0xb1acd80
10751,33895,8,0xb248ac0
10752,33076,8,0xb2e4800
10753,33003,8,0xb380540
10754,33271,8,0xb41c280
10755,36664,8,0xb4b7fc0
10756,32630,8,0xb553d00
10757,32978,8,0xb5efa40
10758,33452,8,0xb68b780
10759,32848,8,0xb7274c0
10760,32933,8,0xb7c3200
10761,32884,8,0xb85ef40
10762,33229,8,0xb8fac80
10763,32624,8,0xb9969c0
10764,33309,8,0xba32700
10765,31580,8,0xbace440
10766,34739,8,0xbb6a180
10767,33671,8,0xbc05ec0
10768,33497,8,0xbca1c00
10769,34039,8,0xbd3d940
10770,33488,8,0xbdd9680
10771,32792,8,0xbe753c0
10772,34808,8,0xbf11100
10773,39222,8,0xbface40
10774,39572,8,0xc048b80
10775,38088,8,0xc0e48c0
10776,39785,8,0xc180600
10777,49668,8,0xc21c340
10778,43483,8,0xc2b8080
10779,33687,8,0xc353dc0
10780,33507,8,0xc3efb00
10781,33662,8,0xc48b840
10782,40377,8,0xc527580
10783,31538,8,0xc5c32c0
10784,37288,8,0xc65f000
10785,32467,8,0xc6fad40
10786,32238,8,0xc796a80
10787,31803,8,0xc8327c0
10788,31485,8,0xc8ce500
10789,31679,8,0xc96a240
10790,32854,8,0xca05f80
10791,31274,8,0xcaa1cc0
10792,31849,8,0xcb3da00
10793,31503,8,0xcbd9740
10794,31948,8,0xcc75480
10795,31975,8,0xcd111c0
10796,31269,8,0xcdacf00
10797,31523,8,0xce48c40
10798,31767,8,0xcee4980
10799,33002,8,0xcf806c0
10800,32707,8,0xd01c400
10801,31307,8,0xd0b8140
10802,31541,8,0xd153e80
10803,32047,8,0xd1efbc0
10804,31064,8,0xd28b900
10805,32045,8,0xd327640
10806,32300,8,0xd3c3380
10807,31531,8,0xd45f0c0
10808,32309,8,0xd4fae00
10809,32618,8,0xd596b40
10810,32218,8,0xd632880
10811,31752,8,0xd6ce5c0
10812,31362,8,0xd76a300
10813,32608,8,0xd806040
10814,33367,8,0xd8a1d80
10815,30892,8,0xd93dac0
10816,31919,8,0xd9d9800
10817,31693,8,0xda75540
10818,31931,8,0xdb11280
10819,34115,8,0xdbacfc0
10820,31323,8,0xdc48d00
10821,31106,8,0xdce4a40
10822,31804,8,0xdd80780
10823,31958,8,0xde1c4c0
10824,31457,8,0xdeb8200
10825,31300,8,0xdf53f40
10826,33363,8,0xdfefc80
10827,31510,8,0xe08b9c0
10828,32701,8,0xe127700
10829,31318,8,0xe1c3440
10830,31547,8,0xe25f180
10831,31273,8,0xe2faec0
10832,31937,8,0xe396c00
10833,31271,8,0xe432940
10834,32442,8,0xe4ce680
10835,31882,8,0xe56a3c0
10836,31255,8,0xe606100
10837,31497,8,0xe6a1e40
10838,31966,8,0xe73db80
10839,31458,8,0xe7d98c0
10840,34318,8,0xe875600
10841,30958,8,0xe911340
10842,32535,8,0xe9ad080
10843,33544,8,0xea48dc0
10844,31016,8,0xeae4b00
10845,32308,8,0xeb80840
10846,32352,8,0xec1c580
10847,31455,8,0xecb82c0
10848,30863,8,0xed54000
10849,32673,8,0xedefd40
10850,32369,8,0xee8ba80
10851,31917,8,0xef277c0
10852,30977,8,0xefc3500
10853,31749,8,0xf05f240
10854,32221,8,0xf0faf80
10855,30962,8,0xf196cc0
10856,31751,8,0xf232a00
10857,31658,8,0xf2ce740
10858,34605,8,0xf36a480
10859,31389,8,0xf4061c0
10860,31093,8,0xf4a1f00
10861,32342,8,0xf53dc40
10862,31782,8,0xf5d9980
10863,31086,8,0xf6756c0
10864,31546,8,0xf711400
10865,31365,8,0xf7ad140
10866,32450,8,0xf848e80
10867,31333,8,0xf8e4bc0
10868,31454,8,0xf980900
10869,32398,8,0xfa1c640
10870,31273,8,0xfab8380
10871,31619,8,0xfb540c0
10872,32280,8,0xfbefe00
10873,49970,8,0xfc8bb40
10874,31582,8,0xfd27880
10875,30889,8,0xfdc35c0
10876,31414,8,0xfe5f300
10877,31891,8,0xfefb040
10878,31585,8,0xff96d80
10879,31189,8,0x10032ac0
10880,31299,8,0x100ce800
10881,33191,8,0x1016a540
10882,32621,8,0x10206280
10883,33418,8,0x102a1fc0
10884,32419,8,0x1033dd00
10885,30636,8,0x103d9a40
10886,31504,8,0x10475780
10887,31864,8,0x105114c0
10888,32241,8,0x105ad200
10889,31862,8,0x10648f40
10890,31500,8,0x106e4c80
10891,31105,8,0x107809c0
10892,32299,8,0x1081c700
10893,30571,8,0x108b8440
10894,31036,8,0x10954180
10895,31036,8,0x109efec0
10896,33377,8,0x10a8bc00
10897,50352,8,0x10b27940
10898,36155,8,0x10bc3680
10899,26825,8,0x10c5f3c0
10900,26746,8,0x10cfb100
10901,26020,8,0x10d96e40
10902,31206,8,0x10e32b80
10903,27432,8,0x10ece8c0
10904,29256,8,0x10f6a600
10905,30860,8,0x11006340
10906,28006,8,0x110a2080
10907,26932,8,0x1113ddc0
10908,26640,8,0x111d9b00
10909,26546,8,0x11275840
10910,25992,8,0x11311580
10911,27332,8,0x113ad2c0
10912,27208,8,0x11449000
10913,25898,8,0x114e4d40
10914,26648,8,0x11580a80
10915,26618,8,0x1161c7c0
10916,26929,8,0x116b8500
10917,27996,8,0x11754240
10918,26667,8,0x117eff80
10919,26673,8,0x1188bcc0
10920,26625,8,0x11927a00
10921,26451,8,0x119c3740
10922,26546,8,0x11a5f480
10923,26812,8,0x11afb1c0
10924,27722,8,0x11b96f00
10925,27679,8,0x11c32c40
10926,26400,8,0x11cce980
10927,26335,8,0x11d6a6c0
10928,27782,8,0x11e06400
10929,26460,8,0x11ea2140
10930,26496,8,0x11f3de80
10931,26713,8,0x11fd9bc0
10932,28444,8,0x12075900
10933,26659,8,0x12111640
10934,27023,8,0x121ad380
10935,27134,8,0x122490c0
10936,26500,8,0x122e4e00
10937,26266,8,0x12380b40
10938,26167,8,0x1241c880
10939,26390,8,0x124b85c0
10940,26957,8,0x12554300
10941,30377,8,0x125f0040
10942,27335,8,0x1268bd80
10943,26766,8,0x12727ac0
10944,27040,8,0x127c3800
10945,26844,8,0x1285f540
10946,26985,8,0x128fb280
10947,30050,8,0x12996fc0
10948,26692,8,0x12a32d00
10949,26522,8,0x12acea40
10950,26470,8,0x12b6a780
10951,27205,8,0x12c064c0
10952,26811,8,0x12ca2200
10953,26339,8,0x12d3df40
10954,26662,8,0x12dd9c80
10955,27115,8,0x12e759c0
10956,28050,8,0x12f11700
10957,26360,8,0x12fad440
10958,27116,8,0x13049180
10959,26940,8,0x130e4ec0
10960,28436,8,0x13180c00
10961,27873,8,0x1321c940
10962,26523,8,0x132b8680
10963,26862,8,0x133543c0
10964,29963,8,0x133f0100
10965,27547,8,0x1348be40
10966,26331,8,0x13527b80
10967,26855,8,0x135c38c0
10968,27851,8,0x1365f600
10969,26577,8,0x136fb340
10970,26417,8,0x13797080
10971,27339,8,0x13832dc0
10972,27934,8,0x138ceb00
10973,26062,8,0x1396a840
10974,26942,8,0x13a06580
10975,26984,8,0x13aa22c0
10976,29275,8,0x13b3e000
10977,30855,8,0x13bd9d40
10978,27812,8,0x13c75a80
10979,26424,8,0x13d117c0
10980,27021,8,0x13dad500
10981,26742,8,0x13e49240
10982,27719,8,0x13ee4f80
10983,26561,8,0x13f80cc0
10984,27544,8,0x1401ca00
10985,26556,8,0x140b8740
10986,26446,8,0x14154480
10987,26451,8,0x141f01c0
10988,27766,8,0x1428bf00
10989,26682,8,0x14327c40
10990,26376,8,0x143c3980
10991,28148,8,0x1445f6c0
10992,27014,8,0x144fb400
10993,26514,8,0x14597140
10994,27200,8,0x14632e80
10995,27083,8,0x146cebc0
10996,27254,8,0x1476a900
10997,26172,8,0x14806640
10998,26460,8,0x148a2380
10999,27233,8,0x1493e0c0
11000,27020,8,0x149d9e00
11001,27122,8,0x14a75b40
11002,26619,8,0x14b11880
11003,26092,8,0x14bad5c0
11004,27858,8,0x14c49300
11005,26264,8,0x14ce5040
11006,28194,8,0x14d80d80
11007,26646,8,0x14e1cac0
11008,27169,8,0x14eb8800
11009,27209,8,0x14f54540
11010,26655,8,0x14ff0280
11011,29029,8,0x1508bfc0
11012,26761,8,0x15127d00
11013,29101,8,0x151c3a40
11014,28532,8,0x1525f780
11015,27109,8,0x152fb4c0
11016,28236,8,0x15397200
11017,26652,8,0x15432f40
11018,26376,8,0x154cec80
11019,26597,8,0x1556a9c0
11020,29601,8,0x15606700
11021,26202,8,0x156a2440
11022,26401,8,0x1573e180
11023,26909,8,0x157d9ec0
11024,26899,8,0x15875c00
11025,27535,8,0x15911940
11026,28630,8,0x159ad680
11027,27191,8,0x15a493c0
11028,26886,8,0x15ae5100
11029,25633,8,0x15b80e40
11030,26581,8,0x15c1cb80
11031,26978,8,0x15cb88c0
11032,27568,8,0x15d54600
11033,27580,8,0x15df0340
11034,26614,8,0x15e8c080
11035,28244,8,0x15f27dc0
11036,26936,8,0x15fc3b00
11037,26147,8,0x1605f840
11038,27331,8,0x160fb580
11039,30685,8,0x161972c0
11040,29178,8,0x16233000
11041,26677,8,0x162ced40
11042,26396,8,0x1636aa80
11043,27344,8,0x164067c0
11044,26166,8,0x164a2500
11045,28540,8,0x1653e240
11046,27212,8,0x165d9f80
11047,27074,8,0x16675cc0
11048,31839,8,0x16711a00
11049,27459,8,0x167ad740
11050,28150,8,0x16849480
11051,26630,8,0x168e51c0
11052,26696,8,0x16980f00
11053,26359,8,0x16a1cc40
11054,26986,8,0x16ab8980
11055,26830,8,0x16b546c0
11056,27157,8,0x16bf0400
11057,26474,8,0x16c8c140
11058,27498,8,0x16d27e80
11059,27491,8,0x16dc3bc0
11060,27223,8,0x16e5f900
11061,26657,8,0x16efb640
11062,27486,8,0x16f97380
11063,26697,8,0x170330c0
11064,27778,8,0x170cee00
11065,27993,8,0x1716ab40
11066,26868,8,0x17206880
11067,26771,8,0x172a25c0
11068,27040,8,0x1733e300
11069,26572,8,0x173da040
11070,26863,8,0x17475d80
11071,27299,8,0x17511ac0
11072,27540,8,0x175ad800
11073,26213,8,0x17649540
11074,27934,8,0x176e5280
11075,29856,8,0x17780fc0
11076,27812,8,0x1781cd00
11077,26207,8,0x178b8a40
11078,26747,8,0x17954780
11079,28742,8,0x179f04c0
11080,27244,8,0x17a8c200
11081,26756,8,0x17b27f40
11082,26941,8,0x17bc3c80
11083,29258,8,0x17c5f9c0
11084,30513,8,0x17cfb700
11085,27671,8,0x17d97440
11086,27117,8,0x17e33180
11087,26871,8,0x17eceec0
11088,29763,8,0x17f6ac00
11089,27121,8,0x18006940
11090,26386,8,0x180a2680
11091,26964,8,0x1813e3c0
11092,26880,8,0x181da100
11093,26275,8,0x18275e40
11094,28496,8,0x18311b80
11095,26817,8,0x183ad8c0
11096,27669,8,0x18449600
11097,26828,8,0x184e5340
11098,26647,8,0x18581080
11099,26899,8,0x1861cdc0
11100,26796,8,0x186b8b00
11101,26397,8,0x18754840
11102,26781,8,0x187f0580
11103,26459,8,0x1888c2c0
11104,28048,8,0x18928000
11105,27205,8,0x189c3d40
11106,27055,8,0x18a5fa80
11107,26754,8,0x18afb7c0
11108,26768,8,0x18b97500
11109,27937,8,0x18c33240
11110,26926,8,0x18ccef80
11111,26351,8,0x18d6acc0
11112,27042,8,0x18e06a00
11113,26707,8,0x18ea2740
11114,26716,8,0x18f3e480
11115,26755,8,0x18fda1c0
11116,40475,8,0x19075f00
11117,28186,8,0x19111c40
11118,28310,8,0x191ad980
11119,32169,8,0x192496c0
11120,37289,8,0x192e5400
11121,29564,8,0x19381140
11122,29044,8,0x1941ce80
11123,27461,8,0x194b8bc0
11124,29072,8,0x19554900
11125,28316,8,0x195f0640
11126,28956,8,0x1968c380
11127,27173,8,0x197280c0
11128,28734,8,0x197c3e00
11129,28863,8,0x1985fb40
11130,29615,8,0x198fb880
11131,27836,8,0x199975c0
11132,27667,8,0x19a33300
11133,29097,8,0x19acf040
11134,27756,8,0x19b6ad80
11135,28182,8,0x19c06ac0
11136,28133,8,0x19ca2800
11137,28327,8,0x19d3e540
11138,28157,8,0x19dda280
11139,31111,8,0x19e75fc0
11140,27102,8,0x19f11d00
11141,28580,8,0x19fada40
11142,28068,8,0x1a049780
11143,27036,8,0x1a0e54c0
11144,28527,8,0x1a181200
11145,29307,8,0x1a21cf40
11146,27835,8,0x1a2b8c80
11147,28272,8,0x1a3549c0
11148,28840,8,0x1a3f0700
11149,28988,8,0x1a48c440
11150,31188,8,0x1a528180
11151,28185,8,0x1a5c3ec0
11152,29553,8,0x1a65fc00
11153,34786,8,0x1a6fb940
11154,30608,8,0x1a797680
11155,27546,8,0x1a8333c0
11156,27634,8,0x1a8cf100
11157,28672,8,0x1a96ae40
11158,28813,8,0x1aa06b80
11159,26722,8,0x1aaa28c0
11160,28552,8,0x1ab3e600
11161,28842,8,0x1abda340
11162,28523,8,0x1ac76080
11163,28023,8,0x1ad11dc0
11164,27928,8,0x1adadb00
11165,28583,8,0x1ae49840
11166,28794,8,0x1aee5580
11167,27349,8,0x1af812c0
11168,29695,8,0x1b01d000
11169,28035,8,0x1b0b8d40
11170,28183,8,0x1b154a80
11171,27716,8,0x1b1f07c0
11172,27080,8,0x1b28c500
11173,28380,8,0x1b328240
11174,28886,8,0x1b3c3f80
11175,27138,8,0x1b45fcc0
11176,27816,8,0x1b4fba00
11177,28089,8,0x1b597740
11178,32360,8,0x1b633480
11179,27670,8,0x1b6cf1c0
11180,27756,8,0x1b76af00
11181,28850,8,0x1b806c40
11182,28137,8,0x1b8a2980
11183,29036,8,0x1b93e6c0
11184,27734,8,0x1b9da400
11185,27699,8,0x1ba76140
11186,35164,8,0x1bb11e80
11187,38567,8,0x1bbadbc0
11188,35208,8,0x1bc49900
11189,29155,8,0x1bce5640
11190,28297,8,0x1bd81380
11191,28967,8,0x1be1d0c0
11192,27921,8,0x1beb8e00
11193,29083,8,0x1bf54b40
11194,28013,8,0x1bff0880
11195,28160,8,0x1c08c5c0
11196,27122,8,0x1c128300
11197,28025,8,0x1c1c4040
11198,29194,8,0x1c25fd80
11199,28203,8,0x1c2fbac0
11200,27711,8,0x1c397800
11201,27875,8,0x1c433540
11202,29205,8,0x1c4cf280
11203,29411,8,0x1c56afc0
11204,27997,8,0x1c606d00
11205,28513,8,0x1c6a2a40
11206,27650,8,0x1c73e780
11207,27586,8,0x1c7da4c0
11208,30684,8,0x1c876200
11209,27380,8,0x1c911f40
11210,27570,8,0x1c9adc80
11211,27434,8,0x1ca499c0
11212,33620,8,0x1cae5700
11213,28445,8,0x1cb81440
11214,28172,8,0x1cc1d180
11215,27767,8,0x1ccb8ec0
11216,30105,8,0x1cd54c00
11217,27949,8,0x1cdf0940
11218,28333,8,0x1ce8c680
11219,35050,8,0x1cf283c0
11220,30864,8,0x1cfc4100
11221,29112,8,0x1d05fe40
11222,28295,8,0x1d0fbb80
11223,27396,8,0x1d1978c0
11224,29879,8,0x1d233600
11225,27894,8,0x1d2cf340
11226,27680,8,0x1d36b080
11227,28989,8,0x1d406dc0
11228,28994,8,0x1d4a2b00
11229,29806,8,0x1d53e840
11230,29899,8,0x1d5da580
11231,29353,8,0x1d6762c0
11232,29125,8,0x1d712000
11233,28368,8,0x1d7add40
11234,28093,8,0x1d849a80
11235,43477,8,0x1d8e57c0
11236,29125,8,0x1d981500
11237,28394,8,0x1da1d240
11238,27788,8,0x1dab8f80
11239,27255,8,0x1db54cc0
11240,29359,8,0x1dbf0a00
11241,27680,8,0x1dc8c740
11242,28767,8,0x1dd28480
11243,27204,8,0x1ddc41c0
11244,29437,8,0x1de5ff00
11245,28481,8,0x1defbc40
11246,27355,8,0x1df97980
11247,28751,8,0x1e0336c0
11248,28825,8,0x1e0cf400
11249,28198,8,0x1e16b140
11250,27700,8,0x1e206e80
11251,27148,8,0x1e2a2bc0
11252,33280,8,0x1e33e900
11253,32086,8,0x1e3da640
11254,27546,8,0x1e476380
11255,28773,8,0x1e5120c0
11256,30289,8,0x1e5ade00
11257,28549,8,0x1e649b40
11258,28007,8,0x1e6e5880
11259,27374,8,0x1e7815c0
11260,29017,8,0x1e81d300
11261,29426,8,0x1e8b9040
11262,28259,8,0x1e954d80
11263,28640,8,0x1e9f0ac0
11264,29702,8,0x1ea8c800
11265,27774,8,0x1eb28540
11266,28615,8,0x1ebc4280
11267,29230,8,0x1ec5ffc0
11268,28739,8,0x1ecfbd00
11269,28283,8,0x1ed97a40
11270,28652,8,0x1ee33780
11271,29389,8,0x1eecf4c0
11272,28503,8,0x1ef6b200
11273,27741,8,0x1f006f40
11274,29371,8,0x1f0a2c80
11275,27359,8,0x1f13e9c0
11276,28761,8,0x1f1da700
11277,28448,8,0x1f276440
11278,28086,8,0x1f312180
11279,28169,8,0x1f3adec0
11280,28427,8,0x1f449c00
11281,27933,8,0x1f4e5940
11282,27372,8,0x1f581680
11283,27338,8,0x1f61d3c0
11284,28748,8,0x1f6b9100
11285,28344,8,0x1f754e40
11286,35034,8,0x1f7f0b80
11287,30750,8,0x1f88c8c0
11288,29749,8,0x1f928600
11289,27916,8,0x1f9c4340
11290,28316,8,0x1fa60080
11291,26488,8,0x1fafbdc0
11292,28164,8,0x1fb97b00
11293,27837,8,0x1fc33840
11294,29015,8,0x1fccf580
11295,27666,8,0x1fd6b2c0
11296,29039,8,0x1fe07000
11297,27666,8,0x1fea2d40
11298,27750,8,0x1ff3ea80
11299,26884,8,0x1ffda7c0
11300,28821,8,0x20076500
11301,29072,8,0x20112240
11302,28064,8,0x201adf80
11303,27927,8,0x20249cc0
11304,28058,8,0x202e5a00
11305,27710,8,0x20381740
11306,27778,8,0x2041d480
11307,27277,8,0x204b91c0
11308,28666,8,0x20554f00
11309,28455,8,0x205f0c40
11310,27598,8,0x2068c980
11311,63343,8,0x207286c0
11312,31749,8,0x207c4400
11313,27982,8,0x20860140
11314,27438,8,0x208fbe80
11315,28146,8,0x20997bc0
11316,30047,8,0x20a33900
11317,27151,8,0x20acf640
11318,28964,8,0x20b6b380
11319,34166,8,0x20c070c0
11320,32569,8,0x20ca2e00
11321,28388,8,0x20d3eb40
11322,27969,8,0x20dda880
11323,27800,8,0x20e765c0
11324,27853,8,0x20f12300
11325,27508,8,0x20fae040
11326,27803,8,0x21049d80
11327,28518,8,0x210e5ac0
11328,28489,8,0x21181800
11329,27594,8,0x2121d540
11330,27299,8,0x212b9280
11331,32113,8,0x21354fc0
11332,27781,8,0x213f0d00
11333,27999,8,0x2148ca40
11334,27613,8,0x21528780
11335,28297,8,0x215c44c0
11336,32139,8,0x21660200
11337,28502,8,0x216fbf40
11338,27259,8,0x21797c80
11339,28631,8,0x218339c0
11340,28503,8,0x218cf700
11341,27057,8,0x2196b440
11342,27280,8,0x21a07180
11343,28279,8,0x21aa2ec0
11344,28889,8,0x21b3ec00
11345,29983,8,0x21bda940
11346,26934,8,0x21c76680
11347,28169,8,0x21d123c0
11348,28667,8,0x21dae100
11349,28032,8,0x21e49e40
11350,27345,8,0x21ee5b80
11351,28886,8,0x21f818c0
11352,32100,8,0x2201d600
11353,32865,8,0x220b9340
11354,29422,8,0x22155080
11355,29005,8,0x221f0dc0
11356,28155,8,0x2228cb00
11357,27127,8,0x22328840
11358,27970,8,0x223c4580
11359,28978,8,0x224602c0
11360,29608,8,0x224fc000
11361,28562,8,0x22597d40
11362,28182,8,0x22633a80
11363,28406,8,0x226cf7c0
11364,27287,8,0x2276b500
11365,27002,8,0x22807240
11366,29235,8,0x228a2f80
11367,29210,8,0x2293ecc0
11368,28395,8,0x229daa00
11369,28233,8,0x22a76740
11370,28245,8,0x22b12480
11371,28906,8,0x22bae1c0
11372,29745,8,0x22c49f00
11373,28566,8,0x22ce5c40
11374,33615,8,0x22d81980
11375,29732,8,0x22e1d6c0
11376,28372,8,0x22eb9400
11377,27533,8,0x22f55140
11378,28322,8,0x22ff0e80
11379,28479,8,0x2308cbc0
11380,26999,8,0x23128900
11381,26741,8,0x231c4640
11382,27645,8,0x23260380
11383,28440,8,0x232fc0c0
11384,28369,8,0x23397e00
11385,27845,8,0x23433b40
11386,32149,8,0x234cf880
11387,32845,8,0x2356b5c0
11388,27636,8,0x23607300
11389,26797,8,0x236a3040
11390,29553,8,0x2373ed80
11391,28489,8,0x237daac0
11392,29071,8,0x23876800
11393,28713,8,0x23912540
11394,28297,8,0x239ae280
11395,30138,8,0x23a49fc0
11396,27341,8,0x23ae5d00
11397,26856,8,0x23b81a40
11398,30569,8,0x23c1d780
11399,28070,8,0x23cb94c0
11400,28290,8,0x23d55200
11401,28577,8,0x23df0f40
11402,27994,8,0x23e8cc80
11403,27730,8,0x23f289c0
11404,29230,8,0x23fc4700
11405,27551,8,0x24060440
11406,28191,8,0x240fc180
11407,28559,8,0x24197ec0
11408,29822,8,0x24233c00
11409,27685,8,0x242cf940
11410,27360,8,0x2436b680
11411,28987,8,0x244073c0
11412,27762,8,0x244a3100
11413,27839,8,0x2453ee40
11414,27888,8,0x245dab80
11415,28372,8,0x246768c0
11416,35294,8,0x24712600
11417,27357,8,0x247ae340
11418,27114,8,0x2484a080
11419,30427,8,0x248e5dc0
11420,34261,8,0x24981b00
11421,29092,8,0x24a1d840
11422,27845,8,0x24ab9580
11423,29231,8,0x24b552c0
11424,28961,8,0x24bf1000
11425,27830,8,0x24c8cd40
11426,27758,8,0x24d28a80
11427,28561,8,0x24dc47c0
11428,28007,8,0x24e60500
11429,28560,8,0x24efc240
11430,26884,8,0x24f97f80
11431,28544,8,0x25033cc0
11432,28797,8,0x250cfa00
11433,28236,8,0x2516b740
11434,28770,8,0x25207480
11435,27691,8,0x252a31c0
11436,29081,8,0x2533ef00
11437,27597,8,0x253dac40
11438,27397,8,0x25476980
11439,28047,8,0x255126c0
11440,28672,8,0x255ae400
11441,27535,8,0x2564a140
11442,27575,8,0x256e5e80
11443,28285,8,0x25781bc0
11444,29073,8,0x2581d900
11445,33692,8,0x258b9640
11446,29003,8,0x25955380
11447,30724,8,0x259f10c0
11448,28288,8,0x25a8ce00
11449,29520,8,0x25b28b40
11450,28318,8,0x25bc4880
11451,29009,8,0x25c605c0
11452,28527,8,0x25cfc300
11453,30492,8,0x25d98040
11454,33372,8,0x25e33d80
11455,29045,8,0x25ecfac0
11456,28255,8,0x25f6b800
11457,27715,8,0x26007540
11458,27931,8,0x260a3280
11459,30006,8,0x2613efc0
11460,30888,8,0x261dad00
11461,28372,8,0x26276a40
11462,27924,8,0x26312780
11463,42616,8,0x263ae4c0
11464,27549,8,0x2644a200
11465,26739,8,0x264e5f40
11466,28217,8,0x26581c80
11467,28656,8,0x2661d9c0
11468,28641,8,0x266b9700
11469,28337,8,0x26755440
11470,28586,8,0x267f1180
11471,28134,8,0x2688cec0
11472,28208,8,0x26928c00
11473,28334,8,0x269c4940
11474,29610,8,0x26a60680
11475,28432,8,0x26afc3c0
11476,27677,8,0x26b98100
11477,28488,8,0x26c33e40
11478,30523,8,0x26ccfb80
11479,26785,8,0x26d6b8c0
11480,28607,8,0x26e07600
11481,27773,8,0x26ea3340
11482,29180,8,0x26f3f080
11483,28068,8,0x26fdadc0
11484,27664,8,0x27076b00
11485,27751,8,0x27112840
11486,29456,8,0x271ae580
11487,32481,8,0x2724a2c0
11488,32448,8,0x272e6000
11489,27618,8,0x27381d40
11490,28295,8,0x2741da80
11491,28567,8,0x274b97c0
11492,27699,8,0x27555500
11493,29136,8,0x275f1240
11494,28879,8,0x2768cf80
11495,27935,8,0x27728cc0
11496,27776,8,0x277c4a00
11497,27050,8,0x27860740
11498,28476,8,0x278fc480
11499,27863,8,0x279981c0
11500,28000,8,0x27a33f00
11501,27086,8,0x27acfc40
11502,28555,8,0x27b6b980
11503,27661,8,0x27c076c0
11504,27605,8,0x27ca3400
11505,27825,8,0x27d3f140
11506,29645,8,0x27ddae80
11507,28948,8,0x27e76bc0
11508,29023,8,0x27f12900
11509,27493,8,0x27fae640
11510,28398,8,0x2804a380
11511,27903,8,0x280e60c0
11512,28639,8,0x28181e00
11513,27702,8,0x2821db40
11514,28237,8,0x282b9880
11515,27527,8,0x283555c0
11516,27561,8,0x283f1300
11517,28473,8,0x2848d040
11518,28391,8,0x28528d80
11519,28414,8,0x285c4ac0
11520,27722,8,0x28660800
11521,29675,8,0x286fc540
11522,34939,8,0x28798280
11523,35770,8,0x28833fc0
11524,27007,8,0x288cfd00
11525,27636,8,0x2896ba40
11526,29430,8,0x28a07780
11527,28063,8,0x28aa34c0
11528,28837,8,0x28b3f200
11529,26839,8,0x28bdaf40
11530,28231,8,0x28c76c80
11531,27745,8,0x28d129c0
11532,27999,8,0x28dae700
11533,28048,8,0x28e4a440
11534,28378,8,0x28ee6180
11535,28029,8,0x28f81ec0
11536,31478,8,0x2901dc00
11537,28124,8,0x290b9940
11538,28393,8,0x29155680
11539,28238,8,0x291f13c0
11540,26962,8,0x2928d100
11541,26854,8,0x29328e40
11542,28533,8,0x293c4b80
11543,27750,8,0x294608c0
11544,28905,8,0x294fc600
11545,27102,8,0x29598340
11546,27821,8,0x29634080
11547,29135,8,0x296cfdc0
11548,27749,8,0x2976bb00
11549,27815,8,0x29807840
11550,28196,8,0x298a3580
11551,28616,8,0x2993f2c0
11552,29930,8,0x299db000
11553,26555,8,0x29a76d40
11554,30844,8,0x29b12a80
11555,33439,8,0x29bae7c0
11556,29079,8,0x29c4a500
11557,28000,8,0x29ce6240
11558,28541,8,0x29d81f80
11559,44344,8,0x29e1dcc0
11560,29607,8,0x29eb9a00
11561,27291,8,0x29f55740
11562,27469,8,0x29ff1480
11563,27754,8,0x2a08d1c0
11564,26946,8,0x2a128f00
11565,27174,8,0x2a1c4c40
11566,28008,8,0x2a260980
11567,29826,8,0x2a2fc6c0
11568,28712,8,0x2a398400
11569,27346,8,0x2a434140
11570,28618,8,0x2a4cfe80
11571,27448,8,0x2a56bbc0
11572,27191,8,0x2a607900
11573,27358,8,0x2a6a3640
11574,28261,8,0x2a73f380
11575,27948,8,0x2a7db0c0
11576,28800,8,0x2a876e00
11577,27284,8,0x2a912b40
11578,28323,8,0x2a9ae880
11579,30622,8,0x2aa4a5c0
11580,40004,8,0x2aae6300
11581,32055,8,0x2ab82040
11582,29447,8,0x2ac1dd80
11583,28639,8,0x2acb9ac0
11584,27578,8,0x2ad55800
11585,30087,8,0x2adf1540
11586,28291,8,0x2ae8d280
11587,32138,8,0x2af28fc0
11588,33028,8,0x2afc4d00
11589,30570,8,0x2b060a40
11590,28073,8,0x2b0fc780
11591,26914,8,0x2b1984c0
11592,27426,8,0x2b234200
11593,28482,8,0x2b2cff40
11594,27925,8,0x2b36bc80
11595,27001,8,0x2b4079c0
11596,28149,8,0x2b4a3700
11597,28095,8,0x2b53f440
11598,28302,8,0x2b5db180
11599,27036,8,0x2b676ec0
11600,28265,8,0x2b712c00
11601,28328,8,0x2b7ae940
11602,28158,8,0x2b84a680
11603,26522,8,0x2b8e63c0
11604,27290,8,0x2b982100
11605,28295,8,0x2ba1de40
11606,27857,8,0x2bab9b80
11607,28177,8,0x2bb558c0
11608,27469,8,0x2bbf1600
11609,27502,8,0x2bc8d340
11610,27839,8,0x2bd29080
11611,28201,8,0x2bdc4dc0
11612,27408,8,0x2be60b00
11613,28208,8,0x2befc840
11614,28278,8,0x2bf98580
11615,28178,8,0x2c0342c0
11616,27978,8,0x2c0d0000
11617,28020,8,0x2c16bd40
11618,28338,8,0x2c207a80
11619,26889,8,0x2c2a37c0
11620,28121,8,0x2c33f500
11621,28733,8,0x2c3db240
11622,34657,8,0x2c476f80
11623,29220,8,0x2c512cc0
11624,27381,8,0x2c5aea00
11625,28130,8,0x2c64a740
11626,29417,8,0x2c6e6480
11627,27281,8,0x2c7821c0
11628,27416,8,0x2c81df00
11629,28225,8,0x2c8b9c40
11630,27875,8,0x2c955980
11631,27717,8,0x2c9f16c0
11632,28013,8,0x2ca8d400
11633,27964,8,0x2cb29140
11634,28866,8,0x2cbc4e80
11635,26809,8,0x2cc60bc0
11636,28007,8,0x2ccfc900
11637,29079,8,0x2cd98640
11638,27724,8,0x2ce34380
11639,27658,8,0x2ced00c0
11640,27553,8,0x2cf6be00
11641,30455,8,0x2d007b40
11642,28486,8,0x2d0a3880
11643,27840,8,0x2d13f5c0
11644,27261,8,0x2d1db300
11645,27570,8,0x2d277040
11646,27427,8,0x2d312d80
11647,31071,8,0x2d3aeac0
11648,27504,8,0x2d44a800
11649,27783,8,0x2d4e6540
11650,28810,8,0x2d582280
11651,29376,8,0x2d61dfc0
11652,27042,8,0x2d6b9d00
11653,27877,8,0x2d755a40
11654,27748,8,0x2d7f1780
11655,28574,8,0x2d88d4c0
11656,33990,8,0x2d929200
11657,32864,8,0x2d9c4f40
11658,27641,8,0x2da60c80
11659,28071,8,0x2dafc9c0
11660,27627,8,0x2db98700
11661,27712,8,0x2dc34440
11662,28352,8,0x2dcd0180
11663,27719,8,0x2dd6bec0
11664,28116,8,0x2de07c00
11665,27943,8,0x2dea3940
11666,27825,8,0x2df3f680
11667,27734,8,0x2dfdb3c0
11668,28037,8,0x2e077100
11669,27997,8,0x2e112e40
11670,29246,8,0x2e1aeb80
11671,27246,8,0x2e24a8c0
11672,30109,8,0x2e2e6600
11673,28000,8,0x2e382340
11674,27633,8,0x2e41e080
11675,27867,8,0x2e4b9dc0
11676,26940,8,0x2e555b00
11677,27283,8,0x2e5f1840
11678,27798,8,0x2e68d580
11679,27719,8,0x2e7292c0
11680,28333,8,0x2e7c5000
11681,27703,8,0x2e860d40
11682,27524,8,0x2e8fca80
11683,27150,8,0x2e9987c0
11684,28938,8,0x2ea34500
11685,29386,8,0x2ead0240
11686,27761,8,0x2eb6bf80
11687,28392,8,0x2ec07cc0
11688,27719,8,0x2eca3a00
11689,28097,8,0x2ed3f740
11690,30224,8,0x2eddb480
11691,32729,8,0x2ee771c0
11692,28841,8,0x2ef12f00
11693,28238,8,0x2efaec40
11694,27970,8,0x2f04a980
11695,27743,8,0x2f0e66c0
11696,26972,8,0x2f182400
11697,28632,8,0x2f21e140
11698,27939,8,0x2f2b9e80
11699,28252,8,0x2f355bc0
11700,32115,8,0x2f3f1900
11701,26642,8,0x2f48d640
11702,27755,8,0x2f529380
11703,27390,8,0x2f5c50c0
11704,29254,8,0x2f660e00
11705,27724,8,0x2f6fcb40
11706,28056,8,0x2f798880
11707,28268,8,0x2f8345c0
11708,28653,8,0x2f8d0300
11709,31534,8,0x2f96c040
11710,27868,8,0x2fa07d80
11711,27343,8,0x2faa3ac0
11712,28794,8,0x2fb3f800
11713,28652,8,0x2fbdb540
11714,36152,8,0x2fc77280
11715,33352,8,0x2fd12fc0
11716,28182,8,0x2fdaed00
11717,27355,8,0x2fe4aa40
11718,26476,8,0x2fee6780
11719,26428,8,0x2ff824c0
11720,28520,8,0x3001e200
11721,27834,8,0x300b9f40
11722,27756,8,0x30155c80
11723,30024,8,0x301f19c0
11724,34317,8,0x3028d700
11725,29231,8,0x30329440
11726,27253,8,0x303c5180
11727,26620,8,0x30460ec0
11728,28754,8,0x304fcc00
11729,28666,8,0x30598940
11730,27974,8,0x30634680
11731,27700,8,0x306d03c0
11732,29114,8,0x3076c100
11733,27652,8,0x30807e40
11734,26729,8,0x308a3b80
11735,27204,8,0x3093f8c0
11736,29283,8,0x309db600
11737,28220,8,0x30a77340
11738,27533,8,0x30b13080
11739,28111,8,0x30baedc0
11740,28052,8,0x30c4ab00
11741,27508,8,0x30ce6840
11742,26931,8,0x30d82580
11743,27482,8,0x30e1e2c0
11744,29219,8,0x30eba000
11745,27491,8,0x30f55d40
11746,27039,8,0x30ff1a80
11747,27546,8,0x3108d7c0
11748,27712,8,0x31129500
11749,28202,8,0x311c5240
11750,26689,8,0x31260f80
11751,26952,8,0x312fccc0
11752,28984,8,0x31398a00
11753,27945,8,0x31434740
11754,28819,8,0x314d0480
11755,27439,8,0x3156c1c0
11756,28525,8,0x31607f00
11757,35434,8,0x316a3c40
11758,33066,8,0x3173f980
11759,30969,8,0x317db6c0
11760,28276,8,0x31877400
11761,27603,8,0x31913140
11762,27643,8,0x319aee80
11763,27608,8,0x31a4abc0
11764,27638,8,0x31ae6900
11765,27986,8,0x31b82640
11766,26605,8,0x31c1e380
11767,27967,8,0x31cba0c0
11768,28941,8,0x31d55e00
11769,28102,8,0x31df1b40
11770,27288,8,0x31e8d880
11771,29501,8,0x31f295c0
11772,27788,8,0x31fc5300
11773,28119,8,0x32061040
11774,29705,8,0x320fcd80
11775,26856,8,0x32198ac0
11776,28059,8,0x32234800
11777,27826,8,0x322d0540
11778,27308,8,0x3236c280
11779,28972,8,0x32407fc0
11780,27451,8,0x324a3d00
11781,28563,8,0x3253fa40
11782,26888,8,0x325db780
11783,26734,8,0x326774c0
11784,28644,8,0x32713200
11785,27960,8,0x327aef40
11786,26560,8,0x3284ac80
11787,26750,8,0x328e69c0
11788,29386,8,0x32982700
11789,28641,8,0x32a1e440
11790,28428,8,0x32aba180
11791,38006,8,0x32b55ec0
11792,34182,8,0x32bf1c00
11793,29205,8,0x32c8d940
11794,26871,8,0x32d29680
11795,26935,8,0x32dc53c0
11796,28825,8,0x32e61100
11797,28575,8,0x32efce40
11798,27894,8,0x32f98b80
11799,27578,8,0x330348c0
11800,30370,8,0x330d0600
11801,27279,8,0x3316c340
11802,27085,8,0x33208080
11803,38853,8,0x332a3dc0
11804,27233,8,0x3333fb00
11805,26844,8,0x333db840
11806,26291,8,0x33477580
11807,25794,8,0x335132c0
11808,27080,8,0x335af000
11809,26970,8,0x3364ad40
11810,25792,8,0x336e6a80
11811,26194,8,0x337827c0
11812,26683,8,0x3381e500
11813,26852,8,0x338ba240
11814,26103,8,0x33955f80
11815,25936,8,0x339f1cc0
11816,26893,8,0x33a8da00
11817,25884,8,0x33b29740
11818,27970,8,0x33bc5480
11819,26277,8,0x33c611c0
11820,27595,8,0x33cfcf00
11821,27041,8,0x33d98c40
11822,26310,8,0x33e34980
11823,26265,8,0x33ed06c0
11824,27366,8,0x33f6c400
11825,26185,8,0x34008140
11826,26787,8,0x340a3e80
11827,31983,8,0x3413fbc0
11828,29129,8,0x341db900
11829,26372,8,0x34277640
11830,26255,8,0x34313380
11831,26690,8,0x343af0c0
11832,26965,8,0x3444ae00
11833,29522,8,0x344e6b40
11834,25613,8,0x34582880
11835,26789,8,0x3461e5c0
11836,26586,8,0x346ba300
11837,26147,8,0x34756040
11838,26722,8,0x347f1d80
11839,26367,8,0x3488dac0
11840,27160,8,0x34929800
11841,26750,8,0x349c5540
11842,25747,8,0x34a61280
11843,27240,8,0x34afcfc0
11844,26937,8,0x34b98d00
11845,26514,8,0x34c34a40
11846,30008,8,0x34cd0780
11847,27261,8,0x34d6c4c0
11848,27543,8,0x34e08200
11849,25143,8,0x34ea3f40
11850,26647,8,0x34f3fc80
11851,26653,8,0x34fdb9c0
11852,26302,8,0x35077700
11853,29825,8,0x35113440
11854,96650,8,0x351af180
11855,69306,8,0x3524aec0
11856,44861,8,0x352e6c00
11857,50148,8,0x35382940
11858,45232,8,0x3541e680
11859,42451,8,0x354ba3c0
11860,45861,8,0x35556100
11861,41454,8,0x355f1e40
11862,40311,8,0x3568db80
11863,39792,8,0x357298c0
11864,46221,8,0x357c5600
11865,43005,8,0x35861340
11866,39811,8,0x358fd080
11867,40859,8,0x35998dc0
11868,40720,8,0x35a34b00
11869,39878,8,0x35ad0840
11870,40131,8,0x35b6c580
11871,40557,8,0x35c082c0
11872,41314,8,0x35ca4000
11873,39986,8,0x35d3fd40
11874,39657,8,0x35ddba80
11875,39538,8,0x35e777c0
11876,40233,8,0x35f13500
11877,56943,8,0x35faf240
11878,40670,8,0x3604af80
11879,42069,8,0x360e6cc0
11880,53007,8,0x36182a00
11881,41252,8,0x3621e740
11882,39832,8,0x362ba480
11883,40101,8,0x363561c0
11884,40818,8,0x363f1f00
11885,40791,8,0x3648dc40
11886,40772,8,0x36529980
11887,39827,8,0x365c56c0
11888,40789,8,0x36661400
11889,39886,8,0x366fd140
11890,39082,8,0x36798e80
11891,39111,8,0x36834bc0
11892,40287,8,0x368d0900
11893,39774,8,0x3696c640
11894,40176,8,0x36a08380
11895,42348,8,0x36aa40c0
11896,41376,8,0x36b3fe00
11897,39436,8,0x36bdbb40
11898,39557,8,0x36c77880
11899,40076,8,0x36d135c0
11900,40749,8,0x36daf300
11901,39813,8,0x36e4b040
11902,39852,8,0x36ee6d80
11903,42938,8,0x36f82ac0
11904,48969,8,0x3701e800
11905,39515,8,0x370ba540
11906,38751,8,0x37156280
11907,42889,8,0x371f1fc0
11908,40618,8,0x3728dd00
11909,42865,8,0x37329a40
11910,39607,8,0x373c5780
11911,39594,8,0x374614c0
11912,41076,8,0x374fd200
11913,39312,8,0x37598f40
11914,38968,8,0x37634c80
11915,38956,8,0x376d09c0
11916,39560,8,0x3776c700
11917,40978,8,0x37808440
11918,40177,8,0x378a4180
11919,40247,8,0x3793fec0
11920,41061,8,0x379dbc00
11921,40065,8,0x37a77940
11922,42457,8,0x37b13680
11923,39934,8,0x37baf3c0
11924,42843,8,0x37c4b100
11925,39925,8,0x37ce6e40
11926,38760,8,0x37d82b80
11927,46064,8,0x37e1e8c0
11928,48079,8,0x37eba600
11929,39843,8,0x37f56340
11930,40554,8,0x37ff2080
11931,39459,8,0x3808ddc0
11932,40281,8,0x38129b00
11933,41026,8,0x381c5840
11934,39099,8,0x38261580
11935,39341,8,0x382fd2c0
11936,40323,8,0x38399000
11937,39740,8,0x38434d40
11938,39326,8,0x384d0a80
11939,42373,8,0x3856c7c0
11940,40552,8,0x38608500
11941,39849,8,0x386a4240
11942,38765,8,0x3873ff80
11943,39727,8,0x387dbcc0
11944,41594,8,0x38877a00
11945,53219,8,0x38913740
11946,43453,8,0x389af480
11947,39811,8,0x38a4b1c0
11948,39792,8,0x38ae6f00
11949,39504,8,0x38b82c40
11950,39325,8,0x38c1e980
11951,53308,8,0x38cba6c0
11952,44384,8,0x38d56400
11953,40000,8,0x38df2140
11954,43561,8,0x38e8de80
11955,39838,8,0x38f29bc0
11956,39148,8,0x38fc5900
11957,39797,8,0x39061640
11958,41157,8,0x390fd380
11959,40223,8,0x391990c0
11960,40805,8,0x39234e00
11961,39751,8,0x392d0b40
11962,41618,8,0x3936c880
11963,39249,8,0x394085c0
11964,38964,8,0x394a4300
11965,39821,8,0x39540040
11966,41044,8,0x395dbd80
11967,40962,8,0x39677ac0
11968,40041,8,0x39713800
11969,42536,8,0x397af540
11970,41104,8,0x3984b280
11971,43016,8,0x398e6fc0
11972,39069,8,0x39982d00
11973,39896,8,0x39a1ea40
11974,41631,8,0x39aba780
11975,50430,8,0x39b564c0
11976,42037,8,0x39bf2200
11977,39029,8,0x39c8df40
11978,40997,8,0x39d29c80
11979,66621,8,0x39dc59c0
11980,57932,8,0x39e61700
11981,120999,8,0x39efd440
11982,52701,8,0x39f99180
11983,48548,8,0x3a034ec0
11984,46454,8,0x3a0d0c00
11985,49170,8,0x3a16c940
11986,49248,8,0x3a208680
11987,47668,8,0x3a2a43c0
11988,46489,8,0x3a340100
11989,45202,8,0x3a3dbe40
11990,43914,8,0x3a477b80
11991,44674,8,0x3a5138c0
11992,44688,8,0x3a5af600
11993,45286,8,0x3a64b340
11994,45090,8,0x3a6e7080
11995,48953,8,0x3a782dc0
11996,45828,8,0x3a81eb00
11997,45360,8,0x3a8ba840
11998,43396,8,0x3a956580
11999,43798,8,0x3a9f22c0
12000,45065,8,0x3aa8e000
12001,46430,8,0x3ab29d40
12002,44335,8,0x3abc5a80
12003,43395,8,0x3ac617c0
12004,45038,8,0x3acfd500
12005,46339,8,0x3ad99240
12006,43455,8,0x3ae34f80
12007,44309,8,0x3aed0cc0
12008,44584,8,0x3af6ca00
12009,45548,8,0x3b008740
12010,48553,8,0x3b0a4480
12011,44000,8,0x3b1401c0
12012,44423,8,0x3b1dbf00
12013,44799,8,0x3b277c40
12014,44882,8,0x3b313980
12015,44528,8,0x3b3af6c0
12016,44332,8,0x3b44b400
12017,45140,8,0x3b4e7140
12018,44954,8,0x3b582e80
12019,43862,8,0x3b61ebc0
12020,45037,8,0x3b6ba900
12021,44951,8,0x3b756640
12022,44302,8,0x3b7f2380
12023,44815,8,0x3b88e0c0
12024,45277,8,0x3b929e00
12025,49834,8,0x3b9c5b40
12026,44259,8,0x3ba61880
12027,44985,8,0x3bafd5c0
12028,46808,8,0x3bb99300
12029,55996,8,0x3bc35040
12030,56083,8,0x3bcd0d80
12031,51163,8,0x3bd6cac0
12032,45640,8,0x3be08800
12033,44263,8,0x3bea4540
12034,43506,8,0x3bf40280
12035,48051,8,0x3bfdbfc0
12036,45089,8,0x3c077d00
12037,43476,8,0x3c113a40
12038,45111,8,0x3c1af780
12039,47183,8,0x3c24b4c0
12040,45059,8,0x3c2e7200
12041,44362,8,0x3c382f40
12042,44332,8,0x3c41ec80
12043,44258,8,0x3c4ba9c0
12044,45646,8,0x3c556700
12045,44282,8,0x3c5f2440
12046,46347,8,0x3c68e180
12047,44579,8,0x3c729ec0
12048,45408,8,0x3c7c5c00
12049,44097,8,0x3c861940
12050,43571,8,0x3c8fd680
12051,43691,8,0x3c9993c0
12052,45447,8,0x3ca35100
12053,44880,8,0x3cad0e40
12054,48580,8,0x3cb6cb80
12055,44664,8,0x3cc088c0
12056,45917,8,0x3cca4600
12057,44839,8,0x3cd40340
12058,44279,8,0x3cddc080
12059,43703,8,0x3ce77dc0
12060,44136,8,0x3cf13b00
12061,44340,8,0x3cfaf840
12062,44585,8,0x3d04b580
12063,43955,8,0x3d0e72c0
12064,46205,8,0x3d183000
12065,44961,8,0x3d21ed40
12066,43605,8,0x3d2baa80
12067,43951,8,0x3d3567c0
12068,45067,8,0x3d3f2500
12069,47618,8,0x3d48e240
12070,45032,8,0x3d529f80
12071,44451,8,0x3d5c5cc0
12072,44871,8,0x3d661a00
12073,45052,8,0x3d6fd740
12074,44008,8,0x3d799480
12075,44349,8,0x3d8351c0
12076,44338,8,0x3d8d0f00
12077,44141,8,0x3d96cc40
12078,45325,8,0x3da08980
12079,44599,8,0x3daa46c0
12080,46294,8,0x3db40400
12081,45777,8,0x3dbdc140
12082,43338,8,0x3dc77e80
12083,44024,8,0x3dd13bc0
12084,49188,8,0x3ddaf900
12085,44468,8,0x3de4b640
12086,44102,8,0x3dee7380
12087,43855,8,0x3df830c0
12088,45727,8,0x3e01ee00
12089,44842,8,0x3e0bab40
12090,44319,8,0x3e156880
12091,43994,8,0x3e1f25c0
12092,44691,8,0x3e28e300
12093,43586,8,0x3e32a040
12094,44314,8,0x3e3c5d80
12095,43603,8,0x3e461ac0
12096,45125,8,0x3e4fd800
12097,44866,8,0x3e599540
12098,43910,8,0x3e635280
12099,67457,8,0x3e6d0fc0
12100,45650,8,0x3e76cd00
12101,44604,8,0x3e808a40
12102,43810,8,0x3e8a4780
12103,43461,8,0x3e9404c0
12104,45734,8,0x3e9dc200
12105,44642,8,0x3ea77f40
12106,43638,8,0x3eb13c80
12107,44129,8,0x3ebaf9c0
12108,45080,8,0x3ec4b700
12109,45205,8,0x3ece7440
12110,43405,8,0x3ed83180
12111,43110,8,0x3ee1eec0
12112,45778,8,0x3eebac00
12113,47475,8,0x3ef56940
12114,45299,8,0x3eff2680
12115,44025,8,0x3f08e3c0
12116,44913,8,0x3f12a100
12117,56468,8,0x3f1c5e40
12118,45183,8,0x3f261b80
12119,43184,8,0x3f2fd8c0
12120,44718,8,0x3f399600
12121,44048,8,0x3f435340
12122,44356,8,0x3f4d1080
12123,44159,8,0x3f56cdc0
12124,43972,8,0x3f608b00
12125,43763,8,0x3f6a4840
12126,45431,8,0x3f740580
12127,43031,8,0x3f7dc2c0
12128,48861,8,0x3f878000
12129,43865,8,0x3f913d40
12130,44226,8,0x3f9afa80
12131,44171,8,0x3fa4b7c0
12132,44860,8,0x3fae7500
12133,44028,8,0x3fb83240
12134,43601,8,0x3fc1ef80
12135,42930,8,0x3fcbacc0
12136,45458,8,0x3fd56a00
12137,44881,8,0x3fdf2740
12138,45177,8,0x3fe8e480
12139,43947,8,0x3ff2a1c0
12140,44107,8,0x3ffc5f00
12141,42472,8,0x61c80
12142,37899,8,0xfd9c0
12143,38288,8,0x199700
12144,37933,8,0x235440
12145,37320,8,0x2d1180
12146,38130,8,0x36cec0
12147,37598,8,0x408c00
12148,37563,8,0x4a4940
12149,37488,8,0x540680
12150,38009,8,0x5dc3c0
12151,38390,8,0x678100
12152,36745,8,0x713e40
12153,36833,8,0x7afb80
12154,38417,8,0x84b8c0
12155,36641,8,0x8e7600
12156,36936,8,0x983340
12157,38303,8,0xa1f080
12158,46328,58,0xabadc0
12159,42540,58,0xb56b00
12160,43432,58,0xbf2840
12161,42851,58,0xc8e580
12162,42766,58,0xd2a2c0
12163,42129,58,0xdc6000
12164,45438,58,0xe61d40
12165,41843,58,0xefda80
12166,43502,58,0xf997c0
12167,43145,58,0x1035500
12168,44166,58,0x10d1240
12169,42320,58,0x116cf80
12170,43366,58,0x1208cc0
12171,42978,58,0x12a4a00
12172,42794,58,0x1340740
12173,42589,58,0x13dc480
12174,43291,8,0x14781c0
12175,37728,8,0x1513f00
12176,37900,8,0x15afc40
12177,38647,8,0x164b980
12178,37748,8,0x16e76c0
12179,36566,8,0x1783400
12180,38536,8,0x181f140
12181,37482,8,0x18bae80
12182,37996,8,0x1956bc0
12183,36829,8,0x19f2900
12184,37860,8,0x1a8e640
12185,38106,8,0x1b2a380
12186,42068,58,0x1bc60c0
12187,44351,58,0x1c61e00
12188,42363,58,0x1cfdb40
12189,41316,58,0x1d99880
12190,42992,58,0x1e355c0
12191,40866,58,0x1ed1300
12192,41756,58,0x1f6d040
12193,41300,58,0x2008d80
12194,41784,58,0x20a4ac0
12195,43718,58,0x2140800
12196,51427,58,0x21dc540
12197,44338,58,0x2278280
12198,40653,58,0x2313fc0
12199,42461,58,0x23afd00
12200,42834,58,0x244ba40
12201,37079,8,0x24e7780
12202,49458,8,0x25834c0
12203,44997,8,0x261f200
12204,48307,8,0x26baf40
12205,43164,8,0x2756c80
12206,43137,8,0x27f29c0
12207,44981,8,0x288e700
12208,44047,8,0x292a440
12209,57121,8,0x29c6180
12210,47783,8,0x2a61ec0
12211,42904,8,0x2afdc00
12212,43338,8,0x2b99940
12213,43256,8,0x2c35680
12214,43615,8,0x2cd13c0
12215,44175,8,0x2d6d100
12216,43851,8,0x2e08e40
12217,43862,8,0x2ea4b80
12218,44773,8,0x2f408c0
12219,46691,8,0x2fdc600
12220,43240,8,0x3078340
12221,43352,8,0x3114080
12222,45041,8,0x31afdc0
12223,44925,8,0x324bb00
12224,44673,8,0x32e7840
12225,44315,8,0x3383580
12226,45262,8,0x341f2c0
12227,43562,8,0x34bb000
12228,43974,8,0x3556d40
12229,43554,8,0x35f2a80
12230,45146,8,0x368e7c0
12231,44806,8,0x372a500
12232,44312,8,0x37c6240
12233,43764,8,0x3861f80
12234,49136,8,0x38fdcc0
12235,44407,8,0x3999a00
12236,43589,8,0x3a35740
12237,43604,8,0x3ad1480
12238,44700,8,0x3b6d1c0
12239,45152,8,0x3c08f00
12240,43343,8,0x3ca4c40
12241,43755,8,0x3d40980
12242,44441,8,0x3ddc6c0
12243,43170,8,0x3e78400
12244,43916,8,0x3f14140
12245,44297,8,0x3fafe80
12246,43899,8,0x404bbc0
12247,44658,8,0x40e7900
12248,44967,8,0x4183640
12249,47758,8,0x421f380
12250,44882,8,0x42bb0c0
12251,43402,8,0x4356e00
12252,43889,8,0x43f2b40
12253,44250,8,0x448e880
12254,44210,8,0x452a5c0
12255,43738,8,0x45c6300
12256,43080,8,0x4662040
12257,43412,8,0x46fdd80
12258,45038,8,0x4799ac0
12259,43306,8,0x4835800
12260,44152,8,0x48d1540
12261,44027,8,0x496d280
12262,49247,8,0x4a08fc0
12263,46421,8,0x4aa4d00
12264,43669,8,0x4b40a40
12265,44481,8,0x4bdc780
12266,45575,8,0x4c784c0
12267,43202,8,0x4d14200
12268,45010,8,0x4daff40
12269,44250,8,0x4e4bc80
12270,44442,8,0x4ee79c0
12271,43246,8,0x4f83700
12272,43645,8,0x501f440
12273,43939,8,0x50bb180
12274,44358,8,0x5156ec0
12275,43414,8,0x51f2c00
12276,56453,8,0x528e940
12277,36974,8,0x532a680
12278,41967,8,0x53c63c0
12279,38030,8,0x5462100
12280,38890,8,0x54fde40
12281,37624,8,0x5599b80
12282,39159,8,0x56358c0
12283,38407,8,0x56d1600
12284,37928,8,0x576d340
12285,38203,8,0x5809080
12286,38932,8,0x58a4dc0
12287,38288,8,0x5940b00
12288,37660,8,0x59dc840
12289,37768,8,0x5a78580
12290,39505,8,0x5b142c0
12291,38579,8,0x5bb0000
12292,38720,8,0x5c4bd40
12293,39523,8,0x5ce7a80
12294,39134,8,0x5d837c0
12295,38976,8,0x5e1f500
12296,37697,8,0x5ebb240
12297,38951,8,0x5f56f80
12298,39200,8,0x5ff2cc0
12299,37334,8,0x608ea00
12300,89484,8,0x612a740
12301,50832,8,0x61c6480
12302,51184,8,0x62621c0
12303,51426,8,0x62fdf00
12304,58825,8,0x6399c40
12305,48875,8,0x6435980
12306,48145,8,0x64d16c0
12307,44340,8,0x656d400
12308,44088,8,0x6609140
12309,43823,8,0x66a4e80
12310,43921,8,0x6740bc0
12311,44034,8,0x67dc900
12312,44788,8,0x6878640
12313,42785,8,0x6914380
12314,44794,8,0x69b00c0
12315,44159,8,0x6a4be00
12316,42783,8,0x6ae7b40
12317,46845,8,0x6b83880
12318,45049,8,0x6c1f5c0
12319,44187,8,0x6cbb300
12320,44077,8,0x6d57040
12321,43754,8,0x6df2d80
12322,44951,8,0x6e8eac0
12323,44005,8,0x6f2a800
12324,42989,8,0x6fc6540
12325,43260,8,0x7062280
12326,63628,8,0x70fdfc0
12327,47048,8,0x7199d00
12328,43382,8,0x7235a40
12329,43071,8,0x72d1780
12330,45496,8,0x736d4c0
12331,47124,8,0x7409200
12332,44291,8,0x74a4f40
12333,42586,8,0x7540c80
12334,43628,8,0x75dc9c0
12335,44006,8,0x7678700
12336,42399,8,0x7714440
12337,43026,8,0x77b0180
12338,44648,8,0x784bec0
12339,43973,8,0x78e7c00
12340,44602,8,0x7983940
12341,42860,8,0x7a1f680
12342,43631,8,0x7abb3c0
12343,44730,8,0x7b57100
12344,44005,8,0x7bf2e40
12345,43744,8,0x7c8eb80
12346,48893,8,0x7d2a8c0
12347,47942,8,0x7dc6600
12348,52289,8,0x7e62340
12349,43809,8,0x7efe080
12350,44855,8,0x7f99dc0
12351,44353,8,0x8035b00
12352,44011,8,0x80d1840
12353,43298,8,0x816d580
12354,44415,8,0x82092c0
12355,43731,8,0x82a5000
12356,43394,8,0x8340d40
12357,43593,8,0x83dca80
12358,43381,8,0x84787c0
12359,43583,8,0x8514500
12360,44121,8,0x85b0240
12361,46426,8,0x864bf80
12362,44444,8,0x86e7cc0
12363,44171,8,0x8783a00
12364,46055,8,0x881f740
12365,48423,8,0x88bb480
12366,42742,8,0x89571c0
12367,43205,8,0x89f2f00
12368,43931,8,0x8a8ec40
12369,57730,8,0x8b2a980
12370,47693,8,0x8bc66c0
12371,42737,8,0x8c62400
12372,44621,8,0x8cfe140
12373,44017,8,0x8d99e80
12374,43306,8,0x8e35bc0
12375,44236,8,0x8ed1900
12376,46083,8,0x8f6d640
12377,43957,8,0x9009380
12378,45139,8,0x90a50c0
12379,43241,8,0x9140e00
12380,44033,8,0x91dcb40
12381,43345,8,0x9278880
12382,43064,8,0x93145c0
12383,43471,8,0x93b0300
12384,43371,8,0x944c040
12385,63752,8,0x94e7d80
12386,44856,8,0x9583ac0
12387,44150,8,0x961f800
12388,44447,8,0x96bb540
12389,44864,8,0x9757280
12390,65206,8,0x97f2fc0
12391,47993,8,0x988ed00
12392,43368,8,0x992aa40
12393,44583,8,0x99c6780
12394,45286,8,0x9a624c0
12395,45117,8,0x9afe200
12396,44028,8,0x9b99f40
12397,43281,8,0x9c35c80
12398,44218,8,0x9cd19c0
12399,43894,8,0x9d6d700
12400,43591,8,0x9e09440
12401,44257,8,0x9ea5180
12402,44152,8,0x9f40ec0
12403,44458,8,0x9fdcc00
12404,44193,8,0xa078940
12405,47440,8,0xa114680
12406,45517,8,0xa1b03c0
12407,42997,8,0xa24c100
12408,42631,8,0xa2e7e40
12409,44238,8,0xa383b80
12410,45786,8,0xa41f8c0
12411,45465,8,0xa4bb600
12412,57366,8,0xa557340
12413,45985,8,0xa5f3080
12414,44732,8,0xa68edc0
12415,43344,8,0xa72ab00
12416,42776,8,0xa7c6840
12417,44818,8,0xa862580
12418,45416,8,0xa8fe2c0
12419,44122,8,0xa99a000
12420,47088,8,0xaa35d40
12421,44020,8,0xaad1a80
12422,44890,8,0xab6d7c0
12423,42644,8,0xac09500
12424,43349,8,0xaca5240
12425,45407,8,0xad40f80
12426,45572,8,0xaddccc0
12427,48728,8,0xae78a00
12428,43864,8,0xaf14740
12429,43825,8,0xafb0480
12430,45256,8,0xb04c1c0
12431,43776,8,0xb0e7f00
12432,43681,8,0xb183c40
12433,52848,8,0xb21f980
12434,50777,8,0xb2bb6c0
12435,47227,8,0xb357400
12436,43562,8,0xb3f3140
12437,44212,8,0xb48ee80
12438,45273,8,0xb52abc0
12439,44254,8,0xb5c6900
12440,43510,8,0xb662640
12441,44191,8,0xb6fe380
12442,45842,8,0xb79a0c0
12443,43680,8,0xb835e00
12444,43167,8,0xb8d1b40
12445,44393,8,0xb96d880
12446,45541,8,0xba095c0
12447,44545,8,0xbaa5300
12448,44306,8,0xbb41040
12449,45129,8,0xbbdcd80
12450,46632,8,0xbc78ac0
12451,43648,8,0xbd14800
12452,44577,8,0xbdb0540
12453,44408,8,0xbe4c280
12454,49127,8,0xbee7fc0
12455,57252,8,0xbf83d00
12456,47275,8,0xc01fa40
12457,45399,8,0xc0bb780
12458,46666,8,0xc1574c0
12459,44610,8,0xc1f3200
12460,44050,8,0xc28ef40
12461,43360,8,0xc32ac80
12462,44843,8,0xc3c69c0
12463,43720,8,0xc462700
12464,46645,8,0xc4fe440
12465,44256,8,0xc59a180
12466,44438,8,0xc635ec0
12467,43612,8,0xc6d1c00
12468,43062,8,0xc76d940
12469,44327,8,0xc809680
12470,48876,8,0xc8a53c0
12471,63402,8,0xc941100
12472,37579,8,0xc9dce40
12473,38423,8,0xca78b80
12474,39533,8,0xcb148c0
12475,40260,8,0xcbb0600
12476,42834,8,0xcc4c340
12477,47265,8,0xcce8080
12478,37647,8,0xcd83dc0
12479,38135,8,0xce1fb00
12480,34089,8,0xcebb840
12481,33447,8,0xcf57580
12482,34583,8,0xcff32c0
12483,34183,8,0xd08f000
12484,35002,8,0xd12ad40
12485,33566,8,0xd1c6a80
12486,33409,8,0xd2627c0
12487,33733,8,0xd2fe500
12488,40847,8,0xd39a240
12489,38442,8,0xd435f80
12490,34443,8,0xd4d1cc0
12491,37131,8,0xd56da00
12492,33933,8,0xd609740
12493,39907,8,0xd6a5480
12494,37131,8,0xd7411c0
12495,35498,8,0xd7dcf00
12496,34492,8,0xd878c40
12497,39206,8,0xd914980
12498,35867,8,0xd9b06c0
12499,33300,8,0xda4c400
12500,32846,8,0xdae8140
12501,35367,8,0xdb83e80
12502,34376,8,0xdc1fbc0
12503,39635,8,0xdcbb900
12504,48363,8,0xdd57640
12505,43951,8,0xddf3380
12506,35931,8,0xde8f0c0
12507,39315,8,0xdf2ae00
12508,34510,8,0xdfc6b40
12509,37424,8,0xe062880
12510,37140,8,0xe0fe5c0
12511,34546,8,0xe19a300
12512,32788,8,0xe236040
12513,33975,8,0xe2d1d80
12514,34663,8,0xe36dac0
12515,41530,8,0xe409800
12516,40045,8,0xe4a5540
12517,34281,8,0xe541280
12518,38206,8,0xe5dcfc0
12519,32870,8,0xe678d00
12520,34075,8,0xe714a40
12521,36506,8,0xe7b0780
12522,35177,8,0xe84c4c0
12523,36405,8,0xe8e8200
12524,40354,8,0xe983f40
12525,34443,8,0xea1fc80
12526,33572,8,0xeabb9c0
12527,40392,8,0xeb57700
12528,34545,8,0xebf3440
12529,37062,8,0xec8f180
12530,37482,8,0xed2aec0
12531,49937,8,0xedc6c00
12532,39647,8,0xee62940
12533,35163,8,0xeefe680
12534,33786,8,0xef9a3c0
12535,36728,8,0xf036100
12536,34477,8,0xf0d1e40
12537,41001,8,0xf16db80
12538,39422,8,0xf2098c0
12539,34091,8,0xf2a5600
12540,39847,8,0xf341340
12541,34980,8,0xf3dd080
12542,34919,8,0xf478dc0
12543,33994,8,0xf514b00
12544,43666,8,0xf5b0840
12545,35131,8,0xf64c580
12546,34359,8,0xf6e82c0
12547,33599,8,0xf784000
12548,40898,8,0xf81fd40
12549,39366,8,0xf8bba80
12550,33930,8,0xf9577c0
12551,43736,8,0xf9f3500
12552,34644,8,0xfa8f240
12553,42569,8,0xfb2af80
12554,35575,8,0xfbc6cc0
12555,34679,8,0xfc62a00
12556,34246,8,0xfcfe740
12557,49171,8,0xfd9a480
12558,38065,8,0xfe361c0
12559,34372,8,0xfed1f00
12560,34041,8,0xff6dc40
12561,36853,8,0x10009980
12562,35223,8,0x100a56c0
12563,34363,8,0x10141400
12564,33599,8,0x101dd140
12565,36111,8,0x10278e80
12566,33567,8,0x10314bc0
12567,40962,8,0x103b0900
12568,37694,8,0x1044c640
12569,36881,8,0x104e8380
12570,33893,8,0x105840c0
12571,33156,8,0x1061fe00
12572,35234,8,0x106bbb40
12573,33820,8,0x10757880
12574,34639,8,0x107f35c0
12575,34288,8,0x1088f300
12576,33807,8,0x1092b040
12577,60192,8,0x109c6d80
12578,36216,8,0x10a62ac0
12579,34430,8,0x10afe800
12580,40430,8,0x10b9a540
12581,32993,8,0x10c36280
12582,40613,8,0x10cd1fc0
12583,39952,8,0x10d6dd00
12584,51155,8,0x10e09a40
12585,38125,8,0x10ea5780
12586,35883,8,0x10f414c0
12587,34207,8,0x10fdd200
12588,40223,8,0x11078f40
12589,33631,8,0x11114c80
12590,36160,8,0x111b09c0
12591,34651,8,0x1124c700
12592,39652,8,0x112e8440
12593,34434,8,0x11384180
12594,36358,8,0x1141fec0
12595,34771,8,0x114bbc00
12596,34285,8,0x11557940
12597,35951,8,0x115f3680
12598,34238,8,0x1168f3c0
12599,34900,8,0x1172b100
12600,41430,8,0x117c6e40
12601,39727,8,0x11862b80
12602,34864,8,0x118fe8c0
12603,34149,8,0x1199a600
12604,33321,8,0x11a36340
12605,36003,8,0x11ad2080
12606,34388,8,0x11b6ddc0
12607,37822,8,0x11c09b00
12608,34165,8,0x11ca5840
12609,33566,8,0x11d41580
12610,40625,8,0x11ddd2c0
12611,49501,8,0x11e79000
12612,42017,8,0x11f14d40
12613,37097,8,0x11fb0a80
12614,40985,8,0x1204c7c0
12615,34599,8,0x120e8500
12616,39933,8,0x12184240
12617,34927,8,0x1221ff80
12618,35498,8,0x122bbcc0
12619,36353,8,0x12357a00
12620,33978,8,0x123f3740
12621,36834,8,0x1248f480
12622,35225,8,0x1252b1c0
12623,33646,8,0x125c6f00
12624,39311,8,0x12662c40
12625,34955,8,0x126fe980
12626,34366,8,0x1279a6c0
12627,37365,8,0x12836400
12628,34041,8,0x128d2140
12629,34466,8,0x1296de80
12630,35369,8,0x12a09bc0
12631,34063,8,0x12aa5900
12632,34677,8,0x12b41640
12633,40342,8,0x12bdd380
12634,35482,8,0x12c790c0
12635,33899,8,0x12d14e00
12636,33226,8,0x12db0b40
12637,34501,8,0x12e4c880
12638,50012,8,0x12ee85c0
12639,40011,8,0x12f84300
12640,35011,8,0x13020040
12641,37107,8,0x130bbd80
12642,37906,8,0x13157ac0
12643,32902,8,0x131f3800
12644,34484,8,0x1328f540
12645,34090,8,0x1332b280
12646,44012,8,0x133c6fc0
12647,33910,8,0x13462d00
12648,34478,8,0x134fea40
12649,34148,8,0x1359a780
12650,33935,8,0x136364c0
12651,36509,8,0x136d2200
12652,34726,8,0x1376df40
12653,42841,8,0x13809c80
12654,34108,8,0x138a59c0
12655,33773,8,0x13941700
12656,37507,8,0x139dd440
12657,40973,8,0x13a79180
12658,35902,8,0x13b14ec0
12659,36536,8,0x13bb0c00
12660,36303,8,0x13c4c940
12661,40719,8,0x13ce8680
12662,34512,8,0x13d843c0
12663,34632,8,0x13e20100
12664,44659,8,0x13ebbe40
12665,47000,8,0x13f57b80
12666,35589,8,0x13ff38c0
12667,34443,8,0x1408f600
12668,39499,8,0x1412b340
12669,35995,8,0x141c7080
12670,34247,8,0x14262dc0
12671,38830,8,0x142feb00
12672,35302,8,0x1439a840
12673,34340,8,0x14436580
12674,37165,8,0x144d22c0
12675,37913,8,0x1456e000
12676,40234,8,0x14609d40
12677,41500,8,0x146a5a80
12678,33575,8,0x147417c0
12679,40855,8,0x147dd500
12680,39815,8,0x14879240
12681,34564,8,0x14914f80
12682,33909,8,0x149b0cc0
12683,33540,8,0x14a4ca00
12684,63451,8,0x14ae8740
12685,35451,8,0x14b84480
12686,38927,8,0x14c201c0
12687,36939,8,0x14cbbf00
12688,39433,8,0x14d57c40
12689,33353,8,0x14df3980
12690,50911,8,0x14e8f6c0
12691,45390,8,0x14f2b400
12692,36567,8,0x14fc7140
12693,40507,8,0x15062e80
12694,33552,8,0x150febc0
12695,34318,8,0x1519a900
12696,34647,8,0x15236640
12697,34199,8,0x152d2380
12698,34137,8,0x1536e0c0
12699,36781,8,0x15409e00
12700,35117,8,0x154a5b40
12701,36987,8,0x15541880
12702,34305,8,0x155dd5c0
12703,40098,8,0x15679300
12704,33443,8,0x15715040
12705,33993,8,0x157b0d80
12706,34124,8,0x1584cac0
12707,39437,8,0x158e8800
12708,39935,8,0x15984540
12709,34240,8,0x15a20280
12710,40840,8,0x15abbfc0
12711,34148,8,0x15b57d00
12712,34291,8,0x15bf3a40
12713,34421,8,0x15c8f780
12714,35216,8,0x15d2b4c0
12715,37265,8,0x15dc7200
12716,37389,8,0x15e62f40
12717,46613,8,0x15efec80
12718,41338,8,0x15f9a9c0
12719,34659,8,0x16036700
12720,37152,8,0x160d2440
12721,40465,8,0x1616e180
12722,34050,8,0x16209ec0
12723,40585,8,0x162a5c00
12724,34499,8,0x16341940
12725,34418,8,0x163dd680
12726,35162,8,0x164793c0
12727,38879,8,0x16515100
12728,34722,8,0x165b0e40
12729,34027,8,0x1664cb80
12730,36668,8,0x166e88c0
12731,35048,8,0x16784600
12732,35237,8,0x16820340
12733,37253,8,0x168bc080
12734,34703,8,0x16957dc0
12735,39020,8,0x169f3b00
12736,34892,8,0x16a8f840
12737,37542,8,0x16b2b580
12738,34356,8,0x16bc72c0
12739,35683,8,0x16c63000
12740,34369,8,0x16cfed40
12741,40250,8,0x16d9aa80
12742,34168,8,0x16e367c0
12743,34847,8,0x16ed2500
12744,65657,8,0x16f6e240
12745,44175,8,0x17009f80
12746,34797,8,0x170a5cc0
12747,39307,8,0x17141a00
12748,35268,8,0x171dd740
12749,34269,8,0x17279480
12750,39411,8,0x173151c0
12751,39186,8,0x173b0f00
12752,34683,8,0x1744cc40
12753,34349,8,0x174e8980
12754,36444,8,0x175846c0
12755,35404,8,0x17620400
12756,34141,8,0x176bc140
12757,35926,8,0x17757e80
12758,40447,8,0x177f3bc0
12759,39777,8,0x1788f900
12760,37753,8,0x1792b640
12761,39444,8,0x179c7380
12762,34163,8,0x17a630c0
12763,33784,8,0x17afee00
12764,35644,8,0x17b9ab40
12765,33872,8,0x17c36880
12766,33667,8,0x17cd25c0
12767,35176,8,0x17d6e300
12768,34952,8,0x17e0a040
12769,44791,8,0x17ea5d80
12770,27574,8,0x17f41ac0
12771,32627,8,0x17fdd800
12772,26972,8,0x18079540
12773,24380,8,0x18115280
12774,29677,8,0x181b0fc0
12775,25842,8,0x1824cd00
12776,24672,8,0x182e8a40
12777,25597,8,0x18384780
12778,26840,8,0x184204c0
12779,25629,8,0x184bc200
12780,26036,8,0x18557f40
12781,25039,8,0x185f3c80
12782,25445,8,0x1868f9c0
12783,24896,8,0x1872b700
12784,26635,8,0x187c7440
12785,24983,8,0x18863180
12786,26092,8,0x188feec0
12787,25289,8,0x1899ac00
12788,25983,8,0x18a36940
12789,27443,8,0x18ad2680
12790,24987,8,0x18b6e3c0
12791,25789,8,0x18c0a100
12792,24409,8,0x18ca5e40
12793,25583,8,0x18d41b80
12794,25764,8,0x18ddd8c0
12795,25954,8,0x18e79600
12796,25068,8,0x18f15340
12797,25640,8,0x18fb1080
12798,35219,8,0x1904cdc0
12799,30655,8,0x190e8b00
12800,25092,8,0x19184840
12801,25855,8,0x19220580
12802,24908,8,0x192bc2c0
12803,24499,8,0x19358000
12804,26876,8,0x193f3d40
12805,26820,8,0x1948fa80
12806,34257,8,0x1952b7c0
12807,28017,8,0x195c7500
12808,35305,8,0x19663240
12809,27283,8,0x196fef80
12810,26547,8,0x1979acc0
12811,26328,8,0x19836a00
12812,25713,8,0x198d2740
12813,25957,8,0x1996e480
12814,26713,8,0x19a0a1c0
12815,26194,8,0x19aa5f00
12816,25806,8,0x19b41c40
12817,24819,8,0x19bdd980
12818,26096,8,0x19c796c0
12819,26763,8,0x19d15400
12820,24880,8,0x19db1140
12821,24775,8,0x19e4ce80
12822,25234,8,0x19ee8bc0
12823,26924,8,0x19f84900
12824,27228,8,0x1a020640
12825,24888,8,0x1a0bc380
12826,24687,8,0x1a1580c0
12827,25318,8,0x1a1f3e00
12828,24796,8,0x1a28fb40
12829,24683,8,0x1a32b880
12830,25532,8,0x1a3c75c0
12831,25788,8,0x1a463300
12832,27460,8,0x1a4ff040
12833,26604,8,0x1a59ad80
12834,27051,8,0x1a636ac0
12835,25868,8,0x1a6d2800
12836,25726,8,0x1a76e540
12837,25727,8,0x1a80a280
12838,27670,8,0x1a8a5fc0
12839,24785,8,0x1a941d00
12840,25457,8,0x1a9dda40
12841,25920,8,0x1aa79780
12842,26979,8,0x1ab154c0
12843,25071,8,0x1abb1200
12844,25111,8,0x1ac4cf40
12845,33221,8,0x1ace8c80
12846,28055,8,0x1ad849c0
12847,25647,8,0x1ae20700
12848,27281,8,0x1aebc440
12849,25023,8,0x1af58180
12850,25192,8,0x1aff3ec0
12851,27231,8,0x1b08fc00
12852,25727,8,0x1b12b940
12853,24887,8,0x1b1c7680
12854,24742,8,0x1b2633c0
12855,26995,8,0x1b2ff100
12856,25548,8,0x1b39ae40
12857,26349,8,0x1b436b80
12858,25312,8,0x1b4d28c0
12859,25220,8,0x1b56e600
12860,24782,8,0x1b60a340
12861,28438,8,0x1b6a6080
12862,25396,8,0x1b741dc0
12863,27133,8,0x1b7ddb00
12864,27331,8,0x1b879840
12865,26015,8,0x1b915580
12866,26286,8,0x1b9b12c0
12867,26546,8,0x1ba4d000
12868,25705,8,0x1bae8d40
12869,26331,8,0x1bb84a80
12870,26683,8,0x1bc207c0
12871,26078,8,0x1bcbc500
12872,24748,8,0x1bd58240
12873,24665,8,0x1bdf3f80
12874,25740,8,0x1be8fcc0
12875,25375,8,0x1bf2ba00
12876,24823,8,0x1bfc7740
12877,24782,8,0x1c063480
12878,27168,8,0x1c0ff1c0
12879,25706,8,0x1c19af00
12880,26602,8,0x1c236c40
12881,24665,8,0x1c2d2980
12882,25528,8,0x1c36e6c0
12883,33906,8,0x1c40a400
12884,27196,8,0x1c4a6140
12885,24550,8,0x1c541e80
12886,25199,8,0x1c5ddbc0
12887,24441,8,0x1c679900
12888,25291,8,0x1c715640
12889,24535,8,0x1c7b1380
12890,25511,8,0x1c84d0c0
12891,24973,8,0x1c8e8e00
12892,25565,8,0x1c984b40
12893,28195,8,0x1ca20880
12894,25929,8,0x1cabc5c0
12895,25591,8,0x1cb58300
12896,25062,8,0x1cbf4040
12897,25470,8,0x1cc8fd80
12898,24529,8,0x1cd2bac0
12899,24942,8,0x1cdc7800
12900,25598,8,0x1ce63540
12901,27019,8,0x1ceff280
12902,28490,8,0x1cf9afc0
12903,24551,8,0x1d036d00
12904,24631,8,0x1d0d2a40
12905,24480,8,0x1d16e780
12906,27441,8,0x1d20a4c0
12907,27466,8,0x1d2a6200
12908,24594,8,0x1d341f40
12909,25714,8,0x1d3ddc80
12910,25662,8,0x1d4799c0
12911,25738,8,0x1d515700
12912,24917,8,0x1d5b1440
12913,25481,8,0x1d64d180
12914,26892,8,0x1d6e8ec0
12915,25381,8,0x1d784c00
12916,25978,8,0x1d820940
12917,25333,8,0x1d8bc680
12918,25324,8,0x1d9583c0
12919,24905,8,0x1d9f4100
12920,25824,8,0x1da8fe40
12921,34508,8,0x1db2bb80
12922,30656,8,0x1dbc78c0
12923,28076,8,0x1dc63600
12924,25331,8,0x1dcff340
12925,26315,8,0x1dd9b080
12926,26209,8,0x1de36dc0
12927,25654,8,0x1ded2b00
12928,24917,8,0x1df6e840
12929,25874,8,0x1e00a580
12930,25025,8,0x1e0a62c0
12931,25804,8,0x1e142000
12932,25699,8,0x1e1ddd40
12933,25473,8,0x1e279a80
12934,25323,8,0x1e3157c0
12935,25546,8,0x1e3b1500
12936,25829,8,0x1e44d240
12937,27671,8,0x1e4e8f80
12938,26606,8,0x1e584cc0
12939,24943,8,0x1e620a00
12940,25950,8,0x1e6bc740
12941,24463,8,0x1e758480
12942,25720,8,0x1e7f41c0
12943,25335,8,0x1e88ff00
12944,25148,8,0x1e92bc40
12945,25035,8,0x1e9c7980
12946,26937,8,0x1ea636c0
12947,25385,8,0x1eaff400
12948,63967,8,0x1eb9b140
12949,29733,8,0x1ec36e80
12950,25830,8,0x1ecd2bc0
12951,26760,8,0x1ed6e900
12952,27951,8,0x1ee0a640
12953,25206,8,0x1eea6380
12954,27581,8,0x1ef420c0
12955,27503,8,0x1efdde00
12956,26031,8,0x1f079b40
12957,34637,8,0x1f115880
12958,27060,8,0x1f1b15c0
12959,25053,8,0x1f24d300
12960,24905,8,0x1f2e9040
12961,24574,8,0x1f384d80
12962,25858,8,0x1f420ac0
12963,24888,8,0x1f4bc800
12964,24516,8,0x1f558540
12965,24814,8,0x1f5f4280
12966,30314,8,0x1f68ffc0
12967,26184,8,0x1f72bd00
12968,24873,8,0x1f7c7a40
12969,24448,8,0x1f863780
12970,27885,8,0x1f8ff4c0
12971,24782,8,0x1f99b200
12972,24817,8,0x1fa36f40
12973,24976,8,0x1fad2c80
12974,25931,8,0x1fb6e9c0
12975,25585,8,0x1fc0a700
12976,25779,8,0x1fca6440
12977,24777,8,0x1fd42180
12978,25210,8,0x1fdddec0
12979,26114,8,0x1fe79c00
12980,24980,8,0x1ff15940
12981,26552,8,0x1ffb1680
12982,25513,8,0x2004d3c0
12983,26069,8,0x200e9100
12984,25582,8,0x20184e40
12985,30674,8,0x20220b80
12986,26467,8,0x202bc8c0
12987,24593,8,0x20358600
12988,27434,8,0x203f4340
12989,28423,8,0x20490080
12990,30906,8,0x2052bdc0
12991,26815,8,0x205c7b00
12992,26437,8,0x20663840
12993,26635,8,0x206ff580
12994,33574,8,0x2079b2c0
12995,30877,8,0x20837000
12996,28400,8,0x208d2d40
12997,28118,8,0x2096ea80
12998,25119,8,0x20a0a7c0
12999,24936,8,0x20aa6500
13000,25267,8,0x20b42240
13001,25616,8,0x20bddf80
13002,25310,8,0x20c79cc0
13003,24922,8,0x20d15a00
13004,25452,8,0x20db1740
13005,26693,8,0x20e4d480
13006,26225,8,0x20ee91c0
13007,25708,8,0x20f84f00
13008,25035,8,0x21020c40
13009,25057,8,0x210bc980
13010,25094,8,0x211586c0
13011,26002,8,0x211f4400
13012,25338,8,0x21290140
13013,25126,8,0x2132be80
13014,25739,8,0x213c7bc0
13015,37149,8,0x21463900
13016,26970,8,0x214ff640
13017,26645,8,0x2159b380
13018,27002,8,0x216370c0
13019,25184,8,0x216d2e00
13020,26268,8,0x2176eb40
13021,26215,8,0x2180a880
13022,26386,8,0x218a65c0
13023,26300,8,0x21942300
13024,24796,8,0x219de040
13025,26161,8,0x21a79d80
13026,27141,8,0x21b15ac0
13027,25778,8,0x21bb1800
13028,26409,8,0x21c4d540
13029,26581,8,0x21ce9280
13030,28734,8,0x21d84fc0
13031,33913,8,0x21e20d00
13032,28091,8,0x21ebca40
13033,26374,8,0x21f58780
13034,28062,8,0x21ff44c0
13035,27315,8,0x22090200
13036,25860,8,0x2212bf40
13037,26757,8,0x221c7c80
13038,25161,8,0x222639c0
13039,25045,8,0x222ff700
13040,26512,8,0x2239b440
13041,26062,8,0x22437180
13042,26433,8,0x224d2ec0
13043,25751,8,0x2256ec00
13044,26309,8,0x2260a940
13045,25527,8,0x226a6680
13046,24883,8,0x227423c0
13047,28704,8,0x227de100
13048,24461,8,0x22879e40
13049,24821,8,0x22915b80
13050,26218,8,0x229b18c0
13051,26004,8,0x22a4d600
13052,26389,8,0x22ae9340
13053,25611,8,0x22b85080
13054,25677,8,0x22c20dc0
13055,26559,8,0x22cbcb00
13056,24968,8,0x22d58840
13057,25250,8,0x22df4580
13058,25872,8,0x22e902c0
13059,24727,8,0x22f2c000
13060,27054,8,0x22fc7d40
13061,25926,8,0x23063a80
13062,26538,8,0x230ff7c0
13063,24299,8,0x2319b500
13064,24809,8,0x23237240
13065,26260,8,0x232d2f80
13066,26106,8,0x2336ecc0
13067,26240,8,0x2340aa00
13068,29661,8,0x234a6740
13069,31236,8,0x23542480
13070,27856,8,0x235de1c0
13071,24448,8,0x23679f00
13072,24545,8,0x23715c40
13073,25354,8,0x237b1980
13074,26756,8,0x2384d6c0
13075,24937,8,0x238e9400
13076,25562,8,0x23985140
13077,24905,8,0x23a20e80
13078,26847,8,0x23abcbc0
13079,25153,8,0x23b58900
13080,24617,8,0x23bf4640
13081,27381,8,0x23c90380
13082,25915,8,0x23d2c0c0
13083,24754,8,0x23dc7e00
13084,24611,8,0x23e63b40
13085,27215,8,0x23eff880
13086,25719,8,0x23f9b5c0
13087,27338,8,0x24037300
13088,25146,8,0x240d3040
13089,26830,8,0x2416ed80
13090,26489,8,0x2420aac0
13091,24263,8,0x242a6800
13092,24904,8,0x24342540
13093,24925,8,0x243de280
13094,28979,8,0x24479fc0
13095,24381,8,0x24515d00
13096,33256,8,0x245b1a40
13097,27516,8,0x2464d780
13098,26247,8,0x246e94c0
13099,28580,8,0x24785200
13100,24882,8,0x24820f40
13101,26396,8,0x248bcc80
13102,25141,8,0x249589c0
13103,24664,8,0x249f4700
13104,25143,8,0x24a90440
13105,26309,8,0x24b2c180
13106,35159,8,0x24bc7ec0
13107,28956,8,0x24c63c00
13108,25812,8,0x24cff940
13109,27350,8,0x24d9b680
13110,25255,8,0x24e373c0
13111,25162,8,0x24ed3100
13112,26169,8,0x24f6ee40
13113,25391,8,0x2500ab80
13114,28139,8,0x250a68c0
13115,27181,8,0x25142600
13116,26928,8,0x251de340
13117,25186,8,0x2527a080
13118,26711,8,0x25315dc0
13119,24584,8,0x253b1b00
13120,25899,8,0x2544d840
13121,25334,8,0x254e9580
13122,24714,8,0x255852c0
13123,26229,8,0x25621000
13124,27055,8,0x256bcd40
13125,25587,8,0x25758a80
13126,25163,8,0x257f47c0
13127,24461,8,0x25890500
13128,25302,8,0x2592c240
13129,27120,8,0x259c7f80
13130,26489,8,0x25a63cc0
13131,26254,8,0x25affa00
13132,25124,8,0x25b9b740
13133,25934,8,0x25c37480
13134,26324,8,0x25cd31c0
13135,25224,8,0x25d6ef00
13136,25903,8,0x25e0ac40
13137,24765,8,0x25ea6980
13138,25168,8,0x25f426c0
13139,36540,8,0x25fde400
13140,22332,8,0x2607a140
13141,21821,8,0x26115e80
13142,21801,8,0x261b1bc0
13143,21771,8,0x2624d900
13144,28634,8,0x262e9640
13145,22809,8,0x26385380
13146,22683,8,0x264210c0
13147,22875,8,0x264bce00
13148,21876,8,0x26558b40
13149,22240,8,0x265f4880
13150,22623,8,0x266905c0
13151,21584,8,0x2672c300
13152,22865,8,0x267c8040
13153,21449,8,0x26863d80
13154,22894,8,0x268ffac0
13155,21808,8,0x2699b800
13156,21888,8,0x26a37540
13157,20813,8,0x26ad3280
13158,25198,8,0x26b6efc0
13159,21382,8,0x26c0ad00
13160,22494,8,0x26ca6a40
13161,22530,8,0x26d42780
13162,22646,8,0x26dde4c0
13163,22349,8,0x26e7a200
13164,22131,8,0x26f15f40
13165,22303,8,0x26fb1c80
13166,22775,8,0x2704d9c0
13167,21232,8,0x270e9700
13168,22172,8,0x27185440
13169,22518,8,0x27221180
13170,23691,8,0x272bcec0
13171,25242,8,0x27358c00
13172,21522,8,0x273f4940
13173,24038,8,0x27490680
13174,21662,8,0x2752c3c0
13175,21488,8,0x275c8100
13176,21681,8,0x27663e40
13177,22650,8,0x276ffb80
13178,22309,8,0x2779b8c0
13179,22120,8,0x27837600
13180,22253,8,0x278d3340
13181,21715,8,0x2796f080
13182,21594,8,0x27a0adc0
13183,21610,8,0x27aa6b00
13184,22881,8,0x27b42840
13185,22917,8,0x27bde580
13186,22470,8,0x27c7a2c0
13187,26344,8,0x27d16000
13188,24260,8,0x27db1d40
13189,21967,8,0x27e4da80
13190,21906,8,0x27ee97c0
13191,22274,8,0x27f85500
13192,22875,8,0x28021240
13193,23105,8,0x280bcf80
13194,23479,8,0x28158cc0
13195,21949,8,0x281f4a00
13196,21743,8,0x28290740
13197,21694,8,0x2832c480
13198,21603,8,0x283c81c0
13199,21057,8,0x28463f00
13200,22375,8,0x284ffc40
13201,22739,8,0x2859b980
13202,22203,8,0x286376c0
13203,22840,8,0x286d3400
13204,21613,8,0x2876f140
13205,22864,8,0x2880ae80
13206,21332,8,0x288a6bc0
13207,20968,8,0x28942900
13208,22483,8,0x289de640
13209,22215,8,0x28a7a380
13210,21662,8,0x28b160c0
13211,22802,8,0x28bb1e00
13212,22230,8,0x28c4db40
13213,21660,8,0x28ce9880
13214,22216,8,0x28d855c0
13215,21402,8,0x28e21300
13216,22864,8,0x28ebd040
13217,21583,8,0x28f58d80
13218,23835,8,0x28ff4ac0
13219,22301,8,0x29090800
13220,23090,8,0x2912c540
13221,22378,8,0x291c8280
13222,23524,8,0x29263fc0
13223,21537,8,0x292ffd00
13224,21812,8,0x2939ba40
13225,22125,8,0x29437780
13226,22202,8,0x294d34c0
13227,21579,8,0x2956f200
13228,21660,8,0x2960af40
13229,21740,8,0x296a6c80
13230,22560,8,0x297429c0
13231,26413,8,0x297de700
13232,24433,8,0x2987a440
13233,24632,8,0x29916180
13234,21506,8,0x299b1ec0
13235,22084,8,0x29a4dc00
13236,22104,8,0x29ae9940
13237,22176,8,0x29b85680
13238,22317,8,0x29c213c0
13239,22339,8,0x29cbd100
13240,21791,8,0x29d58e40
13241,22087,8,0x29df4b80
13242,22687,8,0x29e908c0
13243,21890,8,0x29f2c600
13244,23398,8,0x29fc8340
13245,22201,8,0x2a064080
13246,22313,8,0x2a0ffdc0
13247,38123,8,0x2a19bb00
13248,22817,8,0x2a237840
13249,21604,8,0x2a2d3580
13250,21755,8,0x2a36f2c0
13251,22711,8,0x2a40b000
13252,21425,8,0x2a4a6d40
13253,21955,8,0x2a542a80
13254,22439,8,0x2a5de7c0
13255,21555,8,0x2a67a500
13256,21951,8,0x2a716240
13257,21499,8,0x2a7b1f80
13258,21984,8,0x2a84dcc0
13259,22506,8,0x2a8e9a00
13260,21636,8,0x2a985740
13261,167587,8,0x2aa21480
13262,78842,8,0x2aabd1c0
13263,49576,8,0x2ab58f00
13264,50157,8,0x2abf4c40
13265,47524,8,0x2ac90980
13266,50150,8,0x2ad2c6c0
13267,48434,8,0x2adc8400
13268,43842,8,0x2ae64140
13269,48997,8,0x2aeffe80
13270,44692,8,0x2af9bbc0
13271,43278,8,0x2b037900
13272,43592,8,0x2b0d3640
13273,43170,8,0x2b16f380
13274,44782,8,0x2b20b0c0
13275,43073,8,0x2b2a6e00
13276,43239,8,0x2b342b40
13277,43689,8,0x2b3de880
13278,44030,8,0x2b47a5c0
13279,43110,8,0x2b516300
13280,43001,8,0x2b5b2040
13281,42813,8,0x2b64dd80
13282,44254,8,0x2b6e9ac0
13283,43094,8,0x2b785800
13284,46179,8,0x2b821540
13285,43480,8,0x2b8bd280
13286,46745,8,0x2b958fc0
13287,43573,8,0x2b9f4d00
13288,42560,8,0x2ba90a40
13289,42577,8,0x2bb2c780
13290,43925,8,0x2bbc84c0
13291,43288,8,0x2bc64200
13292,43388,8,0x2bcfff40
13293,43458,8,0x2bd9bc80
13294,43400,8,0x2be379c0
13295,43826,8,0x2bed3700
13296,44140,8,0x2bf6f440
13297,42938,8,0x2c00b180
13298,46580,8,0x2c0a6ec0
13299,43517,8,0x2c142c00
13300,43511,8,0x2c1de940
13301,56747,8,0x2c27a680
13302,62591,8,0x2c3163c0
13303,54590,8,0x2c3b2100
13304,44216,8,0x2c44de40
13305,42780,8,0x2c4e9b80
13306,47808,8,0x2c5858c0
13307,44146,8,0x2c621600
13308,43503,8,0x2c6bd340
13309,43890,8,0x2c759080
13310,43220,8,0x2c7f4dc0
13311,44381,8,0x2c890b00
13312,43361,8,0x2c92c840
13313,45486,8,0x2c9c8580
13314,43587,8,0x2ca642c0
13315,44636,8,0x2cb00000
13316,42900,8,0x2cb9bd40
13317,43145,8,0x2cc37a80
13318,47802,8,0x2ccd37c0
13319,44584,8,0x2cd6f500
13320,44260,8,0x2ce0b240
13321,42370,8,0x2cea6f80
13322,43939,8,0x2cf42cc0
13323,43564,8,0x2cfdea00
13324,44814,8,0x2d07a740
13325,43245,8,0x2d116480
13326,42679,8,0x2d1b21c0
13327,44459,8,0x2d24df00
13328,47082,8,0x2d2e9c40
13329,42518,8,0x2d385980
13330,43230,8,0x2d4216c0
13331,44066,8,0x2d4bd400
13332,43732,8,0x2d559140
13333,47587,8,0x2d5f4e80
13334,50120,8,0x2d690bc0
13335,45277,8,0x2d72c900
13336,43362,8,0x2d7c8640
13337,42291,8,0x2d864380
13338,44076,8,0x2d9000c0
13339,43224,8,0x2d99be00
13340,43135,8,0x2da37b40
13341,42606,8,0x2dad3880
13342,42949,8,0x2db6f5c0
13343,46801,8,0x2dc0b300
13344,43478,8,0x2dca7040
13345,56922,8,0x2dd42d80
13346,46946,8,0x2dddeac0
13347,45704,8,0x2de7a800
13348,50285,8,0x2df16540
13349,49290,8,0x2dfb2280
13350,48030,8,0x2e04dfc0
13351,43827,8,0x2e0e9d00
13352,42681,8,0x2e185a40
13353,42555,8,0x2e221780
13354,43935,8,0x2e2bd4c0
13355,46540,8,0x2e359200
13356,54559,8,0x2e3f4f40
13357,47230,8,0x2e490c80
13358,43773,8,0x2e52c9c0
13359,42978,8,0x2e5c8700
13360,42581,8,0x2e664440
13361,42852,8,0x2e700180
13362,43312,8,0x2e79bec0
13363,42284,8,0x2e837c00
13364,44001,8,0x2e8d3940
13365,42597,8,0x2e96f680
13366,43719,8,0x2ea0b3c0
13367,43220,8,0x2eaa7100
13368,42326,8,0x2eb42e40
13369,42689,8,0x2ebdeb80
13370,43961,8,0x2ec7a8c0
13371,42762,8,0x2ed16600
13372,46074,8,0x2edb2340
13373,43869,8,0x2ee4e080
13374,43022,8,0x2eee9dc0
13375,42845,8,0x2ef85b00
13376,42293,8,0x2f021840
13377,43313,8,0x2f0bd580
13378,43530,8,0x2f1592c0
13379,42193,8,0x2f1f5000
13380,46888,8,0x2f290d40
13381,43409,8,0x2f32ca80
13382,42849,8,0x2f3c87c0
13383,43208,8,0x2f464500
13384,42521,8,0x2f500240
13385,42593,8,0x2f59bf80
13386,44531,8,0x2f637cc0
13387,46959,8,0x2f6d3a00
13388,43521,8,0x2f76f740
13389,43543,8,0x2f80b480
13390,42830,8,0x2f8a71c0
13391,43118,8,0x2f942f00
13392,42499,8,0x2f9dec40
13393,42920,8,0x2fa7a980
13394,43088,8,0x2fb166c0
13395,42996,8,0x2fbb2400
13396,43006,8,0x2fc4e140
13397,43121,8,0x2fce9e80
13398,43973,8,0x2fd85bc0
13399,42852,8,0x2fe21900
13400,42775,8,0x2febd640
13401,43135,8,0x2ff59380
13402,47157,8,0x2fff50c0
13403,42385,8,0x30090e00
13404,43175,8,0x3012cb40
13405,42661,8,0x301c8880
13406,42760,8,0x302645c0
13407,43428,8,0x30300300
13408,43710,8,0x3039c040
13409,42547,8,0x30437d80
13410,42470,8,0x304d3ac0
13411,43611,8,0x3056f800
13412,43676,8,0x3060b540
13413,42689,8,0x306a7280
13414,47768,8,0x30742fc0
13415,43180,8,0x307ded00
13416,44731,8,0x3087aa40
13417,42408,8,0x30916780
13418,45063,8,0x309b24c0
13419,52273,8,0x30a4e200
13420,44125,8,0x30ae9f40
13421,42894,8,0x30b85c80
13422,44342,8,0x30c219c0
13423,44679,8,0x30cbd700
13424,43139,8,0x30d59440
13425,43651,8,0x30df5180
13426,44583,8,0x30e90ec0
13427,43888,8,0x30f2cc00
13428,44108,8,0x30fc8940
13429,42732,8,0x31064680
13430,44402,8,0x311003c0
13431,47616,8,0x3119c100
13432,42776,8,0x31237e40
13433,55378,8,0x312d3b80
13434,47923,8,0x3136f8c0
13435,44523,8,0x3140b600
13436,42864,8,0x314a7340
13437,44103,8,0x31543080
13438,44131,8,0x315dedc0
13439,43759,8,0x3167ab00
13440,43043,8,0x31716840
13441,44020,8,0x317b2580
13442,47118,8,0x3184e2c0
13443,43789,8,0x318ea000
13444,43830,8,0x31985d40
13445,43505,8,0x31a21a80
13446,47978,8,0x31abd7c0
13447,43465,8,0x31b59500
13448,43750,8,0x31bf5240
13449,43624,8,0x31c90f80
13450,46532,8,0x31d2ccc0
13451,43831,8,0x31dc8a00
13452,42769,8,0x31e64740
13453,43978,8,0x31f00480
13454,44438,8,0x31f9c1c0
13455,43454,8,0x32037f00
13456,43427,8,0x320d3c40
13457,44174,8,0x3216f980
13458,44034,8,0x3220b6c0
13459,43910,8,0x322a7400
13460,44634,8,0x32343140
13461,47005,8,0x323dee80
13462,45378,8,0x3247abc0
13463,43902,8,0x32516900
13464,42594,8,0x325b2640
13465,44253,8,0x3264e380
13466,45160,8,0x326ea0c0
13467,43406,8,0x32785e00
13468,42709,8,0x32821b40
13469,43565,8,0x328bd880
13470,44506,8,0x329595c0
13471,45794,8,0x329f5300
13472,43316,8,0x32a91040
13473,44070,8,0x32b2cd80
13474,43774,8,0x32bc8ac0
13475,43505,8,0x32c64800
13476,46859,8,0x32d00540
13477,43477,8,0x32d9c280
13478,47605,8,0x32e37fc0
13479,44325,8,0x32ed3d00
13480,44200,8,0x32f6fa40
13481,45148,8,0x3300b780
13482,44296,8,0x330a74c0
13483,43871,8,0x33143200
13484,43250,8,0x331def40
13485,43768,8,0x3327ac80
13486,44231,8,0x333169c0
13487,41926,8,0x333b2700
13488,43200,8,0x3344e440
13489,43946,8,0x334ea180
13490,46567,8,0x33585ec0
13491,43940,8,0x33621c00
13492,43316,8,0x336bd940
13493,42983,8,0x33759680
13494,44450,8,0x337f53c0
13495,43407,8,0x33891100
13496,44156,8,0x3392ce40
13497,44122,8,0x339c8b80
13498,43773,8,0x33a648c0
13499,44095,8,0x33b00600
13500,43623,8,0x33b9c340
13501,44187,8,0x33c38080
13502,44365,8,0x33cd3dc0
13503,42614,8,0x33d6fb00
13504,47462,8,0x33e0b840
13505,47919,8,0x33ea7580
13506,42992,8,0x33f432c0
13507,44579,8,0x33fdf000
13508,43470,8,0x3407ad40
13509,42811,8,0x34116a80
13510,43588,8,0x341b27c0
13511,43882,8,0x3424e500
13512,44041,8,0x342ea240
13513,44543,8,0x34385f80
13514,43897,8,0x34421cc0
13515,43391,8,0x344bda00
13516,43505,8,0x34559740
13517,43777,8,0x345f5480
13518,44791,8,0x346911c0
13519,44852,8,0x3472cf00
13520,46526,8,0x347c8c40
13521,62240,8,0x34864980
13522,48103,8,0x349006c0
13523,43570,8,0x3499c400
13524,44190,8,0x34a38140
13525,43183,8,0x34ad3e80
13526,42687,8,0x34b6fbc0
13527,43253,8,0x34c0b900
13528,43943,8,0x34ca7640
13529,44734,8,0x34d43380
13530,45043,8,0x34ddf0c0
13531,43656,8,0x34e7ae00
13532,43551,8,0x34f16b40
13533,43982,8,0x34fb2880
13534,44341,8,0x3504e5c0
13535,45411,8,0x350ea300
13536,61188,8,0x35186040
13537,43832,8,0x35221d80
13538,44092,8,0x352bdac0
13539,44175,8,0x35359800
13540,44619,8,0x353f5540
13541,43937,8,0x35491280
13542,47157,8,0x3552cfc0
13543,42801,8,0x355c8d00
13544,44788,8,0x35664a40
13545,44679,8,0x35700780
13546,46117,8,0x3579c4c0
13547,44115,8,0x35838200
13548,42935,8,0x358d3f40
13549,48041,8,0x3596fc80
13550,43936,8,0x35a0b9c0
13551,42664,8,0x35aa7700
13552,43869,8,0x35b43440
13553,44268,8,0x35bdf180
13554,44472,8,0x35c7aec0
13555,43723,8,0x35d16c00
13556,43568,8,0x35db2940
13557,43669,8,0x35e4e680
13558,44348,8,0x35eea3c0
13559,42589,8,0x35f86100
13560,45324,8,0x36021e40
13561,43767,8,0x360bdb80
13562,44750,8,0x361598c0
13563,42961,8,0x361f5600
13564,46549,8,0x36291340
13565,43951,8,0x3632d080
13566,47853,8,0x363c8dc0
13567,44316,8,0x36464b00
13568,44159,8,0x36500840
13569,43897,8,0x3659c580
13570,44939,8,0x366382c0
13571,43229,8,0x366d4000
13572,44406,8,0x3676fd40
13573,44500,8,0x3680ba80
13574,43749,8,0x368a77c0
13575,42288,8,0x36943500
13576,45703,8,0x369df240
13577,43887,8,0x36a7af80
13578,45191,8,0x36b16cc0
13579,46064,8,0x36bb2a00
13580,43132,8,0x36c4e740
13581,44194,8,0x36cea480
13582,43963,8,0x36d861c0
13583,43231,8,0x36e21f00
13584,45190,8,0x36ebdc40
13585,43986,8,0x36f59980
13586,44386,8,0x36ff56c0
13587,43066,8,0x37091400
13588,43043,8,0x3712d140
13589,44177,8,0x371c8e80
13590,43240,8,0x37264bc0
13591,42881,8,0x37300900
13592,44913,8,0x3739c640
13593,42809,8,0x37438380
13594,47226,8,0x374d40c0
13595,43854,8,0x3756fe00
13596,44153,8,0x3760bb40
13597,43886,8,0x376a7880
13598,43495,8,0x377435c0
13599,44426,8,0x377df300
13600,44417,8,0x3787b040
13601,43625,8,0x37916d80
13602,44481,8,0x379b2ac0
13603,43087,8,0x37a4e800
13604,44098,8,0x37aea540
13605,44527,8,0x37b86280
13606,47399,8,0x37c21fc0
13607,44213,8,0x37cbdd00
13608,66496,8,0x37d59a40
13609,62459,8,0x37df5780
13610,95993,8,0x37e914c0
13611,55285,8,0x37f2d200
13612,47576,8,0x37fc8f40
13613,48618,8,0x38064c80
13614,59166,8,0x381009c0
13615,49084,8,0x3819c700
13616,46755,8,0x38238440
13617,45880,8,0x382d4180
13618,44799,8,0x3836fec0
13619,44488,8,0x3840bc00
13620,44218,8,0x384a7940
13621,45354,8,0x38543680
13622,43989,8,0x385df3c0
13623,45085,8,0x3867b100
13624,48632,8,0x38716e40
13625,44844,8,0x387b2b80
13626,44616,8,0x3884e8c0
13627,45384,8,0x388ea600
13628,44060,8,0x38986340
13629,44143,8,0x38a22080
13630,44201,8,0x38abddc0
13631,44650,8,0x38b59b00
13632,44752,8,0x38bf5840
13633,44650,8,0x38c91580
13634,43985,8,0x38d2d2c0
13635,60552,8,0x38dc9000
13636,47800,8,0x38e64d40
13637,45769,8,0x38f00a80
13638,44081,8,0x38f9c7c0
13639,47964,8,0x39038500
13640,45390,8,0x390d4240
13641,45361,8,0x3916ff80
13642,45153,8,0x3920bcc0
13643,45064,8,0x392a7a00
13644,43552,8,0x39343740
13645,44781,8,0x393df480
13646,45266,8,0x3947b1c0
13647,43966,8,0x39516f00
13648,45095,8,0x395b2c40
13649,45294,8,0x3964e980
13650,44457,8,0x396ea6c0
13651,44833,8,0x39786400
13652,44614,8,0x39822140
13653,44317,8,0x398bde80
13654,47422,8,0x39959bc0
13655,44472,8,0x399f5900
13656,53538,8,0x39a91640
13657,50274,8,0x39b2d380
13658,44378,8,0x39bc90c0
13659,44320,8,0x39c64e00
13660,43802,8,0x39d00b40
13661,45705,8,0x39d9c880
13662,43781,8,0x39e385c0
13663,44178,8,0x39ed4300
13664,45381,8,0x39f70040
13665,44708,8,0x3a00bd80
13666,44077,8,0x3a0a7ac0
13667,44744,8,0x3a143800
13668,44125,8,0x3a1df540
13669,47992,8,0x3a27b280
13670,48652,8,0x3a316fc0
13671,44820,8,0x3a3b2d00
13672,45410,8,0x3a44ea40
13673,44102,8,0x3a4ea780
13674,45164,8,0x3a5864c0
13675,44262,8,0x3a622200
13676,44181,8,0x3a6bdf40
13677,44636,8,0x3a759c80
13678,59174,8,0x3a7f59c0
13679,45565,8,0x3a891700
13680,45608,8,0x3a92d440
13681,43742,8,0x3a9c9180
13682,45069,8,0x3aa64ec0
13683,51480,8,0x3ab00c00
13684,44665,8,0x3ab9c940
13685,279796,8,0x3ac38680
13686,63306,8,0x3acd43c0
13687,49003,8,0x3ad70100
13688,44024,8,0x3ae0be40
13689,43750,8,0x3aea7b80
13690,45023,8,0x3af438c0
13691,44347,8,0x3afdf600
13692,44648,8,0x3b07b340
13693,53547,8,0x3b117080
13694,52312,8,0x3b1b2dc0
13695,45959,8,0x3b24eb00
13696,44649,8,0x3b2ea840
13697,44448,8,0x3b386580
13698,49350,8,0x3b4222c0
13699,44131,8,0x3b4be000
13700,45401,8,0x3b559d40
13701,44028,8,0x3b5f5a80
13702,44394,8,0x3b6917c0
13703,44606,8,0x3b72d500
13704,44715,8,0x3b7c9240
13705,43300,8,0x3b864f80
13706,45624,8,0x3b900cc0
13707,44975,8,0x3b99ca00
13708,45261,8,0x3ba38740
13709,43628,8,0x3bad4480
13710,45179,8,0x3bb701c0
13711,45414,8,0x3bc0bf00
13712,44441,8,0x3bca7c40
13713,47135,8,0x3bd43980
13714,48582,8,0x3bddf6c0
13715,54290,8,0x3be7b400
13716,44786,8,0x3bf17140
13717,43928,8,0x3bfb2e80
13718,44504,8,0x3c04ebc0
13719,45502,8,0x3c0ea900
13720,43511,8,0x3c186640
13721,43532,8,0x3c222380
13722,45628,8,0x3c2be0c0
13723,44538,8,0x3c359e00
13724,44949,8,0x3c3f5b40
13725,44547,8,0x3c491880
13726,44363,8,0x3c52d5c0
13727,45346,8,0x3c5c9300
13728,48274,8,0x3c665040
13729,43996,8,0x3c700d80
13730,45435,8,0x3c79cac0
13731,45127,8,0x3c838800
13732,45015,8,0x3c8d4540
13733,43314,8,0x3c970280
13734,48577,8,0x3ca0bfc0
13735,44573,8,0x3caa7d00
13736,59345,8,0x3cb43a40
13737,48076,8,0x3cbdf780
13738,45034,8,0x3cc7b4c0
13739,43417,8,0x3cd17200
13740,45056,8,0x3cdb2f40
13741,43280,8,0x3ce4ec80
13742,47402,8,0x3ceea9c0
13743,61437,8,0x3cf86700
13744,44433,8,0x3d022440
13745,45414,8,0x3d0be180
13746,44504,8,0x3d159ec0
13747,44265,8,0x3d1f5c00
13748,44903,8,0x3d291940
13749,43995,8,0x3d32d680
13750,44767,8,0x3d3c93c0
13751,44541,8,0x3d465100
13752,43593,8,0x3d500e40
13753,43974,8,0x3d59cb80
13754,45265,8,0x3d6388c0
13755,43808,8,0x3d6d4600
13756,44515,8,0x3d770340
13757,60351,8,0x3d80c080
13758,48876,8,0x3d8a7dc0
13759,44851,8,0x3d943b00
13760,44813,8,0x3d9df840
13761,45198,8,0x3da7b580
13762,44696,8,0x3db172c0
13763,43847,8,0x3dbb3000
13764,44976,8,0x3dc4ed40
13765,44961,8,0x3dceaa80
13766,44674,8,0x3dd867c0
13767,45481,8,0x3de22500
13768,45137,8,0x3debe240
13769,45088,8,0x3df59f80
13770,45430,8,0x3dff5cc0
13771,56683,8,0x3e091a00
13772,50672,8,0x3e12d740
13773,44643,8,0x3e1c9480
13774,44728,8,0x3e2651c0
13775,44848,8,0x3e300f00
13776,43611,8,0x3e39cc40
13777,44437,8,0x3e438980
13778,57191,8,0x3e4d46c0
13779,48930,8,0x3e570400
13780,44776,8,0x3e60c140
13781,43840,8,0x3e6a7e80
13782,44649,8,0x3e743bc0
13783,43653,8,0x3e7df900
13784,43632,8,0x3e87b640
13785,43643,8,0x3e917380
13786,44425,8,0x3e9b30c0
13787,48418,8,0x3ea4ee00
13788,43952,8,0x3eaeab40
13789,43282,8,0x3eb86880
13790,45327,8,0x3ec225c0
13791,45494,8,0x3ecbe300
13792,43292,8,0x3ed5a040
13793,43770,8,0x3edf5d80
13794,44935,8,0x3ee91ac0
13795,44704,8,0x3ef2d800
13796,44713,8,0x3efc9540
13797,43197,8,0x3f065280
13798,49472,8,0x3f100fc0
13799,44490,8,0x3f19cd00
13800,56085,8,0x3f238a40
13801,48241,8,0x3f2d4780
13802,45405,8,0x3f3704c0
13803,45518,8,0x3f40c200
13804,43889,8,0x3f4a7f40
13805,43952,8,0x3f543c80
13806,46922,8,0x3f5df9c0
13807,44921,8,0x3f67b700
13808,43259,8,0x3f717440
13809,44642,8,0x3f7b3180
13810,44604,8,0x3f84eec0
13811,45107,8,0x3f8eac00
13812,45362,8,0x3f986940
13813,43992,8,0x3fa22680
13814,45598,8,0x3fabe3c0
13815,44769,8,0x3fb5a100
13816,46286,8,0x3fbf5e40
13817,44058,8,0x3fc91b80
13818,45316,8,0x3fd2d8c0
13819,45425,8,0x3fdc9600
13820,44471,8,0x3fe65340
13821,56576,8,0x3ff01080
13822,48649,8,0x3ff9cdc0
13823,44217,8,0x38b40
13824,38306,8,0xd4880
13825,37351,8,0x1705c0
13826,39686,8,0x20c300
13827,38144,8,0x2a8040
13828,37431,8,0x343d80
13829,37840,8,0x3dfac0
13830,38568,8,0x47b800
13831,38138,8,0x517540
13832,36717,8,0x5b3280
13833,36903,8,0x64efc0
13834,38023,8,0x6ead00
13835,38549,8,0x786a40
13836,39134,8,0x822780
13837,38098,8,0x8be4c0
13838,38777,8,0x95a200
13839,38502,8,0x9f5f40
13840,45531,58,0xa91c80
13841,42599,58,0xb2d9c0
13842,44153,58,0xbc9700
13843,42825,58,0xc65440
13844,42818,58,0xd01180
13845,52083,58,0xd9cec0
13846,48153,58,0xe38c00
13847,42275,58,0xed4940
13848,44080,58,0xf70680
13849,41714,58,0x100c3c0
13850,58560,58,0x10a8100
13851,37948,58,0x1143e40
13852,39014,58,0x11dfb80
13853,39238,58,0x127b8c0
13854,38365,58,0x1317600
13855,39325,58,0x13b3340
13856,38448,8,0x144f080
13857,33940,8,0x14eadc0
13858,34696,8,0x1586b00
13859,35175,8,0x1622840
13860,42922,8,0x16be580
13861,42986,8,0x175a2c0
13862,36093,8,0x17f6000
13863,34298,8,0x1891d40
13864,34021,8,0x192da80
13865,34233,8,0x19c97c0
13866,34841,8,0x1a65500
13867,34680,8,0x1b01240
13868,36961,58,0x1b9cf80
13869,43757,58,0x1c38cc0
13870,44691,58,0x1cd4a00
13871,39081,58,0x1d70740
13872,38238,58,0x1e0c480
13873,39253,58,0x1ea81c0
13874,38047,58,0x1f43f00
13875,37613,58,0x1fdfc40
13876,36592,58,0x207b980
13877,38211,58,0x21176c0
13878,38758,58,0x21b3400
13879,38012,58,0x224f140
13880,37443,58,0x22eae80
13881,38462,58,0x2386bc0
13882,39084,58,0x2422900
13883,35891,58,0x24be640
13884,43505,8,0x255a380
13885,40481,8,0x25f60c0
13886,39599,8,0x2691e00
13887,40323,8,0x272db40
13888,39480,8,0x27c9880
13889,37978,8,0x28655c0
13890,38835,8,0x2901300
13891,38542,8,0x299d040
13892,41021,8,0x2a38d80
13893,39686,8,0x2ad4ac0
13894,47178,8,0x2b70800
13895,42430,8,0x2c0c540
13896,38496,8,0x2ca8280
13897,41669,8,0x2d43fc0
13898,39780,8,0x2ddfd00
13899,39530,8,0x2e7ba40
13900,38231,8,0x2f17780
13901,38948,8,0x2fb34c0
13902,39044,8,0x304f200
13903,38607,8,0x30eaf40
13904,38223,8,0x3186c80
13905,38594,8,0x32229c0
13906,41644,8,0x32be700
13907,39388,8,0x335a440
13908,38870,8,0x33f6180
13909,38431,8,0x3491ec0
13910,38846,8,0x352dc00
13911,38926,8,0x35c9940
13912,38340,8,0x3665680
13913,40215,8,0x37013c0
13914,39903,8,0x379d100
13915,38567,8,0x3838e40
13916,38980,8,0x38d4b80
13917,39143,8,0x39708c0
13918,39354,8,0x3a0c600
13919,49483,8,0x3aa8340
13920,39445,8,0x3b44080
13921,41636,8,0x3bdfdc0
13922,41072,8,0x3c7bb00
13923,38410,8,0x3d17840
13924,38471,8,0x3db3580
13925,38651,8,0x3e4f2c0
13926,39144,8,0x3eeb000
13927,38375,8,0x3f86d40
13928,38639,8,0x4022a80
13929,39487,8,0x40be7c0
13930,40279,8,0x415a500
13931,37923,8,0x41f6240
13932,39088,8,0x4291f80
13933,38940,8,0x432dcc0
13934,38723,8,0x43c9a00
13935,38329,8,0x4465740
13936,40937,8,0x4501480
13937,38820,8,0x459d1c0
13938,38818,8,0x4638f00
13939,38836,8,0x46d4c40
13940,38966,8,0x4770980
13941,38925,8,0x480c6c0
13942,37978,8,0x48a8400
13943,40541,8,0x4944140
13944,46529,8,0x49dfe80
13945,39335,8,0x4a7bbc0
13946,38891,8,0x4b17900
13947,38674,8,0x4bb3640
13948,39577,8,0x4c4f380
13949,39229,8,0x4ceb0c0
13950,38139,8,0x4d86e00
13951,40924,8,0x4e22b40
13952,39293,8,0x4ebe880
13953,38330,8,0x4f5a5c0
13954,39029,8,0x4ff6300
13955,38138,8,0x5092040
13956,39046,8,0x512dd80
13957,38454,8,0x51c9ac0
13958,38006,8,0x5265800
13959,38812,8,0x5301540
13960,47069,8,0x539d280
13961,46444,8,0x5438fc0
13962,38874,8,0x54d4d00
13963,37768,8,0x5570a40
13964,40516,8,0x560c780
13965,42176,8,0x56a84c0
13966,38572,8,0x5744200
13967,38473,8,0x57dff40
13968,51728,8,0x587bc80
13969,41077,8,0x59179c0
13970,39049,8,0x59b3700
13971,38431,8,0x5a4f440
13972,61861,8,0x5aeb180
13973,38978,8,0x5b86ec0
13974,37816,8,0x5c22c00
13975,38805,8,0x5cbe940
13976,38309,8,0x5d5a680
13977,39635,8,0x5df63c0
13978,38578,8,0x5e92100
13979,38003,8,0x5f2de40
13980,43229,8,0x5fc9b80
13981,39347,8,0x60658c0
13982,38582,8,0x6101600
13983,38601,8,0x619d340
13984,38650,8,0x6239080
13985,39174,8,0x62d4dc0
13986,38880,8,0x6370b00
13987,37875,8,0x640c840
13988,39363,8,0x64a8580
13989,38786,8,0x65442c0
13990,38951,8,0x65e0000
13991,38898,8,0x667bd40
13992,50263,8,0x6717a80
13993,42541,8,0x67b37c0
13994,38951,8,0x684f500
13995,40589,8,0x68eb240
13996,40430,8,0x6986f80
13997,39061,8,0x6a22cc0
13998,38968,8,0x6abea00
13999,38428,8,0x6b5a740
14000,38168,8,0x6bf6480
14001,38644,8,0x6c921c0
14002,38662,8,0x6d2df00
14003,38694,8,0x6dc9c40
14004,39574,8,0x6e65980
14005,38122,8,0x6f016c0
14006,38481,8,0x6f9d400
14007,39447,8,0x7039140
14008,38908,8,0x70d4e80
14009,40395,8,0x7170bc0
14010,41436,8,0x720c900
14011,37943,8,0x72a8640
14012,40408,8,0x7344380
14013,39463,8,0x73e00c0
14014,39430,8,0x747be00
14015,38420,8,0x7517b40
14016,42208,8,0x75b3880
14017,46313,8,0x764f5c0
14018,42083,8,0x76eb300
14019,38395,8,0x7787040
14020,40057,8,0x7822d80
14021,38789,8,0x78beac0
14022,39634,8,0x795a800
14023,39018,8,0x79f6540
14024,38374,8,0x7a92280
14025,45862,8,0x7b2dfc0
14026,38708,8,0x7bc9d00
14027,39257,8,0x7c65a40
14028,39966,8,0x7d01780
14029,37923,8,0x7d9d4c0
14030,38967,8,0x7e39200
14031,38736,8,0x7ed4f40
14032,40905,8,0x7f70c80
14033,40267,8,0x800c9c0
14034,38657,8,0x80a8700
14035,39362,8,0x8144440
14036,39797,8,0x81e0180
14037,38302,8,0x827bec0
14038,38796,8,0x8317c00
14039,40896,8,0x83b3940
14040,41629,8,0x844f680
14041,47171,8,0x84eb3c0
14042,39177,8,0x8587100
14043,39089,8,0x8622e40
14044,39816,8,0x86beb80
14045,38489,8,0x875a8c0
14046,38958,8,0x87f6600
14047,38191,8,0x8892340
14048,39256,8,0x892e080
14049,39410,8,0x89c9dc0
14050,39512,8,0x8a65b00
14051,39947,8,0x8b01840
14052,39540,8,0x8b9d580
14053,38640,8,0x8c392c0
14054,40733,8,0x8cd5000
14055,38980,8,0x8d70d40
14056,39580,8,0x8e0ca80
14057,53569,8,0x8ea87c0
14058,41444,8,0x8f44500
14059,39715,8,0x8fe0240
14060,39435,8,0x907bf80
14061,37791,8,0x9117cc0
14062,38921,8,0x91b3a00
14063,39452,8,0x924f740
14064,40966,8,0x92eb480
14065,47770,8,0x93871c0
14066,40099,8,0x9422f00
14067,39888,8,0x94bec40
14068,39430,8,0x955a980
14069,40776,8,0x95f66c0
14070,38973,8,0x9692400
14071,39005,8,0x972e140
14072,39517,8,0x97c9e80
14073,38825,8,0x9865bc0
14074,38907,8,0x9901900
14075,39352,8,0x999d640
14076,40261,8,0x9a39380
14077,38811,8,0x9ad50c0
14078,38452,8,0x9b70e00
14079,40082,8,0x9c0cb40
14080,40123,8,0x9ca8880
14081,37706,8,0x9d445c0
14082,38466,8,0x9de0300
14083,40032,8,0x9e7c040
14084,42315,8,0x9f17d80
14085,38924,8,0x9fb3ac0
14086,39779,8,0xa04f800
14087,39825,8,0xa0eb540
14088,39506,8,0xa187280
14089,52661,8,0xa222fc0
14090,41381,8,0xa2bed00
14091,39882,8,0xa35aa40
14092,39843,8,0xa3f6780
14093,49322,8,0xa4924c0
14094,34828,8,0xa52e200
14095,34892,8,0xa5c9f40
14096,34619,8,0xa665c80
14097,33340,8,0xa7019c0
14098,36167,8,0xa79d700
14099,35192,8,0xa839440
14100,34246,8,0xa8d5180
14101,34089,8,0xa970ec0
14102,34440,8,0xaa0cc00
14103,34278,8,0xaaa8940
14104,35418,8,0xab44680
14105,34002,8,0xabe03c0
14106,35065,8,0xac7c100
14107,34845,8,0xad17e40
14108,35041,8,0xadb3b80
14109,35257,8,0xae4f8c0
14110,33927,8,0xaeeb600
14111,34083,8,0xaf87340
14112,34486,8,0xb023080
14113,36046,8,0xb0bedc0
14114,33392,8,0xb15ab00
14115,34361,8,0xb1f6840
14116,42268,8,0xb292580
14117,36045,8,0xb32e2c0
14118,33107,8,0xb3ca000
14119,34678,8,0xb465d40
14120,35642,8,0xb501a80
14121,33973,8,0xb59d7c0
14122,34223,8,0xb639500
14123,34062,8,0xb6d5240
14124,34783,8,0xb770f80
14125,34838,8,0xb80ccc0
14126,33949,8,0xb8a8a00
14127,34012,8,0xb944740
14128,37059,8,0xb9e0480
14129,33739,8,0xba7c1c0
14130,33686,8,0xbb17f00
14131,35299,8,0xbbb3c40
14132,34423,8,0xbc4f980
14133,34353,8,0xbceb6c0
14134,33847,8,0xbd87400
14135,34116,8,0xbe23140
14136,35452,8,0xbebee80
14137,34791,8,0xbf5abc0
14138,34757,8,0xbff6900
14139,34754,8,0xc092640
14140,35035,8,0xc12e380
14141,35113,8,0xc1ca0c0
14142,33561,8,0xc265e00
14143,35973,8,0xc301b40
14144,41795,8,0xc39d880
14145,34846,8,0xc4395c0
14146,34549,8,0xc4d5300
14147,34881,8,0xc571040
14148,35568,8,0xc60cd80
14149,35068,8,0xc6a8ac0
14150,33997,8,0xc744800
14151,34552,8,0xc7e0540
14152,34849,8,0xc87c280
14153,35973,8,0xc917fc0
14154,34796,8,0xc9b3d00
14155,34036,8,0xca4fa40
14156,33988,8,0xcaeb780
14157,37327,8,0xcb874c0
14158,34678,8,0xcc23200
14159,34136,8,0xccbef40
14160,34432,8,0xcd5ac80
14161,33368,8,0xcdf69c0
14162,40514,8,0xce92700
14163,36125,8,0xcf2e440
14164,34700,8,0xcfca180
14165,34493,8,0xd065ec0
14166,33659,8,0xd101c00
14167,34532,8,0xd19d940
14168,34418,8,0xd239680
14169,34139,8,0xd2d53c0
14170,34170,8,0xd371100
14171,40086,8,0xd40ce40
14172,38917,8,0xd4a8b80
14173,35717,8,0xd5448c0
14174,34413,8,0xd5e0600
14175,35653,8,0xd67c340
14176,35393,8,0xd718080
14177,33315,8,0xd7b3dc0
14178,34463,8,0xd84fb00
14179,35115,8,0xd8eb840
14180,34679,8,0xd987580
14181,34205,8,0xda232c0
14182,34595,8,0xdabf000
14183,35180,8,0xdb5ad40
14184,34308,8,0xdbf6a80
14185,33675,8,0xdc927c0
14186,34076,8,0xdd2e500
14187,36653,8,0xddca240
14188,34878,8,0xde65f80
14189,36179,8,0xdf01cc0
14190,34575,8,0xdf9da00
14191,34568,8,0xe039740
14192,34010,8,0xe0d5480
14193,33142,8,0xe1711c0
14194,34766,8,0xe20cf00
14195,34743,8,0xe2a8c40
14196,34555,8,0xe344980
14197,34464,8,0xe3e06c0
14198,34848,8,0xe47c400
14199,41421,8,0xe518140
14200,34068,8,0xe5b3e80
14201,33735,8,0xe64fbc0
14202,37822,8,0xe6eb900
14203,35229,8,0xe787640
14204,35563,8,0xe823380
14205,34916,8,0xe8bf0c0
14206,35111,8,0xe95ae00
14207,35089,8,0xe9f6b40
14208,34007,8,0xea92880
14209,33781,8,0xeb2e5c0
14210,35419,8,0xebca300
14211,35239,8,0xec66040
14212,33979,8,0xed01d80
14213,35263,8,0xed9dac0
14214,35167,8,0xee39800
14215,34276,8,0xeed5540
14216,33321,8,0xef71280
14217,38178,8,0xf00cfc0
14218,34490,8,0xf0a8d00
14219,35180,8,0xf144a40
14220,35397,8,0xf1e0780
14221,34783,8,0xf27c4c0
14222,34768,8,0xf318200
14223,34100,8,0xf3b3f40
14224,34760,8,0xf44fc80
14225,33791,8,0xf4eb9c0
14226,39943,8,0xf587700
14227,37686,8,0xf623440
14228,34707,8,0xf6bf180
14229,33913,8,0xf75aec0
14230,34418,8,0xf7f6c00
14231,36342,8,0xf892940
14232,33817,8,0xf92e680
14233,33617,8,0xf9ca3c0
14234,34714,8,0xfa66100
14235,35093,8,0xfb01e40
14236,35457,8,0xfb9db80
14237,35083,8,0xfc398c0
14238,34375,8,0xfcd5600
14239,35119,8,0xfd71340
14240,34718,8,0xfe0d080
14241,32981,8,0xfea8dc0
14242,35176,8,0xff44b00
14243,35610,8,0xffe0840
14244,35183,8,0x1007c580
14245,33940,8,0x101182c0
14246,36138,8,0x101b4000
14247,35574,8,0x1024fd40
14248,34808,8,0x102eba80
14249,33488,8,0x103877c0
14250,35098,8,0x10423500
14251,34260,8,0x104bf240
14252,34919,8,0x1055af80
14253,33338,8,0x105f6cc0
14254,40455,8,0x10692a00
14255,35370,8,0x1072e740
14256,34429,8,0x107ca480
14257,33214,8,0x108661c0
14258,34823,8,0x10901f00
14259,34501,8,0x1099dc40
14260,34881,8,0x10a39980
14261,35630,8,0x10ad56c0
14262,34163,8,0x10b71400
14263,34788,8,0x10c0d140
14264,34504,8,0x10ca8e80
14265,34153,8,0x10d44bc0
14266,34604,8,0x10de0900
14267,34993,8,0x10e7c640
14268,35648,8,0x10f18380
14269,34624,8,0x10fb40c0
14270,35498,8,0x1104fe00
14271,35227,8,0x110ebb40
14272,44838,8,0x11187880
14273,37076,8,0x112235c0
14274,35581,8,0x112bf300
14275,33972,8,0x1135b040
14276,37264,8,0x113f6d80
14277,34517,8,0x11492ac0
14278,34953,8,0x1152e800
14279,34752,8,0x115ca540
14280,34583,8,0x11666280
14281,46562,8,0x11701fc0
14282,36818,8,0x1179dd00
14283,34021,8,0x11839a40
14284,34805,8,0x118d5780
14285,33775,8,0x119714c0
14286,35061,8,0x11a0d200
14287,33878,8,0x11aa8f40
14288,34888,8,0x11b44c80
14289,34281,8,0x11be09c0
14290,36982,8,0x11c7c700
14291,34862,8,0x11d18440
14292,35665,8,0x11db4180
14293,35073,8,0x11e4fec0
14294,34643,8,0x11eebc00
14295,35905,8,0x11f87940
14296,33565,8,0x12023680
14297,34932,8,0x120bf3c0
14298,34462,8,0x1215b100
14299,34558,8,0x121f6e40
14300,34919,8,0x12292b80
14301,34225,8,0x1232e8c0
14302,34729,8,0x123ca600
14303,34597,8,0x12466340
14304,33609,8,0x12502080
14305,35808,8,0x1259ddc0
14306,34966,8,0x12639b00
14307,35111,8,0x126d5840
14308,35259,8,0x12771580
14309,40836,8,0x1280d2c0
14310,35300,8,0x128a9000
14311,35414,8,0x12944d40
14312,33781,8,0x129e0a80
14313,35048,8,0x12a7c7c0
14314,34647,8,0x12b18500
14315,34327,8,0x12bb4240
14316,35925,8,0x12c4ff80
14317,34269,8,0x12cebcc0
14318,35124,8,0x12d87a00
14319,34144,8,0x12e23740
14320,36799,8,0x12ebf480
14321,33651,8,0x12f5b1c0
14322,36000,8,0x12ff6f00
14323,35466,8,0x13092c40
14324,35680,8,0x1312e980
14325,34863,8,0x131ca6c0
14326,34716,8,0x13266400
14327,35005,8,0x13302140
14328,34013,8,0x1339de80
14329,34414,8,0x13439bc0
14330,35161,8,0x134d5900
14331,34598,8,0x13571640
14332,35161,8,0x1360d380
14333,34965,8,0x136a90c0
14334,34972,8,0x13744e00
14335,36309,8,0x137e0b40
14336,41087,8,0x1387c880
14337,35680,8,0x139185c0
14338,36413,8,0x139b4300
14339,34203,8,0x13a50040
14340,35087,8,0x13aebd80
14341,35361,8,0x13b87ac0
14342,35197,8,0x13c23800
14343,34732,8,0x13cbf540
14344,34246,8,0x13d5b280
14345,36749,8,0x13df6fc0
14346,34901,8,0x13e92d00
14347,35208,8,0x13f2ea40
14348,35162,8,0x13fca780
14349,36971,8,0x140664c0
14350,36183,8,0x14102200
14351,36222,8,0x1419df40
14352,35015,8,0x14239c80
14353,34158,8,0x142d59c0
14354,33970,8,0x14371700
14355,36647,8,0x1440d440
14356,34531,8,0x144a9180
14357,34617,8,0x14544ec0
14358,34641,8,0x145e0c00
14359,34358,8,0x1467c940
14360,34362,8,0x14718680
14361,35416,8,0x147b43c0
14362,34379,8,0x14850100
14363,40681,8,0x148ebe40
14364,39076,8,0x14987b80
14365,34628,8,0x14a238c0
14366,34952,8,0x14abf600
14367,34134,8,0x14b5b340
14368,34236,8,0x14bf7080
14369,35332,8,0x14c92dc0
14370,34732,8,0x14d2eb00
14371,39273,8,0x14dca840
14372,32509,8,0x14e66580
14373,32969,8,0x14f022c0
14374,32698,8,0x14f9e000
14375,32305,8,0x15039d40
14376,32112,8,0x150d5a80
14377,33644,8,0x151717c0
14378,32973,8,0x1520d500
14379,34809,8,0x152a9240
14380,33310,8,0x15344f80
14381,32608,8,0x153e0cc0
14382,42663,8,0x1547ca00
14383,36179,8,0x15518740
14384,32357,8,0x155b4480
14385,32547,8,0x156501c0
14386,32195,8,0x156ebf00
14387,31654,8,0x15787c40
14388,32175,8,0x15823980
14389,33171,8,0x158bf6c0
14390,32840,8,0x1595b400
14391,31858,8,0x159f7140
14392,36733,8,0x15a92e80
14393,32369,8,0x15b2ebc0
14394,33453,8,0x15bca900
14395,32548,8,0x15c66640
14396,32728,8,0x15d02380
14397,32460,8,0x15d9e0c0
14398,33150,8,0x15e39e00
14399,32551,8,0x15ed5b40
14400,32131,8,0x15f71880
14401,32547,8,0x1600d5c0
14402,33228,8,0x160a9300
14403,32454,8,0x16145040
14404,31874,8,0x161e0d80
14405,32139,8,0x1627cac0
14406,31744,8,0x16318800
14407,32388,8,0x163b4540
14408,32336,8,0x16450280
14409,36113,8,0x164ebfc0
14410,32718,8,0x16587d00
14411,31933,8,0x16623a40
14412,33322,8,0x166bf780
14413,32719,8,0x1675b4c0
14414,33497,8,0x167f7200
14415,32137,8,0x16892f40
14416,32258,8,0x1692ec80
14417,32427,8,0x169ca9c0
14418,32247,8,0x16a66700
14419,32317,8,0x16b02440
14420,32346,8,0x16b9e180
14421,40835,8,0x16c39ec0
14422,33611,8,0x16cd5c00
14423,32958,8,0x16d71940
14424,32319,8,0x16e0d680
14425,32563,8,0x16ea93c0
14426,32598,8,0x16f45100
14427,33095,8,0x16fe0e40
14428,33360,8,0x1707cb80
14429,32238,8,0x171188c0
14430,31963,8,0x171b4600
14431,32028,8,0x17250340
14432,32781,8,0x172ec080
14433,33143,8,0x17387dc0
14434,33193,8,0x17423b00
14435,33042,8,0x174bf840
14436,33539,8,0x1755b580
14437,33621,8,0x175f72c0
14438,32974,8,0x17693000
14439,31436,8,0x1772ed40
14440,32308,8,0x177caa80
14441,33502,8,0x178667c0
14442,32457,8,0x17902500
14443,32301,8,0x1799e240
14444,32525,8,0x17a39f80
14445,32098,8,0x17ad5cc0
14446,32505,8,0x17b71a00
14447,32365,8,0x17c0d740
14448,32449,8,0x17ca9480
14449,32615,8,0x17d451c0
14450,34402,8,0x17de0f00
14451,36494,8,0x17e7cc40
14452,31977,8,0x17f18980
14453,35028,8,0x17fb46c0
14454,32250,8,0x18050400
14455,31628,8,0x180ec140
14456,31680,8,0x18187e80
14457,32743,8,0x18223bc0
14458,32420,8,0x182bf900
14459,32188,8,0x1835b640
14460,33763,8,0x183f7380
14461,32871,8,0x184930c0
14462,32601,8,0x1852ee00
14463,31915,8,0x185cab40
14464,32696,8,0x18666880
14465,32689,8,0x187025c0
14466,33027,8,0x1879e300
14467,32356,8,0x1883a040
14468,34434,8,0x188d5d80
14469,32926,8,0x18971ac0
14470,32760,8,0x18a0d800
14471,31647,8,0x18aa9540
14472,33772,8,0x18b45280
14473,34346,8,0x18be0fc0
14474,32192,8,0x18c7cd00
14475,31694,8,0x18d18a40
14476,32740,8,0x18db4780
14477,32237,8,0x18e504c0
14478,32903,8,0x18eec200
14479,32940,8,0x18f87f40
14480,40501,8,0x19023c80
14481,33220,8,0x190bf9c0
14482,33989,8,0x1915b700
14483,32916,8,0x191f7440
14484,31258,8,0x19293180
14485,32465,8,0x1932eec0
14486,32346,8,0x193cac00
14487,31927,8,0x19466940
14488,32306,8,0x19502680
14489,32360,8,0x1959e3c0
14490,32250,8,0x1963a100
14491,31715,8,0x196d5e40
14492,32095,8,0x19771b80
14493,32656,8,0x1980d8c0
14494,32395,8,0x198a9600
14495,32089,8,0x19945340
14496,31786,8,0x199e1080
14497,34227,8,0x19a7cdc0
14498,32906,8,0x19b18b00
14499,58569,8,0x19bb4840
14500,111644,8,0x19c50580
14501,54452,8,0x19cec2c0
14502,41876,8,0x19d88000
14503,52764,8,0x19e23d40
14504,50901,8,0x19ebfa80
14505,46789,8,0x19f5b7c0
14506,43490,8,0x19ff7500
14507,42128,8,0x1a093240
14508,42187,8,0x1a12ef80
14509,39601,8,0x1a1cacc0
14510,38646,8,0x1a266a00
14511,39830,8,0x1a302740
14512,39427,8,0x1a39e480
14513,40988,8,0x1a43a1c0
14514,39459,8,0x1a4d5f00
14515,43643,8,0x1a571c40
14516,40668,8,0x1a60d980
14517,39000,8,0x1a6a96c0
14518,40826,8,0x1a745400
14519,39971,8,0x1a7e1140
14520,39301,8,0x1a87ce80
14521,39751,8,0x1a918bc0
14522,40411,8,0x1a9b4900
14523,39257,8,0x1aa50640
14524,41632,8,0x1aaec380
14525,39291,8,0x1ab880c0
14526,48906,8,0x1ac23e00
14527,49960,8,0x1acbfb40
14528,41720,8,0x1ad5b880
14529,41105,8,0x1adf75c0
14530,42596,8,0x1ae93300
14531,39564,8,0x1af2f040
14532,41300,8,0x1afcad80
14533,39132,8,0x1b066ac0
14534,45617,8,0x1b102800
14535,40917,8,0x1b19e540
14536,39025,8,0x1b23a280
14537,44115,8,0x1b2d5fc0
14538,38374,8,0x1b371d00
14539,40234,8,0x1b40da40
14540,39969,8,0x1b4a9780
14541,39807,8,0x1b5454c0
14542,39681,8,0x1b5e1200
14543,39922,8,0x1b67cf40
14544,42243,8,0x1b718c80
14545,41011,8,0x1b7b49c0
14546,40304,8,0x1b850700
14547,39761,8,0x1b8ec440
14548,56145,8,0x1b988180
14549,39347,8,0x1ba23ec0
14550,56318,8,0x1babfc00
14551,42192,8,0x1bb5b940
14552,40450,8,0x1bbf7680
14553,39466,8,0x1bc933c0
14554,40074,8,0x1bd2f100
14555,40065,8,0x1bdcae40
14556,39869,8,0x1be66b80
14557,39319,8,0x1bf028c0
14558,41052,8,0x1bf9e600
14559,43332,8,0x1c03a340
14560,39531,8,0x1c0d6080
14561,39292,8,0x1c171dc0
14562,40140,8,0x1c20db00
14563,40095,8,0x1c2a9840
14564,40849,8,0x1c345580
14565,37435,8,0x1c3e12c0
14566,39985,8,0x1c47d000
14567,39539,8,0x1c518d40
14568,38989,8,0x1c5b4a80
14569,39823,8,0x1c6507c0
14570,39888,8,0x1c6ec500
14571,39608,8,0x1c788240
14572,39179,8,0x1c823f80
14573,44228,8,0x1c8bfcc0
14574,55890,8,0x1c95ba00
14575,54292,8,0x1c9f7740
14576,44609,8,0x1ca93480
14577,39109,8,0x1cb2f1c0
14578,39361,8,0x1cbcaf00
14579,39045,8,0x1cc66c40
14580,40533,8,0x1cd02980
14581,37984,8,0x1cd9e6c0
14582,40573,8,0x1ce3a400
14583,40058,8,0x1ced6140
14584,39663,8,0x1cf71e80
14585,41088,8,0x1d00dbc0
14586,39684,8,0x1d0a9900
14587,39753,8,0x1d145640
14588,40270,8,0x1d1e1380
14589,42515,8,0x1d27d0c0
14590,41400,8,0x1d318e00
14591,50783,8,0x1d3b4b40
14592,41590,8,0x1d450880
14593,39992,8,0x1d4ec5c0
14594,38779,8,0x1d588300
14595,39620,8,0x1d624040
14596,45148,8,0x1d6bfd80
14597,39487,8,0x1d75bac0
14598,39753,8,0x1d7f7800
14599,39102,8,0x1d893540
14600,43319,8,0x1d92f280
14601,43336,8,0x1d9cafc0
14602,38121,8,0x1da66d00
14603,42336,8,0x1db02a40
14604,41386,8,0x1db9e780
14605,41400,8,0x1dc3a4c0
14606,39209,8,0x1dcd6200
14607,38604,8,0x1dd71f40
14608,41385,8,0x1de0dc80
14609,37901,8,0x1dea99c0
14610,39571,8,0x1df45700
14611,38826,8,0x1dfe1440
14612,41991,8,0x1e07d180
14613,40086,8,0x1e118ec0
14614,39047,8,0x1e1b4c00
14615,38911,8,0x1e250940
14616,41024,8,0x1e2ec680
14617,40022,8,0x1e3883c0
14618,42583,8,0x1e424100
14619,40253,8,0x1e4bfe40
14620,39925,8,0x1e55bb80
14621,40575,8,0x1e5f78c0
14622,39621,8,0x1e693600
14623,40935,8,0x1e72f340
14624,44349,8,0x1e7cb080
14625,40399,8,0x1e866dc0
14626,38493,8,0x1e902b00
14627,39859,8,0x1e99e840
14628,41922,8,0x1ea3a580
14629,39515,8,0x1ead62c0
14630,39324,8,0x1eb72000
14631,40232,8,0x1ec0dd40
14632,41101,8,0x1eca9a80
14633,44111,8,0x1ed457c0
14634,40686,8,0x1ede1500
14635,40676,8,0x1ee7d240
14636,40179,8,0x1ef18f80
14637,41744,8,0x1efb4cc0
14638,40607,8,0x1f050a00
14639,39725,8,0x1f0ec740
14640,42128,8,0x1f188480
14641,40291,8,0x1f2241c0
14642,40420,8,0x1f2bff00
14643,40644,8,0x1f35bc40
14644,41449,8,0x1f3f7980
14645,40890,8,0x1f4936c0
14646,40331,8,0x1f52f400
14647,42204,8,0x1f5cb140
14648,47877,8,0x1f666e80
14649,41748,8,0x1f702bc0
14650,40547,8,0x1f79e900
14651,41537,8,0x1f83a640
14652,42033,8,0x1f8d6380
14653,41978,8,0x1f9720c0
14654,40642,8,0x1fa0de00
14655,40205,8,0x1faa9b40
14656,41322,8,0x1fb45880
14657,40923,8,0x1fbe15c0
14658,44188,8,0x1fc7d300
14659,40894,8,0x1fd19040
14660,41872,8,0x1fdb4d80
14661,41596,8,0x1fe50ac0
14662,40469,8,0x1feec800
14663,42473,8,0x1ff88540
14664,41252,8,0x20024280
14665,45572,8,0x200bffc0
14666,42055,8,0x2015bd00
14667,39823,8,0x201f7a40
14668,40810,8,0x20293780
14669,41292,8,0x2032f4c0
14670,41860,8,0x203cb200
14671,41969,8,0x20466f40
14672,42515,8,0x20502c80
14673,39879,8,0x2059e9c0
14674,40696,8,0x2063a700
14675,39857,8,0x206d6440
14676,41019,8,0x20772180
14677,44243,8,0x2080dec0
14678,40744,8,0x208a9c00
14679,40407,8,0x20945940
14680,41224,8,0x209e1680
14681,41165,8,0x20a7d3c0
14682,42196,8,0x20b19100
14683,39960,8,0x20bb4e40
14684,40895,8,0x20c50b80
14685,41220,8,0x20cec8c0
14686,40816,8,0x20d88600
14687,49959,8,0x20e24340
14688,41036,8,0x20ec0080
14689,40113,8,0x20f5bdc0
14690,41330,8,0x20ff7b00
14691,40010,8,0x21093840
14692,43104,8,0x2112f580
14693,40590,8,0x211cb2c0
14694,41022,8,0x21267000
14695,44909,8,0x21302d40
14696,41467,8,0x2139ea80
14697,40951,8,0x2143a7c0
14698,41279,8,0x214d6500
14699,41465,8,0x21572240
14700,41550,8,0x2160df80
14701,40762,8,0x216a9cc0
14702,40996,8,0x21745a00
14703,40446,8,0x217e1740
14704,41628,8,0x2187d480
14705,40557,8,0x219191c0
14706,40986,8,0x219b4f00
14707,43850,8,0x21a50c40
14708,40301,8,0x21aec980
14709,40156,8,0x21b886c0
14710,40793,8,0x21c24400
14711,42371,8,0x21cc0140
14712,40407,8,0x21d5be80
14713,39880,8,0x21df7bc0
14714,41222,8,0x21e93900
14715,41092,8,0x21f2f640
14716,41317,8,0x21fcb380
14717,40607,8,0x220670c0
14718,42341,8,0x22102e00
14719,43903,8,0x2219eb40
14720,45898,8,0x2223a880
14721,39659,8,0x222d65c0
14722,43154,8,0x22372300
14723,41377,8,0x2240e040
14724,40541,8,0x224a9d80
14725,41808,8,0x22545ac0
14726,39555,8,0x225e1800
14727,41058,8,0x2267d540
14728,42409,8,0x22719280
14729,44181,8,0x227b4fc0
14730,40495,8,0x22850d00
14731,41008,8,0x228eca40
14732,41733,8,0x22988780
14733,40201,8,0x22a244c0
14734,39829,8,0x22ac0200
14735,41392,8,0x22b5bf40
14736,44355,8,0x22bf7c80
14737,40306,8,0x22c939c0
14738,40769,8,0x22d2f700
14739,40241,8,0x22dcb440
14740,42467,8,0x22e67180
14741,40645,8,0x22f02ec0
14742,41133,8,0x22f9ec00
14743,43530,8,0x2303a940
14744,40080,8,0x230d6680
14745,39757,8,0x231723c0
14746,40806,8,0x2320e100
14747,41977,8,0x232a9e40
14748,42114,8,0x23345b80
14749,40491,8,0x233e18c0
14750,40593,8,0x2347d600
14751,44471,8,0x23519340
14752,40981,8,0x235b5080
14753,39132,8,0x23650dc0
14754,40659,8,0x236ecb00
14755,41156,8,0x23788840
14756,41261,8,0x23824580
14757,40371,8,0x238c02c0
14758,40296,8,0x2395c000
14759,40953,8,0x239f7d40
14760,41146,8,0x23a93a80
14761,41039,8,0x23b2f7c0
14762,41132,8,0x23bcb500
14763,40512,8,0x23c67240
14764,41172,8,0x23d02f80
14765,40384,8,0x23d9ecc0
14766,43674,8,0x23e3aa00
14767,43013,8,0x23ed6740
14768,40884,8,0x23f72480
14769,40125,8,0x2400e1c0
14770,41479,8,0x240a9f00
14771,40990,8,0x24145c40
14772,58130,8,0x241e1980
14773,40834,8,0x2427d6c0
14774,40119,8,0x24319400
14775,42358,8,0x243b5140
14776,40665,8,0x24450e80
14777,40989,8,0x244ecbc0
14778,40456,8,0x24588900
14779,41001,8,0x24624640
14780,42698,8,0x246c0380
14781,66436,8,0x2475c0c0
14782,46442,8,0x247f7e00
14783,40961,8,0x24893b40
14784,40837,8,0x2492f880
14785,40824,8,0x249cb5c0
14786,39873,8,0x24a67300
14787,39837,8,0x24b03040
14788,42633,8,0x24b9ed80
14789,44531,8,0x24c3aac0
14790,41460,8,0x24cd6800
14791,41119,8,0x24d72540
14792,40553,8,0x24e0e280
14793,44909,8,0x24ea9fc0
14794,41202,8,0x24f45d00
14795,43896,8,0x24fe1a40
14796,43521,8,0x2507d780
14797,41443,8,0x251194c0
14798,40872,8,0x251b5200
14799,40818,8,0x25250f40
14800,40558,8,0x252ecc80
14801,40790,8,0x253889c0
14802,40928,8,0x25424700
14803,40768,8,0x254c0440
14804,42736,8,0x2555c180
14805,41140,8,0x255f7ec0
14806,40336,8,0x25693c00
14807,40819,8,0x2572f940
14808,40971,8,0x257cb680
14809,41080,8,0x258673c0
14810,43448,8,0x25903100
14811,41641,8,0x2599ee40
14812,44920,8,0x25a3ab80
14813,41613,8,0x25ad68c0
14814,40718,8,0x25b72600
14815,41869,8,0x25c0e340
14816,40903,8,0x25caa080
14817,40622,8,0x25d45dc0
14818,41337,8,0x25de1b00
14819,41535,8,0x25e7d840
14820,42533,8,0x25f19580
14821,40778,8,0x25fb52c0
14822,40802,8,0x26051000
14823,41410,8,0x260ecd40
14824,40190,8,0x26188a80
14825,43748,8,0x262247c0
14826,41050,8,0x262c0500
14827,40835,8,0x2635c240
14828,41680,8,0x263f7f80
14829,40062,8,0x26493cc0
14830,41614,8,0x2652fa00
14831,41494,8,0x265cb740
14832,40503,8,0x26667480
14833,40765,8,0x267031c0
14834,41222,8,0x2679ef00
14835,41654,8,0x2683ac40
14836,41889,8,0x268d6980
14837,42104,8,0x269726c0
14838,41885,8,0x26a0e400
14839,41267,8,0x26aaa140
14840,44053,8,0x26b45e80
14841,40994,8,0x26be1bc0
14842,41520,8,0x26c7d900
14843,39182,8,0x26d19640
14844,45861,8,0x26db5380
14845,62253,8,0x26e510c0
14846,70883,8,0x26eece00
14847,47378,8,0x26f88b40
14848,45248,8,0x27024880
14849,47426,8,0x270c05c0
14850,47565,8,0x2715c300
14851,45614,8,0x271f8040
14852,45378,8,0x27293d80
14853,44908,8,0x2732fac0
14854,45653,8,0x273cb800
14855,53898,8,0x27467540
14856,48239,8,0x27503280
14857,49264,8,0x2759efc0
14858,44728,8,0x2763ad00
14859,45611,8,0x276d6a40
14860,45760,8,0x27772780
14861,44410,8,0x2780e4c0
14862,46226,8,0x278aa200
14863,52823,8,0x27945f40
14864,38157,8,0x279e1c80
14865,38542,8,0x27a7d9c0
14866,37947,8,0x27b19700
14867,38890,8,0x27bb5440
14868,38432,8,0x27c51180
14869,41313,8,0x27cecec0
14870,39174,8,0x27d88c00
14871,48460,8,0x27e24940
14872,42760,8,0x27ec0680
14873,38912,8,0x27f5c3c0
14874,36995,8,0x27ff8100
14875,39390,8,0x28093e40
14876,39014,8,0x2812fb80
14877,40596,8,0x281cb8c0
14878,43399,8,0x28267600
14879,39333,8,0x28303340
14880,41893,8,0x2839f080
14881,46824,8,0x2843adc0
14882,45419,8,0x284d6b00
14883,38188,8,0x28572840
14884,41068,8,0x2860e580
14885,38053,8,0x286aa2c0
14886,37441,8,0x28746000
14887,37107,8,0x287e1d40
14888,39871,8,0x2887da80
14889,39271,8,0x289197c0
14890,38167,8,0x289b5500
14891,38487,8,0x28a51240
14892,39737,8,0x28aecf80
14893,37936,8,0x28b88cc0
14894,38061,8,0x28c24a00
14895,37713,8,0x28cc0740
14896,39192,8,0x28d5c480
14897,38500,8,0x28df81c0
14898,38221,8,0x28e93f00
14899,39619,8,0x28f2fc40
14900,39181,8,0x28fcb980
14901,38011,8,0x290676c0
14902,39878,8,0x29103400
14903,44601,8,0x2919f140
14904,40151,8,0x2923ae80
14905,38956,8,0x292d6bc0
14906,40871,8,0x29372900
14907,38558,8,0x2940e640
14908,39785,8,0x294aa380
14909,38655,8,0x295460c0
14910,37781,8,0x295e1e00
14911,37742,8,0x2967db40
14912,39671,8,0x29719880
14913,38896,8,0x297b55c0
14914,39675,8,0x29851300
14915,37935,8,0x298ed040
14916,38466,8,0x29988d80
14917,37740,8,0x29a24ac0
14918,39038,8,0x29ac0800
14919,37593,8,0x29b5c540
14920,40016,8,0x29bf8280
14921,42275,8,0x29c93fc0
14922,39153,8,0x29d2fd00
14923,37491,8,0x29dcba40
14924,37523,8,0x29e67780
14925,37479,8,0x29f034c0
14926,37645,8,0x29f9f200
14927,50700,8,0x2a03af40
14928,55981,8,0x2a0d6c80
14929,42103,8,0x2a1729c0
14930,39004,8,0x2a20e700
14931,38159,8,0x2a2aa440
14932,39494,8,0x2a346180
14933,38401,8,0x2a3e1ec0
14934,42656,8,0x2a47dc00
14935,41631,8,0x2a519940
14936,37475,8,0x2a5b5680
14937,35476,8,0x2a6513c0
14938,38174,8,0x2a6ed100
14939,37595,8,0x2a788e40
14940,37540,8,0x2a824b80
14941,36279,8,0x2a8c08c0
14942,37155,8,0x2a95c600
14943,37968,8,0x2a9f8340
14944,37027,8,0x2aa94080
14945,37099,8,0x2ab2fdc0
14946,38316,8,0x2abcbb00
14947,36282,8,0x2ac67840
14948,36407,8,0x2ad03580
14949,36318,8,0x2ad9f2c0
14950,37125,8,0x2ae3b000
14951,36703,8,0x2aed6d40
14952,47591,8,0x2af72a80
14953,40844,8,0x2b00e7c0
14954,43274,8,0x2b0aa500
14955,38813,8,0x2b146240
14956,36836,8,0x2b1e1f80
14957,36172,8,0x2b27dcc0
14958,39147,8,0x2b319a00
14959,36075,8,0x2b3b5740
14960,36561,8,0x2b451480
14961,36714,8,0x2b4ed1c0
14962,37239,8,0x2b588f00
14963,35397,8,0x2b624c40
14964,35624,8,0x2b6c0980
14965,36478,8,0x2b75c6c0
14966,36636,8,0x2b7f8400
14967,37814,8,0x2b894140
14968,41407,8,0x2b92fe80
14969,36172,8,0x2b9cbbc0
14970,37336,8,0x2ba67900
14971,49561,8,0x2bb03640
14972,36743,8,0x2bb9f380
14973,39237,8,0x2bc3b0c0
14974,37025,8,0x2bcd6e00
14975,36000,8,0x2bd72b40
14976,36569,8,0x2be0e880
14977,45923,8,0x2beaa5c0
14978,45641,8,0x2bf46300
14979,43553,8,0x2bfe2040
14980,40405,8,0x2c07dd80
14981,36424,8,0x2c119ac0
14982,36417,8,0x2c1b5800
14983,37598,8,0x2c251540
14984,37480,8,0x2c2ed280
14985,39572,8,0x2c388fc0
14986,37561,8,0x2c424d00
14987,38741,8,0x2c4c0a40
14988,37579,8,0x2c55c780
14989,35638,8,0x2c5f84c0
14990,36539,8,0x2c694200
14991,37182,8,0x2c72ff40
14992,36990,8,0x2c7cbc80
14993,36609,8,0x2c8679c0
14994,37679,8,0x2c903700
14995,36578,8,0x2c99f440
14996,37011,8,0x2ca3b180
14997,36350,8,0x2cad6ec0
14998,36566,8,0x2cb72c00
14999,38529,8,0x2cc0e940
15000,37878,8,0x2ccaa680
15001,36100,8,0x2cd463c0
15002,38928,8,0x2cde2100
15003,46133,8,0x2ce7de40
15004,39077,8,0x2cf19b80
15005,35711,8,0x2cfb58c0
15006,37203,8,0x2d051600
15007,37275,8,0x2d0ed340
15008,36863,8,0x2d189080
15009,36155,8,0x2d224dc0
15010,38628,8,0x2d2c0b00
15011,36377,8,0x2d35c840
15012,37325,8,0x2d3f8580
15013,36435,8,0x2d4942c0
15014,36888,8,0x2d530000
15015,37281,8,0x2d5cbd40
15016,36564,8,0x2d667a80
15017,40353,8,0x2d7037c0
15018,37087,8,0x2d79f500
15019,35683,8,0x2d83b240
15020,36332,8,0x2d8d6f80
15021,36579,8,0x2d972cc0
15022,36258,8,0x2da0ea00
15023,36494,8,0x2daaa740
15024,36360,8,0x2db46480
15025,55169,8,0x2dbe21c0
15026,38388,8,0x2dc7df00
15027,37482,8,0x2dd19c40
15028,47737,8,0x2ddb5980
15029,38613,8,0x2de516c0
15030,40756,8,0x2deed400
15031,37019,8,0x2df89140
15032,39057,8,0x2e024e80
15033,37336,8,0x2e0c0bc0
15034,37476,8,0x2e15c900
15035,36248,8,0x2e1f8640
15036,38130,8,0x2e294380
15037,36494,8,0x2e3300c0
15038,36388,8,0x2e3cbe00
15039,37048,8,0x2e467b40
15040,36394,8,0x2e503880
15041,37191,8,0x2e59f5c0
15042,39014,8,0x2e63b300
15043,36392,8,0x2e6d7040
15044,36675,8,0x2e772d80
15045,38089,8,0x2e80eac0
15046,36186,8,0x2e8aa800
15047,38745,8,0x2e946540
15048,36230,8,0x2e9e2280
15049,40745,8,0x2ea7dfc0
15050,37553,8,0x2eb19d00
15051,37023,8,0x2ebb5a40
15052,37455,8,0x2ec51780
15053,38682,8,0x2eced4c0
15054,45233,8,0x2ed89200
15055,37400,8,0x2ee24f40
15056,36608,8,0x2eec0c80
15057,37565,8,0x2ef5c9c0
15058,36815,8,0x2eff8700
15059,36513,8,0x2f094440
15060,37112,8,0x2f130180
15061,39276,8,0x2f1cbec0
15062,36715,8,0x2f267c00
15063,37164,8,0x2f303940
15064,36828,8,0x2f39f680
15065,38684,8,0x2f43b3c0
15066,35960,8,0x2f4d7100
15067,35962,8,0x2f572e40
15068,37809,8,0x2f60eb80
15069,37422,8,0x2f6aa8c0
15070,37227,8,0x2f746600
15071,37374,8,0x2f7e2340
15072,36729,8,0x2f87e080
15073,47958,8,0x2f919dc0
15074,37940,8,0x2f9b5b00
15075,36351,8,0x2fa51840
15076,39488,8,0x2faed580
15077,36711,8,0x2fb892c0
15078,37444,8,0x2fc25000
15079,42542,8,0x2fcc0d40
15080,40230,8,0x2fd5ca80
15081,37711,8,0x2fdf87c0
15082,37443,8,0x2fe94500
15083,36414,8,0x2ff30240
15084,37310,8,0x2ffcbf80
15085,36640,8,0x30067cc0
15086,37559,8,0x30103a00
15087,36481,8,0x3019f740
15088,36319,8,0x3023b480
15089,37555,8,0x302d71c0
15090,36494,8,0x30372f00
15091,39627,8,0x3040ec40
15092,40767,8,0x304aa980
15093,36547,8,0x305466c0
15094,37897,8,0x305e2400
15095,36291,8,0x3067e140
15096,36528,8,0x30719e80
15097,36896,8,0x307b5bc0
15098,36651,8,0x30851900
15099,37106,8,0x308ed640
15100,37727,8,0x30989380
15101,37375,8,0x30a250c0
15102,37891,8,0x30ac0e00
15103,36067,8,0x30b5cb40
15104,36604,8,0x30bf8880
15105,44575,8,0x30c945c0
15106,42937,8,0x30d30300
15107,37341,8,0x30dcc040
15108,36705,8,0x30e67d80
15109,36964,8,0x30f03ac0
15110,37456,8,0x30f9f800
15111,37333,8,0x3103b540
15112,36090,8,0x310d7280
15113,40321,8,0x31172fc0
15114,45958,8,0x3120ed00
15115,35375,8,0x312aaa40
15116,34699,8,0x31346780
15117,34488,8,0x313e24c0
15118,34465,8,0x3147e200
15119,34574,8,0x31519f40
15120,36034,8,0x315b5c80
15121,33993,8,0x316519c0
15122,34903,8,0x316ed700
15123,36068,8,0x31789440
15124,34750,8,0x31825180
15125,35610,8,0x318c0ec0
15126,34957,8,0x3195cc00
15127,33746,8,0x319f8940
15128,34109,8,0x31a94680
15129,35423,8,0x31b303c0
15130,35555,8,0x31bcc100
15131,35404,8,0x31c67e40
15132,41623,8,0x31d03b80
15133,35252,8,0x31d9f8c0
15134,34993,8,0x31e3b600
15135,36251,8,0x31ed7340
15136,34059,8,0x31f73080
15137,35244,8,0x3200edc0
15138,34296,8,0x320aab00
15139,35132,8,0x32146840
15140,34650,8,0x321e2580
15141,35084,8,0x3227e2c0
15142,35295,8,0x3231a000
15143,34559,8,0x323b5d40
15144,34545,8,0x32451a80
15145,34884,8,0x324ed7c0
15146,34912,8,0x32589500
15147,34638,8,0x32625240
15148,34731,8,0x326c0f80
15149,35391,8,0x3275ccc0
15150,36904,8,0x327f8a00
15151,34879,8,0x32894740
15152,33750,8,0x32930480
15153,34815,8,0x329cc1c0
15154,38244,8,0x32a67f00
15155,34525,8,0x32b03c40
15156,34122,8,0x32b9f980
15157,34548,8,0x32c3b6c0
15158,34794,8,0x32cd7400
15159,40086,8,0x32d73140
15160,36831,8,0x32e0ee80
15161,35293,8,0x32eaabc0
15162,36204,8,0x32f46900
15163,34165,8,0x32fe2640
15164,36643,8,0x3307e380
15165,36496,8,0x3311a0c0
15166,35058,8,0x331b5e00
15167,34405,8,0x33251b40
15168,34308,8,0x332ed880
15169,34960,8,0x333895c0
15170,34790,8,0x33425300
15171,34703,8,0x334c1040
15172,34824,8,0x3355cd80
15173,35484,8,0x335f8ac0
15174,36353,8,0x33694800
15175,34579,8,0x33730540
15176,35594,8,0x337cc280
15177,36937,8,0x33867fc0
15178,33764,8,0x33903d00
15179,127130,8,0x3399fa40
15180,87667,8,0x33a3b780
15181,51676,8,0x33ad74c0
15182,47351,8,0x33b73200
15183,48312,8,0x33c0ef40
15184,48954,8,0x33caac80
15185,48615,8,0x33d469c0
15186,46420,8,0x33de2700
15187,46158,8,0x33e7e440
15188,50977,8,0x33f1a180
15189,44139,8,0x33fb5ec0
15190,46491,8,0x34051c00
15191,46875,8,0x340ed940
15192,46155,8,0x34189680
15193,45001,8,0x342253c0
15194,44415,8,0x342c1100
15195,47897,8,0x3435ce40
15196,47268,8,0x343f8b80
15197,44287,8,0x344948c0
15198,45397,8,0x34530600
15199,46503,8,0x345cc340
15200,45659,8,0x34668080
15201,44728,8,0x34703dc0
15202,44846,8,0x3479fb00
15203,49999,8,0x3483b840
15204,45947,8,0x348d7580
15205,45372,8,0x349732c0
15206,45413,8,0x34a0f000
15207,45708,8,0x34aaad40
15208,46054,8,0x34b46a80
15209,45082,8,0x34be27c0
15210,45263,8,0x34c7e500
15211,46319,8,0x34d1a240
15212,47011,8,0x34db5f80
15213,44075,8,0x34e51cc0
15214,45382,8,0x34eeda00
15215,46026,8,0x34f89740
15216,46210,8,0x35025480
15217,44827,8,0x350c11c0
15218,47508,8,0x3515cf00
15219,45888,8,0x351f8c40
15220,45247,8,0x35294980
15221,45131,8,0x353306c0
15222,45332,8,0x353cc400
15223,45348,8,0x35468140
15224,45715,8,0x35503e80
15225,45881,8,0x3559fbc0
15226,44446,8,0x3563b900
15227,46325,8,0x356d7640
15228,47461,8,0x35773380
15229,45511,8,0x3580f0c0
15230,46087,8,0x358aae00
15231,45050,8,0x35946b40
15232,45536,8,0x359e2880
15233,49498,8,0x35a7e5c0
15234,44258,8,0x35b1a300
15235,45722,8,0x35bb6040
15236,45890,8,0x35c51d80
15237,45803,8,0x35cedac0
15238,46186,8,0x35d89800
15239,45225,8,0x35e25540
15240,45321,8,0x35ec1280
15241,48446,8,0x35f5cfc0
15242,44251,8,0x35ff8d00
15243,46939,8,0x36094a40
15244,46254,8,0x36130780
15245,45846,8,0x361cc4c0
15246,45075,8,0x36268200
15247,47625,8,0x36303f40
15248,45679,8,0x3639fc80
15249,45048,8,0x3643b9c0
15250,43765,8,0x364d7700
15251,45580,8,0x36573440
15252,46902,8,0x3660f180
15253,45936,8,0x366aaec0
15254,45112,8,0x36746c00
15255,44781,8,0x367e2940
15256,45779,8,0x3687e680
15257,45430,8,0x3691a3c0
15258,44882,8,0x369b6100
15259,63330,8,0x36a51e40
15260,45979,8,0x36aedb80
15261,55295,8,0x36b898c0
15262,49830,8,0x36c25600
15263,44703,8,0x36cc1340
15264,45614,8,0x36d5d080
15265,44644,8,0x36df8dc0
15266,45823,8,0x36e94b00
15267,45379,8,0x36f30840
15268,45403,8,0x36fcc580
15269,47113,8,0x370682c0
15270,46297,8,0x37104000
15271,45380,8,0x3719fd40
15272,46550,8,0x3723ba80
15273,44187,8,0x372d77c0
15274,47045,8,0x37373500
15275,46319,8,0x3740f240
15276,45105,8,0x374aaf80
15277,49156,8,0x37546cc0
15278,46371,8,0x375e2a00
15279,44608,8,0x3767e740
15280,46041,8,0x3771a480
15281,45265,8,0x377b61c0
15282,45791,8,0x37851f00
15283,46290,8,0x378edc40
15284,45294,8,0x37989980
15285,45492,8,0x37a256c0
15286,46269,8,0x37ac1400
15287,46007,8,0x37b5d140
15288,46061,8,0x37bf8e80
15289,45729,8,0x37c94bc0
15290,46572,8,0x37d30900
15291,46450,8,0x37dcc640
15292,49839,8,0x37e68380
15293,45575,8,0x37f040c0
15294,46306,8,0x37f9fe00
15295,45827,8,0x3803bb40
15296,46755,8,0x380d7880
15297,44966,8,0x381735c0
15298,45988,8,0x3820f300
15299,46315,8,0x382ab040
15300,45507,8,0x38346d80
15301,45396,8,0x383e2ac0
15302,46402,8,0x3847e800
15303,44654,8,0x3851a540
15304,46249,8,0x385b6280
15305,48886,8,0x38651fc0
15306,49568,8,0x386edd00
15307,44924,8,0x38789a40
15308,44860,8,0x38825780
15309,44733,8,0x388c14c0
15310,45750,8,0x3895d200
15311,45512,8,0x389f8f40
15312,45113,8,0x38a94c80
15313,44340,8,0x38b309c0
15314,46862,8,0x38bcc700
15315,45642,8,0x38c68440
15316,45611,8,0x38d04180
15317,45424,8,0x38d9fec0
15318,46080,8,0x38e3bc00
15319,47042,8,0x38ed7940
15320,48885,8,0x38f73680
15321,49067,8,0x3900f3c0
15322,47001,8,0x390ab100
15323,45785,8,0x39146e40
15324,46325,8,0x391e2b80
15325,45366,8,0x3927e8c0
15326,45073,8,0x3931a600
15327,46372,8,0x393b6340
15328,46499,8,0x39452080
15329,45532,8,0x394eddc0
15330,46427,8,0x39589b00
15331,46116,8,0x39625840
15332,46411,8,0x396c1580
15333,45537,8,0x3975d2c0
15334,45179,8,0x397f9000
15335,45752,8,0x39894d40
15336,48436,8,0x39930a80
15337,45151,8,0x399cc7c0
15338,50092,8,0x39a68500
15339,45906,8,0x39b04240
15340,47650,8,0x39b9ff80
15341,45739,8,0x39c3bcc0
15342,46454,8,0x39cd7a00
15343,42473,8,0x39d73740
15344,41496,8,0x39e0f480
15345,49617,8,0x39eab1c0
15346,43500,8,0x39f46f00
15347,41094,8,0x39fe2c40
15348,43369,8,0x3a07e980
15349,41957,8,0x3a11a6c0
15350,41950,8,0x3a1b6400
15351,43955,8,0x3a252140
15352,41047,8,0x3a2ede80
15353,42567,8,0x3a389bc0
15354,41754,8,0x3a425900
15355,40979,8,0x3a4c1640
15356,43047,8,0x3a55d380
15357,42394,8,0x3a5f90c0
15358,40526,8,0x3a694e00
15359,41907,8,0x3a730b40
15360,40936,8,0x3a7cc880
15361,42859,8,0x3a8685c0
15362,42410,8,0x3a904300
15363,41572,8,0x3a9a0040
15364,43267,8,0x3aa3bd80
15365,42132,8,0x3aad7ac0
15366,42936,8,0x3ab73800
15367,40713,8,0x3ac0f540
15368,40856,8,0x3acab280
15369,45718,8,0x3ad46fc0
15370,43221,8,0x3ade2d00
15371,41094,8,0x3ae7ea40
15372,42729,8,0x3af1a780
15373,41580,8,0x3afb64c0
15374,41706,8,0x3b052200
15375,40551,8,0x3b0edf40
15376,41623,8,0x3b189c80
15377,41374,8,0x3b2259c0
15378,41520,8,0x3b2c1700
15379,42024,8,0x3b35d440
15380,44452,8,0x3b3f9180
15381,41078,8,0x3b494ec0
15382,41739,8,0x3b530c00
15383,41238,8,0x3b5cc940
15384,40746,8,0x3b668680
15385,41914,8,0x3b7043c0
15386,42320,8,0x3b7a0100
15387,40952,8,0x3b83be40
15388,42416,8,0x3b8d7b80
15389,42370,8,0x3b9738c0
15390,42197,8,0x3ba0f600
15391,41058,8,0x3baab340
15392,41321,8,0x3bb47080
15393,42140,8,0x3bbe2dc0
15394,43283,8,0x3bc7eb00
15395,44177,8,0x3bd1a840
15396,41501,8,0x3bdb6580
15397,42054,8,0x3be522c0
15398,41590,8,0x3beee000
15399,41845,8,0x3bf89d40
15400,41893,8,0x3c025a80
15401,42261,8,0x3c0c17c0
15402,42242,8,0x3c15d500
15403,41768,8,0x3c1f9240
15404,42031,8,0x3c294f80
15405,42577,8,0x3c330cc0
15406,42966,8,0x3c3cca00
15407,40911,8,0x3c468740
15408,40763,8,0x3c504480
15409,42031,8,0x3c5a01c0
15410,45163,8,0x3c63bf00
15411,40998,8,0x3c6d7c40
15412,41548,8,0x3c773980
15413,42049,8,0x3c80f6c0
15414,42431,8,0x3c8ab400
15415,42164,8,0x3c947140
15416,41863,8,0x3c9e2e80
15417,43182,8,0x3ca7ebc0
15418,42442,8,0x3cb1a900
15419,40752,8,0x3cbb6640
15420,42083,8,0x3cc52380
15421,42365,8,0x3ccee0c0
15422,42808,8,0x3cd89e00
15423,41900,8,0x3ce25b40
15424,41335,8,0x3cec1880
15425,45879,8,0x3cf5d5c0
15426,42428,8,0x3cff9300
15427,40695,8,0x3d095040
15428,42247,8,0x3d130d80
15429,41580,8,0x3d1ccac0
15430,42557,8,0x3d268800
15431,40695,8,0x3d304540
15432,41624,8,0x3d3a0280
15433,46217,8,0x3d43bfc0
15434,42263,8,0x3d4d7d00
15435,41278,8,0x3d573a40
15436,42244,8,0x3d60f780
15437,50723,8,0x3d6ab4c0
15438,45064,8,0x3d747200
15439,43981,8,0x3d7e2f40
15440,42256,8,0x3d87ec80
15441,41659,8,0x3d91a9c0
15442,41819,8,0x3d9b6700
15443,40919,8,0x3da52440
15444,41886,8,0x3daee180
15445,41871,8,0x3db89ec0
15446,42320,8,0x3dc25c00
15447,41693,8,0x3dcc1940
15448,41733,8,0x3dd5d680
15449,42536,8,0x3ddf93c0
15450,42120,8,0x3de95100
15451,41541,8,0x3df30e40
15452,43963,8,0x3dfccb80
15453,41824,8,0x3e0688c0
15454,44132,8,0x3e104600
15455,41243,8,0x3e1a0340
15456,42943,8,0x3e23c080
15457,41266,8,0x3e2d7dc0
15458,41284,8,0x3e373b00
15459,42021,8,0x3e40f840
15460,41480,8,0x3e4ab580
15461,41606,8,0x3e5472c0
15462,47709,8,0x3e5e3000
15463,41656,8,0x3e67ed40
15464,41731,8,0x3e71aa80
15465,41384,8,0x3e7b67c0
15466,40544,8,0x3e852500
15467,41457,8,0x3e8ee240
15468,41448,8,0x3e989f80
15469,43839,8,0x3ea25cc0
15470,41103,8,0x3eac1a00
15471,41372,8,0x3eb5d740
15472,41895,8,0x3ebf9480
15473,40746,8,0x3ec951c0
15474,41286,8,0x3ed30f00
15475,42048,8,0x3edccc40
15476,42263,8,0x3ee68980
15477,61378,8,0x3ef046c0
15478,41951,8,0x3efa0400
15479,41509,8,0x3f03c140
15480,41382,8,0x3f0d7e80
15481,42010,8,0x3f173bc0
15482,41749,8,0x3f20f900
15483,42218,8,0x3f2ab640
15484,45534,8,0x3f347380
15485,41843,8,0x3f3e30c0
15486,42455,8,0x3f47ee00
15487,41166,8,0x3f51ab40
15488,42671,8,0x3f5b6880
15489,41778,8,0x3f6525c0
15490,41338,8,0x3f6ee300
15491,42823,8,0x3f78a040
15492,43935,8,0x3f825d80
15493,42133,8,0x3f8c1ac0
15494,42362,8,0x3f95d800
15495,41038,8,0x3f9f9540
15496,41920,8,0x3fa95280
15497,45225,8,0x3fb30fc0
15498,44512,8,0x3fbccd00
15499,42203,8,0x3fc68a40
15500,42369,8,0x3fd04780
15501,44941,8,0x3fda04c0
15502,41806,8,0x3fe3c200
15503,40692,8,0x3fed7f40
15504,42672,8,0x3ff73c80
15505,43497,8,0xfa00
15506,36758,8,0xab740
15507,38232,8,0x147480
15508,39361,8,0x1e31c0
15509,37464,8,0x27ef00
15510,37931,8,0x31ac40
15511,36119,8,0x3b6980
15512,37744,8,0x4526c0
15513,37035,8,0x4ee400
15514,37406,8,0x58a140
15515,36268,8,0x625e80
15516,37297,8,0x6c1bc0
15517,37925,8,0x75d900
15518,37565,8,0x7f9640
15519,36060,8,0x895380
15520,37164,8,0x9310c0
15521,37614,8,0x9cce00
15522,38010,8,0xa68b40
15523,43205,58,0xb04880
15524,43525,58,0xba05c0
15525,43934,58,0xc3c300
15526,42538,58,0xcd8040
15527,41555,58,0xd73d80
15528,42949,58,0xe0fac0
15529,44018,58,0xeab800
15530,42132,58,0xf47540
15531,49582,58,0xfe3280
15532,46917,58,0x107efc0
15533,42176,58,0x111ad00
15534,41177,58,0x11b6a40
15535,43643,58,0x1252780
15536,42565,58,0x12ee4c0
15537,42878,58,0x138a200
15538,43554,58,0x1425f40
15539,41416,8,0x14c1c80
15540,39253,8,0x155d9c0
15541,37769,8,0x15f9700
15542,38884,8,0x1695440
15543,37568,8,0x1731180
15544,38436,8,0x17ccec0
15545,36803,8,0x1868c00
15546,36110,8,0x1904940
15547,37544,8,0x19a0680
15548,38434,8,0x1a3c3c0
15549,37576,8,0x1ad8100
15550,41557,58,0x1b73e40
15551,42769,58,0x1c0fb80
15552,43008,58,0x1cab8c0
15553,41642,58,0x1d47600
15554,39820,58,0x1de3340
15555,42142,58,0x1e7f080
15556,43555,58,0x1f1adc0
15557,42366,58,0x1fb6b00
15558,41113,58,0x2052840
15559,43467,58,0x20ee580
15560,43250,58,0x218a2c0
15561,41645,58,0x2226000
15562,39942,58,0x22c1d40
15563,41559,58,0x235da80
15564,43398,58,0x23f97c0
15565,40534,58,0x2495500
15566,48396,8,0x2531240
15567,43340,8,0x25ccf80
15568,42771,8,0x2668cc0
15569,42582,8,0x2704a00
15570,52708,8,0x27a0740
15571,37246,8,0x283c480
15572,37955,8,0x28d81c0
15573,37583,8,0x2973f00
15574,40072,8,0x2a0fc40
15575,38703,8,0x2aab980
15576,38072,8,0x2b476c0
15577,39451,8,0x2be3400
15578,39064,8,0x2c7f140
15579,37325,8,0x2d1ae80
15580,37985,8,0x2db6bc0
15581,38066,8,0x2e52900
15582,38339,8,0x2eee640
15583,38137,8,0x2f8a380
15584,38840,8,0x30260c0
15585,41921,8,0x30c1e00
15586,39362,8,0x315db40
15587,37694,8,0x31f9880
15588,38795,8,0x32955c0
15589,39591,8,0x3331300
15590,38029,8,0x33cd040
15591,37319,8,0x3468d80
15592,38361,8,0x3504ac0
15593,37648,8,0x35a0800
15594,39019,8,0x363c540
15595,37461,8,0x36d8280
15596,40408,8,0x3773fc0
15597,39170,8,0x380fd00
15598,37901,8,0x38aba40
15599,38097,8,0x3947780
15600,38174,8,0x39e34c0
15601,39190,8,0x3a7f200
15602,37920,8,0x3b1af40
15603,39174,8,0x3bb6c80
15604,37812,8,0x3c529c0
15605,37616,8,0x3cee700
15606,38012,8,0x3d8a440
15607,37319,8,0x3e26180
15608,37476,8,0x3ec1ec0
15609,38805,8,0x3f5dc00
15610,38885,8,0x3ff9940
15611,36911,8,0x4095680
15612,39321,8,0x41313c0
15613,38269,8,0x41cd100
15614,39177,8,0x4268e40
15615,38012,8,0x4304b80
15616,38112,8,0x43a08c0
15617,39021,8,0x443c600
15618,39463,8,0x44d8340
15619,37128,8,0x4574080
15620,38346,8,0x460fdc0
15621,37431,8,0x46abb00
15622,37346,8,0x4747840
15623,36941,8,0x47e3580
15624,37584,8,0x487f2c0
15625,38529,8,0x491b000
15626,38725,8,0x49b6d40
15627,36539,8,0x4a52a80
15628,38950,8,0x4aee7c0
15629,44535,8,0x4b8a500
15630,40404,8,0x4c26240
15631,38541,8,0x4cc1f80
15632,37197,8,0x4d5dcc0
15633,39592,8,0x4df9a00
15634,36946,8,0x4e95740
15635,37566,8,0x4f31480
15636,38004,8,0x4fcd1c0
15637,37441,8,0x5068f00
15638,38373,8,0x5104c40
15639,38824,8,0x51a0980
15640,37982,8,0x523c6c0
15641,38228,8,0x52d8400
15642,37326,8,0x5374140
15643,39606,8,0x540fe80
15644,37921,8,0x54abbc0
15645,37529,8,0x5547900
15646,38215,8,0x55e3640
15647,41604,8,0x567f380
15648,39172,8,0x571b0c0
15649,37296,8,0x57b6e00
15650,37416,8,0x5852b40
15651,38689,8,0x58ee880
15652,38697,8,0x598a5c0
15653,37295,8,0x5a26300
15654,39369,8,0x5ac2040
15655,38361,8,0x5b5dd80
15656,38776,8,0x5bf9ac0
15657,36820,8,0x5c95800
15658,36686,8,0x5d31540
15659,38451,8,0x5dcd280
15660,40683,8,0x5e68fc0
15661,37459,8,0x5f04d00
15662,40806,8,0x5fa0a40
15663,38423,8,0x603c780
15664,38007,8,0x60d84c0
15665,36709,8,0x6174200
15666,38406,8,0x620ff40
15667,39373,8,0x62abc80
15668,39429,8,0x63479c0
15669,37626,8,0x63e3700
15670,39090,8,0x647f440
15671,37599,8,0x651b180
15672,40127,8,0x65b6ec0
15673,37301,8,0x6652c00
15674,37525,8,0x66ee940
15675,37900,8,0x678a680
15676,38491,8,0x68263c0
15677,39881,8,0x68c2100
15678,37666,8,0x695de40
15679,39099,8,0x69f9b80
15680,38611,8,0x6a958c0
15681,36531,8,0x6b31600
15682,36915,8,0x6bcd340
15683,38724,8,0x6c69080
15684,38408,8,0x6d04dc0
15685,36523,8,0x6da0b00
15686,38664,8,0x6e3c840
15687,37594,8,0x6ed8580
15688,38086,8,0x6f742c0
15689,37550,8,0x7010000
15690,37973,8,0x70abd40
15691,38164,8,0x7147a80
15692,40098,8,0x71e37c0
15693,37327,8,0x727f500
15694,39000,8,0x731b240
15695,37601,8,0x73b6f80
15696,38039,8,0x7452cc0
15697,36638,8,0x74eea00
15698,36904,8,0x758a740
15699,37860,8,0x7626480
15700,37863,8,0x76c21c0
15701,37999,8,0x775df00
15702,39570,8,0x77f9c40
15703,37445,8,0x7895980
15704,37609,8,0x79316c0
15705,37760,8,0x79cd400
15706,36976,8,0x7a69140
15707,40050,8,0x7b04e80
15708,38259,8,0x7ba0bc0
15709,41303,8,0x7c3c900
15710,38306,8,0x7cd8640
15711,38300,8,0x7d74380
15712,38841,8,0x7e100c0
15713,36843,8,0x7eabe00
15714,36857,8,0x7f47b40
15715,37702,8,0x7fe3880
15716,37991,8,0x807f5c0
15717,37205,8,0x811b300
15718,38936,8,0x81b7040
15719,55363,8,0x8252d80
15720,38837,8,0x82eeac0
15721,37643,8,0x838a800
15722,40590,8,0x8426540
15723,38352,8,0x84c2280
15724,41453,8,0x855dfc0
15725,38246,8,0x85f9d00
15726,37702,8,0x8695a40
15727,38010,8,0x8731780
15728,39183,8,0x87cd4c0
15729,38420,8,0x8869200
15730,44245,8,0x8904f40
15731,38969,8,0x89a0c80
15732,38495,8,0x8a3c9c0
15733,38661,8,0x8ad8700
15734,39320,8,0x8b74440
15735,38135,8,0x8c10180
15736,39644,8,0x8cabec0
15737,37403,8,0x8d47c00
15738,40182,8,0x8de3940
15739,38629,8,0x8e7f680
15740,38023,8,0x8f1b3c0
15741,38496,8,0x8fb7100
15742,39536,8,0x9052e40
15743,38045,8,0x90eeb80
15744,38276,8,0x918a8c0
15745,38631,8,0x9226600
15746,38798,8,0x92c2340
15747,38630,8,0x935e080
15748,37688,8,0x93f9dc0
15749,38477,8,0x9495b00
15750,39129,8,0x9531840
15751,39480,8,0x95cd580
15752,38714,8,0x96692c0
15753,37605,8,0x9705000
15754,39417,8,0x97a0d40
15755,38595,8,0x983ca80
15756,38350,8,0x98d87c0
15757,38180,8,0x9974500
15758,39872,8,0x9a10240
15759,37609,8,0x9aabf80
15760,37983,8,0x9b47cc0
15761,37734,8,0x9be3a00
15762,38977,8,0x9c7f740
15763,37464,8,0x9d1b480
15764,38627,8,0x9db71c0
15765,37939,8,0x9e52f00
15766,41509,8,0x9eeec40
15767,37660,8,0x9f8a980
15768,38579,8,0xa0266c0
15769,37407,8,0xa0c2400
15770,39590,8,0xa15e140
15771,42912,8,0xa1f9e80
15772,38340,8,0xa295bc0
15773,38486,8,0xa331900
15774,40340,8,0xa3cd640
15775,37612,8,0xa469380
15776,38773,8,0xa5050c0
15777,36842,8,0xa5a0e00
15778,39448,8,0xa63cb40
15779,37798,8,0xa6d8880
15780,37988,8,0xa7745c0
15781,40557,8,0xa810300
15782,39118,8,0xa8ac040
15783,37658,8,0xa947d80
15784,38314,8,0xa9e3ac0
15785,38253,8,0xaa7f800
15786,39579,8,0xab1b540
15787,39900,8,0xabb7280
15788,41441,8,0xac52fc0
15789,37970,8,0xaceed00
15790,39130,8,0xad8aa40
15791,38834,8,0xae26780
15792,37395,8,0xaec24c0
15793,37261,8,0xaf5e200
15794,39536,8,0xaff9f40
15795,40497,8,0xb095c80
15796,37996,8,0xb1319c0
15797,38366,8,0xb1cd700
15798,40760,8,0xb269440
15799,38871,8,0xb305180
15800,38115,8,0xb3a0ec0
15801,37816,8,0xb43cc00
15802,39482,8,0xb4d8940
15803,38846,8,0xb574680
15804,38684,8,0xb6103c0
15805,37188,8,0xb6ac100
15806,39898,8,0xb747e40
15807,39052,8,0xb7e3b80
15808,38599,8,0xb87f8c0
15809,37678,8,0xb91b600
15810,40835,8,0xb9b7340
15811,37644,8,0xba53080
15812,38304,8,0xbaeedc0
15813,37819,8,0xbb8ab00
15814,38818,8,0xbc26840
15815,39030,8,0xbcc2580
15816,38277,8,0xbd5e2c0
15817,38243,8,0xbdfa000
15818,39166,8,0xbe95d40
15819,38948,8,0xbf31a80
15820,39159,8,0xbfcd7c0
15821,38149,8,0xc069500
15822,104844,8,0xc105240
15823,65233,8,0xc1a0f80
15824,42525,8,0xc23ccc0
15825,41166,8,0xc2d8a00
15826,38295,8,0xc374740
15827,45884,8,0xc410480
15828,41272,8,0xc4ac1c0
15829,37130,8,0xc547f00
15830,34948,8,0xc5e3c40
15831,95568,8,0xc67f980
15832,38538,8,0xc71b6c0
15833,40001,8,0xc7b7400
15834,35646,8,0xc853140
15835,35426,8,0xc8eee80
15836,37456,8,0xc98abc0
15837,36761,8,0xca26900
15838,37140,8,0xcac2640
15839,35616,8,0xcb5e380
15840,38229,8,0xcbfa0c0
15841,35940,8,0xcc95e00
15842,35722,8,0xcd31b40
15843,41639,8,0xcdcd880
15844,36505,8,0xce695c0
15845,35649,8,0xcf05300
15846,35875,8,0xcfa1040
15847,38015,8,0xd03cd80
15848,35953,8,0xd0d8ac0
15849,35393,8,0xd174800
15850,35049,8,0xd210540
15851,36409,8,0xd2ac280
15852,39123,8,0xd347fc0
15853,34632,8,0xd3e3d00
15854,38464,8,0xd47fa40
15855,36713,8,0xd51b780
15856,36338,8,0xd5b74c0
15857,35958,8,0xd653200
15858,35138,8,0xd6eef40
15859,36700,8,0xd78ac80
15860,36501,8,0xd8269c0
15861,35666,8,0xd8c2700
15862,36156,8,0xd95e440
15863,36383,8,0xd9fa180
15864,36930,8,0xda95ec0
15865,36367,8,0xdb31c00
15866,35145,8,0xdbcd940
15867,36957,8,0xdc69680
15868,36156,8,0xdd053c0
15869,36877,8,0xdda1100
15870,37850,8,0xde3ce40
15871,37026,8,0xded8b80
15872,35940,8,0xdf748c0
15873,36185,8,0xe010600
15874,35178,8,0xe0ac340
15875,37175,8,0xe148080
15876,36197,8,0xe1e3dc0
15877,35950,8,0xe27fb00
15878,35571,8,0xe31b840
15879,36420,8,0xe3b7580
15880,35561,8,0xe4532c0
15881,36405,8,0xe4ef000
15882,35356,8,0xe58ad40
15883,36455,8,0xe626a80
15884,37414,8,0xe6c27c0
15885,35960,8,0xe75e500
15886,36771,8,0xe7fa240
15887,36421,8,0xe895f80
15888,36065,8,0xe931cc0
15889,36322,8,0xe9cda00
15890,34605,8,0xea69740
15891,36933,8,0xeb05480
15892,35838,8,0xeba11c0
15893,35479,8,0xec3cf00
15894,36671,8,0xecd8c40
15895,39261,8,0xed74980
15896,37530,8,0xee106c0
15897,36938,8,0xeeac400
15898,36427,8,0xef48140
15899,38992,8,0xefe3e80
15900,36134,8,0xf07fbc0
15901,35304,8,0xf11b900
15902,36316,8,0xf1b7640
15903,36791,8,0xf253380
15904,36406,8,0xf2ef0c0
15905,35783,8,0xf38ae00
15906,35153,8,0xf426b40
15907,37954,8,0xf4c2880
15908,36142,8,0xf55e5c0
15909,35519,8,0xf5fa300
15910,35748,8,0xf696040
15911,36364,8,0xf731d80
15912,37371,8,0xf7cdac0
15913,36727,8,0xf869800
15914,36854,8,0xf905540
15915,36805,8,0xf9a1280
15916,39805,8,0xfa3cfc0
15917,35369,8,0xfad8d00
15918,35275,8,0xfb74a40
15919,36716,8,0xfc10780
15920,36666,8,0xfcac4c0
15921,35806,8,0xfd48200
15922,35576,8,0xfde3f40
15923,36999,8,0xfe7fc80
15924,36000,8,0xff1b9c0
15925,36017,8,0xffb7700
15926,36663,8,0x10053440
15927,36614,8,0x100ef180
15928,38894,8,0x1018aec0
15929,35844,8,0x10226c00
15930,35792,8,0x102c2940
15931,36218,8,0x1035e680
15932,41040,8,0x103fa3c0
15933,36628,8,0x10496100
15934,35411,8,0x10531e40
15935,35855,8,0x105cdb80
15936,35795,8,0x106698c0
15937,35481,8,0x10705600
15938,35848,8,0x107a1340
15939,36747,8,0x1083d080
15940,35366,8,0x108d8dc0
15941,35540,8,0x10974b00
15942,35355,8,0x10a10840
15943,37980,8,0x10aac580
15944,35851,8,0x10b482c0
15945,35201,8,0x10be4000
15946,36551,8,0x10c7fd40
15947,36881,8,0x10d1ba80
15948,35257,8,0x10db77c0
15949,35970,8,0x10e53500
15950,36279,8,0x10eef240
15951,35554,8,0x10f8af80
15952,35933,8,0x11026cc0
15953,35610,8,0x110c2a00
15954,36287,8,0x1115e740
15955,35961,8,0x111fa480
15956,35419,8,0x112961c0
15957,39597,8,0x11331f00
15958,38566,8,0x113cdc40
15959,35708,8,0x11469980
15960,36568,8,0x115056c0
15961,34993,8,0x115a1400
15962,35956,8,0x1163d140
15963,36123,8,0x116d8e80
15964,35628,8,0x11774bc0
15965,35547,8,0x11810900
15966,35426,8,0x118ac640
15967,35850,8,0x11948380
15968,35627,8,0x119e40c0
15969,36205,8,0x11a7fe00
15970,36051,8,0x11b1bb40
15971,36553,8,0x11bb7880
15972,35870,8,0x11c535c0
15973,38117,8,0x11cef300
15974,53579,8,0x11d8b040
15975,36642,8,0x11e26d80
15976,36358,8,0x11ec2ac0
15977,35230,8,0x11f5e800
15978,37409,8,0x11ffa540
15979,36675,8,0x12096280
15980,38518,8,0x12131fc0
15981,37413,8,0x121cdd00
15982,37141,8,0x12269a40
15983,37125,8,0x12305780
15984,36178,8,0x123a14c0
15985,37612,8,0x1243d200
15986,37519,8,0x124d8f40
15987,38273,8,0x12574c80
15988,36771,8,0x126109c0
15989,37472,8,0x126ac700
15990,37367,8,0x12748440
15991,37765,8,0x127e4180
15992,37477,8,0x1287fec0
15993,36138,8,0x1291bc00
15994,36325,8,0x129b7940
15995,36163,8,0x12a53680
15996,37717,8,0x12aef3c0
15997,36316,8,0x12b8b100
15998,36652,8,0x12c26e40
15999,36709,8,0x12cc2b80
16000,36650,8,0x12d5e8c0
16001,36109,8,0x12dfa600
16002,37871,8,0x12e96340
16003,37244,8,0x12f32080
16004,36666,8,0x12fcddc0
16005,36303,8,0x13069b00
16006,37013,8,0x13105840
16007,36000,8,0x131a1580
16008,36798,8,0x1323d2c0
16009,37663,8,0x132d9000
16010,38458,8,0x13374d40
16011,35445,8,0x13410a80
16012,36197,8,0x134ac7c0
16013,35586,8,0x13548500
16014,38112,8,0x135e4240
16015,37184,8,0x1367ff80
16016,36748,8,0x1371bcc0
16017,38258,8,0x137b7a00
16018,37153,8,0x13853740
16019,39999,8,0x138ef480
16020,35984,8,0x1398b1c0
16021,36434,8,0x13a26f00
16022,37474,8,0x13ac2c40
16023,37087,8,0x13b5e980
16024,36580,8,0x13bfa6c0
16025,36066,8,0x13c96400
16026,38176,8,0x13d32140
16027,36357,8,0x13dcde80
16028,36089,8,0x13e69bc0
16029,35292,8,0x13f05900
16030,37471,8,0x13fa1640
16031,37335,8,0x1403d380
16032,38116,8,0x140d90c0
16033,35935,8,0x14174e00
16034,38065,8,0x14210b40
16035,35889,8,0x142ac880
16036,36461,8,0x143485c0
16037,42147,8,0x143e4300
16038,38760,8,0x14480040
16039,37083,8,0x1451bd80
16040,36857,8,0x145b7ac0
16041,36379,8,0x14653800
16042,36923,8,0x146ef540
16043,36276,8,0x1478b280
16044,38965,8,0x14826fc0
16045,36829,8,0x148c2d00
16046,39437,8,0x1495ea40
16047,37034,8,0x149fa780
16048,45494,8,0x14a964c0
16049,36404,8,0x14b32200
16050,35794,8,0x14bcdf40
16051,35696,8,0x14c69c80
16052,35921,8,0x14d059c0
16053,37351,8,0x14da1700
16054,36365,8,0x14e3d440
16055,37952,8,0x14ed9180
16056,36430,8,0x14f74ec0
16057,36936,8,0x15010c00
16058,37509,8,0x150ac940
16059,36953,8,0x15148680
16060,36632,8,0x151e43c0
16061,39061,8,0x15280100
16062,36157,8,0x1531be40
16063,35733,8,0x153b7b80
16064,36413,8,0x154538c0
16065,37552,8,0x154ef600
16066,37166,8,0x1558b340
16067,36039,8,0x15627080
16068,35507,8,0x156c2dc0
16069,37168,8,0x1575eb00
16070,36508,8,0x157fa840
16071,35293,8,0x15896580
16072,36626,8,0x159322c0
16073,37281,8,0x159ce000
16074,37297,8,0x15a69d40
16075,36786,8,0x15b05a80
16076,46072,8,0x15ba17c0
16077,35651,8,0x15c3d500
16078,36667,8,0x15cd9240
16079,34265,8,0x15d74f80
16080,33635,8,0x15e10cc0
16081,39208,8,0x15eaca00
16082,35327,8,0x15f48740
16083,34493,8,0x15fe4480
16084,34949,8,0x160801c0
16085,36327,8,0x1611bf00
16086,35491,8,0x161b7c40
16087,34961,8,0x16253980
16088,33947,8,0x162ef6c0
16089,36173,8,0x1638b400
16090,35714,8,0x16427140
16091,36930,8,0x164c2e80
16092,35114,8,0x1655ebc0
16093,36078,8,0x165fa900
16094,35868,8,0x16696640
16095,34340,8,0x16732380
16096,35570,8,0x167ce0c0
16097,35333,8,0x16869e00
16098,34679,8,0x16905b40
16099,34146,8,0x169a1880
16100,35476,8,0x16a3d5c0
16101,35799,8,0x16ad9300
16102,35342,8,0x16b75040
16103,34550,8,0x16c10d80
16104,35328,8,0x16cacac0
16105,35365,8,0x16d48800
16106,36958,8,0x16de4540
16107,35346,8,0x16e80280
16108,36583,8,0x16f1bfc0
16109,35238,8,0x16fb7d00
16110,35733,8,0x17053a40
16111,34026,8,0x170ef780
16112,33855,8,0x1718b4c0
16113,35747,8,0x17227200
16114,34818,8,0x172c2f40
16115,34810,8,0x1735ec80
16116,34862,8,0x173fa9c0
16117,35458,8,0x17496700
16118,36076,8,0x17532440
16119,34607,8,0x175ce180
16120,37103,8,0x17669ec0
16121,35476,8,0x17705c00
16122,34958,8,0x177a1940
16123,35406,8,0x1783d680
16124,35532,8,0x178d93c0
16125,35503,8,0x17975100
16126,36354,8,0x17a10e40
16127,34842,8,0x17aacb80
16128,34036,8,0x17b488c0
16129,35448,8,0x17be4600
16130,34631,8,0x17c80340
16131,34819,8,0x17d1c080
16132,34760,8,0x17db7dc0
16133,34610,8,0x17e53b00
16134,35780,8,0x17eef840
16135,36136,8,0x17f8b580
16136,34091,8,0x180272c0
16137,34920,8,0x180c3000
16138,36127,8,0x1815ed40
16139,34555,8,0x181faa80
16140,34882,8,0x182967c0
16141,35500,8,0x18332500
16142,37529,8,0x183ce240
16143,38396,8,0x18469f80
16144,35140,8,0x18505cc0
16145,39447,8,0x185a1a00
16146,37175,8,0x1863d740
16147,34268,8,0x186d9480
16148,34653,8,0x187751c0
16149,35825,8,0x18810f00
16150,37659,8,0x188acc40
16151,35290,8,0x18948980
16152,34618,8,0x189e46c0
16153,35488,8,0x18a80400
16154,34877,8,0x18b1c140
16155,36106,8,0x18bb7e80
16156,33932,8,0x18c53bc0
16157,35245,8,0x18cef900
16158,36004,8,0x18d8b640
16159,35214,8,0x18e27380
16160,34774,8,0x18ec30c0
16161,35273,8,0x18f5ee00
16162,35211,8,0x18ffab40
16163,34779,8,0x19096880
16164,34272,8,0x191325c0
16165,37431,8,0x191ce300
16166,35739,8,0x1926a040
16167,33927,8,0x19305d80
16168,33742,8,0x193a1ac0
16169,35314,8,0x1943d800
16170,36025,8,0x194d9540
16171,34209,8,0x19575280
16172,36520,8,0x19610fc0
16173,35521,8,0x196acd00
16174,37325,8,0x19748a40
16175,34655,8,0x197e4780
16176,36035,8,0x198804c0
16177,35201,8,0x1991c200
16178,34421,8,0x199b7f40
16179,36032,8,0x19a53c80
16180,35344,8,0x19aef9c0
16181,35590,8,0x19b8b700
16182,36524,8,0x19c27440
16183,33780,8,0x19cc3180
16184,35770,8,0x19d5eec0
16185,34951,8,0x19dfac00
16186,34282,8,0x19e96940
16187,33545,8,0x19f32680
16188,36642,8,0x19fce3c0
16189,35255,8,0x1a06a100
16190,35824,8,0x1a105e40
16191,34146,8,0x1a1a1b80
16192,37017,8,0x1a23d8c0
16193,35276,8,0x1a2d9600
16194,36919,8,0x1a375340
16195,34410,8,0x1a411080
16196,35353,8,0x1a4acdc0
16197,35536,8,0x1a548b00
16198,36748,8,0x1a5e4840
16199,34130,8,0x1a680580
16200,35396,8,0x1a71c2c0
16201,34657,8,0x1a7b8000
16202,33823,8,0x1a853d40
16203,34362,8,0x1a8efa80
16204,35721,8,0x1a98b7c0
16205,39109,8,0x1aa27500
16206,37362,8,0x1aac3240
16207,34372,8,0x1ab5ef80
16208,36161,8,0x1abfacc0
16209,36541,8,0x1ac96a00
16210,33907,8,0x1ad32740
16211,35687,8,0x1adce480
16212,35361,8,0x1ae6a1c0
16213,34625,8,0x1af05f00
16214,36230,8,0x1afa1c40
16215,34298,8,0x1b03d980
16216,35888,8,0x1b0d96c0
16217,34521,8,0x1b175400
16218,35753,8,0x1b211140
16219,34284,8,0x1b2ace80
16220,35412,8,0x1b348bc0
16221,34471,8,0x1b3e4900
16222,35956,8,0x1b480640
16223,35179,8,0x1b51c380
16224,36665,8,0x1b5b80c0
16225,33921,8,0x1b653e00
16226,34188,8,0x1b6efb40
16227,34210,8,0x1b78b880
16228,36116,8,0x1b8275c0
16229,34470,8,0x1b8c3300
16230,35939,8,0x1b95f040
16231,34915,8,0x1b9fad80
16232,37002,8,0x1ba96ac0
16233,35205,8,0x1bb32800
16234,35770,8,0x1bbce540
16235,34162,8,0x1bc6a280
16236,38436,8,0x1bd05fc0
16237,34992,8,0x1bda1d00
16238,37124,8,0x1be3da40
16239,34495,8,0x1bed9780
16240,35539,8,0x1bf754c0
16241,34814,8,0x1c011200
16242,36278,8,0x1c0acf40
16243,34310,8,0x1c148c80
16244,35371,8,0x1c1e49c0
16245,35259,8,0x1c280700
16246,36244,8,0x1c31c440
16247,35558,8,0x1c3b8180
16248,35299,8,0x1c453ec0
16249,34778,8,0x1c4efc00
16250,33661,8,0x1c58b940
16251,34647,8,0x1c627680
16252,35224,8,0x1c6c33c0
16253,37090,8,0x1c75f100
16254,41666,8,0x1c7fae40
16255,35875,8,0x1c896b80
16256,35288,8,0x1c9328c0
16257,34728,8,0x1c9ce600
16258,36101,8,0x1ca6a340
16259,34538,8,0x1cb06080
16260,34973,8,0x1cba1dc0
16261,35643,8,0x1cc3db00
16262,35143,8,0x1ccd9840
16263,33749,8,0x1cd75580
16264,37121,8,0x1ce112c0
16265,34791,8,0x1cead000
16266,35377,8,0x1cf48d40
16267,38250,8,0x1cfe4a80
16268,37360,8,0x1d0807c0
16269,36298,8,0x1d11c500
16270,35478,8,0x1d1b8240
16271,33786,8,0x1d253f80
16272,36650,8,0x1d2efcc0
16273,35007,8,0x1d38ba00
16274,36315,8,0x1d427740
16275,34222,8,0x1d4c3480
16276,35071,8,0x1d55f1c0
16277,35149,8,0x1d5faf00
16278,35697,8,0x1d696c40
16279,34454,8,0x1d732980
16280,35801,8,0x1d7ce6c0
16281,34940,8,0x1d86a400
16282,35684,8,0x1d906140
16283,36428,8,0x1d9a1e80
16284,35278,8,0x1da3dbc0
16285,35114,8,0x1dad9900
16286,35163,8,0x1db75640
16287,34217,8,0x1dc11380
16288,36064,8,0x1dcad0c0
16289,36173,8,0x1dd48e00
16290,35148,8,0x1dde4b40
16291,34512,8,0x1de80880
16292,35508,8,0x1df1c5c0
16293,36195,8,0x1dfb8300
16294,35130,8,0x1e054040
16295,35027,8,0x1e0efd80
16296,36135,8,0x1e18bac0
16297,35529,8,0x1e227800
16298,37373,8,0x1e2c3540
16299,34971,8,0x1e35f280
16300,37862,8,0x1e3fafc0
16301,35813,8,0x1e496d00
16302,36084,8,0x1e532a40
16303,34607,8,0x1e5ce780
16304,35644,8,0x1e66a4c0
16305,35863,8,0x1e706200
16306,35110,8,0x1e7a1f40
16307,34883,8,0x1e83dc80
16308,36002,8,0x1e8d99c0
16309,34892,8,0x1e975700
16310,34697,8,0x1ea11440
16311,34959,8,0x1eaad180
16312,37550,8,0x1eb48ec0
16313,35186,8,0x1ebe4c00
16314,35781,8,0x1ec80940
16315,34707,8,0x1ed1c680
16316,36624,8,0x1edb83c0
16317,34715,8,0x1ee54100
16318,35319,8,0x1eeefe40
16319,34667,8,0x1ef8bb80
16320,35013,8,0x1f0278c0
16321,34988,8,0x1f0c3600
16322,35926,8,0x1f15f340
16323,35613,8,0x1f1fb080
16324,35048,8,0x1f296dc0
16325,35177,8,0x1f332b00
16326,35354,8,0x1f3ce840
16327,36308,8,0x1f46a580
16328,35460,8,0x1f5062c0
16329,38458,8,0x1f5a2000
16330,35533,8,0x1f63dd40
16331,34574,8,0x1f6d9a80
16332,35371,8,0x1f7757c0
16333,35120,8,0x1f811500
16334,36429,8,0x1f8ad240
16335,35426,8,0x1f948f80
16336,35249,8,0x1f9e4cc0
16337,36336,8,0x1fa80a00
16338,36481,8,0x1fb1c740
16339,35862,8,0x1fbb8480
16340,34613,8,0x1fc541c0
16341,34548,8,0x1fceff00
16342,36055,8,0x1fd8bc40
16343,35427,8,0x1fe27980
16344,35934,8,0x1fec36c0
16345,35794,8,0x1ff5f400
16346,35797,8,0x1fffb140
16347,53541,8,0x20096e80
16348,35124,8,0x20132bc0
16349,36768,8,0x201ce900
16350,36434,8,0x2026a640
16351,36365,8,0x20306380
16352,35753,8,0x203a20c0
16353,37305,8,0x2043de00
16354,36139,8,0x204d9b40
16355,36686,8,0x20575880
16356,35676,8,0x206115c0
16357,36683,8,0x206ad300
16358,35561,8,0x20749040
16359,36787,8,0x207e4d80
16360,36864,8,0x20880ac0
16361,35627,8,0x2091c800
16362,54204,8,0x209b8540
16363,36667,8,0x20a54280
16364,37777,8,0x20aeffc0
16365,34332,8,0x20b8bd00
16366,35610,8,0x20c27a40
16367,35227,8,0x20cc3780
16368,35522,8,0x20d5f4c0
16369,35569,8,0x20dfb200
16370,34656,8,0x20e96f40
16371,36659,8,0x20f32c80
16372,36201,8,0x20fce9c0
16373,34415,8,0x2106a700
16374,35711,8,0x21106440
16375,35517,8,0x211a2180
16376,35840,8,0x2123dec0
16377,35418,8,0x212d9c00
16378,35694,8,0x21375940
16379,35795,8,0x21411680
16380,35451,8,0x214ad3c0
16381,34827,8,0x21549100
16382,34243,8,0x215e4e40
16383,35966,8,0x21680b80
16384,35773,8,0x2171c8c0
16385,35583,8,0x217b8600
16386,36583,8,0x21854340
16387,35601,8,0x218f0080
16388,35035,8,0x2198bdc0
16389,34958,8,0x21a27b00
16390,34655,8,0x21ac3840
16391,40737,8,0x21b5f580
16392,36328,8,0x21bfb2c0
16393,35030,8,0x21c97000
16394,34581,8,0x21d32d40
16395,35390,8,0x21dcea80
16396,36809,8,0x21e6a7c0
16397,33845,8,0x21f06500
16398,36332,8,0x21fa2240
16399,36500,8,0x2203df80
16400,36611,8,0x220d9cc0
16401,36941,8,0x22175a00
16402,35564,8,0x22211740
16403,35720,8,0x222ad480
16404,35308,8,0x223491c0
16405,35067,8,0x223e4f00
16406,35766,8,0x22480c40
16407,37012,8,0x2251c980
16408,35654,8,0x225b86c0
16409,35761,8,0x22654400
16410,35555,8,0x226f0140
16411,36094,8,0x2278be80
16412,35087,8,0x22827bc0
16413,34729,8,0x228c3900
16414,35487,8,0x2295f640
16415,35372,8,0x229fb380
16416,36806,8,0x22a970c0
16417,34906,8,0x22b32e00
16418,36604,8,0x22bceb40
16419,35388,8,0x22c6a880
16420,36076,8,0x22d065c0
16421,34223,8,0x22da2300
16422,35337,8,0x22e3e040
16423,36226,8,0x22ed9d80
16424,34698,8,0x22f75ac0
16425,34733,8,0x23011800
16426,35104,8,0x230ad540
16427,35849,8,0x23149280
16428,38407,8,0x231e4fc0
16429,34515,8,0x23280d00
16430,37367,8,0x2331ca40
16431,34635,8,0x233b8780
16432,34298,8,0x234544c0
16433,34561,8,0x234f0200
16434,35150,8,0x2358bf40
16435,35454,8,0x23627c80
16436,35521,8,0x236c39c0
16437,35542,8,0x2375f700
16438,36049,8,0x237fb440
16439,35529,8,0x23897180
16440,35218,8,0x23932ec0
16441,35416,8,0x239cec00
16442,35648,8,0x23a6a940
16443,35050,8,0x23b06680
16444,35561,8,0x23ba23c0
16445,36257,8,0x23c3e100
16446,35797,8,0x23cd9e40
16447,34989,8,0x23d75b80
16448,34760,8,0x23e118c0
16449,35695,8,0x23ead600
16450,34801,8,0x23f49340
16451,35141,8,0x23fe5080
16452,35885,8,0x24080dc0
16453,39358,8,0x2411cb00
16454,35583,8,0x241b8840
16455,35502,8,0x24254580
16456,35820,8,0x242f02c0
16457,35563,8,0x2438c000
16458,35177,8,0x24427d40
16459,34944,8,0x244c3a80
16460,37063,8,0x2455f7c0
16461,35020,8,0x245fb500
16462,35936,8,0x24697240
16463,35921,8,0x24732f80
16464,35310,8,0x247cecc0
16465,34954,8,0x2486aa00
16466,37185,8,0x24906740
16467,35611,8,0x249a2480
16468,35281,8,0x24a3e1c0
16469,34417,8,0x24ad9f00
16470,35163,8,0x24b75c40
16471,40199,8,0x24c11980
16472,36692,8,0x24cad6c0
16473,36826,8,0x24d49400
16474,35490,8,0x24de5140
16475,35809,8,0x24e80e80
16476,34469,8,0x24f1cbc0
16477,34143,8,0x24fb8900
16478,36383,8,0x25054640
16479,35894,8,0x250f0380
16480,35312,8,0x2518c0c0
16481,35165,8,0x25227e00
16482,35744,8,0x252c3b40
16483,35530,8,0x2535f880
16484,35802,8,0x253fb5c0
16485,34223,8,0x25497300
16486,35810,8,0x25533040
16487,36514,8,0x255ced80
16488,35268,8,0x2566aac0
16489,35003,8,0x25706800
16490,36570,8,0x257a2540
16491,34900,8,0x2583e280
16492,36855,8,0x258d9fc0
16493,34535,8,0x25975d00
16494,36974,8,0x25a11a40
16495,36272,8,0x25aad780
16496,35270,8,0x25b494c0
16497,35453,8,0x25be5200
16498,35319,8,0x25c80f40
16499,35680,8,0x25d1cc80
16500,35442,8,0x25db89c0
16501,37196,8,0x25e54700
16502,35666,8,0x25ef0440
16503,34094,8,0x25f8c180
16504,35987,8,0x26027ec0
16505,36194,8,0x260c3c00
16506,36300,8,0x2615f940
16507,36220,8,0x261fb680
16508,34771,8,0x262973c0
16509,35912,8,0x26333100
16510,36068,8,0x263cee40
16511,34571,8,0x2646ab80
16512,298856,8,0x265068c0
16513,46478,8,0x265a2600
16514,35814,8,0x2663e340
16515,39381,8,0x266da080
16516,34958,8,0x26775dc0
16517,34454,8,0x26811b00
16518,35488,8,0x268ad840
16519,37800,8,0x26949580
16520,35506,8,0x269e52c0
16521,35451,8,0x26a81000
16522,34519,8,0x26b1cd40
16523,35882,8,0x26bb8a80
16524,35300,8,0x26c547c0
16525,34348,8,0x26cf0500
16526,35849,8,0x26d8c240
16527,35975,8,0x26e27f80
16528,35455,8,0x26ec3cc0
16529,35524,8,0x26f5fa00
16530,36078,8,0x26ffb740
16531,36471,8,0x27097480
16532,35171,8,0x271331c0
16533,34697,8,0x271cef00
16534,36403,8,0x2726ac40
16535,34945,8,0x27306980
16536,35689,8,0x273a26c0
16537,35773,8,0x2743e400
16538,35757,8,0x274da140
16539,35398,8,0x27575e80
16540,39193,8,0x27611bc0
16541,185391,8,0x276ad900
16542,69413,8,0x27749640
16543,56841,8,0x277e5380
16544,55692,8,0x278810c0
16545,53836,8,0x2791ce00
16546,65561,8,0x279b8b40
16547,57392,8,0x27a54880
16548,49519,8,0x27af05c0
16549,47419,8,0x27b8c300
16550,49233,8,0x27c28040
16551,48189,8,0x27cc3d80
16552,48128,8,0x27d5fac0
16553,48374,8,0x27dfb800
16554,48725,8,0x27e97540
16555,47667,8,0x27f33280
16556,52952,8,0x27fcefc0
16557,47873,8,0x2806ad00
16558,50423,8,0x28106a40
16559,47355,8,0x281a2780
16560,67190,8,0x2823e4c0
16561,49694,8,0x282da200
16562,47493,8,0x28375f40
16563,47015,8,0x28411c80
16564,47843,8,0x284ad9c0
16565,48109,8,0x28549700
16566,49665,8,0x285e5440
16567,47685,8,0x28681180
16568,48480,8,0x2871cec0
16569,48416,8,0x287b8c00
16570,47877,8,0x28854940
16571,67309,8,0x288f0680
16572,48465,8,0x2898c3c0
16573,48231,8,0x28a28100
16574,51662,8,0x28ac3e40
16575,51567,8,0x28b5fb80
16576,49499,8,0x28bfb8c0
16577,48935,8,0x28c97600
16578,54923,8,0x28d33340
16579,49997,8,0x28dcf080
16580,49805,8,0x28e6adc0
16581,47138,8,0x28f06b00
16582,50353,8,0x28fa2840
16583,50129,8,0x2903e580
16584,50067,8,0x290da2c0
16585,47846,8,0x29176000
16586,48787,8,0x29211d40
16587,49213,8,0x292ada80
16588,48778,8,0x293497c0
16589,48434,8,0x293e5500
16590,54699,8,0x29481240
16591,48402,8,0x2951cf80
16592,49243,8,0x295b8cc0
16593,48608,8,0x29654a00
16594,49708,8,0x296f0740
16595,49711,8,0x2978c480
16596,49115,8,0x298281c0
16597,47847,8,0x298c3f00
16598,50340,8,0x2995fc40
16599,48489,8,0x299fb980
16600,47809,8,0x29a976c0
16601,49161,8,0x29b33400
16602,49612,8,0x29bcf140
16603,49913,8,0x29c6ae80
16604,48639,8,0x29d06bc0
16605,50872,8,0x29da2900
16606,52238,8,0x29e3e640
16607,49404,8,0x29eda380
16608,49281,8,0x29f760c0
16609,47401,8,0x2a011e00
16610,97002,8,0x2a0adb40
16611,84754,8,0x2a149880
16612,71838,8,0x2a1e55c0
16613,52291,8,0x2a281300
16614,60511,8,0x2a31d040
16615,42822,8,0x2a3b8d80
16616,42107,8,0x2a454ac0
16617,42170,8,0x2a4f0800
16618,41010,8,0x2a58c540
16619,39824,8,0x2a628280
16620,44147,8,0x2a6c3fc0
16621,42698,8,0x2a75fd00
16622,41365,8,0x2a7fba40
16623,40383,8,0x2a897780
16624,41870,8,0x2a9334c0
16625,47594,8,0x2a9cf200
16626,42927,8,0x2aa6af40
16627,39791,8,0x2ab06c80
16628,39435,8,0x2aba29c0
16629,40843,8,0x2ac3e700
16630,41138,8,0x2acda440
16631,38259,8,0x2ad76180
16632,39294,8,0x2ae11ec0
16633,38900,8,0x2aeadc00
16634,40725,8,0x2af49940
16635,40815,8,0x2afe5680
16636,41492,8,0x2b0813c0
16637,39560,8,0x2b11d100
16638,41875,8,0x2b1b8e40
16639,39402,8,0x2b254b80
16640,48413,8,0x2b2f08c0
16641,43648,8,0x2b38c600
16642,41933,8,0x2b428340
16643,39088,8,0x2b4c4080
16644,38325,8,0x2b55fdc0
16645,41618,8,0x2b5fbb00
16646,41197,8,0x2b697840
16647,39309,8,0x2b733580
16648,42738,8,0x2b7cf2c0
16649,47146,8,0x2b86b000
16650,45602,8,0x2b906d40
16651,41089,8,0x2b9a2a80
16652,39837,8,0x2ba3e7c0
16653,40775,8,0x2bada500
16654,40778,8,0x2bb76240
16655,39376,8,0x2bc11f80
16656,39586,8,0x2bcadcc0
16657,40282,8,0x2bd49a00
16658,40728,8,0x2bde5740
16659,39579,8,0x2be81480
16660,38818,8,0x2bf1d1c0
16661,41983,8,0x2bfb8f00
16662,40889,8,0x2c054c40
16663,39757,8,0x2c0f0980
16664,40439,8,0x2c18c6c0
16665,42356,8,0x2c228400
16666,42711,8,0x2c2c4140
16667,39979,8,0x2c35fe80
16668,39092,8,0x2c3fbbc0
16669,40550,8,0x2c497900
16670,39832,8,0x2c533640
16671,42990,8,0x2c5cf380
16672,47113,8,0x2c66b0c0
16673,40339,8,0x2c706e00
16674,40152,8,0x2c7a2b40
16675,39197,8,0x2c83e880
16676,38809,8,0x2c8da5c0
16677,40537,8,0x2c976300
16678,40062,8,0x2ca12040
16679,39687,8,0x2caadd80
16680,39878,8,0x2cb49ac0
16681,41441,8,0x2cbe5800
16682,39488,8,0x2cc81540
16683,38777,8,0x2cd1d280
16684,42548,8,0x2cdb8fc0
16685,38845,8,0x2ce54d00
16686,40027,8,0x2cef0a40
16687,39711,8,0x2cf8c780
16688,40347,8,0x2d0284c0
16689,40338,8,0x2d0c4200
16690,39608,8,0x2d15ff40
16691,40037,8,0x2d1fbc80
16692,39677,8,0x2d2979c0
16693,39533,8,0x2d333700
16694,40425,8,0x2d3cf440
16695,43837,8,0x2d46b180
16696,46049,8,0x2d506ec0
16697,40214,8,0x2d5a2c00
16698,39962,8,0x2d63e940
16699,38995,8,0x2d6da680
16700,39355,8,0x2d7763c0
16701,40135,8,0x2d812100
16702,40362,8,0x2d8ade40
16703,41056,8,0x2d949b80
16704,40129,8,0x2d9e58c0
16705,39944,8,0x2da81600
16706,40173,8,0x2db1d340
16707,39545,8,0x2dbb9080
16708,39607,8,0x2dc54dc0
16709,39961,8,0x2dcf0b00
16710,42174,8,0x2dd8c840
16711,40302,8,0x2de28580
16712,43950,8,0x2dec42c0
16713,39460,8,0x2df60000
16714,40281,8,0x2dffbd40
16715,39251,8,0x2e097a80
16716,39314,8,0x2e1337c0
16717,41002,8,0x2e1cf500
16718,43106,8,0x2e26b240
16719,43530,8,0x2e306f80
16720,46320,8,0x2e3a2cc0
16721,40270,8,0x2e43ea00
16722,39576,8,0x2e4da740
16723,38600,8,0x2e576480
16724,38787,8,0x2e6121c0
16725,42004,8,0x2e6adf00
16726,40406,8,0x2e749c40
16727,40229,8,0x2e7e5980
16728,40274,8,0x2e8816c0
16729,40197,8,0x2e91d400
16730,40362,8,0x2e9b9140
16731,39563,8,0x2ea54e80
16732,39386,8,0x2eaf0bc0
16733,40982,8,0x2eb8c900
16734,40201,8,0x2ec28640
16735,48982,8,0x2ecc4380
16736,47645,8,0x2ed600c0
16737,41000,8,0x2edfbe00
16738,39775,8,0x2ee97b40
16739,38639,8,0x2ef33880
16740,42654,8,0x2efcf5c0
16741,40090,8,0x2f06b300
16742,40828,8,0x2f107040
16743,47090,8,0x2f1a2d80
16744,42920,8,0x2f23eac0
16745,40044,8,0x2f2da800
16746,39054,8,0x2f376540
16747,39168,8,0x2f412280
16748,45005,8,0x2f4adfc0
16749,40221,8,0x2f549d00
16750,40464,8,0x2f5e5a40
16751,39932,8,0x2f681780
16752,40536,8,0x2f71d4c0
16753,40170,8,0x2f7b9200
16754,41811,8,0x2f854f40
16755,38275,8,0x2f8f0c80
16756,40814,8,0x2f98c9c0
16757,39540,8,0x2fa28700
16758,41785,8,0x2fac4440
16759,39663,8,0x2fb60180
16760,40366,8,0x2fbfbec0
16761,39773,8,0x2fc97c00
16762,39270,8,0x2fd33940
16763,40702,8,0x2fdcf680
16764,40340,8,0x2fe6b3c0
16765,40299,8,0x2ff07100
16766,40495,8,0x2ffa2e40
16767,46102,8,0x3003eb80
16768,42752,8,0x300da8c0
16769,41730,8,0x30176600
16770,39260,8,0x30212340
16771,39086,8,0x302ae080
16772,40712,8,0x30349dc0
16773,40812,8,0x303e5b00
16774,44675,8,0x30481840
16775,40118,8,0x3051d580
16776,40679,8,0x305b92c0
16777,40073,8,0x30655000
16778,39116,8,0x306f0d40
16779,38920,8,0x3078ca80
16780,40229,8,0x308287c0
16781,39996,8,0x308c4500
16782,40994,8,0x30960240
16783,39620,8,0x309fbf80
16784,41933,8,0x30a97cc0
16785,38931,8,0x30b33a00
16786,41033,8,0x30bcf740
16787,39104,8,0x30c6b480
16788,40212,8,0x30d071c0
16789,40836,8,0x30da2f00
16790,40937,8,0x30e3ec40
16791,45486,8,0x30eda980
16792,41649,8,0x30f766c0
16793,39978,8,0x31012400
16794,40187,8,0x310ae140
16795,38965,8,0x31149e80
16796,59027,8,0x311e5bc0
16797,40458,8,0x31281900
16798,42773,8,0x3131d640
16799,42342,8,0x313b9380
16800,41251,8,0x314550c0
16801,40830,8,0x314f0e00
16802,42241,8,0x3158cb40
16803,39677,8,0x31628880
16804,42426,8,0x316c45c0
16805,41363,8,0x31760300
16806,41201,8,0x317fc040
16807,39033,8,0x31897d80
16808,40803,8,0x31933ac0
16809,42230,8,0x319cf800
16810,41255,8,0x31a6b540
16811,40894,8,0x31b07280
16812,44228,8,0x31ba2fc0
16813,42996,8,0x31c3ed00
16814,46777,8,0x31cdaa40
16815,42441,8,0x31d76780
16816,42038,8,0x31e124c0
16817,41907,8,0x31eae200
16818,40906,8,0x31f49f40
16819,40007,8,0x31fe5c80
16820,41193,8,0x320819c0
16821,40572,8,0x3211d700
16822,41625,8,0x321b9440
16823,40864,8,0x32255180
16824,41666,8,0x322f0ec0
16825,41571,8,0x3238cc00
16826,39530,8,0x32428940
16827,40030,8,0x324c4680
16828,44870,8,0x325603c0
16829,54639,8,0x325fc100
16830,52326,8,0x32697e40
16831,50199,8,0x32733b80
16832,41968,8,0x327cf8c0
16833,41186,8,0x3286b600
16834,40917,8,0x32907340
16835,40843,8,0x329a3080
16836,59089,8,0x32a3edc0
16837,48668,8,0x32adab00
16838,41273,8,0x32b76840
16839,39851,8,0x32c12580
16840,40610,8,0x32cae2c0
16841,49347,8,0x32d4a000
16842,41504,8,0x32de5d40
16843,44101,8,0x32e81a80
16844,43261,8,0x32f1d7c0
16845,42050,8,0x32fb9500
16846,43121,8,0x33055240
16847,42076,8,0x330f0f80
16848,41923,8,0x3318ccc0
16849,42046,8,0x33228a00
16850,42082,8,0x332c4740
16851,41923,8,0x33360480
16852,40940,8,0x333fc1c0
16853,42644,8,0x33497f00
16854,42770,8,0x33533c40
16855,41361,8,0x335cf980
16856,41204,8,0x3366b6c0
16857,41639,8,0x33707400
16858,45180,8,0x337a3140
16859,48556,8,0x3383ee80
16860,41785,8,0x338dabc0
16861,41079,8,0x33976900
16862,43218,8,0x33a12640
16863,42634,8,0x33aae380
16864,41667,8,0x33b4a0c0
16865,42953,8,0x33be5e00
16866,43249,8,0x33c81b40
16867,42267,8,0x33d1d880
16868,42332,8,0x33db95c0
16869,41646,8,0x33e55300
16870,42756,8,0x33ef1040
16871,42409,8,0x33f8cd80
16872,42090,8,0x34028ac0
16873,44136,8,0x340c4800
16874,42258,8,0x34160540
16875,42155,8,0x341fc280
16876,44485,8,0x34297fc0
16877,42960,8,0x34333d00
16878,42935,8,0x343cfa40
16879,40775,8,0x3446b780
16880,41788,8,0x345074c0
16881,45750,8,0x345a3200
16882,46650,8,0x3463ef40
16883,41950,8,0x346dac80
16884,41617,8,0x347769c0
16885,42106,8,0x34812700
16886,42603,8,0x348ae440
16887,43409,8,0x3494a180
16888,42685,8,0x349e5ec0
16889,42156,8,0x34a81c00
16890,43352,8,0x34b1d940
16891,42316,8,0x34bb9680
16892,41297,8,0x34c553c0
16893,42333,8,0x34cf1100
16894,43894,8,0x34d8ce40
16895,41217,8,0x34e28b80
16896,42237,8,0x34ec48c0
16897,42338,8,0x34f60600
16898,48177,8,0x34ffc340
16899,42386,8,0x35098080
16900,41311,8,0x35133dc0
16901,42762,8,0x351cfb00
16902,44316,8,0x3526b840
16903,41367,8,0x35307580
16904,50142,8,0x353a32c0
16905,44724,8,0x3543f000
16906,42242,8,0x354dad40
16907,42011,8,0x35576a80
16908,41544,8,0x356127c0
16909,42318,8,0x356ae500
16910,42207,8,0x3574a240
16911,40772,8,0x357e5f80
16912,52846,8,0x35881cc0
16913,43391,8,0x3591da00
16914,43413,8,0x359b9740
16915,41367,8,0x35a55480
16916,41054,8,0x35af11c0
16917,44468,8,0x35b8cf00
16918,42963,8,0x35c28c40
16919,56829,8,0x35cc4980
16920,46148,8,0x35d606c0
16921,42439,8,0x35dfc400
16922,42299,8,0x35e98140
16923,40712,8,0x35f33e80
16924,41646,8,0x35fcfbc0
16925,41989,8,0x3606b900
16926,47604,8,0x36107640
16927,44999,8,0x361a3380
16928,42527,8,0x3623f0c0
16929,41788,8,0x362dae00
16930,42590,8,0x36376b40
16931,42022,8,0x36412880
16932,42965,8,0x364ae5c0
16933,41728,8,0x3654a300
16934,41656,8,0x365e6040
16935,41240,8,0x36681d80
16936,42430,8,0x3671dac0
16937,41692,8,0x367b9800
16938,41568,8,0x36855540
16939,41251,8,0x368f1280
16940,45507,8,0x3698cfc0
16941,42127,8,0x36a28d00
16942,41895,8,0x36ac4a40
16943,42125,8,0x36b60780
16944,41481,8,0x36bfc4c0
16945,40385,8,0x36c98200
16946,44357,8,0x36d33f40
16947,42226,8,0x36dcfc80
16948,41896,8,0x36e6b9c0
16949,46420,8,0x36f07700
16950,45128,8,0x36fa3440
16951,43317,8,0x3703f180
16952,42424,8,0x370daec0
16953,40785,8,0x37176c00
16954,41651,8,0x37212940
16955,41721,8,0x372ae680
16956,42576,8,0x3734a3c0
16957,41215,8,0x373e6100
16958,42510,8,0x37481e40
16959,42361,8,0x3751db80
16960,45773,8,0x375b98c0
16961,41943,8,0x37655600
16962,41810,8,0x376f1340
16963,42147,8,0x3778d080
16964,43511,8,0x37828dc0
16965,42266,8,0x378c4b00
16966,41154,8,0x37960840
16967,43628,8,0x379fc580
16968,41611,8,0x37a982c0
16969,39813,8,0x37b34000
16970,41997,8,0x37bcfd40
16971,42319,8,0x37c6ba80
16972,46086,8,0x37d077c0
16973,45624,8,0x37da3500
16974,43520,8,0x37e3f240
16975,42236,8,0x37edaf80
16976,44630,8,0x37f76cc0
16977,41324,8,0x38012a00
16978,41941,8,0x380ae740
16979,41920,8,0x3814a480
16980,41941,8,0x381e61c0
16981,42559,8,0x38281f00
16982,41236,8,0x3831dc40
16983,41936,8,0x383b9980
16984,41916,8,0x384556c0
16985,40833,8,0x384f1400
16986,41861,8,0x3858d140
16987,42175,8,0x38628e80
16988,41479,8,0x386c4bc0
16989,40872,8,0x38760900
16990,44685,8,0x387fc640
16991,44724,8,0x38898380
16992,41701,8,0x389340c0
16993,43467,8,0x389cfe00
16994,42245,8,0x38a6bb40
16995,50424,8,0x38b07880
16996,42029,8,0x38ba35c0
16997,42256,8,0x38c3f300
16998,42330,8,0x38cdb040
16999,42860,8,0x38d76d80
17000,42544,8,0x38e12ac0
17001,42400,8,0x38eae800
17002,42598,8,0x38f4a540
17003,41286,8,0x38fe6280
17004,44375,8,0x39081fc0
17005,43480,8,0x3911dd00
17006,43140,8,0x391b9a40
17007,42911,8,0x39255780
17008,41538,8,0x392f14c0
17009,42736,8,0x3938d200
17010,56475,8,0x39428f40
17011,42554,8,0x394c4c80
17012,41362,8,0x395609c0
17013,41958,8,0x395fc700
17014,41164,8,0x39698440
17015,42461,8,0x39734180
17016,42537,8,0x397cfec0
17017,48181,8,0x3986bc00
17018,45055,8,0x39907940
17019,42156,8,0x399a3680
17020,44725,8,0x39a3f3c0
17021,41595,8,0x39adb100
17022,47077,8,0x39b76e40
17023,43305,8,0x39c12b80
17024,43083,8,0x39cae8c0
17025,41458,8,0x39d4a600
17026,43291,8,0x39de6340
17027,42283,8,0x39e82080
17028,42240,8,0x39f1ddc0
17029,41547,8,0x39fb9b00
17030,42846,8,0x3a055840
17031,41853,8,0x3a0f1580
17032,41654,8,0x3a18d2c0
17033,41607,8,0x3a229000
17034,43422,8,0x3a2c4d40
17035,63499,8,0x3a360a80
17036,44784,8,0x3a3fc7c0
17037,42160,8,0x3a498500
17038,45183,8,0x3a534240
17039,49881,8,0x3a5cff80
17040,45831,8,0x3a66bcc0
17041,42773,8,0x3a707a00
17042,43932,8,0x3a7a3740
17043,44397,8,0x3a83f480
17044,43791,8,0x3a8db1c0
17045,42572,8,0x3a976f00
17046,43614,8,0x3aa12c40
17047,44136,8,0x3aaae980
17048,43368,8,0x3ab4a6c0
17049,42346,8,0x3abe6400
17050,45429,8,0x3ac82140
17051,44171,8,0x3ad1de80
17052,42765,8,0x3adb9bc0
17053,43449,8,0x3ae55900
17054,45259,8,0x3aef1640
17055,44353,8,0x3af8d380
17056,43522,8,0x3b0290c0
17057,42351,8,0x3b0c4e00
17058,44422,8,0x3b160b40
17059,43623,8,0x3b1fc880
17060,43348,8,0x3b2985c0
17061,44114,8,0x3b334300
17062,50107,8,0x3b3d0040
17063,44742,8,0x3b46bd80
17064,43148,8,0x3b507ac0
17065,44731,8,0x3b5a3800
17066,50742,8,0x3b63f540
17067,40945,8,0x3b6db280
17068,45195,8,0x3b776fc0
17069,40880,8,0x3b812d00
17070,43158,8,0x3b8aea40
17071,41568,8,0x3b94a780
17072,41728,8,0x3b9e64c0
17073,40852,8,0x3ba82200
17074,41753,8,0x3bb1df40
17075,41958,8,0x3bbb9c80
17076,41482,8,0x3bc559c0
17077,40490,8,0x3bcf1700
17078,43524,8,0x3bd8d440
17079,43430,8,0x3be29180
17080,41427,8,0x3bec4ec0
17081,40767,8,0x3bf60c00
17082,43050,8,0x3bffc940
17083,41211,8,0x3c098680
17084,54040,8,0x3c1343c0
17085,44311,8,0x3c1d0100
17086,43766,8,0x3c26be40
17087,42562,8,0x3c307b80
17088,40839,8,0x3c3a38c0
17089,41131,8,0x3c43f600
17090,43279,8,0x3c4db340
17091,41142,8,0x3c577080
17092,42545,8,0x3c612dc0
17093,41183,8,0x3c6aeb00
17094,44294,8,0x3c74a840
17095,41263,8,0x3c7e6580
17096,40936,8,0x3c8822c0
17097,40824,8,0x3c91e000
17098,41905,8,0x3c9b9d40
17099,52845,8,0x3ca55a80
17100,45366,8,0x3caf17c0
17101,42443,8,0x3cb8d500
17102,45290,8,0x3cc29240
17103,40111,8,0x3ccc4f80
17104,40184,8,0x3cd60cc0
17105,42173,8,0x3cdfca00
17106,42181,8,0x3ce98740
17107,49930,8,0x3cf34480
17108,41443,8,0x3cfd01c0
17109,44211,8,0x3d06bf00
17110,42654,8,0x3d107c40
17111,41378,8,0x3d1a3980
17112,43550,8,0x3d23f6c0
17113,41837,8,0x3d2db400
17114,41323,8,0x3d377140
17115,41743,8,0x3d412e80
17116,41026,8,0x3d4aebc0
17117,40968,8,0x3d54a900
17118,43906,8,0x3d5e6640
17119,40810,8,0x3d682380
17120,41317,8,0x3d71e0c0
17121,42004,8,0x3d7b9e00
17122,41330,8,0x3d855b40
17123,40584,8,0x3d8f1880
17124,42286,8,0x3d98d5c0
17125,41338,8,0x3da29300
17126,42292,8,0x3dac5040
17127,40342,8,0x3db60d80
17128,41295,8,0x3dbfcac0
17129,41295,8,0x3dc98800
17130,50972,8,0x3dd34540
17131,43063,8,0x3ddd0280
17132,43096,8,0x3de6bfc0
17133,42446,8,0x3df07d00
17134,43450,8,0x3dfa3a40
17135,41624,8,0x3e03f780
17136,40842,8,0x3e0db4c0
17137,40565,8,0x3e177200
17138,43862,8,0x3e212f40
17139,41453,8,0x3e2aec80
17140,40947,8,0x3e34a9c0
17141,42147,8,0x3e3e6700
17142,42194,8,0x3e482440
17143,41330,8,0x3e51e180
17144,40691,8,0x3e5b9ec0
17145,40842,8,0x3e655c00
17146,45592,8,0x3e6f1940
17147,42430,8,0x3e78d680
17148,40697,8,0x3e8293c0
17149,43171,8,0x3e8c5100
17150,42653,8,0x3e960e40
17151,41329,8,0x3e9fcb80
17152,40530,8,0x3ea988c0
17153,53384,8,0x3eb34600
17154,44796,8,0x3ebd0340
17155,40925,8,0x3ec6c080
17156,41325,8,0x3ed07dc0
17157,43060,8,0x3eda3b00
17158,42421,8,0x3ee3f840
17159,40633,8,0x3eedb580
17160,40795,8,0x3ef772c0
17161,41044,8,0x3f013000
17162,40692,8,0x3f0aed40
17163,40378,8,0x3f14aa80
17164,41465,8,0x3f1e67c0
17165,41294,8,0x3f282500
17166,42172,8,0x3f31e240
17167,41758,8,0x3f3b9f80
17168,44103,8,0x3f455cc0
17169,40462,8,0x3f4f1a00
17170,41610,8,0x3f58d740
17171,41234,8,0x3f629480
17172,41376,8,0x3f6c51c0
17173,41450,8,0x3f760f00
17174,43554,8,0x3f7fcc40
17175,41089,8,0x3f898980
17176,50211,8,0x3f9346c0
17177,41741,8,0x3f9d0400
17178,42288,8,0x3fa6c140
17179,40740,8,0x3fb07e80
17180,42076,8,0x3fba3bc0
17181,41817,8,0x3fc3f900
17182,41917,8,0x3fcdb640
17183,43057,8,0x3fd77380
17184,42968,8,0x3fe130c0
17185,41358,8,0x3feaee00
17186,41471,8,0x3ff4ab40
17187,41349,8,0x3ffe6880
17188,47750,8,0x82600
17189,39879,8,0x11e340
17190,40125,8,0x1ba080
17191,48248,8,0x255dc0
17192,41344,8,0x2f1b00
17193,39200,8,0x38d840
17194,38617,8,0x429580
17195,38027,8,0x4c52c0
17196,38972,8,0x561000
17197,38594,8,0x5fcd40
17198,39048,8,0x698a80
17199,43832,8,0x7347c0
17200,42055,8,0x7d0500
17201,39946,8,0x86c240
17202,39142,8,0x907f80
17203,37840,8,0x9a3cc0
17204,41112,8,0xa3fa00
17205,46906,58,0xadb740
17206,45240,58,0xb77480
17207,45228,58,0xc131c0
17208,44948,58,0xcaef00
17209,44963,58,0xd4ac40
17210,44181,58,0xde6980
17211,46005,58,0xe826c0
17212,45557,58,0xf1e400
17213,44114,58,0xfba140
17214,47331,58,0x1055e80
17215,45110,58,0x10f1bc0
17216,45087,58,0x118d900
17217,44610,58,0x1229640
17218,42900,58,0x12c5380
17219,43491,58,0x13610c0
17220,45013,58,0x13fce00
17221,44669,8,0x1498b40
17222,45476,8,0x1534880
17223,38561,8,0x15d05c0
17224,40455,8,0x166c300
17225,39374,8,0x1708040
17226,39377,8,0x17a3d80
17227,38851,8,0x183fac0
17228,39905,8,0x18db800
17229,39328,8,0x1977540
17230,39011,8,0x1a13280
17231,38538,8,0x1aaefc0
17232,46211,58,0x1b4ad00
17233,44541,58,0x1be6a40
17234,46566,58,0x1c82780
17235,44646,58,0x1d1e4c0
17236,42759,58,0x1dba200
17237,45250,58,0x1e55f40
17238,42888,58,0x1ef1c80
17239,43980,58,0x1f8d9c0
17240,44152,58,0x2029700
17241,42760,58,0x20c5440
17242,44683,58,0x2161180
17243,43185,58,0x21fcec0
17244,45333,58,0x2298c00
17245,48530,58,0x2334940
17246,45569,58,0x23d0680
17247,43374,58,0x246c3c0
17248,40115,8,0x2508100
17249,48924,8,0x25a3e40
17250,43603,8,0x263fb80
17251,40715,8,0x26db8c0
17252,41298,8,0x2777600
17253,42075,8,0x2813340
17254,40759,8,0x28af080
17255,41166,8,0x294adc0
17256,42760,8,0x29e6b00
17257,42386,8,0x2a82840
17258,42060,8,0x2b1e580
17259,42947,8,0x2bba2c0
17260,41922,8,0x2c56000
17261,41543,8,0x2cf1d40
17262,40574,8,0x2d8da80
17263,41614,8,0x2e297c0
17264,42394,8,0x2ec5500
17265,41555,8,0x2f61240
17266,42892,8,0x2ffcf80
17267,43619,8,0x3098cc0
17268,45960,8,0x3134a00
17269,41368,8,0x31d0740
17270,43962,8,0x326c480
17271,41781,8,0x33081c0
17272,41252,8,0x33a3f00
17273,42167,8,0x343fc40
17274,44804,8,0x34db980
17275,42053,8,0x35776c0
17276,41619,8,0x3613400
17277,42132,8,0x36af140
17278,41445,8,0x374ae80
17279,42133,8,0x37e6bc0
17280,42356,8,0x3882900
17281,44188,8,0x391e640
17282,43023,8,0x39ba380
17283,50100,8,0x3a560c0
17284,42843,8,0x3af1e00
17285,44592,8,0x3b8db40
17286,72661,8,0x3c29880
17287,45981,8,0x3cc55c0
17288,42514,8,0x3d61300
17289,52868,8,0x3dfd040
17290,45091,8,0x3e98d80
17291,42402,8,0x3f34ac0
17292,41410,8,0x3fd0800
17293,44834,8,0x406c540
17294,42819,8,0x4108280
17295,57084,8,0x41a3fc0
17296,40925,8,0x423fd00
17297,40631,8,0x42dba40
17298,40587,8,0x4377780
17299,40856,8,0x44134c0
17300,39771,8,0x44af200
17301,40298,8,0x454af40
17302,40341,8,0x45e6c80
17303,41746,8,0x46829c0
17304,39840,8,0x471e700
17305,41158,8,0x47ba440
17306,40313,8,0x4856180
17307,39298,8,0x48f1ec0
17308,39053,8,0x498dc00
17309,40718,8,0x4a29940
17310,41090,8,0x4ac5680
17311,39205,8,0x4b613c0
17312,44488,8,0x4bfd100
17313,42548,8,0x4c98e40
17314,41134,8,0x4d34b80
17315,39529,8,0x4dd08c0
17316,40399,8,0x4e6c600
17317,40195,8,0x4f08340
17318,42269,8,0x4fa4080
17319,41397,8,0x503fdc0
17320,40253,8,0x50dbb00
17321,40473,8,0x5177840
17322,40667,8,0x5213580
17323,39736,8,0x52af2c0
17324,40808,8,0x534b000
17325,40358,8,0x53e6d40
17326,52383,8,0x5482a80
17327,42852,8,0x551e7c0
17328,40238,8,0x55ba500
17329,41045,8,0x5656240
17330,40425,8,0x56f1f80
17331,39492,8,0x578dcc0
17332,43605,8,0x5829a00
17333,43121,8,0x58c5740
17334,39980,8,0x5961480
17335,46552,8,0x59fd1c0
17336,39046,8,0x5a98f00
17337,44830,8,0x5b34c40
17338,40097,8,0x5bd0980
17339,39902,8,0x5c6c6c0
17340,39436,8,0x5d08400
17341,41898,8,0x5da4140
17342,42362,8,0x5e3fe80
17343,40883,8,0x5edbbc0
17344,39473,8,0x5f77900
17345,42593,8,0x6013640
17346,39867,8,0x60af380
17347,40390,8,0x614b0c0
17348,41002,8,0x61e6e00
17349,40958,8,0x6282b40
17350,40221,8,0x631e880
17351,40221,8,0x63ba5c0
17352,39037,8,0x6456300
17353,40830,8,0x64f2040
17354,39836,8,0x658dd80
17355,40212,8,0x6629ac0
17356,39825,8,0x66c5800
17357,40734,8,0x6761540
17358,42458,8,0x67fd280
17359,47660,8,0x6898fc0
17360,39130,8,0x6934d00
17361,40690,8,0x69d0a40
17362,42289,8,0x6a6c780
17363,40249,8,0x6b084c0
17364,41139,8,0x6ba4200
17365,41326,8,0x6c3ff40
17366,41211,8,0x6cdbc80
17367,40540,8,0x6d779c0
17368,39604,8,0x6e13700
17369,41737,8,0x6eaf440
17370,40679,8,0x6f4b180
17371,40145,8,0x6fe6ec0
17372,40513,8,0x7082c00
17373,41449,8,0x711e940
17374,66721,8,0x71ba680
17375,43251,8,0x72563c0
17376,40410,8,0x72f2100
17377,41931,8,0x738de40
17378,39119,8,0x7429b80
17379,41180,8,0x74c58c0
17380,40771,8,0x7561600
17381,40299,8,0x75fd340
17382,45950,8,0x7699080
17383,41463,8,0x7734dc0
17384,40288,8,0x77d0b00
17385,40495,8,0x786c840
17386,38994,8,0x7908580
17387,40488,8,0x79a42c0
17388,41087,8,0x7a40000
17389,41312,8,0x7adbd40
17390,39602,8,0x7b77a80
17391,39443,8,0x7c137c0
17392,44035,8,0x7caf500
17393,42049,8,0x7d4b240
17394,44078,8,0x7de6f80
17395,42188,8,0x7e82cc0
17396,40628,8,0x7f1ea00
17397,39906,8,0x7fba740
17398,39269,8,0x8056480
17399,40677,8,0x80f21c0
17400,41473,8,0x818df00
17401,40239,8,0x8229c40
17402,39200,8,0x82c5980
17403,41275,8,0x83616c0
17404,41419,8,0x83fd400
17405,42543,8,0x8499140
17406,40775,8,0x8534e80
17407,42767,8,0x85d0bc0
17408,40658,8,0x866c900
17409,41441,8,0x8708640
17410,39881,8,0x87a4380
17411,40933,8,0x88400c0
17412,40042,8,0x88dbe00
17413,39589,8,0x8977b40
17414,57230,8,0x8a13880
17415,40049,8,0x8aaf5c0
17416,39771,8,0x8b4b300
17417,39070,8,0x8be7040
17418,37953,8,0x8c82d80
17419,38946,8,0x8d1eac0
17420,39526,8,0x8dba800
17421,37756,8,0x8e56540
17422,40317,8,0x8ef2280
17423,41794,8,0x8f8dfc0
17424,38228,8,0x9029d00
17425,39387,8,0x90c5a40
17426,37378,8,0x9161780
17427,40753,8,0x91fd4c0
17428,38878,8,0x9299200
17429,42074,8,0x9334f40
17430,39763,8,0x93d0c80
17431,39407,8,0x946c9c0
17432,39038,8,0x9508700
17433,38719,8,0x95a4440
17434,39038,8,0x9640180
17435,39660,8,0x96dbec0
17436,39951,8,0x9777c00
17437,37878,8,0x9813940
17438,38653,8,0x98af680
17439,38626,8,0x994b3c0
17440,39069,8,0x99e7100
17441,40326,8,0x9a82e40
17442,38223,8,0x9b1eb80
17443,39438,8,0x9bba8c0
17444,39177,8,0x9c56600
17445,38813,8,0x9cf2340
17446,37108,8,0x9d8e080
17447,38726,8,0x9e29dc0
17448,39361,8,0x9ec5b00
17449,38199,8,0x9f61840
17450,38030,8,0x9ffd580
17451,41246,8,0xa0992c0
17452,38688,8,0xa135000
17453,39060,8,0xa1d0d40
17454,43918,8,0xa26ca80
17455,40667,8,0xa3087c0
17456,42103,8,0xa3a4500
17457,39303,8,0xa440240
17458,38417,8,0xa4dbf80
17459,38905,8,0xa577cc0
17460,38622,8,0xa613a00
17461,38693,8,0xa6af740
17462,37618,8,0xa74b480
17463,38823,8,0xa7e71c0
17464,39951,8,0xa882f00
17465,39061,8,0xa91ec40
17466,40275,8,0xa9ba980
17467,39838,8,0xaa566c0
17468,38898,8,0xaaf2400
17469,39036,8,0xab8e140
17470,38254,8,0xac29e80
17471,57285,8,0xacc5bc0
17472,40431,8,0xad61900
17473,39073,8,0xadfd640
17474,37434,8,0xae99380
17475,39269,8,0xaf350c0
17476,39493,8,0xafd0e00
17477,40997,8,0xb06cb40
17478,38430,8,0xb108880
17479,42731,8,0xb1a45c0
17480,39746,8,0xb240300
17481,38756,8,0xb2dc040
17482,38295,8,0xb377d80
17483,39708,8,0xb413ac0
17484,39075,8,0xb4af800
17485,40630,8,0xb54b540
17486,37774,8,0xb5e7280
17487,41499,8,0xb682fc0
17488,38568,8,0xb71ed00
17489,38346,8,0xb7baa40
17490,38056,8,0xb856780
17491,39671,8,0xb8f24c0
17492,39310,8,0xb98e200
17493,39547,8,0xba29f40
17494,38461,8,0xbac5c80
17495,41111,8,0xbb619c0
17496,40153,8,0xbbfd700
17497,38518,8,0xbc99440
17498,38208,8,0xbd35180
17499,39536,8,0xbdd0ec0
17500,37730,8,0xbe6cc00
17501,38738,8,0xbf08940
17502,38216,8,0xbfa4680
17503,46959,8,0xc0403c0
17504,40096,8,0xc0dc100
17505,38741,8,0xc177e40
17506,39597,8,0xc213b80
17507,38077,8,0xc2af8c0
17508,37418,8,0xc34b600
17509,37613,8,0xc3e7340
17510,41094,8,0xc483080
17511,39106,8,0xc51edc0
17512,38434,8,0xc5bab00
17513,38218,8,0xc656840
17514,38338,8,0xc6f2580
17515,38824,8,0xc78e2c0
17516,42676,8,0xc82a000
17517,38092,8,0xc8c5d40
17518,41241,8,0xc961a80
17519,40520,8,0xc9fd7c0
17520,38964,8,0xca99500
17521,38649,8,0xcb35240
17522,39731,8,0xcbd0f80
17523,39753,8,0xcc6ccc0
17524,38379,8,0xcd08a00
17525,40020,8,0xcda4740
17526,39691,8,0xce40480
17527,40072,8,0xcedc1c0
17528,42212,8,0xcf77f00
17529,39413,8,0xd013c40
17530,39251,8,0xd0af980
17531,37748,8,0xd14b6c0
17532,38147,8,0xd1e7400
17533,38678,8,0xd283140
17534,39293,8,0xd31ee80
17535,39305,8,0xd3babc0
17536,38875,8,0xd456900
17537,48454,8,0xd4f2640
17538,38225,8,0xd58e380
17539,36205,8,0xd62a0c0
17540,38111,8,0xd6c5e00
17541,38000,8,0xd761b40
17542,38263,8,0xd7fd880
17543,37663,8,0xd8995c0
17544,37974,8,0xd935300
17545,36905,8,0xd9d1040
17546,38116,8,0xda6cd80
17547,38353,8,0xdb08ac0
17548,36406,8,0xdba4800
17549,37712,8,0xdc40540
17550,37450,8,0xdcdc280
17551,40839,8,0xdd77fc0
17552,37526,8,0xde13d00
17553,44078,8,0xdeafa40
17554,39715,8,0xdf4b780
17555,38320,8,0xdfe74c0
17556,37357,8,0xe083200
17557,37575,8,0xe11ef40
17558,38719,8,0xe1bac80
17559,38322,8,0xe2569c0
17560,37978,8,0xe2f2700
17561,37702,8,0xe38e440
17562,38288,8,0xe42a180
17563,37331,8,0xe4c5ec0
17564,36743,8,0xe561c00
17565,38326,8,0xe5fd940
17566,37348,8,0xe699680
17567,37943,8,0xe7353c0
17568,38070,8,0xe7d1100
17569,48510,8,0xe86ce40
17570,41381,8,0xe908b80
17571,38732,8,0xe9a48c0
17572,38512,8,0xea40600
17573,36857,8,0xeadc340
17574,37345,8,0xeb78080
17575,38027,8,0xec13dc0
17576,37580,8,0xecafb00
17577,38158,8,0xed4b840
17578,43431,8,0xede7580
17579,37391,8,0xee832c0
17580,41247,8,0xef1f000
17581,38418,8,0xefbad40
17582,37176,8,0xf056a80
17583,37265,8,0xf0f27c0
17584,39190,8,0xf18e500
17585,38131,8,0xf22a240
17586,37822,8,0xf2c5f80
17587,37448,8,0xf361cc0
17588,37242,8,0xf3fda00
17589,37834,8,0xf499740
17590,37086,8,0xf535480
17591,39159,8,0xf5d11c0
17592,37199,8,0xf66cf00
17593,37763,8,0xf708c40
17594,39306,8,0xf7a4980
17595,38397,8,0xf8406c0
17596,37131,8,0xf8dc400
17597,37797,8,0xf978140
17598,39484,8,0xfa13e80
17599,39400,8,0xfaafbc0
17600,37372,8,0xfb4b900
17601,38625,8,0xfbe7640
17602,38109,8,0xfc83380
17603,44904,8,0xfd1f0c0
17604,39040,8,0xfdbae00
17605,37627,8,0xfe56b40
17606,37229,8,0xfef2880
17607,37745,8,0xff8e5c0
17608,37891,8,0x1002a300
17609,37778,8,0x100c6040
17610,38041,8,0x10161d80
17611,37370,8,0x101fdac0
17612,37258,8,0x10299800
17613,37598,8,0x10335540
17614,38368,8,0x103d1280
17615,39655,8,0x1046cfc0
17616,38108,8,0x10508d00
17617,37602,8,0x105a4a40
17618,37422,8,0x10640780
17619,37363,8,0x106dc4c0
17620,36902,8,0x10778200
17621,36695,8,0x10813f40
17622,39023,8,0x108afc80
17623,38218,8,0x1094b9c0
17624,36139,8,0x109e7700
17625,37956,8,0x10a83440
17626,38282,8,0x10b1f180
17627,38951,8,0x10bbaec0
17628,37603,8,0x10c56c00
17629,43342,8,0x10cf2940
17630,38295,8,0x10d8e680
17631,38231,8,0x10e2a3c0
17632,37495,8,0x10ec6100
17633,37962,8,0x10f61e40
17634,38565,8,0x10ffdb80
17635,37786,8,0x110998c0
17636,37393,8,0x11135600
17637,36954,8,0x111d1340
17638,37917,8,0x1126d080
17639,36934,8,0x11308dc0
17640,38543,8,0x113a4b00
17641,37951,8,0x11440840
17642,41407,8,0x114dc580
17643,39268,8,0x115782c0
17644,37825,8,0x11614000
17645,38170,8,0x116afd40
17646,37624,8,0x1174ba80
17647,38734,8,0x117e77c0
17648,37174,8,0x11883500
17649,37865,8,0x1191f240
17650,38735,8,0x119baf80
17651,37619,8,0x11a56cc0
17652,37309,8,0x11af2a00
17653,37957,8,0x11b8e740
17654,44156,8,0x11c2a480
17655,40381,8,0x11cc61c0
17656,37365,8,0x11d61f00
17657,38129,8,0x11dfdc40
17658,39455,8,0x11e99980
17659,37573,8,0x11f356c0
17660,37926,8,0x11fd1400
17661,37632,8,0x1206d140
17662,38702,8,0x12108e80
17663,37870,8,0x121a4bc0
17664,37452,8,0x12240900
17665,40656,8,0x122dc640
17666,37027,8,0x12378380
17667,37485,8,0x124140c0
17668,36506,8,0x124afe00
17669,38243,8,0x1254bb40
17670,43978,8,0x125e7880
17671,40266,8,0x126835c0
17672,37381,8,0x1271f300
17673,40815,8,0x127bb040
17674,37176,8,0x12856d80
17675,36643,8,0x128f2ac0
17676,37707,8,0x1298e800
17677,38723,8,0x12a2a540
17678,38196,8,0x12ac6280
17679,45733,8,0x12b61fc0
17680,39293,8,0x12bfdd00
17681,38737,8,0x12c99a40
17682,36071,8,0x12d35780
17683,36973,8,0x12dd14c0
17684,37591,8,0x12e6d200
17685,38218,8,0x12f08f40
17686,37483,8,0x12fa4c80
17687,39207,8,0x130409c0
17688,37597,8,0x130dc700
17689,37568,8,0x13178440
17690,37333,8,0x13214180
17691,38041,8,0x132afec0
17692,36953,8,0x1334bc00
17693,37228,8,0x133e7940
17694,38093,8,0x13483680
17695,36197,8,0x1351f3c0
17696,37268,8,0x135bb100
17697,38867,8,0x13656e40
17698,36777,8,0x136f2b80
17699,37330,8,0x1378e8c0
17700,38067,8,0x1382a600
17701,38201,8,0x138c6340
17702,38839,8,0x13962080
17703,37885,8,0x139fddc0
17704,45630,8,0x13a99b00
17705,39398,8,0x13b35840
17706,38330,8,0x13bd1580
17707,38030,8,0x13c6d2c0
17708,37116,8,0x13d09000
17709,37475,8,0x13da4d40
17710,37479,8,0x13e40a80
17711,37818,8,0x13edc7c0
17712,37311,8,0x13f78500
17713,38394,8,0x14014240
17714,37347,8,0x140aff80
17715,37312,8,0x1414bcc0
17716,36695,8,0x141e7a00
17717,39228,8,0x14283740
17718,37544,8,0x1431f480
17719,37163,8,0x143bb1c0
17720,37002,8,0x14456f00
17721,37760,8,0x144f2c40
17722,37936,8,0x1458e980
17723,38533,8,0x1462a6c0
17724,37226,8,0x146c6400
17725,38474,8,0x14762140
17726,38503,8,0x147fde80
17727,37317,8,0x14899bc0
17728,36865,8,0x14935900
17729,38133,8,0x149d1640
17730,45791,8,0x14a6d380
17731,38731,8,0x14b090c0
17732,38885,8,0x14ba4e00
17733,38066,8,0x14c40b40
17734,38746,8,0x14cdc880
17735,36530,8,0x14d785c0
17736,37331,8,0x14e14300
17737,38491,8,0x14eb0040
17738,37867,8,0x14f4bd80
17739,37661,8,0x14fe7ac0
17740,36500,8,0x15083800
17741,38721,8,0x1511f540
17742,37885,8,0x151bb280
17743,39295,8,0x15256fc0
17744,37217,8,0x152f2d00
17745,38490,8,0x1538ea40
17746,38851,8,0x1542a780
17747,38101,8,0x154c64c0
17748,37282,8,0x15562200
17749,38822,8,0x155fdf40
17750,38150,8,0x15699c80
17751,36729,8,0x157359c0
17752,37593,8,0x157d1700
17753,38233,8,0x1586d440
17754,37103,8,0x15909180
17755,39634,8,0x159a4ec0
17756,38295,8,0x15a40c00
17757,39168,8,0x15adc940
17758,40066,8,0x15b78680
17759,43682,8,0x15c143c0
17760,45393,8,0x15cb0100
17761,46838,8,0x15d4be40
17762,36854,8,0x15de7b80
17763,38015,8,0x15e838c0
17764,36996,8,0x15f1f600
17765,38707,8,0x15fbb340
17766,41608,8,0x16057080
17767,38151,8,0x160f2dc0
17768,37646,8,0x1618eb00
17769,39005,8,0x1622a840
17770,36899,8,0x162c6580
17771,35989,8,0x163622c0
17772,48219,8,0x163fe000
17773,39207,8,0x16499d40
17774,37694,8,0x16535a80
17775,37567,8,0x165d17c0
17776,41114,8,0x1666d500
17777,38492,8,0x16709240
17778,36593,8,0x167a4f80
17779,40636,8,0x16840cc0
17780,52318,8,0x168dca00
17781,40910,8,0x16978740
17782,38695,8,0x16a14480
17783,38044,8,0x16ab01c0
17784,38267,8,0x16b4bf00
17785,38410,8,0x16be7c40
17786,36955,8,0x16c83980
17787,37372,8,0x16d1f6c0
17788,37512,8,0x16dbb400
17789,40201,8,0x16e57140
17790,36768,8,0x16ef2e80
17791,47045,8,0x16f8ebc0
17792,38390,8,0x1702a900
17793,36922,8,0x170c6640
17794,35715,8,0x17162380
17795,36628,8,0x171fe0c0
17796,36541,8,0x17299e00
17797,37754,8,0x17335b40
17798,38211,8,0x173d1880
17799,38172,8,0x1746d5c0
17800,36389,8,0x17509300
17801,37158,8,0x175a5040
17802,36077,8,0x17640d80
17803,36416,8,0x176dcac0
17804,36722,8,0x17778800
17805,45625,8,0x17814540
17806,40885,8,0x178b0280
17807,39446,8,0x1794bfc0
17808,37201,8,0x179e7d00
17809,37095,8,0x17a83a40
17810,37000,8,0x17b1f780
17811,36836,8,0x17bbb4c0
17812,36791,8,0x17c57200
17813,37042,8,0x17cf2f40
17814,36958,8,0x17d8ec80
17815,38358,8,0x17e2a9c0
17816,36930,8,0x17ec6700
17817,37114,8,0x17f62440
17818,55072,8,0x17ffe180
17819,34968,8,0x18099ec0
17820,36464,8,0x18135c00
17821,36679,8,0x181d1940
17822,36526,8,0x1826d680
17823,34875,8,0x183093c0
17824,36127,8,0x183a5100
17825,36275,8,0x18440e40
17826,35478,8,0x184dcb80
17827,34607,8,0x185788c0
17828,42951,8,0x18614600
17829,36282,8,0x186b0340
17830,42667,8,0x1874c080
17831,37288,8,0x187e7dc0
17832,36226,8,0x18883b00
17833,36576,8,0x1891f840
17834,35320,8,0x189bb580
17835,37198,8,0x18a572c0
17836,35363,8,0x18af3000
17837,36554,8,0x18b8ed40
17838,35282,8,0x18c2aa80
17839,35201,8,0x18cc67c0
17840,35608,8,0x18d62500
17841,36950,8,0x18dfe240
17842,36265,8,0x18e99f80
17843,35427,8,0x18f35cc0
17844,36039,8,0x18fd1a00
17845,36145,8,0x1906d740
17846,36006,8,0x19109480
17847,35532,8,0x191a51c0
17848,36059,8,0x19240f00
17849,35745,8,0x192dcc40
17850,37127,8,0x19378980
17851,35626,8,0x194146c0
17852,36096,8,0x194b0400
17853,36491,8,0x1954c140
17854,35107,8,0x195e7e80
17855,34898,8,0x19683bc0
17856,35502,8,0x1971f900
17857,44410,8,0x197bb640
17858,36993,8,0x19857380
17859,34851,8,0x198f30c0
17860,36732,8,0x1998ee00
17861,36322,8,0x19a2ab40
17862,35007,8,0x19ac6880
17863,34769,8,0x19b625c0
17864,36049,8,0x19bfe300
17865,37962,8,0x19c9a040
17866,35473,8,0x19d35d80
17867,34960,8,0x19dd1ac0
17868,35980,8,0x19e6d800
17869,36516,8,0x19f09540
17870,35590,8,0x19fa5280
17871,38611,8,0x1a040fc0
17872,36924,8,0x1a0dcd00
17873,36079,8,0x1a178a40
17874,36447,8,0x1a214780
17875,46523,8,0x1a2b04c0
17876,35823,8,0x1a34c200
17877,35965,8,0x1a3e7f40
17878,35856,8,0x1a483c80
17879,37901,8,0x1a51f9c0
17880,35760,8,0x1a5bb700
17881,36061,8,0x1a657440
17882,35415,8,0x1a6f3180
17883,37605,8,0x1a78eec0
17884,38672,8,0x1a82ac00
17885,36018,8,0x1a8c6940
17886,34867,8,0x1a962680
17887,36425,8,0x1a9fe3c0
17888,36622,8,0x1aa9a100
17889,38015,8,0x1ab35e40
17890,38933,8,0x1abd1b80
17891,35836,8,0x1ac6d8c0
17892,37157,8,0x1ad09600
17893,36379,8,0x1ada5340
17894,36778,8,0x1ae41080
17895,36172,8,0x1aedcdc0
17896,37051,8,0x1af78b00
17897,36379,8,0x1b014840
17898,34876,8,0x1b0b0580
17899,36530,8,0x1b14c2c0
17900,35972,8,0x1b1e8000
17901,37101,8,0x1b283d40
17902,35203,8,0x1b31fa80
17903,37842,8,0x1b3bb7c0
17904,36500,8,0x1b457500
17905,36502,8,0x1b4f3240
17906,35833,8,0x1b58ef80
17907,35629,8,0x1b62acc0
17908,37049,8,0x1b6c6a00
17909,38022,8,0x1b762740
17910,42298,8,0x1b7fe480
17911,37424,8,0x1b89a1c0
17912,34927,8,0x1b935f00
17913,36881,8,0x1b9d1c40
17914,35105,8,0x1ba6d980
17915,36025,8,0x1bb096c0
17916,35952,8,0x1bba5400
17917,36197,8,0x1bc41140
17918,36156,8,0x1bcdce80
17919,36887,8,0x1bd78bc0
17920,35575,8,0x1be14900
17921,37148,8,0x1beb0640
17922,35232,8,0x1bf4c380
17923,36160,8,0x1bfe80c0
17924,37493,8,0x1c083e00
17925,36786,8,0x1c11fb40
17926,35038,8,0x1c1bb880
17927,36712,8,0x1c2575c0
17928,35158,8,0x1c2f3300
17929,35732,8,0x1c38f040
17930,35599,8,0x1c42ad80
17931,36018,8,0x1c4c6ac0
17932,36410,8,0x1c562800
17933,37486,8,0x1c5fe540
17934,35856,8,0x1c69a280
17935,37940,8,0x1c735fc0
17936,35332,8,0x1c7d1d00
17937,41293,8,0x1c86da40
17938,36791,8,0x1c909780
17939,35552,8,0x1c9a54c0
17940,36186,8,0x1ca41200
17941,37118,8,0x1cadcf40
17942,35760,8,0x1cb78c80
17943,35511,8,0x1cc149c0
17944,35411,8,0x1ccb0700
17945,35658,8,0x1cd4c440
17946,35826,8,0x1cde8180
17947,36486,8,0x1ce83ec0
17948,36438,8,0x1cf1fc00
17949,37054,8,0x1cfbb940
17950,35742,8,0x1d057680
17951,35923,8,0x1d0f33c0
17952,40468,8,0x1d18f100
17953,38542,8,0x1d22ae40
17954,35013,8,0x1d2c6b80
17955,35177,8,0x1d3628c0
17956,36583,8,0x1d3fe600
17957,35809,8,0x1d49a340
17958,35533,8,0x1d536080
17959,35670,8,0x1d5d1dc0
17960,36735,8,0x1d66db00
17961,36623,8,0x1d709840
17962,34745,8,0x1d7a5580
17963,38635,8,0x1d8412c0
17964,37662,8,0x1d8dd000
17965,36050,8,0x1d978d40
17966,35580,8,0x1da14a80
17967,36553,8,0x1dab07c0
17968,37393,8,0x1db4c500
17969,35898,8,0x1dbe8240
17970,35184,8,0x1dc83f80
17971,36347,8,0x1dd1fcc0
17972,35504,8,0x1ddbba00
17973,40485,8,0x1de57740
17974,35905,8,0x1def3480
17975,37092,8,0x1df8f1c0
17976,36670,8,0x1e02af00
17977,36406,8,0x1e0c6c40
17978,35103,8,0x1e162980
17979,36708,8,0x1e1fe6c0
17980,36294,8,0x1e29a400
17981,44095,8,0x1e336140
17982,37192,8,0x1e3d1e80
17983,37994,8,0x1e46dbc0
17984,36030,8,0x1e509900
17985,36054,8,0x1e5a5640
17986,35321,8,0x1e641380
17987,37372,8,0x1e6dd0c0
17988,34824,8,0x1e778e00
17989,35298,8,0x1e814b40
17990,41886,8,0x1e8b0880
17991,36922,8,0x1e94c5c0
17992,37728,8,0x1e9e8300
17993,36635,8,0x1ea84040
17994,36026,8,0x1eb1fd80
17995,36552,8,0x1ebbbac0
17996,35960,8,0x1ec57800
17997,36545,8,0x1ecf3540
17998,38586,8,0x1ed8f280
17999,39024,8,0x1ee2afc0
18000,36846,8,0x1eec6d00
18001,37153,8,0x1ef62a40
18002,37013,8,0x1effe780
18003,35956,8,0x1f09a4c0
18004,36260,8,0x1f136200
18005,35718,8,0x1f1d1f40
18006,36207,8,0x1f26dc80
18007,36154,8,0x1f3099c0
18008,35303,8,0x1f3a5700
18009,36885,8,0x1f441440
18010,36386,8,0x1f4dd180
18011,35578,8,0x1f578ec0
18012,36067,8,0x1f614c00
18013,35495,8,0x1f6b0940
18014,39637,8,0x1f74c680
18015,35575,8,0x1f7e83c0
18016,41926,8,0x1f884100
18017,37343,8,0x1f91fe40
18018,36067,8,0x1f9bbb80
18019,36459,8,0x1fa578c0
18020,35163,8,0x1faf3600
18021,35291,8,0x1fb8f340
18022,37105,8,0x1fc2b080
18023,36086,8,0x1fcc6dc0
18024,35417,8,0x1fd62b00
18025,36755,8,0x1fdfe840
18026,35472,8,0x1fe9a580
18027,37461,8,0x1ff362c0
18028,35801,8,0x1ffd2000
18029,36596,8,0x2006dd40
18030,36372,8,0x20109a80
18031,35740,8,0x201a57c0
18032,35510,8,0x20241500
18033,37198,8,0x202dd240
18034,36068,8,0x20378f80
18035,37007,8,0x20414cc0
18036,35910,8,0x204b0a00
18037,35854,8,0x2054c740
18038,35294,8,0x205e8480
18039,36428,8,0x206841c0
18040,35809,8,0x2071ff00
18041,36303,8,0x207bbc40
18042,37093,8,0x20857980
18043,39593,8,0x208f36c0
18044,35944,8,0x2098f400
18045,35846,8,0x20a2b140
18046,36766,8,0x20ac6e80
18047,34773,8,0x20b62bc0
18048,36822,8,0x20bfe900
18049,35317,8,0x20c9a640
18050,35917,8,0x20d36380
18051,35880,8,0x20dd20c0
18052,35851,8,0x20e6de00
18053,48137,8,0x20f09b40
18054,35701,8,0x20fa5880
18055,36649,8,0x210415c0
18056,34737,8,0x210dd300
18057,37307,8,0x21179040
18058,35421,8,0x21214d80
18059,35834,8,0x212b0ac0
18060,35269,8,0x2134c800
18061,34999,8,0x213e8540
18062,35549,8,0x21484280
18063,37453,8,0x2151ffc0
18064,34457,8,0x215bbd00
18065,34666,8,0x21657a40
18066,35954,8,0x216f3780
18067,35205,8,0x2178f4c0
18068,35973,8,0x2182b200
18069,40925,8,0x218c6f40
18070,37290,8,0x21962c80
18071,36945,8,0x219fe9c0
18072,34788,8,0x21a9a700
18073,35212,8,0x21b36440
18074,35888,8,0x21bd2180
18075,35209,8,0x21c6dec0
18076,39338,8,0x21d09c00
18077,35948,8,0x21da5940
18078,35462,8,0x21e41680
18079,35621,8,0x21edd3c0
18080,35252,8,0x21f79100
18081,34961,8,0x22014e40
18082,36670,8,0x220b0b80
18083,36685,8,0x2214c8c0
18084,35557,8,0x221e8600
18085,36103,8,0x22284340
18086,37499,8,0x22320080
18087,45058,8,0x223bbdc0
18088,35469,8,0x22457b00
18089,34971,8,0x224f3840
18090,36049,8,0x2258f580
18091,35107,8,0x2262b2c0
18092,33838,8,0x226c7000
18093,36611,8,0x22762d40
18094,35558,8,0x227fea80
18095,36238,8,0x2289a7c0
18096,42752,8,0x22936500
18097,36280,8,0x229d2240
18098,36073,8,0x22a6df80
18099,35511,8,0x22b09cc0
18100,35435,8,0x22ba5a00
18101,36181,8,0x22c41740
18102,35299,8,0x22cdd480
18103,36515,8,0x22d791c0
18104,35531,8,0x22e14f00
18105,34482,8,0x22eb0c40
18106,35767,8,0x22f4c980
18107,35353,8,0x22fe86c0
18108,34101,8,0x23084400
18109,34835,8,0x23120140
18110,35281,8,0x231bbe80
18111,34771,8,0x23257bc0
18112,34664,8,0x232f3900
18113,35138,8,0x2338f640
18114,35953,8,0x2342b380
18115,35785,8,0x234c70c0
18116,37126,8,0x23562e00
18117,37117,8,0x235feb40
18118,35238,8,0x2369a880
18119,35544,8,0x237365c0
18120,35860,8,0x237d2300
18121,35499,8,0x2386e040
18122,35752,8,0x23909d80
18123,41038,8,0x239a5ac0
18124,35881,8,0x23a41800
18125,35759,8,0x23add540
18126,35531,8,0x23b79280
18127,38933,8,0x23c14fc0
18128,34844,8,0x23cb0d00
18129,35743,8,0x23d4ca40
18130,36479,8,0x23de8780
18131,34549,8,0x23e844c0
18132,35264,8,0x23f20200
18133,35844,8,0x23fbbf40
18134,35199,8,0x24057c80
18135,36138,8,0x240f39c0
18136,36139,8,0x2418f700
18137,35710,8,0x2422b440
18138,40352,8,0x242c7180
18139,35318,8,0x24362ec0
18140,35053,8,0x243fec00
18141,35168,8,0x2449a940
18142,35328,8,0x24536680
18143,35752,8,0x245d23c0
18144,35699,8,0x2466e100
18145,37535,8,0x24709e40
18146,35817,8,0x247a5b80
18147,35659,8,0x248418c0
18148,34771,8,0x248dd600
18149,35590,8,0x24979340
18150,43525,8,0x24a15080
18151,36132,8,0x24ab0dc0
18152,36125,8,0x24b4cb00
18153,35492,8,0x24be8840
18154,35533,8,0x24c84580
18155,34626,8,0x24d202c0
18156,37752,8,0x24dbc000
18157,36355,8,0x24e57d40
18158,34205,8,0x24ef3a80
18159,35088,8,0x24f8f7c0
18160,36330,8,0x2502b500
18161,35754,8,0x250c7240
18162,35523,8,0x25162f80
18163,35987,8,0x251fecc0
18164,34838,8,0x2529aa00
18165,34964,8,0x25336740
18166,34743,8,0x253d2480
18167,35599,8,0x2546e1c0
18168,34703,8,0x25509f00
18169,36172,8,0x255a5c40
18170,35744,8,0x25641980
18171,35542,8,0x256dd6c0
18172,35582,8,0x25779400
18173,36884,8,0x25815140
18174,34916,8,0x258b0e80
18175,36217,8,0x2594cbc0
18176,35645,8,0x259e8900
18177,41109,8,0x25a84640
18178,35779,8,0x25b20380
18179,36211,8,0x25bbc0c0
18180,35084,8,0x25c57e00
18181,35159,8,0x25cf3b40
18182,35359,8,0x25d8f880
18183,35966,8,0x25e2b5c0
18184,34407,8,0x25ec7300
18185,36776,8,0x25f63040
18186,35555,8,0x25ffed80
18187,35698,8,0x2609aac0
18188,34612,8,0x26136800
18189,35584,8,0x261d2540
18190,36447,8,0x2626e280
18191,37835,8,0x26309fc0
18192,34460,8,0x263a5d00
18193,37122,8,0x26441a40
18194,35993,8,0x264dd780
18195,43625,8,0x265794c0
18196,34773,8,0x26615200
18197,36096,8,0x266b0f40
18198,35985,8,0x2674cc80
18199,36131,8,0x267e89c0
18200,39086,8,0x26884700
18201,36595,8,0x26920440
18202,35401,8,0x269bc180
18203,37082,8,0x26a57ec0
18204,38413,8,0x26af3c00
18205,35378,8,0x26b8f940
18206,35289,8,0x26c2b680
18207,34896,8,0x26cc73c0
18208,34228,8,0x26d63100
18209,36899,8,0x26dfee40
18210,35550,8,0x26e9ab80
18211,34003,8,0x26f368c0
18212,35541,8,0x26fd2600
18213,36294,8,0x2706e340
18214,35447,8,0x2710a080
18215,34977,8,0x271a5dc0
18216,35851,8,0x27241b00
18217,36742,8,0x272dd840
18218,35055,8,0x27379580
18219,36728,8,0x274152c0
18220,34094,8,0x274b1000
18221,35243,8,0x2754cd40
18222,36120,8,0x275e8a80
18223,35525,8,0x276847c0
18224,35777,8,0x27720500
18225,35748,8,0x277bc240
18226,35288,8,0x27857f80
18227,34368,8,0x278f3cc0
18228,34964,8,0x2798fa00
18229,36419,8,0x27a2b740
18230,35342,8,0x27ac7480
18231,40071,8,0x27b631c0
18232,35100,8,0x27bfef00
18233,36124,8,0x27c9ac40
18234,36743,8,0x27d36980
18235,34646,8,0x27dd26c0
18236,35774,8,0x27e6e400
18237,36457,8,0x27f0a140
18238,35729,8,0x27fa5e80
18239,36440,8,0x28041bc0
18240,34781,8,0x280dd900
18241,36263,8,0x28179640
18242,35406,8,0x28215380
18243,34747,8,0x282b10c0
18244,35360,8,0x2834ce00
18245,35827,8,0x283e8b40
18246,35553,8,0x28484880
18247,35600,8,0x285205c0
18248,35044,8,0x285bc300
18249,37705,8,0x28658040
18250,35090,8,0x286f3d80
18251,34799,8,0x2878fac0
18252,35646,8,0x2882b800
18253,36467,8,0x288c7540
18254,34749,8,0x28963280
18255,38007,8,0x289fefc0
18256,34803,8,0x28a9ad00
18257,36014,8,0x28b36a40
18258,41320,8,0x28bd2780
18259,35892,8,0x28c6e4c0
18260,33843,8,0x28d0a200
18261,35024,8,0x28da5f40
18262,39087,8,0x28e41c80
18263,36497,8,0x28edd9c0
18264,35616,8,0x28f79700
18265,37221,8,0x29015440
18266,35157,8,0x290b1180
18267,35411,8,0x2914cec0
18268,35438,8,0x291e8c00
18269,35141,8,0x29284940
18270,35930,8,0x29320680
18271,35473,8,0x293bc3c0
18272,35561,8,0x29458100
18273,36656,8,0x294f3e40
18274,35669,8,0x2958fb80
18275,36217,8,0x2962b8c0
18276,34000,8,0x296c7600
18277,35860,8,0x29763340
18278,36895,8,0x297ff080
18279,35050,8,0x2989adc0
18280,34141,8,0x29936b00
18281,36480,8,0x299d2840
18282,35634,8,0x29a6e580
18283,35107,8,0x29b0a2c0
18284,34841,8,0x29ba6000
18285,43602,8,0x29c41d40
18286,37279,8,0x29cdda80
18287,35705,8,0x29d797c0
18288,35270,8,0x29e15500
18289,35574,8,0x29eb1240
18290,35157,8,0x29f4cf80
18291,35664,8,0x29fe8cc0
18292,34501,8,0x2a084a00
18293,36657,8,0x2a120740
18294,35430,8,0x2a1bc480
18295,37716,8,0x2a2581c0
18296,36025,8,0x2a2f3f00
18297,35777,8,0x2a38fc40
18298,36126,8,0x2a42b980
18299,34752,8,0x2a4c76c0
18300,34506,8,0x2a563400
18301,36106,8,0x2a5ff140
18302,34818,8,0x2a69ae80
18303,41790,8,0x2a736bc0
18304,36456,8,0x2a7d2900
18305,35537,8,0x2a86e640
18306,34521,8,0x2a90a380
18307,34306,8,0x2a9a60c0
18308,36182,8,0x2aa41e00
18309,36502,8,0x2aaddb40
18310,36000,8,0x2ab79880
18311,34836,8,0x2ac155c0
18312,40554,8,0x2acb1300
18313,36260,8,0x2ad4d040
18314,35399,8,0x2ade8d80
18315,34676,8,0x2ae84ac0
18316,35670,8,0x2af20800
18317,36161,8,0x2afbc540
18318,34946,8,0x2b058280
18319,37365,8,0x2b0f3fc0
18320,37476,8,0x2b18fd00
18321,35744,8,0x2b22ba40
18322,36451,8,0x2b2c7780
18323,35077,8,0x2b3634c0
18324,39695,8,0x2b3ff200
18325,35901,8,0x2b49af40
18326,34523,8,0x2b536c80
18327,34794,8,0x2b5d29c0
18328,35006,8,0x2b66e700
18329,36407,8,0x2b70a440
18330,46519,8,0x2b7a6180
18331,34821,8,0x2b841ec0
18332,34917,8,0x2b8ddc00
18333,34758,8,0x2b979940
18334,34301,8,0x2ba15680
18335,34295,8,0x2bab13c0
18336,35700,8,0x2bb4d100
18337,37390,8,0x2bbe8e40
18338,38217,8,0x2bc84b80
18339,35454,8,0x2bd208c0
18340,36532,8,0x2bdbc600
18341,35032,8,0x2be58340
18342,34587,8,0x2bef4080
18343,34758,8,0x2bf8fdc0
18344,35298,8,0x2c02bb00
18345,35817,8,0x2c0c7840
18346,33943,8,0x2c163580
18347,34482,8,0x2c1ff2c0
18348,35211,8,0x2c29b000
18349,35337,8,0x2c336d40
18350,35621,8,0x2c3d2a80
18351,34623,8,0x2c46e7c0
18352,36896,8,0x2c50a500
18353,34750,8,0x2c5a6240
18354,34705,8,0x2c641f80
18355,34671,8,0x2c6ddcc0
18356,35645,8,0x2c779a00
18357,35123,8,0x2c815740
18358,34559,8,0x2c8b1480
18359,34939,8,0x2c94d1c0
18360,35758,8,0x2c9e8f00
18361,35683,8,0x2ca84c40
18362,33856,8,0x2cb20980
18363,34493,8,0x2cbbc6c0
18364,34720,8,0x2cc58400
18365,35554,8,0x2ccf4140
18366,40745,8,0x2cd8fe80
18367,35475,8,0x2ce2bbc0
18368,35006,8,0x2cec7900
18369,35147,8,0x2cf63640
18370,33984,8,0x2cfff380
18371,34633,8,0x2d09b0c0
18372,34542,8,0x2d136e00
18373,35133,8,0x2d1d2b40
18374,35550,8,0x2d26e880
18375,34343,8,0x2d30a5c0
18376,35607,8,0x2d3a6300
18377,36767,8,0x2d442040
18378,34861,8,0x2d4ddd80
18379,35273,8,0x2d579ac0
18380,35921,8,0x2d615800
18381,36160,8,0x2d6b1540
18382,36600,8,0x2d74d280
18383,36937,8,0x2d7e8fc0
18384,35853,8,0x2d884d00
18385,35201,8,0x2d920a40
18386,39157,8,0x2d9bc780
18387,34366,8,0x2da584c0
18388,34690,8,0x2daf4200
18389,34556,8,0x2db8ff40
18390,34183,8,0x2dc2bc80
18391,34760,8,0x2dcc79c0
18392,35542,8,0x2dd63700
18393,42700,8,0x2ddff440
18394,35281,8,0x2de9b180
18395,33730,8,0x2df36ec0
18396,35520,8,0x2dfd2c00
18397,35942,8,0x2e06e940
18398,35227,8,0x2e10a680
18399,34089,8,0x2e1a63c0
18400,35020,8,0x2e242100
18401,36560,8,0x2e2dde40
18402,34575,8,0x2e379b80
18403,33943,8,0x2e4158c0
18404,34789,8,0x2e4b1600
18405,35562,8,0x2e54d340
18406,35414,8,0x2e5e9080
18407,33976,8,0x2e684dc0
18408,35619,8,0x2e720b00
18409,36023,8,0x2e7bc840
18410,33526,8,0x2e858580
18411,42143,8,0x2e8f42c0
18412,37706,8,0x2e990000
18413,36608,8,0x2ea2bd40
18414,34593,8,0x2eac7a80
18415,35568,8,0x2eb637c0
18416,35351,8,0x2ebff500
18417,34259,8,0x2ec9b240
18418,35072,8,0x2ed36f80
18419,35538,8,0x2edd2cc0
18420,38294,8,0x2ee6ea00
18421,37718,8,0x2ef0a740
18422,34176,8,0x2efa6480
18423,35822,8,0x2f0421c0
18424,34625,8,0x2f0ddf00
18425,34391,8,0x2f179c40
18426,35265,8,0x2f215980
18427,36045,8,0x2f2b16c0
18428,35711,8,0x2f34d400
18429,34754,8,0x2f3e9140
18430,34205,8,0x2f484e80
18431,34994,8,0x2f520bc0
18432,35831,8,0x2f5bc900
18433,34534,8,0x2f658640
18434,34924,8,0x2f6f4380
18435,36065,8,0x2f7900c0
18436,35268,8,0x2f82be00
18437,35479,8,0x2f8c7b40
18438,35105,8,0x2f963880
18439,35189,8,0x2f9ff5c0
18440,34885,8,0x2fa9b300
18441,35582,8,0x2fb37040
18442,33882,8,0x2fbd2d80
18443,35763,8,0x2fc6eac0
18444,35871,8,0x2fd0a800
18445,35420,8,0x2fda6540
18446,34305,8,0x2fe42280
18447,37333,8,0x2feddfc0
18448,43605,8,0x2ff79d00
18449,36147,8,0x30015a40
18450,33752,8,0x300b1780
18451,35941,8,0x3014d4c0
18452,35236,8,0x301e9200
18453,34943,8,0x30284f40
18454,34304,8,0x30320c80
18455,36991,8,0x303bc9c0
18456,34838,8,0x30458700
18457,34890,8,0x304f4440
18458,34532,8,0x30590180
18459,35878,8,0x3062bec0
18460,35133,8,0x306c7c00
18461,34943,8,0x30763940
18462,34654,8,0x307ff680
18463,35451,8,0x3089b3c0
18464,34217,8,0x30937100
18465,34667,8,0x309d2e40
18466,34208,8,0x30a6eb80
18467,35679,8,0x30b0a8c0
18468,34392,8,0x30ba6600
18469,34669,8,0x30c42340
18470,36205,8,0x30cde080
18471,34970,8,0x30d79dc0
18472,34461,8,0x30e15b00
18473,34541,8,0x30eb1840
18474,34106,8,0x30f4d580
18475,37964,8,0x30fe92c0
18476,36361,8,0x31085000
18477,35503,8,0x31120d40
18478,35122,8,0x311bca80
18479,34748,8,0x312587c0
18480,34212,8,0x312f4500
18481,34916,8,0x31390240
18482,34051,8,0x3142bf80
18483,34893,8,0x314c7cc0
18484,36669,8,0x31563a00
18485,38258,8,0x315ff740
18486,35600,8,0x3169b480
18487,34595,8,0x317371c0
18488,34069,8,0x317d2f00
18489,34634,8,0x3186ec40
18490,33694,8,0x3190a980
18491,35288,8,0x319a66c0
18492,34583,8,0x31a42400
18493,34460,8,0x31ade140
18494,34940,8,0x31b79e80
18495,35066,8,0x31c15bc0
18496,33892,8,0x31cb1900
18497,34378,8,0x31d4d640
18498,34171,8,0x31de9380
18499,35162,8,0x31e850c0
18500,36259,8,0x31f20e00
18501,35173,8,0x31fbcb40
18502,34448,8,0x32058880
18503,39124,8,0x320f45c0
18504,34520,8,0x32190300
18505,34352,8,0x3222c040
18506,34125,8,0x322c7d80
18507,36378,8,0x32363ac0
18508,36264,8,0x323ff800
18509,34150,8,0x3249b540
18510,34067,8,0x32537280
18511,41127,8,0x325d2fc0
18512,35527,8,0x3266ed00
18513,35560,8,0x3270aa40
18514,36124,8,0x327a6780
18515,35359,8,0x328424c0
18516,35320,8,0x328de200
18517,34355,8,0x32979f40
18518,34026,8,0x32a15c80
18519,35663,8,0x32ab19c0
18520,34960,8,0x32b4d700
18521,45459,8,0x32be9440
18522,36522,8,0x32c85180
18523,34275,8,0x32d20ec0
18524,34737,8,0x32dbcc00
18525,34101,8,0x32e58940
18526,35170,8,0x32ef4680
18527,34899,8,0x32f903c0
18528,34781,8,0x3302c100
18529,38073,8,0x330c7e40
18530,39298,8,0x33163b80
18531,35214,8,0x331ff8c0
18532,34052,8,0x3329b600
18533,33870,8,0x33337340
18534,35678,8,0x333d3080
18535,35282,8,0x3346edc0
18536,34982,8,0x3350ab00
18537,34594,8,0x335a6840
18538,35355,8,0x33642580
18539,35143,8,0x336de2c0
18540,34224,8,0x3377a000
18541,35371,8,0x33815d40
18542,35839,8,0x338b1a80
18543,35112,8,0x3394d7c0
18544,35772,8,0x339e9500
18545,35302,8,0x33a85240
18546,35284,8,0x33b20f80
18547,35603,8,0x33bbccc0
18548,34054,8,0x33c58a00
18549,33764,8,0x33cf4740
18550,35794,8,0x33d90480
18551,35214,8,0x33e2c1c0
18552,34310,8,0x33ec7f00
18553,34469,8,0x33f63c40
18554,34625,8,0x33fff980
18555,35117,8,0x3409b6c0
18556,34521,8,0x34137400
18557,37374,8,0x341d3140
18558,36593,8,0x3426ee80
18559,36694,8,0x3430abc0
18560,34671,8,0x343a6900
18561,35295,8,0x34442640
18562,35002,8,0x344de380
18563,34579,8,0x3457a0c0
18564,34211,8,0x34615e00
18565,34639,8,0x346b1b40
18566,35905,8,0x3474d880
18567,34864,8,0x347e95c0
18568,34825,8,0x34885300
18569,34792,8,0x34921040
18570,35279,8,0x349bcd80
18571,35752,8,0x34a58ac0
18572,35076,8,0x34af4800
18573,39818,8,0x34b90540
18574,36413,8,0x34c2c280
18575,37410,8,0x34cc7fc0
18576,34670,8,0x34d63d00
18577,35857,8,0x34dffa40
18578,34463,8,0x34e9b780
18579,34253,8,0x34f374c0
18580,33948,8,0x34fd3200
18581,34113,8,0x3506ef40
18582,35496,8,0x3510ac80
18583,34647,8,0x351a69c0
18584,34918,8,0x35242700
18585,40382,8,0x352de440
18586,35183,8,0x3537a180
18587,35132,8,0x35415ec0
18588,35391,8,0x354b1c00
18589,35359,8,0x3554d940
18590,34297,8,0x355e9680
18591,34100,8,0x356853c0
18592,34675,8,0x35721100
18593,34930,8,0x357bce40
18594,34815,8,0x35858b80
18595,34261,8,0x358f48c0
18596,52339,8,0x35990600
18597,33099,8,0x35a2c340
18598,33676,8,0x35ac8080
18599,33087,8,0x35b63dc0
18600,33802,8,0x35bffb00
18601,33013,8,0x35c9b840
18602,33426,8,0x35d37580
18603,35380,8,0x35dd32c0
18604,33004,8,0x35e6f000
18605,33518,8,0x35f0ad40
18606,33501,8,0x35fa6a80
18607,34284,8,0x360427c0
18608,34339,8,0x360de500
18609,33001,8,0x3617a240
18610,33391,8,0x36215f80
18611,33177,8,0x362b1cc0
18612,32542,8,0x3634da00
18613,36146,8,0x363e9740
18614,33859,8,0x36485480
18615,33808,8,0x365211c0
18616,33683,8,0x365bcf00
18617,34235,8,0x36658c40
18618,34680,8,0x366f4980
18619,34473,8,0x367906c0
18620,34340,8,0x3682c400
18621,32637,8,0x368c8140
18622,33024,8,0x36963e80
18623,35604,8,0x369ffbc0
18624,34239,8,0x36a9b900
18625,33015,8,0x36b37640
18626,34524,8,0x36bd3380
18627,33484,8,0x36c6f0c0
18628,32625,8,0x36d0ae00
18629,33465,8,0x36da6b40
18630,34251,8,0x36e42880
18631,33502,8,0x36ede5c0
18632,41463,8,0x36f7a300
18633,35354,8,0x37016040
18634,32977,8,0x370b1d80
18635,36144,8,0x3714dac0
18636,32922,8,0x371e9800
18637,33544,8,0x37285540
18638,33596,8,0x37321280
18639,36622,8,0x373bcfc0
18640,33588,8,0x37458d00
18641,38882,8,0x374f4a40
18642,34175,8,0x37590780
18643,34091,8,0x3762c4c0
18644,32597,8,0x376c8200
18645,32534,8,0x37763f40
18646,33447,8,0x377ffc80
18647,34747,8,0x3789b9c0
18648,34887,8,0x37937700
18649,34180,8,0x379d3440
18650,33448,8,0x37a6f180
18651,32975,8,0x37b0aec0
18652,32592,8,0x37ba6c00
18653,33530,8,0x37c42940
18654,34906,8,0x37cde680
18655,33356,8,0x37d7a3c0
18656,33598,8,0x37e16100
18657,34886,8,0x37eb1e40
18658,33131,8,0x37f4db80
18659,33056,8,0x37fe98c0
18660,33469,8,0x38085600
18661,33546,8,0x38121340
18662,35781,8,0x381bd080
18663,33544,8,0x38258dc0
18664,32864,8,0x382f4b00
18665,33776,8,0x38390840
18666,33578,8,0x3842c580
18667,33116,8,0x384c82c0
18668,32062,8,0x38564000
18669,40777,8,0x385ffd40
18670,34942,8,0x3869ba80
18671,33066,8,0x387377c0
18672,32666,8,0x387d3500
18673,33997,8,0x3886f240
18674,33428,8,0x3890af80
18675,32209,8,0x389a6cc0
18676,31999,8,0x38a42a00
18677,36301,8,0x38ade740
18678,33574,8,0x38b7a480
18679,33380,8,0x38c161c0
18680,33229,8,0x38cb1f00
18681,34890,8,0x38d4dc40
18682,33472,8,0x38de9980
18683,32113,8,0x38e856c0
18684,32166,8,0x38f21400
18685,34257,8,0x38fbd140
18686,33784,8,0x39058e80
18687,32540,8,0x390f4bc0
18688,33187,8,0x39190900
18689,35186,8,0x3922c640
18690,33789,8,0x392c8380
18691,32740,8,0x393640c0
18692,34663,8,0x393ffe00
18693,33663,8,0x3949bb40
18694,33857,8,0x39537880
18695,33493,8,0x395d35c0
18696,33624,8,0x3966f300
18697,36766,8,0x3970b040
18698,37709,8,0x397a6d80
18699,33837,8,0x39842ac0
18700,32373,8,0x398de800
18701,34547,8,0x3997a540
18702,34338,8,0x39a16280
18703,36543,8,0x39ab1fc0
18704,33719,8,0x39b4dd00
18705,33444,8,0x39be9a40
18706,35545,8,0x39c85780
18707,32456,8,0x39d214c0
18708,32767,8,0x39dbd200
18709,33941,8,0x39e58f40
18710,33489,8,0x39ef4c80
18711,33482,8,0x39f909c0
18712,33023,8,0x3a02c700
18713,33035,8,0x3a0c8440
18714,33558,8,0x3a164180
18715,32712,8,0x3a1ffec0
18716,32455,8,0x3a29bc00
18717,33910,8,0x3a337940
18718,33309,8,0x3a3d3680
18719,35133,8,0x3a46f3c0
18720,33670,8,0x3a50b100
18721,35759,8,0x3a5a6e40
18722,34580,8,0x3a642b80
18723,33307,8,0x3a6de8c0
18724,33457,8,0x3a77a600
18725,33991,8,0x3a816340
18726,36509,8,0x3a8b2080
18727,34348,8,0x3a94ddc0
18728,32878,8,0x3a9e9b00
18729,33517,8,0x3aa85840
18730,33069,8,0x3ab21580
18731,33156,8,0x3abbd2c0
18732,32867,8,0x3ac59000
18733,33567,8,0x3acf4d40
18734,33439,8,0x3ad90a80
18735,33300,8,0x3ae2c7c0
18736,34318,8,0x3aec8500
18737,34340,8,0x3af64240
18738,34168,8,0x3affff80
18739,33207,8,0x3b09bcc0
18740,32037,8,0x3b137a00
18741,34228,8,0x3b1d3740
18742,33906,8,0x3b26f480
18743,34130,8,0x3b30b1c0
18744,33320,8,0x3b3a6f00
18745,40999,8,0x3b442c40
18746,35938,8,0x3b4de980
18747,33179,8,0x3b57a6c0
18748,33521,8,0x3b616400
18749,34398,8,0x3b6b2140
18750,33330,8,0x3b74de80
18751,35337,8,0x3b7e9bc0
18752,33865,8,0x3b885900
18753,33422,8,0x3b921640
18754,34748,8,0x3b9bd380
18755,37272,8,0x3ba590c0
18756,33390,8,0x3baf4e00
18757,33628,8,0x3bb90b40
18758,32752,8,0x3bc2c880
18759,35921,8,0x3bcc85c0
18760,32908,8,0x3bd64300
18761,34241,8,0x3be00040
18762,33417,8,0x3be9bd80
18763,32788,8,0x3bf37ac0
18764,34079,8,0x3bfd3800
18765,33910,8,0x3c06f540
18766,35019,8,0x3c10b280
18767,35419,8,0x3c1a6fc0
18768,33984,8,0x3c242d00
18769,33690,8,0x3c2dea40
18770,32908,8,0x3c37a780
18771,34078,8,0x3c4164c0
18772,32084,8,0x3c4b2200
18773,33400,8,0x3c54df40
18774,34376,8,0x3c5e9c80
18775,33483,8,0x3c6859c0
18776,32439,8,0x3c721700
18777,34231,8,0x3c7bd440
18778,33495,8,0x3c859180
18779,32655,8,0x3c8f4ec0
18780,33882,8,0x3c990c00
18781,34612,8,0x3ca2c940
18782,33125,8,0x3cac8680
18783,33916,8,0x3cb643c0
18784,35820,8,0x3cc00100
18785,35371,8,0x3cc9be40
18786,33234,8,0x3cd37b80
18787,33110,8,0x3cdd38c0
18788,33831,8,0x3ce6f600
18789,33778,8,0x3cf0b340
18790,33551,8,0x3cfa7080
18791,33929,8,0x3d042dc0
18792,33134,8,0x3d0deb00
18793,34192,8,0x3d17a840
18794,32822,8,0x3d216580
18795,33965,8,0x3d2b22c0
18796,32813,8,0x3d34e000
18797,35396,8,0x3d3e9d40
18798,33436,8,0x3d485a80
18799,32863,8,0x3d5217c0
18800,34490,8,0x3d5bd500
18801,34036,8,0x3d659240
18802,33259,8,0x3d6f4f80
18803,32639,8,0x3d790cc0
18804,33519,8,0x3d82ca00
18805,34635,8,0x3d8c8740
18806,33691,8,0x3d964480
18807,34140,8,0x3da001c0
18808,32996,8,0x3da9bf00
18809,34193,8,0x3db37c40
18810,35416,8,0x3dbd3980
18811,32954,8,0x3dc6f6c0
18812,40318,8,0x3dd0b400
18813,33362,8,0x3dda7140
18814,32597,8,0x3de42e80
18815,32916,8,0x3dedebc0
18816,33888,8,0x3df7a900
18817,34723,8,0x3e016640
18818,33224,8,0x3e0b2380
18819,34241,8,0x3e14e0c0
18820,34418,8,0x3e1e9e00
18821,37343,8,0x3e285b40
18822,32531,8,0x3e321880
18823,33361,8,0x3e3bd5c0
18824,33254,8,0x3e459300
18825,34978,8,0x3e4f5040
18826,33087,8,0x3e590d80
18827,33702,8,0x3e62cac0
18828,34820,8,0x3e6c8800
18829,33797,8,0x3e764540
18830,33220,8,0x3e800280
18831,35140,8,0x3e89bfc0
18832,33092,8,0x3e937d00
18833,34195,8,0x3e9d3a40
18834,32679,8,0x3ea6f780
18835,32765,8,0x3eb0b4c0
18836,33089,8,0x3eba7200
18837,33422,8,0x3ec42f40
18838,33270,8,0x3ecdec80
18839,35173,8,0x3ed7a9c0
18840,35045,8,0x3ee16700
18841,35944,8,0x3eeb2440
18842,33257,8,0x3ef4e180
18843,33445,8,0x3efe9ec0
18844,33350,8,0x3f085c00
18845,33616,8,0x3f121940
18846,33787,8,0x3f1bd680
18847,32649,8,0x3f2593c0
18848,33714,8,0x3f2f5100
18849,34701,8,0x3f390e40
18850,33466,8,0x3f42cb80
18851,32576,8,0x3f4c88c0
18852,33784,8,0x3f564600
18853,33111,8,0x3f600340
18854,34027,8,0x3f69c080
18855,33353,8,0x3f737dc0
18856,34502,8,0x3f7d3b00
18857,34531,8,0x3f86f840
18858,33732,8,0x3f90b580
18859,33148,8,0x3f9a72c0
18860,39786,8,0x3fa43000
18861,34241,8,0x3faded40
18862,31995,8,0x3fb7aa80
18863,33044,8,0x3fc167c0
18864,32486,8,0x3fcb2500
18865,34463,8,0x3fd4e240
18866,33509,8,0x3fde9f80
18867,34567,8,0x3fe85cc0
18868,34309,8,0x3ff21a00
18869,39210,8,0x3ffbd740
18870,37833,8,0x594c0
18871,32263,8,0xf5200
18872,32885,8,0x190f40
18873,32771,8,0x22cc80
18874,31772,8,0x2c89c0
18875,32294,8,0x364700
18876,34216,8,0x400440
18877,31144,8,0x49c180
18878,32501,8,0x537ec0
18879,32075,8,0x5d3c00
18880,32501,8,0x66f940
18881,30996,8,0x70b680
18882,32801,8,0x7a73c0
18883,32905,8,0x843100
18884,31459,8,0x8dee40
18885,31505,8,0x97ab80
18886,33476,8,0xa168c0
18887,37264,58,0xab2600
18888,37709,58,0xb4e340
18889,37852,58,0xbea080
18890,37933,58,0xc85dc0
18891,36966,58,0xd21b00
18892,37766,58,0xdbd840
18893,38980,58,0xe59580
18894,36935,58,0xef52c0
18895,37095,58,0xf91000
18896,38569,58,0x102cd40
18897,38649,58,0x10c8a80
18898,36552,58,0x11647c0
18899,38015,58,0x1200500
18900,37796,58,0x129c240
18901,37215,58,0x1337f80
18902,35702,58,0x13d3cc0
18903,38840,8,0x146fa00
18904,33485,8,0x150b740
18905,31533,8,0x15a7480
18906,31707,8,0x16431c0
18907,31899,8,0x16def00
18908,31857,8,0x177ac40
18909,32179,8,0x1816980
18910,31407,8,0x18b26c0
18911,31341,8,0x194e400
18912,32522,8,0x19ea140
18913,32330,8,0x1a85e80
18914,31750,8,0x1b21bc0
18915,35615,58,0x1bbd900
18916,37909,58,0x1c59640
18917,37048,58,0x1cf5380
18918,37215,58,0x1d910c0
18919,37407,58,0x1e2ce00
18920,38208,58,0x1ec8b40
18921,38102,58,0x1f64880
18922,34862,58,0x20005c0
18923,35939,58,0x209c300
18924,37559,58,0x2138040
18925,37422,58,0x21d3d80
18926,36190,58,0x226fac0
18927,36725,58,0x230b800
18928,35956,58,0x23a7540
18929,36453,58,0x2443280
18930,32056,8,0x24defc0
18931,40061,8,0x257ad00
18932,33999,8,0x2616a40
18933,34910,8,0x26b2780
18934,32954,8,0x274e4c0
18935,33307,8,0x27ea200
18936,33913,8,0x2885f40
18937,32975,8,0x2921c80
18938,34295,8,0x29bd9c0
18939,32872,8,0x2a59700
18940,33533,8,0x2af5440
18941,33397,8,0x2b91180
18942,33195,8,0x2c2cec0
18943,33750,8,0x2cc8c00
18944,37161,8,0x2d64940
18945,35000,8,0x2e00680
18946,33454,8,0x2e9c3c0
18947,33192,8,0x2f38100
18948,34029,8,0x2fd3e40
18949,34386,8,0x306fb80
18950,32666,8,0x310b8c0
18951,32960,8,0x31a7600
18952,35119,8,0x3243340
18953,36392,8,0x32df080
18954,34396,8,0x337adc0
18955,34649,8,0x3416b00
18956,33591,8,0x34b2840
18957,34144,8,0x354e580
18958,32591,8,0x35ea2c0
18959,32906,8,0x3686000
18960,34689,8,0x3721d40
18961,34422,8,0x37bda80
18962,33691,8,0x38597c0
18963,33561,8,0x38f5500
18964,33375,8,0x3991240
18965,33350,8,0x3a2cf80
18966,32987,8,0x3ac8cc0
18967,33680,8,0x3b64a00
18968,33764,8,0x3c00740
18969,33014,8,0x3c9c480
18970,33384,8,0x3d381c0
18971,33609,8,0x3dd3f00
18972,35673,8,0x3e6fc40
18973,33385,8,0x3f0b980
18974,33332,8,0x3fa76c0
18975,35426,8,0x4043400
18976,34604,8,0x40df140
18977,33752,8,0x417ae80
18978,33725,8,0x4216bc0
18979,34076,8,0x42b2900
18980,36711,8,0x434e640
18981,35994,8,0x43ea380
18982,32819,8,0x44860c0
18983,33860,8,0x4521e00
18984,34534,8,0x45bdb40
18985,33793,8,0x4659880
18986,33325,8,0x46f55c0
18987,34177,8,0x4791300
18988,33381,8,0x482d040
18989,34046,8,0x48c8d80
18990,34145,8,0x4964ac0
18991,35223,8,0x4a00800
18992,33676,8,0x4a9c540
18993,32242,8,0x4b38280
18994,35627,8,0x4bd3fc0
18995,34704,8,0x4c6fd00
18996,34231,8,0x4d0ba40
18997,32848,8,0x4da7780
18998,32617,8,0x4e434c0
18999,33826,8,0x4edf200
19000,34500,8,0x4f7af40
19001,33665,8,0x5016c80
19002,33762,8,0x50b29c0
19003,33817,8,0x514e700
19004,34716,8,0x51ea440
19005,33458,8,0x5286180
19006,35627,8,0x5321ec0
19007,34184,8,0x53bdc00
19008,33849,8,0x5459940
19009,38232,8,0x54f5680
19010,33284,8,0x55913c0
19011,34780,8,0x562d100
19012,34197,8,0x56c8e40
19013,33326,8,0x5764b80
19014,32313,8,0x58008c0
19015,34297,8,0x589c600
19016,33077,8,0x5938340
19017,32481,8,0x59d4080
19018,33124,8,0x5a6fdc0
19019,36008,8,0x5b0bb00
19020,33201,8,0x5ba7840
19021,34379,8,0x5c43580
19022,33089,8,0x5cdf2c0
19023,33983,8,0x5d7b000
19024,33393,8,0x5e16d40
19025,31788,8,0x5eb2a80
19026,33819,8,0x5f4e7c0
19027,34658,8,0x5fea500
19028,33744,8,0x6086240
19029,33324,8,0x6121f80
19030,32896,8,0x61bdcc0
19031,34148,8,0x6259a00
19032,32852,8,0x62f5740
19033,32263,8,0x6391480
19034,34019,8,0x642d1c0
19035,33733,8,0x64c8f00
19036,33761,8,0x6564c40
19037,34471,8,0x6600980
19038,36155,8,0x669c6c0
19039,33243,8,0x6738400
19040,33081,8,0x67d4140
19041,33091,8,0x686fe80
19042,32576,8,0x690bbc0
19043,33205,8,0x69a7900
19044,34268,8,0x6a43640
19045,33429,8,0x6adf380
19046,32786,8,0x6b7b0c0
19047,34685,8,0x6c16e00
19048,33704,8,0x6cb2b40
19049,33512,8,0x6d4e880
19050,32622,8,0x6dea5c0
19051,34203,8,0x6e86300
19052,33493,8,0x6f22040
19053,33716,8,0x6fbdd80
19054,32471,8,0x7059ac0
19055,34447,8,0x70f5800
19056,32863,8,0x7191540
19057,33800,8,0x722d280
19058,35491,8,0x72c8fc0
19059,33998,8,0x7364d00
19060,33163,8,0x7400a40
19061,33248,8,0x749c780
19062,32237,8,0x75384c0
19063,35462,8,0x75d4200
19064,33985,8,0x766ff40
19065,33085,8,0x770bc80
19066,32200,8,0x77a79c0
19067,36448,8,0x7843700
19068,37496,8,0x78df440
19069,33438,8,0x797b180
19070,32863,8,0x7a16ec0
19071,33397,8,0x7ab2c00
19072,33692,8,0x7b4e940
19073,33816,8,0x7bea680
19074,32871,8,0x7c863c0
19075,33594,8,0x7d22100
19076,34264,8,0x7dbde40
19077,33267,8,0x7e59b80
19078,33732,8,0x7ef58c0
19079,34100,8,0x7f91600
19080,33942,8,0x802d340
19081,33615,8,0x80c9080
19082,32455,8,0x8164dc0
19083,33785,8,0x8200b00
19084,34365,8,0x829c840
19085,33536,8,0x8338580
19086,42713,8,0x83d42c0
19087,34456,8,0x8470000
19088,32579,8,0x850bd40
19089,32473,8,0x85a7a80
19090,34247,8,0x86437c0
19091,34051,8,0x86df500
19092,33595,8,0x877b240
19093,34125,8,0x8816f80
19094,33759,8,0x88b2cc0
19095,40929,8,0x894ea00
19096,33705,8,0x89ea740
19097,32239,8,0x8a86480
19098,33215,8,0x8b221c0
19099,33827,8,0x8bbdf00
19100,33165,8,0x8c59c40
19101,33137,8,0x8cf5980
19102,33575,8,0x8d916c0
19103,33579,8,0x8e2d400
19104,33082,8,0x8ec9140
19105,34113,8,0x8f64e80
19106,34167,8,0x9000bc0
19107,34000,8,0x909c900
19108,35211,8,0x9138640
19109,33003,8,0x91d4380
19110,33797,8,0x92700c0
19111,33582,8,0x930be00
19112,32664,8,0x93a7b40
19113,33268,8,0x9443880
19114,33887,8,0x94df5c0
19115,33904,8,0x957b300
19116,34312,8,0x9617040
19117,33072,8,0x96b2d80
19118,34372,8,0x974eac0
19119,33410,8,0x97ea800
19120,32747,8,0x9886540
19121,33290,8,0x9922280
19122,37117,8,0x99bdfc0
19123,34796,8,0x9a59d00
19124,35482,8,0x9af5a40
19125,32571,8,0x9b91780
19126,33840,8,0x9c2d4c0
19127,34739,8,0x9cc9200
19128,33437,8,0x9d64f40
19129,33915,8,0x9e00c80
19130,37580,8,0x9e9c9c0
19131,33844,8,0x9f38700
19132,33875,8,0x9fd4440
19133,32750,8,0xa070180
19134,34447,8,0xa10bec0
19135,33073,8,0xa1a7c00
19136,34107,8,0xa243940
19137,34133,8,0xa2df680
19138,33454,8,0xa37b3c0
19139,34034,8,0xa417100
19140,33184,8,0xa4b2e40
19141,33513,8,0xa54eb80
19142,34194,8,0xa5ea8c0
19143,33165,8,0xa686600
19144,32144,8,0xa722340
19145,32892,8,0xa7be080
19146,34194,8,0xa859dc0
19147,34295,8,0xa8f5b00
19148,33999,8,0xa991840
19149,33377,8,0xaa2d580
19150,35519,8,0xaac92c0
19151,33128,8,0xab65000
19152,39045,8,0xac00d40
19153,33252,8,0xac9ca80
19154,34025,8,0xad387c0
19155,34352,8,0xadd4500
19156,32935,8,0xae70240
19157,33875,8,0xaf0bf80
19158,34335,8,0xafa7cc0
19159,34108,8,0xb043a00
19160,32820,8,0xb0df740
19161,32695,8,0xb17b480
19162,33860,8,0xb2171c0
19163,34076,8,0xb2b2f00
19164,33615,8,0xb34ec40
19165,34522,8,0xb3ea980
19166,33606,8,0xb4866c0
19167,34653,8,0xb522400
19168,32132,8,0xb5be140
19169,33184,8,0xb659e80
19170,33230,8,0xb6f5bc0
19171,33238,8,0xb791900
19172,32995,8,0xb82d640
19173,32507,8,0xb8c9380
19174,33482,8,0xb9650c0
19175,33751,8,0xba00e00
19176,32992,8,0xba9cb40
19177,32819,8,0xbb38880
19178,33240,8,0xbbd45c0
19179,33785,8,0xbc70300
19180,33340,8,0xbd0c040
19181,36743,8,0xbda7d80
19182,35317,8,0xbe43ac0
19183,33791,8,0xbedf800
19184,33000,8,0xbf7b540
19185,33857,8,0xc017280
19186,35256,8,0xc0b2fc0
19187,33991,8,0xc14ed00
19188,32934,8,0xc1eaa40
19189,33416,8,0xc286780
19190,32992,8,0xc3224c0
19191,34796,8,0xc3be200
19192,36999,8,0xc459f40
19193,32621,8,0xc4f5c80
19194,33553,8,0xc5919c0
19195,34106,8,0xc62d700
19196,33636,8,0xc6c9440
19197,32700,8,0xc765180
19198,33980,8,0xc800ec0
19199,34386,8,0xc89cc00
19200,35625,8,0xc938940
19201,33575,8,0xc9d4680
19202,32390,8,0xca703c0
19203,32681,8,0xcb0c100
19204,32994,8,0xcba7e40
19205,33674,8,0xcc43b80
19206,33363,8,0xccdf8c0
19207,33498,8,0xcd7b600
19208,34132,8,0xce17340
19209,40147,8,0xceb3080
19210,35747,8,0xcf4edc0
19211,34177,8,0xcfeab00
19212,32580,8,0xd086840
19213,33503,8,0xd122580
19214,33973,8,0xd1be2c0
19215,33196,8,0xd25a000
19216,32917,8,0xd2f5d40
19217,33672,8,0xd391a80
19218,32903,8,0xd42d7c0
19219,32732,8,0xd4c9500
19220,33470,8,0xd565240
19221,33472,8,0xd600f80
19222,34579,8,0xd69ccc0
19223,33952,8,0xd738a00
19224,33025,8,0xd7d4740
19225,34118,8,0xd870480
19226,35317,8,0xd90c1c0
19227,32540,8,0xd9a7f00
19228,32221,8,0xda43c40
19229,34186,8,0xdadf980
19230,33621,8,0xdb7b6c0
19231,33681,8,0xdc17400
19232,32486,8,0xdcb3140
19233,35044,8,0xdd4ee80
19234,33996,8,0xddeabc0
19235,32977,8,0xde86900
19236,32800,8,0xdf22640
19237,33849,8,0xdfbe380
19238,37538,8,0xe05a0c0
19239,32787,8,0xe0f5e00
19240,33017,8,0xe191b40
19241,35016,8,0xe22d880
19242,33144,8,0xe2c95c0
19243,32651,8,0xe365300
19244,33446,8,0xe401040
19245,33896,8,0xe49cd80
19246,33727,8,0xe538ac0
19247,32948,8,0xe5d4800
19248,32989,8,0xe670540
19249,33748,8,0xe70c280
19250,35229,8,0xe7a7fc0
19251,33137,8,0xe843d00
19252,32624,8,0xe8dfa40
19253,34990,8,0xe97b780
19254,37996,8,0xea174c0
19255,35009,8,0xeab3200
19256,33467,8,0xeb4ef40
19257,33961,8,0xebeac80
19258,34180,8,0xec869c0
19259,32844,8,0xed22700
19260,33255,8,0xedbe440
19261,33827,8,0xee5a180
19262,33205,8,0xeef5ec0
19263,33089,8,0xef91c00
19264,33125,8,0xf02d940
19265,33144,8,0xf0c9680
19266,34181,8,0xf1653c0
19267,34894,8,0xf201100
19268,32502,8,0xf29ce40
19269,34502,8,0xf338b80
19270,34896,8,0xf3d48c0
19271,34898,8,0xf470600
19272,32640,8,0xf50c340
19273,33597,8,0xf5a8080
19274,33740,8,0xf643dc0
19275,33219,8,0xf6dfb00
19276,32935,8,0xf77b840
19277,35234,8,0xf817580
19278,33309,8,0xf8b32c0
19279,33338,8,0xf94f000
19280,32792,8,0xf9ead40
19281,33505,8,0xfa86a80
19282,33569,8,0xfb227c0
19283,34268,8,0xfbbe500
19284,32695,8,0xfc5a240
19285,35489,8,0xfcf5f80
19286,34238,8,0xfd91cc0
19287,33634,8,0xfe2da00
19288,33145,8,0xfec9740
19289,33609,8,0xff65480
19290,34710,8,0x100011c0
19291,33418,8,0x1009cf00
19292,32736,8,0x10138c40
19293,33721,8,0x101d4980
19294,33899,8,0x102706c0
19295,39870,8,0x1030c400
19296,34396,8,0x103a8140
19297,33447,8,0x10443e80
19298,33943,8,0x104dfbc0
19299,33840,8,0x1057b900
19300,34076,8,0x10617640
19301,34024,8,0x106b3380
19302,33707,8,0x1074f0c0
19303,32986,8,0x107eae00
19304,33436,8,0x10886b40
19305,33432,8,0x10922880
19306,34374,8,0x109be5c0
19307,32634,8,0x10a5a300
19308,31733,8,0x10af6040
19309,33688,8,0x10b91d80
19310,33861,8,0x10c2dac0
19311,33816,8,0x10cc9800
19312,33531,8,0x10d65540
19313,33890,8,0x10e01280
19314,46202,8,0x10e9cfc0
19315,35253,8,0x10f38d00
19316,37235,8,0x10fd4a40
19317,34223,8,0x11070780
19318,33313,8,0x1110c4c0
19319,33299,8,0x111a8200
19320,35960,8,0x11243f40
19321,32211,8,0x112dfc80
19322,33349,8,0x1137b9c0
19323,38462,8,0x11417700
19324,34212,8,0x114b3440
19325,33857,8,0x1154f180
19326,33757,8,0x115eaec0
19327,33232,8,0x11686c00
19328,33918,8,0x11722940
19329,35164,8,0x117be680
19330,33574,8,0x1185a3c0
19331,32947,8,0x118f6100
19332,33345,8,0x11991e40
19333,35824,8,0x11a2db80
19334,32906,8,0x11ac98c0
19335,33611,8,0x11b65600
19336,34353,8,0x11c01340
19337,33738,8,0x11c9d080
19338,33226,8,0x11d38dc0
19339,33113,8,0x11dd4b00
19340,33795,8,0x11e70840
19341,33973,8,0x11f0c580
19342,32937,8,0x11fa82c0
19343,34198,8,0x12044000
19344,35015,8,0x120dfd40
19345,32771,8,0x1217ba80
19346,33580,8,0x122177c0
19347,32743,8,0x122b3500
19348,33978,8,0x1234f240
19349,33695,8,0x123eaf80
19350,32695,8,0x12486cc0
19351,33252,8,0x12522a00
19352,37030,8,0x125be740
19353,32179,8,0x1265a480
19354,33210,8,0x126f61c0
19355,33669,8,0x12791f00
19356,33815,8,0x1282dc40
19357,33643,8,0x128c9980
19358,31955,8,0x129656c0
19359,35147,8,0x12a01400
19360,34165,8,0x12a9d140
19361,34109,8,0x12b38e80
19362,33451,8,0x12bd4bc0
19363,33857,8,0x12c70900
19364,33793,8,0x12d0c640
19365,34894,8,0x12da8380
19366,32643,8,0x12e440c0
19367,33315,8,0x12edfe00
19368,33451,8,0x12f7bb40
19369,34698,8,0x13017880
19370,33645,8,0x130b35c0
19371,33193,8,0x1314f300
19372,33685,8,0x131eb040
19373,33916,8,0x13286d80
19374,34525,8,0x13322ac0
19375,33848,8,0x133be800
19376,33770,8,0x1345a540
19377,33109,8,0x134f6280
19378,38835,8,0x13591fc0
19379,33690,8,0x1362dd00
19380,39512,8,0x136c9a40
19381,35152,8,0x13765780
19382,32613,8,0x138014c0
19383,33694,8,0x1389d200
19384,34109,8,0x13938f40
19385,34027,8,0x139d4c80
19386,33625,8,0x13a709c0
19387,33253,8,0x13b0c700
19388,34940,8,0x13ba8440
19389,34661,8,0x13c44180
19390,32074,8,0x13cdfec0
19391,33194,8,0x13d7bc00
19392,33126,8,0x13e17940
19393,33238,8,0x13eb3680
19394,33277,8,0x13f4f3c0
19395,32575,8,0x13feb100
19396,33837,8,0x14086e40
19397,33662,8,0x14122b80
19398,32816,8,0x141be8c0
19399,34037,8,0x1425a600
19400,33789,8,0x142f6340
19401,33194,8,0x14392080
19402,33450,8,0x1442ddc0
19403,34655,8,0x144c9b00
19404,34101,8,0x14565840
19405,33934,8,0x14601580
19406,32564,8,0x1469d2c0
19407,33453,8,0x14739000
19408,33149,8,0x147d4d40
19409,38188,8,0x14870a80
19410,33552,8,0x1490c7c0
19411,33151,8,0x149a8500
19412,34128,8,0x14a44240
19413,32865,8,0x14adff80
19414,33075,8,0x14b7bcc0
19415,34107,8,0x14c17a00
19416,33841,8,0x14cb3740
19417,33541,8,0x14d4f480
19418,33770,8,0x14deb1c0
19419,32967,8,0x14e86f00
19420,32885,8,0x14f22c40
19421,33463,8,0x14fbe980
19422,33672,8,0x1505a6c0
19423,34189,8,0x150f6400
19424,33513,8,0x15192140
19425,33524,8,0x1522de80
19426,32553,8,0x152c9bc0
19427,32268,8,0x15365900
19428,41259,8,0x15401640
19429,35130,8,0x1549d380
19430,34202,8,0x155390c0
19431,32824,8,0x155d4e00
19432,33567,8,0x15670b40
19433,34846,8,0x1570c880
19434,32430,8,0x157a85c0
19435,33447,8,0x15844300
19436,34280,8,0x158e0040
19437,35297,8,0x1597bd80
19438,35867,8,0x15a17ac0
19439,33411,8,0x15ab3800
19440,33046,8,0x15b4f540
19441,37100,8,0x15beb280
19442,35906,8,0x15c86fc0
19443,34429,8,0x15d22d00
19444,33307,8,0x15dbea40
19445,32926,8,0x15e5a780
19446,33451,8,0x15ef64c0
19447,34969,8,0x15f92200
19448,34501,8,0x1602df40
19449,33496,8,0x160c9c80
19450,32518,8,0x161659c0
19451,33365,8,0x16201700
19452,33269,8,0x1629d440
19453,34038,8,0x16339180
19454,33576,8,0x163d4ec0
19455,33839,8,0x16470c00
19456,34568,8,0x1650c940
19457,33392,8,0x165a8680
19458,32878,8,0x166443c0
19459,34598,8,0x166e0100
19460,33511,8,0x1677be40
19461,33804,8,0x16817b80
19462,34135,8,0x168b38c0
19463,33186,8,0x1694f600
19464,33573,8,0x169eb340
19465,34031,8,0x16a87080
19466,39228,8,0x16b22dc0
19467,35216,8,0x16bbeb00
19468,33811,8,0x16c5a840
19469,33361,8,0x16cf6580
19470,33648,8,0x16d922c0
19471,33268,8,0x16e2e000
19472,34209,8,0x16ec9d40
19473,33419,8,0x16f65a80
19474,32320,8,0x170017c0
19475,34469,8,0x1709d500
19476,34360,8,0x17139240
19477,34894,8,0x171d4f80
19478,33349,8,0x17270cc0
19479,33832,8,0x1730ca00
19480,32446,8,0x173a8740
19481,34002,8,0x17444480
19482,34015,8,0x174e01c0
19483,33564,8,0x1757bf00
19484,35093,8,0x17617c40
19485,33571,8,0x176b3980
19486,33301,8,0x1774f6c0
19487,34166,8,0x177eb400
19488,33611,8,0x17887140
19489,33990,8,0x17922e80
19490,32598,8,0x179bebc0
19491,33852,8,0x17a5a900
19492,35511,8,0x17af6640
19493,33066,8,0x17b92380
19494,40505,8,0x17c2e0c0
19495,35292,8,0x17cc9e00
19496,34218,8,0x17d65b40
19497,33098,8,0x17e01880
19498,33054,8,0x17e9d5c0
19499,34270,8,0x17f39300
19500,33719,8,0x17fd5040
19501,33774,8,0x18070d80
19502,33244,8,0x1810cac0
19503,37283,8,0x181a8800
19504,33404,8,0x18244540
19505,32935,8,0x182e0280
19506,36995,8,0x1837bfc0
19507,35257,8,0x18417d00
19508,33284,8,0x184b3a40
19509,33249,8,0x1854f780
19510,32860,8,0x185eb4c0
19511,33619,8,0x18687200
19512,33908,8,0x18722f40
19513,34382,8,0x187bec80
19514,32739,8,0x1885a9c0
19515,34069,8,0x188f6700
19516,34087,8,0x18992440
19517,33742,8,0x18a2e180
19518,33742,8,0x18ac9ec0
19519,33514,8,0x18b65c00
19520,33901,8,0x18c01940
19521,34235,8,0x18c9d680
19522,33836,8,0x18d393c0
19523,35942,8,0x18dd5100
19524,34142,8,0x18e70e40
19525,33979,8,0x18f0cb80
19526,32435,8,0x18fa88c0
19527,33705,8,0x19044600
19528,33925,8,0x190e0340
19529,33118,8,0x1917c080
19530,33374,8,0x19217dc0
19531,33534,8,0x192b3b00
19532,33385,8,0x1934f840
19533,34208,8,0x193eb580
19534,32712,8,0x194872c0
19535,33731,8,0x19523000
19536,35308,8,0x195bed40
19537,33247,8,0x1965aa80
19538,32466,8,0x196f67c0
19539,34543,8,0x19792500
19540,33027,8,0x1982e240
19541,34380,8,0x198c9f80
19542,41891,8,0x19965cc0
19543,34220,8,0x19a01a00
19544,32790,8,0x19a9d740
19545,33715,8,0x19b39480
19546,33966,8,0x19bd51c0
19547,33381,8,0x19c70f00
19548,33180,8,0x19d0cc40
19549,32871,8,0x19da8980
19550,33215,8,0x19e446c0
19551,42362,8,0x19ee0400
19552,34610,8,0x19f7c140
19553,33683,8,0x1a017e80
19554,32889,8,0x1a0b3bc0
19555,34533,8,0x1a14f900
19556,33521,8,0x1a1eb640
19557,33028,8,0x1a287380
19558,32759,8,0x1a3230c0
19559,34680,8,0x1a3bee00
19560,33262,8,0x1a45ab40
19561,33073,8,0x1a4f6880
19562,32708,8,0x1a5925c0
19563,33625,8,0x1a62e300
19564,33521,8,0x1a6ca040
19565,37000,8,0x1a765d80
19566,34624,8,0x1a801ac0
19567,34028,8,0x1a89d800
19568,33922,8,0x1a939540
19569,32469,8,0x1a9d5280
19570,35174,8,0x1aa70fc0
19571,35294,8,0x1ab0cd00
19572,33539,8,0x1aba8a40
19573,33413,8,0x1ac44780
19574,33466,8,0x1ace04c0
19575,33924,8,0x1ad7c200
19576,32938,8,0x1ae17f40
19577,33053,8,0x1aeb3c80
19578,33111,8,0x1af4f9c0
19579,34531,8,0x1afeb700
19580,37653,8,0x1b087440
19581,33547,8,0x1b123180
19582,33364,8,0x1b1beec0
19583,34078,8,0x1b25ac00
19584,33681,8,0x1b2f6940
19585,32526,8,0x1b392680
19586,33388,8,0x1b42e3c0
19587,34751,8,0x1b4ca100
19588,32748,8,0x1b565e40
19589,33427,8,0x1b601b80
19590,33130,8,0x1b69d8c0
19591,34343,8,0x1b739600
19592,33041,8,0x1b7d5340
19593,32646,8,0x1b871080
19594,33010,8,0x1b90cdc0
19595,35746,8,0x1b9a8b00
19596,33545,8,0x1ba44840
19597,33781,8,0x1bae0580
19598,32770,8,0x1bb7c2c0
19599,34491,8,0x1bc18000
19600,33916,8,0x1bcb3d40
19601,33107,8,0x1bd4fa80
19602,32746,8,0x1bdeb7c0
19603,35062,8,0x1be87500
19604,33248,8,0x1bf23240
19605,33228,8,0x1bfbef80
19606,33038,8,0x1c05acc0
19607,34095,8,0x1c0f6a00
19608,39115,8,0x1c192740
19609,35752,8,0x1c22e480
19610,35202,8,0x1c2ca1c0
19611,34034,8,0x1c365f00
19612,33369,8,0x1c401c40
19613,32184,8,0x1c49d980
19614,32970,8,0x1c5396c0
19615,34695,8,0x1c5d5400
19616,32736,8,0x1c671140
19617,33538,8,0x1c70ce80
19618,33902,8,0x1c7a8bc0
19619,33829,8,0x1c844900
19620,33953,8,0x1c8e0640
19621,33055,8,0x1c97c380
19622,32548,8,0x1ca180c0
19623,33824,8,0x1cab3e00
19624,33228,8,0x1cb4fb40
19625,34252,8,0x1cbeb880
19626,32953,8,0x1cc875c0
19627,36601,8,0x1cd23300
19628,33434,8,0x1cdbf040
19629,33291,8,0x1ce5ad80
19630,32521,8,0x1cef6ac0
19631,33208,8,0x1cf92800
19632,33896,8,0x1d02e540
19633,33247,8,0x1d0ca280
19634,34970,8,0x1d165fc0
19635,35843,8,0x1d201d00
19636,33061,8,0x1d29da40
19637,38085,8,0x1d339780
19638,32888,8,0x1d3d54c0
19639,35906,8,0x1d471200
19640,34607,8,0x1d50cf40
19641,32780,8,0x1d5a8c80
19642,32757,8,0x1d6449c0
19643,34684,8,0x1d6e0700
19644,33677,8,0x1d77c440
19645,32748,8,0x1d818180
19646,32327,8,0x1d8b3ec0
19647,36107,8,0x1d94fc00
19648,34127,8,0x1d9eb940
19649,32383,8,0x1da87680
19650,33926,8,0x1db233c0
19651,35337,8,0x1dbbf100
19652,32934,8,0x1dc5ae40
19653,32618,8,0x1dcf6b80
19654,34844,8,0x1dd928c0
19655,39610,8,0x1de2e600
19656,35486,8,0x1deca340
19657,33926,8,0x1df66080
19658,33527,8,0x1e001dc0
19659,33183,8,0x1e09db00
19660,32927,8,0x1e139840
19661,32570,8,0x1e1d5580
19662,33097,8,0x1e2712c0
19663,34460,8,0x1e30d000
19664,33111,8,0x1e3a8d40
19665,40017,8,0x1e444a80
19666,34814,8,0x1e4e07c0
19667,34532,8,0x1e57c500
19668,33542,8,0x1e618240
19669,34160,8,0x1e6b3f80
19670,33583,8,0x1e74fcc0
19671,34347,8,0x1e7eba00
19672,33521,8,0x1e887740
19673,33152,8,0x1e923480
19674,33214,8,0x1e9bf1c0
19675,34013,8,0x1ea5af00
19676,33425,8,0x1eaf6c40
19677,32582,8,0x1eb92980
19678,33455,8,0x1ec2e6c0
19679,33938,8,0x1ecca400
19680,32510,8,0x1ed66140
19681,33271,8,0x1ee01e80
19682,34435,8,0x1ee9dbc0
19683,33700,8,0x1ef39900
19684,34721,8,0x1efd5640
19685,32551,8,0x1f071380
19686,34203,8,0x1f10d0c0
19687,33697,8,0x1f1a8e00
19688,33093,8,0x1f244b40
19689,36468,8,0x1f2e0880
19690,33101,8,0x1f37c5c0
19691,33026,8,0x1f418300
19692,33883,8,0x1f4b4040
19693,32670,8,0x1f54fd80
19694,36037,8,0x1f5ebac0
19695,34006,8,0x1f687800
19696,33203,8,0x1f723540
19697,33360,8,0x1f7bf280
19698,36656,8,0x1f85afc0
19699,34059,8,0x1f8f6d00
19700,32649,8,0x1f992a40
19701,32768,8,0x1fa2e780
19702,34069,8,0x1faca4c0
19703,33711,8,0x1fb66200
19704,33118,8,0x1fc01f40
19705,34249,8,0x1fc9dc80
19706,33867,8,0x1fd399c0
19707,33277,8,0x1fdd5700
19708,32765,8,0x1fe71440
19709,32632,8,0x1ff0d180
19710,34969,8,0x1ffa8ec0
19711,33812,8,0x20044c00
19712,32733,8,0x200e0940
19713,34494,8,0x2017c680
19714,34599,8,0x202183c0
19715,33710,8,0x202b4100
19716,33073,8,0x2034fe40
19717,33737,8,0x203ebb80
19718,33983,8,0x204878c0
19719,34122,8,0x20523600
19720,35032,8,0x205bf340
19721,33470,8,0x2065b080
19722,37497,8,0x206f6dc0
19723,35294,8,0x20792b00
19724,33660,8,0x2082e840
19725,33554,8,0x208ca580
19726,34007,8,0x209662c0
19727,33601,8,0x20a02000
19728,34556,8,0x20a9dd40
19729,33531,8,0x20b39a80
19730,33815,8,0x20bd57c0
19731,34087,8,0x20c71500
19732,33680,8,0x20d0d240
19733,33133,8,0x20da8f80
19734,33735,8,0x20e44cc0
19735,34241,8,0x20ee0a00
19736,32762,8,0x20f7c740
19737,32423,8,0x21018480
19738,34121,8,0x210b41c0
19739,33146,8,0x2114ff00
19740,32604,8,0x211ebc40
19741,32514,8,0x21287980
19742,32926,8,0x213236c0
19743,36246,8,0x213bf400
19744,33368,8,0x2145b140
19745,33461,8,0x214f6e80
19746,33491,8,0x21592bc0
19747,33891,8,0x2162e900
19748,33335,8,0x216ca640
19749,32267,8,0x21766380
19750,33496,8,0x218020c0
19751,44139,8,0x2189de00
19752,33911,8,0x21939b40
19753,33508,8,0x219d5880
19754,33802,8,0x21a715c0
19755,33559,8,0x21b0d300
19756,33744,8,0x21ba9040
19757,32813,8,0x21c44d80
19758,35329,8,0x21ce0ac0
19759,33452,8,0x21d7c800
19760,31891,8,0x21e18540
19761,32774,8,0x21eb4280
19762,35948,8,0x21f4ffc0
19763,33938,8,0x21febd00
19764,33613,8,0x22087a40
19765,32688,8,0x22123780
19766,33891,8,0x221bf4c0
19767,33702,8,0x2225b200
19768,32805,8,0x222f6f40
19769,32586,8,0x22392c80
19770,41355,8,0x2242e9c0
19771,34458,8,0x224ca700
19772,35406,8,0x22566440
19773,34416,8,0x22602180
19774,33376,8,0x2269dec0
19775,33353,8,0x22739c00
19776,33606,8,0x227d5940
19777,32945,8,0x22871680
19778,33232,8,0x2290d3c0
19779,37534,8,0x229a9100
19780,34118,8,0x22a44e40
19781,33517,8,0x22ae0b80
19782,33446,8,0x22b7c8c0
19783,32180,8,0x22c18600
19784,32320,8,0x22cb4340
19785,34240,8,0x22d50080
19786,32590,8,0x22debdc0
19787,34976,8,0x22e87b00
19788,33026,8,0x22f23840
19789,34271,8,0x22fbf580
19790,34916,8,0x2305b2c0
19791,32625,8,0x230f7000
19792,33060,8,0x23192d40
19793,33880,8,0x2322ea80
19794,33388,8,0x232ca7c0
19795,34056,8,0x23366500
19796,32845,8,0x23402240
19797,33663,8,0x2349df80
19798,33799,8,0x23539cc0
19799,33116,8,0x235d5a00
19800,33011,8,0x23671740
19801,33795,8,0x2370d480
19802,35135,8,0x237a91c0
19803,32931,8,0x23844f00
19804,32343,8,0x238e0c40
19805,33771,8,0x2397c980
19806,34972,8,0x23a186c0
19807,34117,8,0x23ab4400
19808,39766,8,0x23b50140
19809,35844,8,0x23bebe80
19810,32340,8,0x23c87bc0
19811,34389,8,0x23d23900
19812,33417,8,0x23dbf640
19813,36781,8,0x23e5b380
19814,33121,8,0x23ef70c0
19815,32679,8,0x23f92e00
19816,34106,8,0x2402eb40
19817,34597,8,0x240ca880
19818,31920,8,0x241665c0
19819,33944,8,0x24202300
19820,32830,8,0x2429e040
19821,33523,8,0x24339d80
19822,33935,8,0x243d5ac0
19823,34542,8,0x24471800
19824,32972,8,0x2450d540
19825,33770,8,0x245a9280
19826,35012,8,0x24644fc0
19827,33763,8,0x246e0d00
19828,33259,8,0x2477ca40
19829,33948,8,0x24818780
19830,33129,8,0x248b44c0
19831,35474,8,0x24950200
19832,33100,8,0x249ebf40
19833,33587,8,0x24a87c80
19834,33082,8,0x24b239c0
19835,33280,8,0x24bbf700
19836,34838,8,0x24c5b440
19837,35317,8,0x24cf7180
19838,32890,8,0x24d92ec0
19839,33381,8,0x24e2ec00
19840,32911,8,0x24eca940
19841,33199,8,0x24f66680
19842,34727,8,0x250023c0
19843,33396,8,0x2509e100
19844,33018,8,0x25139e40
19845,34338,8,0x251d5b80
19846,35471,8,0x252718c0
19847,33188,8,0x2530d600
19848,33496,8,0x253a9340
19849,34511,8,0x25445080
19850,32451,8,0x254e0dc0
19851,32964,8,0x2557cb00
19852,32860,8,0x25618840
19853,35183,8,0x256b4580
19854,33858,8,0x257502c0
19855,33128,8,0x257ec000
19856,33383,8,0x25887d40
19857,34106,8,0x25923a80
19858,32928,8,0x259bf7c0
19859,33999,8,0x25a5b500
19860,32571,8,0x25af7240
19861,36129,8,0x25b92f80
19862,33627,8,0x25c2ecc0
19863,34258,8,0x25ccaa00
19864,32848,8,0x25d66740
19865,41261,8,0x25e02480
19866,35199,8,0x25e9e1c0
19867,33931,8,0x25f39f00
19868,31908,8,0x25fd5c40
19869,34596,8,0x26071980
19870,33421,8,0x2610d6c0
19871,32371,8,0x261a9400
19872,32845,8,0x26245140
19873,33656,8,0x262e0e80
19874,33017,8,0x2637cbc0
19875,38627,8,0x26418900
19876,34133,8,0x264b4640
19877,33743,8,0x26550380
19878,32839,8,0x265ec0c0
19879,33079,8,0x26687e00
19880,32884,8,0x26723b40
19881,33586,8,0x267bf880
19882,32730,8,0x2685b5c0
19883,33397,8,0x268f7300
19884,40779,8,0x26993040
19885,36332,8,0x26a2ed80
19886,32716,8,0x26acaac0
19887,32142,8,0x26b66800
19888,34120,8,0x26c02540
19889,34261,8,0x26c9e280
19890,36522,8,0x26d39fc0
19891,32951,8,0x26dd5d00
19892,32840,8,0x26e71a40
19893,34189,8,0x26f0d780
19894,35653,8,0x26fa94c0
19895,33300,8,0x27045200
19896,33431,8,0x270e0f40
19897,34229,8,0x2717cc80
19898,33212,8,0x272189c0
19899,32821,8,0x272b4700
19900,33598,8,0x27350440
19901,34295,8,0x273ec180
19902,33749,8,0x27487ec0
19903,33139,8,0x27523c00
19904,33975,8,0x275bf940
19905,34542,8,0x2765b680
19906,32702,8,0x276f73c0
19907,33994,8,0x27793100
19908,36489,8,0x2782ee40
19909,33669,8,0x278cab80
19910,32759,8,0x279668c0
19911,32976,8,0x27a02600
19912,33568,8,0x27a9e340
19913,33791,8,0x27b3a080
19914,33547,8,0x27bd5dc0
19915,32709,8,0x27c71b00
19916,33398,8,0x27d0d840
19917,34146,8,0x27da9580
19918,33118,8,0x27e452c0
19919,33114,8,0x27ee1000
19920,34719,8,0x27f7cd40
19921,32801,8,0x28018a80
19922,38513,8,0x280b47c0
19923,34402,8,0x28150500
19924,33392,8,0x281ec240
19925,33541,8,0x28287f80
19926,33422,8,0x28323cc0
19927,34752,8,0x283bfa00
19928,33521,8,0x2845b740
19929,32850,8,0x284f7480
19930,32762,8,0x285931c0
19931,34625,8,0x2862ef00
19932,33174,8,0x286cac40
19933,33946,8,0x28766980
19934,34375,8,0x288026c0
19935,35231,8,0x2889e400
19936,33578,8,0x2893a140
19937,37074,8,0x289d5e80
19938,33209,8,0x28a71bc0
19939,33232,8,0x28b0d900
19940,33475,8,0x28ba9640
19941,33852,8,0x28c45380
19942,33443,8,0x28ce10c0
19943,33612,8,0x28d7ce00
19944,33757,8,0x28e18b40
19945,31711,8,0x28eb4880
19946,33171,8,0x28f505c0
19947,33226,8,0x28fec300
19948,33852,8,0x29088040
19949,34231,8,0x29123d80
19950,34885,8,0x291bfac0
19951,38902,8,0x2925b800
19952,33741,8,0x292f7540
19953,32427,8,0x29393280
19954,35276,8,0x2942efc0
19955,34187,8,0x294cad00
19956,33827,8,0x29566a40
19957,33656,8,0x29602780
19958,33381,8,0x2969e4c0
19959,34376,8,0x2973a200
19960,33704,8,0x297d5f40
19961,32617,8,0x29871c80
19962,32674,8,0x2990d9c0
19963,32996,8,0x299a9700
19964,34405,8,0x29a45440
19965,34206,8,0x29ae1180
19966,33057,8,0x29b7cec0
19967,33469,8,0x29c18c00
19968,34036,8,0x29cb4940
19969,32590,8,0x29d50680
19970,32950,8,0x29dec3c0
19971,33641,8,0x29e88100
19972,33788,8,0x29f23e40
19973,33594,8,0x29fbfb80
19974,32652,8,0x2a05b8c0
19975,34219,8,0x2a0f7600
19976,33177,8,0x2a193340
19977,33289,8,0x2a22f080
19978,34227,8,0x2a2cadc0
19979,41945,8,0x2a366b00
19980,36275,8,0x2a402840
19981,33400,8,0x2a49e580
19982,32400,8,0x2a53a2c0
19983,32975,8,0x2a5d6000
19984,32745,8,0x2a671d40
19985,32604,8,0x2a70da80
19986,32863,8,0x2a7a97c0
19987,33757,8,0x2a845500
19988,33708,8,0x2a8e1240
19989,32359,8,0x2a97cf80
19990,32274,8,0x2aa18cc0
19991,34133,8,0x2aab4a00
19992,33585,8,0x2ab50740
19993,33317,8,0x2abec480
19994,35413,8,0x2ac881c0
19995,33548,8,0x2ad23f00
19996,33495,8,0x2adbfc40
19997,34008,8,0x2ae5b980
19998,39792,8,0x2aef76c0
19999,38659,8,0x2af93400
20000,34620,8,0x2b02f140
20001,32843,8,0x2b0cae80
20002,32689,8,0x2b166bc0
20003,34679,8,0x2b202900
20004,33744,8,0x2b29e640
20005,32862,8,0x2b33a380
20006,32543,8,0x2b3d60c0
20007,33661,8,0x2b471e00
20008,36193,8,0x2b50db40
20009,34889,8,0x2b5a9880
20010,32498,8,0x2b6455c0
20011,33988,8,0x2b6e1300
20012,33651,8,0x2b77d040
20013,33101,8,0x2b818d80
20014,32271,8,0x2b8b4ac0
20015,34505,8,0x2b950800
20016,33635,8,0x2b9ec540
20017,33723,8,0x2ba88280
20018,35068,8,0x2bb23fc0
20019,34908,8,0x2bbbfd00
20020,33948,8,0x2bc5ba40
20021,32848,8,0x2bcf7780
20022,32711,8,0x2bd934c0
20023,35678,8,0x2be2f200
20024,33147,8,0x2becaf40
20025,32991,8,0x2bf66c80
20026,33801,8,0x2c0029c0
20027,33808,8,0x2c09e700
20028,34193,8,0x2c13a440
20029,32713,8,0x2c1d6180
20030,33699,8,0x2c271ec0
20031,33885,8,0x2c30dc00
20032,33888,8,0x2c3a9940
20033,33647,8,0x2c445680
20034,33666,8,0x2c4e13c0
20035,34669,8,0x2c57d100
20036,38829,8,0x2c618e40
20037,34032,8,0x2c6b4b80
20038,34075,8,0x2c7508c0
20039,33961,8,0x2c7ec600
20040,32646,8,0x2c888340
20041,33187,8,0x2c924080
20042,33502,8,0x2c9bfdc0
20043,33998,8,0x2ca5bb00
20044,34406,8,0x2caf7840
20045,43946,8,0x2cb93580
20046,31914,8,0x2cc2f2c0
20047,34122,8,0x2cccb000
20048,31548,8,0x2cd66d40
20049,31745,8,0x2ce02a80
20050,32662,8,0x2ce9e7c0
20051,33731,8,0x2cf3a500
20052,33333,8,0x2cfd6240
20053,33883,8,0x2d071f80
20054,32122,8,0x2d10dcc0
20055,32978,8,0x2d1a9a00
20056,31740,8,0x2d245740
20057,32723,8,0x2d2e1480
20058,32916,8,0x2d37d1c0
20059,32707,8,0x2d418f00
20060,32679,8,0x2d4b4c40
20061,36506,8,0x2d550980
20062,32317,8,0x2d5ec6c0
20063,32714,8,0x2d688400
20064,31846,8,0x2d724140
20065,39908,8,0x2d7bfe80
20066,34516,8,0x2d85bbc0
20067,32658,8,0x2d8f7900
20068,33869,8,0x2d993640
20069,32783,8,0x2da2f380
20070,31550,8,0x2dacb0c0
20071,32588,8,0x2db66e00
20072,32551,8,0x2dc02b40
20073,33551,8,0x2dc9e880
20074,31740,8,0x2dd3a5c0
20075,31954,8,0x2ddd6300
20076,33002,8,0x2de72040
20077,32366,8,0x2df0dd80
20078,32919,8,0x2dfa9ac0
20079,33951,8,0x2e045800
20080,31925,8,0x2e0e1540
20081,32860,8,0x2e17d280
20082,36096,8,0x2e218fc0
20083,33791,8,0x2e2b4d00
20084,31951,8,0x2e350a40
20085,33406,8,0x2e3ec780
20086,31954,8,0x2e4884c0
20087,32873,8,0x2e524200
20088,33922,8,0x2e5bff40
20089,33446,8,0x2e65bc80
20090,32454,8,0x2e6f79c0
20091,32531,8,0x2e793700
20092,33651,8,0x2e82f440
20093,31910,8,0x2e8cb180
20094,34526,8,0x2e966ec0
20095,35428,8,0x2ea02c00
20096,32583,8,0x2ea9e940
20097,34527,8,0x2eb3a680
20098,32432,8,0x2ebd63c0
20099,33422,8,0x2ec72100
20100,32913,8,0x2ed0de40
20101,32337,8,0x2eda9b80
20102,31938,8,0x2ee458c0
20103,32447,8,0x2eee1600
20104,32339,8,0x2ef7d340
20105,32789,8,0x2f019080
20106,31908,8,0x2f0b4dc0
20107,32938,8,0x2f150b00
20108,33299,8,0x2f1ec840
20109,32174,8,0x2f288580
20110,32568,8,0x2f3242c0
20111,33401,8,0x2f3c0000
20112,33731,8,0x2f45bd40
20113,33681,8,0x2f4f7a80
20114,38655,8,0x2f5937c0
20115,33862,8,0x2f62f500
20116,33426,8,0x2f6cb240
20117,31948,8,0x2f766f80
20118,33096,8,0x2f802cc0
20119,32642,8,0x2f89ea00
20120,32515,8,0x2f93a740
20121,34034,8,0x2f9d6480
20122,37785,8,0x2fa721c0
20123,47391,8,0x2fb0df00
20124,33995,8,0x2fba9c40
20125,32196,8,0x2fc45980
20126,31484,8,0x2fce16c0
20127,34651,8,0x2fd7d400
20128,33487,8,0x2fe19140
20129,32275,8,0x2feb4e80
20130,31234,8,0x2ff50bc0
20131,33151,8,0x2ffec900
20132,32408,8,0x30088640
20133,32749,8,0x30124380
20134,31755,8,0x301c00c0
20135,32154,8,0x3025be00
20136,32131,8,0x302f7b40
20137,31699,8,0x30393880
20138,33029,8,0x3042f5c0
20139,34698,8,0x304cb300
20140,33745,8,0x30567040
20141,34227,8,0x30602d80
20142,34113,8,0x3069eac0
20143,31896,8,0x3073a800
20144,32143,8,0x307d6540
20145,31697,8,0x30872280
20146,34986,8,0x3090dfc0
20147,34270,8,0x309a9d00
20148,32287,8,0x30a45a40
20149,32848,8,0x30ae1780
20150,33316,8,0x30b7d4c0
20151,32628,8,0x30c19200
20152,32406,8,0x30cb4f40
20153,32121,8,0x30d50c80
20154,33487,8,0x30dec9c0
20155,32558,8,0x30e88700
20156,34044,8,0x30f24440
20157,33337,8,0x30fc0180
20158,32662,8,0x3105bec0
20159,32280,8,0x310f7c00
20160,31680,8,0x31193940
20161,32003,8,0x3122f680
20162,32991,8,0x312cb3c0
20163,34070,8,0x31367100
20164,31664,8,0x31402e40
20165,32524,8,0x3149eb80
20166,32297,8,0x3153a8c0
20167,32171,8,0x315d6600
20168,32162,8,0x31672340
20169,33072,8,0x3170e080
20170,32562,8,0x317a9dc0
20171,34170,8,0x31845b00
20172,32461,8,0x318e1840
20173,32905,8,0x3197d580
20174,32578,8,0x31a192c0
20175,32436,8,0x31ab5000
20176,31356,8,0x31b50d40
20177,32153,8,0x31beca80
20178,32049,8,0x31c887c0
20179,34047,8,0x31d24500
20180,32463,8,0x31dc0240
20181,32152,8,0x31e5bf80
20182,32168,8,0x31ef7cc0
20183,32557,8,0x31f93a00
20184,32746,8,0x3202f740
20185,35383,8,0x320cb480
20186,33735,8,0x321671c0
20187,33566,8,0x32202f00
20188,32735,8,0x3229ec40
20189,32897,8,0x3233a980
20190,32179,8,0x323d66c0
20191,33664,8,0x32472400
20192,32957,8,0x3250e140
20193,32722,8,0x325a9e80
20194,32677,8,0x32645bc0
20195,33985,8,0x326e1900
20196,32045,8,0x3277d640
20197,32214,8,0x32819380
20198,32580,8,0x328b50c0
20199,31929,8,0x32950e00
20200,33082,8,0x329ecb40
20201,33333,8,0x32a88880
20202,32674,8,0x32b245c0
20203,33678,8,0x32bc0300
20204,32412,8,0x32c5c040
20205,32807,8,0x32cf7d80
20206,32202,8,0x32d93ac0
20207,32493,8,0x32e2f800
20208,32512,8,0x32ecb540
20209,31680,8,0x32f67280
20210,35209,8,0x33002fc0
20211,33916,8,0x3309ed00
20212,31860,8,0x3313aa40
20213,32966,8,0x331d6780
20214,32012,8,0x332724c0
20215,35375,8,0x3330e200
20216,32380,8,0x333a9f40
20217,31923,8,0x33445c80
20218,33385,8,0x334e19c0
20219,32962,8,0x3357d700
20220,32126,8,0x33619440
20221,32925,8,0x336b5180
20222,32755,8,0x33750ec0
20223,33017,8,0x337ecc00
20224,31977,8,0x33888940
20225,31625,8,0x33924680
20226,32877,8,0x339c03c0
20227,32973,8,0x33a5c100
20228,32175,8,0x33af7e40
20229,32373,8,0x33b93b80
20230,33894,8,0x33c2f8c0
20231,40151,8,0x33ccb600
20232,32822,8,0x33d67340
20233,32043,8,0x33e03080
20234,32682,8,0x33e9edc0
20235,33685,8,0x33f3ab00
20236,32113,8,0x33fd6840
20237,32470,8,0x34072580
20238,33177,8,0x3410e2c0
20239,33288,8,0x341aa000
20240,31997,8,0x34245d40
20241,31636,8,0x342e1a80
20242,33269,8,0x3437d7c0
20243,32799,8,0x34419500
20244,31744,8,0x344b5240
20245,33250,8,0x34550f80
20246,33529,8,0x345eccc0
20247,37402,8,0x34688a00
20248,31197,8,0x34724740
20249,31823,8,0x347c0480
20250,32976,8,0x3485c1c0
20251,32802,8,0x348f7f00
20252,32500,8,0x34993c40
20253,32703,8,0x34a2f980
20254,32147,8,0x34acb6c0
20255,33083,8,0x34b67400
20256,32025,8,0x34c03140
20257,32068,8,0x34c9ee80
20258,33795,8,0x34d3abc0
20259,34078,8,0x34dd6900
20260,33389,8,0x34e72640
20261,32339,8,0x34f0e380
20262,32643,8,0x34faa0c0
20263,33215,8,0x35045e00
20264,31651,8,0x350e1b40
20265,32451,8,0x3517d880
20266,32818,8,0x352195c0
20267,32711,8,0x352b5300
20268,32705,8,0x35351040
20269,32082,8,0x353ecd80
20270,32976,8,0x35488ac0
20271,33340,8,0x35524800
20272,32407,8,0x355c0540
20273,31230,8,0x3565c280
20274,35590,8,0x356f7fc0
20275,35279,8,0x35793d00
20276,32661,8,0x3582fa40
20277,31750,8,0x358cb780
20278,33387,8,0x359674c0
20279,33779,8,0x35a03200
20280,32460,8,0x35a9ef40
20281,31784,8,0x35b3ac80
20282,32543,8,0x35bd69c0
20283,32443,8,0x35c72700
20284,33595,8,0x35d0e440
20285,32314,8,0x35daa180
20286,32350,8,0x35e45ec0
20287,32670,8,0x35ee1c00
20288,32229,8,0x35f7d940
20289,34523,8,0x36019680
20290,32623,8,0x360b53c0
20291,33259,8,0x36151100
20292,32640,8,0x361ece40
20293,32487,8,0x36288b80
20294,32116,8,0x363248c0
20295,33051,8,0x363c0600
20296,31890,8,0x3645c340
20297,31806,8,0x364f8080
20298,32456,8,0x36593dc0
20299,33385,8,0x3662fb00
20300,32946,8,0x366cb840
20301,32405,8,0x36767580
20302,32239,8,0x368032c0
20303,34185,8,0x3689f000
20304,33948,8,0x3693ad40
20305,32846,8,0x369d6a80
20306,32311,8,0x36a727c0
20307,32183,8,0x36b0e500
20308,32934,8,0x36baa240
20309,36625,8,0x36c45f80
20310,32064,8,0x36ce1cc0
20311,32839,8,0x36d7da00
20312,31784,8,0x36e19740
20313,32296,8,0x36eb5480
20314,32328,8,0x36f511c0
20315,31891,8,0x36fecf00
20316,32138,8,0x37088c40
20317,32942,8,0x37124980
20318,32416,8,0x371c06c0
20319,34693,8,0x3725c400
20320,32191,8,0x372f8140
20321,33282,8,0x37393e80
20322,32157,8,0x3742fbc0
20323,33122,8,0x374cb900
20324,31133,8,0x37567640
20325,32640,8,0x37603380
20326,32628,8,0x3769f0c0
20327,33242,8,0x3773ae00
20328,32600,8,0x377d6b40
20329,32342,8,0x37872880
20330,32498,8,0x3790e5c0
20331,31501,8,0x379aa300
20332,31638,8,0x37a46040
20333,33326,8,0x37ae1d80
20334,34029,8,0x37b7dac0
20335,32794,8,0x37c19800
20336,31344,8,0x37cb5540
20337,33614,8,0x37d51280
20338,33851,8,0x37decfc0
20339,33173,8,0x37e88d00
20340,32584,8,0x37f24a40
20341,33311,8,0x37fc0780
20342,39087,8,0x3805c4c0
20343,32666,8,0x380f8200
20344,31635,8,0x38193f40
20345,32386,8,0x3822fc80
20346,32697,8,0x382cb9c0
20347,31181,8,0x38367700
20348,33750,8,0x38403440
20349,38362,8,0x3849f180
20350,34176,8,0x3853aec0
20351,33470,8,0x385d6c00
20352,31155,8,0x38672940
20353,32958,8,0x3870e680
20354,32194,8,0x387aa3c0
20355,31883,8,0x38846100
20356,31976,8,0x388e1e40
20357,39355,8,0x3897db80
20358,34932,8,0x38a198c0
20359,32757,8,0x38ab5600
20360,31897,8,0x38b51340
20361,32737,8,0x38bed080
20362,32719,8,0x38c88dc0
20363,32846,8,0x38d24b00
20364,32011,8,0x38dc0840
20365,33185,8,0x38e5c580
20366,31970,8,0x38ef82c0
20367,32455,8,0x38f94000
20368,31788,8,0x3902fd40
20369,32650,8,0x390cba80
20370,32331,8,0x391677c0
20371,36754,8,0x39203500
20372,31822,8,0x3929f240
20373,32770,8,0x3933af80
20374,32205,8,0x393d6cc0
20375,32293,8,0x39472a00
20376,31781,8,0x3950e740
20377,33243,8,0x395aa480
20378,34608,8,0x396461c0
20379,31740,8,0x396e1f00
20380,31478,8,0x3977dc40
20381,33180,8,0x39819980
20382,32238,8,0x398b56c0
20383,32507,8,0x39951400
20384,31819,8,0x399ed140
20385,33017,8,0x39a88e80
20386,32200,8,0x39b24bc0
20387,33295,8,0x39bc0900
20388,32258,8,0x39c5c640
20389,32701,8,0x39cf8380
20390,32867,8,0x39d940c0
20391,32127,8,0x39e2fe00
20392,31666,8,0x39ecbb40
20393,33715,8,0x39f67880
20394,32904,8,0x3a0035c0
20395,31788,8,0x3a09f300
20396,32110,8,0x3a13b040
20397,33428,8,0x3a1d6d80
20398,32153,8,0x3a272ac0
20399,31818,8,0x3a30e800
20400,31893,8,0x3a3aa540
20401,32400,8,0x3a446280
20402,34037,8,0x3a4e1fc0
20403,33098,8,0x3a57dd00
20404,31643,8,0x3a619a40
20405,32075,8,0x3a6b5780
20406,31854,8,0x3a7514c0
20407,34148,8,0x3a7ed200
20408,32124,8,0x3a888f40
20409,31944,8,0x3a924c80
20410,32447,8,0x3a9c09c0
20411,32281,8,0x3aa5c700
20412,31484,8,0x3aaf8440
20413,32160,8,0x3ab94180
20414,33033,8,0x3ac2fec0
20415,32167,8,0x3accbc00
20416,30792,8,0x3ad67940
20417,33355,8,0x3ae03680
20418,32153,8,0x3ae9f3c0
20419,33345,8,0x3af3b100
20420,31818,8,0x3afd6e40
20421,33363,8,0x3b072b80
20422,33689,8,0x3b10e8c0
20423,32861,8,0x3b1aa600
20424,31291,8,0x3b246340
20425,32158,8,0x3b2e2080
20426,32582,8,0x3b37ddc0
20427,33137,8,0x3b419b00
20428,32584,8,0x3b4b5840
20429,32309,8,0x3b551580
20430,33621,8,0x3b5ed2c0
20431,32814,8,0x3b689000
20432,31027,8,0x3b724d40
20433,36381,8,0x3b7c0a80
20434,32633,8,0x3b85c7c0
20435,31816,8,0x3b8f8500
20436,31285,8,0x3b994240
20437,33877,8,0x3ba2ff80
20438,32960,8,0x3bacbcc0
20439,32492,8,0x3bb67a00
20440,31366,8,0x3bc03740
20441,32276,8,0x3bc9f480
20442,32428,8,0x3bd3b1c0
20443,34475,8,0x3bdd6f00
20444,31133,8,0x3be72c40
20445,31981,8,0x3bf0e980
20446,32859,8,0x3bfaa6c0
20447,32799,8,0x3c046400
20448,31445,8,0x3c0e2140
20449,32653,8,0x3c17de80
20450,33079,8,0x3c219bc0
20451,31969,8,0x3c2b5900
20452,33677,8,0x3c351640
20453,33023,8,0x3c3ed380
20454,32187,8,0x3c4890c0
20455,32271,8,0x3c524e00
20456,31908,8,0x3c5c0b40
20457,32256,8,0x3c65c880
20458,31688,8,0x3c6f85c0
20459,31713,8,0x3c794300
20460,32210,8,0x3c830040
20461,32399,8,0x3c8cbd80
20462,32473,8,0x3c967ac0
20463,32514,8,0x3ca03800
20464,31476,8,0x3ca9f540
20465,33619,8,0x3cb3b280
20466,36375,8,0x3cbd6fc0
20467,40208,8,0x3cc72d00
20468,34101,8,0x3cd0ea40
20469,34257,8,0x3cdaa780
20470,31218,8,0x3ce464c0
20471,33087,8,0x3cee2200
20472,32216,8,0x3cf7df40
20473,40522,8,0x3d019c80
20474,31735,8,0x3d0b59c0
20475,32102,8,0x3d151700
20476,32018,8,0x3d1ed440
20477,33367,8,0x3d289180
20478,31432,8,0x3d324ec0
20479,31413,8,0x3d3c0c00
20480,32975,8,0x3d45c940
20481,32931,8,0x3d4f8680
20482,32538,8,0x3d5943c0
20483,33897,8,0x3d630100
20484,32650,8,0x3d6cbe40
20485,32458,8,0x3d767b80
20486,32402,8,0x3d8038c0
20487,32353,8,0x3d89f600
20488,33428,8,0x3d93b340
20489,32903,8,0x3d9d7080
20490,31749,8,0x3da72dc0
20491,32598,8,0x3db0eb00
20492,33000,8,0x3dbaa840
20493,32535,8,0x3dc46580
20494,31518,8,0x3dce22c0
20495,36365,8,0x3dd7e000
20496,34032,8,0x3de19d40
20497,32439,8,0x3deb5a80
20498,32133,8,0x3df517c0
20499,33901,8,0x3dfed500
20500,32838,8,0x3e089240
20501,32353,8,0x3e124f80
20502,31938,8,0x3e1c0cc0
20503,31941,8,0x3e25ca00
20504,32464,8,0x3e2f8740
20505,32284,8,0x3e394480
20506,32006,8,0x3e4301c0
20507,32469,8,0x3e4cbf00
20508,31897,8,0x3e567c40
20509,32789,8,0x3e603980
20510,31331,8,0x3e69f6c0
20511,35022,8,0x3e73b400
20512,32438,8,0x3e7d7140
20513,32408,8,0x3e872e80
20514,32328,8,0x3e90ebc0
20515,33624,8,0x3e9aa900
20516,32129,8,0x3ea46640
20517,32104,8,0x3eae2380
20518,32713,8,0x3eb7e0c0
20519,32516,8,0x3ec19e00
20520,32348,8,0x3ecb5b40
20521,31870,8,0x3ed51880
20522,32546,8,0x3eded5c0
20523,32465,8,0x3ee89300
20524,32655,8,0x3ef25040
20525,32594,8,0x3efc0d80
20526,33956,8,0x3f05cac0
20527,31657,8,0x3f0f8800
20528,32778,8,0x3f194540
20529,32950,8,0x3f230280
20530,34541,8,0x3f2cbfc0
20531,31636,8,0x3f367d00
20532,33590,8,0x3f403a40
20533,33797,8,0x3f49f780
20534,31570,8,0x3f53b4c0
20535,32889,8,0x3f5d7200
20536,32246,8,0x3f672f40
20537,32438,8,0x3f70ec80
20538,32870,8,0x3f7aa9c0
20539,31760,8,0x3f846700
20540,33753,8,0x3f8e2440
20541,33670,8,0x3f97e180
20542,31688,8,0x3fa19ec0
20543,31154,8,0x3fab5c00
20544,32404,8,0x3fb51940
20545,32603,8,0x3fbed680
20546,31808,8,0x3fc893c0
20547,32166,8,0x3fd25100
20548,32602,8,0x3fdc0e40
20549,32732,8,0x3fe5cb80
20550,31600,8,0x3fef88c0
20551,31951,8,0x3ff94600
20552,36287,8,0x30380
20553,31711,8,0xcc0c0
20554,30939,8,0x167e00
20555,31651,8,0x203b40
20556,32032,8,0x29f880
20557,31404,8,0x33b5c0
20558,29803,8,0x3d7300
20559,31104,8,0x473040
20560,30884,8,0x50ed80
20561,29998,8,0x5aaac0
20562,30917,8,0x646800
20563,29189,8,0x6e2540
20564,30560,8,0x77e280
20565,31875,8,0x819fc0
20566,30017,8,0x8b5d00
20567,30658,8,0x951a40
20568,31812,8,0x9ed780
20569,31714,8,0xa894c0
20570,34574,58,0xb25200
20571,34564,58,0xbc0f40
20572,37059,58,0xc5cc80
20573,36912,58,0xcf89c0
20574,35981,58,0xd94700
20575,35130,58,0xe30440
20576,36895,58,0xecc180
20577,35227,58,0xf67ec0
20578,36005,58,0x1003c00
20579,37057,58,0x109f940
20580,37497,58,0x113b680
20581,34997,58,0x11d73c0
20582,35745,58,0x1273100
20583,35270,58,0x130ee40
20584,36160,58,0x13aab80
20585,42216,8,0x14468c0
20586,32469,8,0x14e2600
20587,31029,8,0x157e340
20588,32368,8,0x161a080
20589,29861,8,0x16b5dc0
20590,30596,8,0x1751b00
20591,30680,8,0x17ed840
20592,30788,8,0x1889580
20593,30979,8,0x19252c0
20594,30817,8,0x19c1000
20595,31739,8,0x1a5cd40
20596,31589,8,0x1af8a80
20597,34574,58,0x1b947c0
20598,37092,58,0x1c30500
20599,36856,58,0x1ccc240
20600,34150,58,0x1d67f80
20601,36059,58,0x1e03cc0
20602,34476,58,0x1e9fa00
20603,35493,58,0x1f3b740
20604,35019,58,0x1fd7480
20605,35234,58,0x20731c0
20606,33362,58,0x210ef00
20607,34750,58,0x21aac40
20608,36013,58,0x2246980
20609,33490,58,0x22e26c0
20610,33969,58,0x237e400
20611,36077,58,0x241a140
20612,35531,58,0x24b5e80
20613,37523,8,0x2551bc0
20614,32057,8,0x25ed900
20615,32918,8,0x2689640
20616,32910,8,0x2725380
20617,32721,8,0x27c10c0
20618,36072,8,0x285ce00
20619,33658,8,0x28f8b40
20620,33294,8,0x2994880
20621,32704,8,0x2a305c0
20622,32199,8,0x2acc300
20623,32124,8,0x2b68040
20624,32628,8,0x2c03d80
20625,31820,8,0x2c9fac0
20626,32787,8,0x2d3b800
20627,33208,8,0x2dd7540
20628,32452,8,0x2e73280
20629,34761,8,0x2f0efc0
20630,33360,8,0x2faad00
20631,32241,8,0x3046a40
20632,32460,8,0x30e2780
20633,43009,8,0x317e4c0
20634,32681,8,0x321a200
20635,32136,8,0x32b5f40
20636,31825,8,0x3351c80
20637,32561,8,0x33ed9c0
20638,30756,8,0x3489700
20639,32810,8,0x3525440
20640,32786,8,0x35c1180
20641,32416,8,0x365cec0
20642,30832,8,0x36f8c00
20643,31342,8,0x3794940
20644,32342,8,0x3830680
20645,32318,8,0x38cc3c0
20646,31544,8,0x3968100
20647,32248,8,0x3a03e40
20648,32241,8,0x3a9fb80
20649,32804,8,0x3b3b8c0
20650,31850,8,0x3bd7600
20651,31602,8,0x3c73340
20652,32342,8,0x3d0f080
20653,31334,8,0x3daadc0
20654,31692,8,0x3e46b00
20655,31637,8,0x3ee2840
20656,31989,8,0x3f7e580
20657,32787,8,0x401a2c0
20658,30648,8,0x40b6000
20659,32366,8,0x4151d40
20660,32739,8,0x41eda80
20661,32254,8,0x42897c0
20662,31236,8,0x4325500
20663,33204,8,0x43c1240
20664,31670,8,0x445cf80
20665,31610,8,0x44f8cc0
20666,31156,8,0x4594a00
20667,32206,8,0x4630740
20668,31327,8,0x46cc480
20669,30558,8,0x47681c0
20670,31698,8,0x4803f00
20671,31660,8,0x489fc40
20672,32043,8,0x493b980
20673,32472,8,0x49d76c0
20674,30799,8,0x4a73400
20675,33822,8,0x4b0f140
20676,31979,8,0x4baae80
20677,31978,8,0x4c46bc0
20678,31476,8,0x4ce2900
20679,32939,8,0x4d7e640
20680,35469,8,0x4e1a380
20681,32058,8,0x4eb60c0
20682,30795,8,0x4f51e00
20683,33505,8,0x4fedb40
20684,33086,8,0x5089880
20685,31532,8,0x51255c0
20686,31719,8,0x51c1300
20687,31676,8,0x525d040
20688,32495,8,0x52f8d80
20689,31861,8,0x5394ac0
20690,32314,8,0x5430800
20691,32595,8,0x54cc540
20692,32205,8,0x5568280
20693,33219,8,0x5603fc0
20694,31978,8,0x569fd00
20695,32054,8,0x573ba40
20696,32021,8,0x57d7780
20697,33108,8,0x58734c0
20698,31738,8,0x590f200
20699,33101,8,0x59aaf40
20700,31143,8,0x5a46c80
20701,31116,8,0x5ae29c0
20702,31141,8,0x5b7e700
20703,37812,8,0x5c1a440
20704,34690,8,0x5cb6180
20705,32307,8,0x5d51ec0
20706,32047,8,0x5dedc00
20707,31682,8,0x5e89940
20708,31547,8,0x5f25680
20709,33340,8,0x5fc13c0
20710,32733,8,0x605d100
20711,32477,8,0x60f8e40
20712,32374,8,0x6194b80
20713,32181,8,0x62308c0
20714,31980,8,0x62cc600
20715,32281,8,0x6368340
20716,31896,8,0x6404080
20717,32051,8,0x649fdc0
20718,31724,8,0x653bb00
20719,33486,8,0x65d7840
20720,32050,8,0x6673580
20721,32390,8,0x670f2c0
20722,32989,8,0x67ab000
20723,31786,8,0x6846d40
20724,31656,8,0x68e2a80
20725,31848,8,0x697e7c0
20726,32220,8,0x6a1a500
20727,32531,8,0x6ab6240
20728,32459,8,0x6b51f80
20729,33114,8,0x6bedcc0
20730,32571,8,0x6c89a00
20731,31695,8,0x6d25740
20732,31597,8,0x6dc1480
20733,31563,8,0x6e5d1c0
20734,33512,8,0x6ef8f00
20735,34418,8,0x6f94c40
20736,38677,8,0x7030980
20737,39942,8,0x70cc6c0
20738,33852,8,0x7168400
20739,31572,8,0x7204140
20740,31004,8,0x729fe80
20741,32593,8,0x733bbc0
20742,35070,8,0x73d7900
20743,32347,8,0x7473640
20744,31674,8,0x750f380
20745,31384,8,0x75ab0c0
20746,31518,8,0x7646e00
20747,32238,8,0x76e2b40
20748,30848,8,0x777e880
20749,33396,8,0x781a5c0
20750,32009,8,0x78b6300
20751,31113,8,0x7952040
20752,31795,8,0x79edd80
20753,32012,8,0x7a89ac0
20754,32796,8,0x7b25800
20755,32100,8,0x7bc1540
20756,31429,8,0x7c5d280
20757,34404,8,0x7cf8fc0
20758,31810,8,0x7d94d00
20759,32018,8,0x7e30a40
20760,31780,8,0x7ecc780
20761,31127,8,0x7f684c0
20762,32702,8,0x8004200
20763,33573,8,0x809ff40
20764,30984,8,0x813bc80
20765,31802,8,0x81d79c0
20766,31860,8,0x8273700
20767,31923,8,0x830f440
20768,33053,8,0x83ab180
20769,31880,8,0x8446ec0
20770,32877,8,0x84e2c00
20771,32587,8,0x857e940
20772,32166,8,0x861a680
20773,32454,8,0x86b63c0
20774,33599,8,0x8752100
20775,31837,8,0x87ede40
20776,31774,8,0x8889b80
20777,30822,8,0x89258c0
20778,33075,8,0x89c1600
20779,31668,8,0x8a5d340
20780,31057,8,0x8af9080
20781,32416,8,0x8b94dc0
20782,32318,8,0x8c30b00
20783,31631,8,0x8ccc840
20784,31867,8,0x8d68580
20785,32208,8,0x8e042c0
20786,32833,8,0x8ea0000
20787,31851,8,0x8f3bd40
20788,31555,8,0x8fd7a80
20789,32580,8,0x90737c0
20790,32253,8,0x910f500
20791,32915,8,0x91ab240
20792,31964,8,0x9246f80
20793,32774,8,0x92e2cc0
20794,31707,8,0x937ea00
20795,32219,8,0x941a740
20796,31628,8,0x94b6480
20797,31639,8,0x95521c0
20798,32726,8,0x95edf00
20799,31894,8,0x9689c40
20800,32201,8,0x9725980
20801,31207,8,0x97c16c0
20802,32246,8,0x985d400
20803,32308,8,0x98f9140
20804,35139,8,0x9994e80
20805,32737,8,0x9a30bc0
20806,31570,8,0x9acc900
20807,31302,8,0x9b68640
20808,33670,8,0x9c04380
20809,32229,8,0x9ca00c0
20810,32564,8,0x9d3be00
20811,32623,8,0x9dd7b40
20812,31727,8,0x9e73880
20813,32183,8,0x9f0f5c0
20814,31820,8,0x9fab300
20815,31919,8,0xa047040
20816,30753,8,0xa0e2d80
20817,31545,8,0xa17eac0
20818,32583,8,0xa21a800
20819,32370,8,0xa2b6540
20820,31675,8,0xa352280
20821,33248,8,0xa3edfc0
20822,40556,8,0xa489d00
20823,32687,8,0xa525a40
20824,32001,8,0xa5c1780
20825,31655,8,0xa65d4c0
20826,31469,8,0xa6f9200
20827,30880,8,0xa794f40
20828,31096,8,0xa830c80
20829,31869,8,0xa8cc9c0
20830,31068,8,0xa968700
20831,31809,8,0xaa04440
20832,31686,8,0xaaa0180
20833,31585,8,0xab3bec0
20834,31820,8,0xabd7c00
20835,31676,8,0xac73940
20836,32081,8,0xad0f680
20837,33905,8,0xadab3c0
20838,31330,8,0xae47100
20839,31712,8,0xaee2e40
20840,31946,8,0xaf7eb80
20841,32448,8,0xb01a8c0
20842,32542,8,0xb0b6600
20843,31309,8,0xb152340
20844,31486,8,0xb1ee080
20845,32276,8,0xb289dc0
20846,31687,8,0xb325b00
20847,31758,8,0xb3c1840
20848,30972,8,0xb45d580
20849,31872,8,0xb4f92c0
20850,31213,8,0xb595000
20851,30886,8,0xb630d40
20852,32597,8,0xb6cca80
20853,32749,8,0xb7687c0
20854,31337,8,0xb804500
20855,31656,8,0xb8a0240
20856,31568,8,0xb93bf80
20857,31798,8,0xb9d7cc0
20858,31379,8,0xba73a00
20859,31055,8,0xbb0f740
20860,31419,8,0xbbab480
20861,31812,8,0xbc471c0
20862,31898,8,0xbce2f00
20863,32231,8,0xbd7ec40
20864,31905,8,0xbe1a980
20865,32087,8,0xbeb66c0
20866,35061,8,0xbf52400
20867,32508,8,0xbfee140
20868,31372,8,0xc089e80
20869,34085,8,0xc125bc0
20870,31090,8,0xc1c1900
20871,32237,8,0xc25d640
20872,31315,8,0xc2f9380
20873,31703,8,0xc3950c0
20874,31875,8,0xc430e00
20875,31074,8,0xc4ccb40
20876,30762,8,0xc568880
20877,33527,8,0xc6045c0
20878,31135,8,0xc6a0300
20879,32872,8,0xc73c040
20880,31879,8,0xc7d7d80
20881,31648,8,0xc873ac0
20882,32726,8,0xc90f800
20883,31292,8,0xc9ab540
20884,31048,8,0xca47280
20885,33790,8,0xcae2fc0
20886,31959,8,0xcb7ed00
20887,32452,8,0xcc1aa40
20888,31224,8,0xccb6780
20889,31784,8,0xcd524c0
20890,32828,8,0xcdee200
20891,30800,8,0xce89f40
20892,30916,8,0xcf25c80
20893,32691,8,0xcfc19c0
20894,32140,8,0xd05d700
20895,31812,8,0xd0f9440
20896,32261,8,0xd195180
20897,32207,8,0xd230ec0
20898,32982,8,0xd2ccc00
20899,30378,8,0xd368940
20900,30829,8,0xd404680
20901,32666,8,0xd4a03c0
20902,31814,8,0xd53c100
20903,31715,8,0xd5d7e40
20904,30800,8,0xd673b80
20905,32115,8,0xd70f8c0
20906,31833,8,0xd7ab600
20907,30276,8,0xd847340
20908,31613,8,0xd8e3080
20909,32621,8,0xd97edc0
20910,31673,8,0xda1ab00
20911,33029,8,0xdab6840
20912,31393,8,0xdb52580
20913,31744,8,0xdbee2c0
20914,31385,8,0xdc8a000
20915,32104,8,0xdd25d40
20916,30874,8,0xddc1a80
20917,32654,8,0xde5d7c0
20918,31744,8,0xdef9500
20919,31904,8,0xdf95240
20920,31611,8,0xe030f80
20921,32827,8,0xe0cccc0
20922,32436,8,0xe168a00
20923,31180,8,0xe204740
20924,31196,8,0xe2a0480
20925,33030,8,0xe33c1c0
20926,33032,8,0xe3d7f00
20927,31321,8,0xe473c40
20928,34569,8,0xe50f980
20929,32052,8,0xe5ab6c0
20930,32015,8,0xe647400
20931,30554,8,0xe6e3140
20932,31674,8,0xe77ee80
20933,33002,8,0xe81abc0
20934,31081,8,0xe8b6900
20935,31577,8,0xe952640
20936,31702,8,0xe9ee380
20937,31587,8,0xea8a0c0
20938,30887,8,0xeb25e00
20939,31457,8,0xebc1b40
20940,31315,8,0xec5d880
20941,35171,8,0xecf95c0
20942,31797,8,0xed95300
20943,32227,8,0xee31040
20944,36074,8,0xeeccd80
20945,33197,8,0xef68ac0
20946,32100,8,0xf004800
20947,30957,8,0xf0a0540
20948,32177,8,0xf13c280
20949,34796,8,0xf1d7fc0
20950,31965,8,0xf273d00
20951,32386,8,0xf30fa40
20952,30815,8,0xf3ab780
20953,32400,8,0xf4474c0
20954,31543,8,0xf4e3200
20955,32793,8,0xf57ef40
20956,31556,8,0xf61ac80
20957,31743,8,0xf6b69c0
20958,31845,8,0xf752700
20959,32023,8,0xf7ee440
20960,31849,8,0xf88a180
20961,33339,8,0xf925ec0
20962,31944,8,0xf9c1c00
20963,31846,8,0xfa5d940
20964,32000,8,0xfaf9680
20965,32640,8,0xfb953c0
20966,32358,8,0xfc31100
20967,32988,8,0xfccce40
20968,30821,8,0xfd68b80
20969,32404,8,0xfe048c0
20970,32531,8,0xfea0600
20971,31606,8,0xff3c340
20972,31165,8,0xffd8080
20973,32484,8,0x10073dc0
20974,32077,8,0x1010fb00
20975,33663,8,0x101ab840
20976,31734,8,0x10247580
20977,31069,8,0x102e32c0
20978,30803,8,0x1037f000
20979,31813,8,0x1041ad40
20980,31392,8,0x104b6a80
20981,32310,8,0x105527c0
20982,32211,8,0x105ee500
20983,33075,8,0x1068a240
20984,32357,8,0x10725f80
20985,33255,8,0x107c1cc0
20986,31852,8,0x1085da00
20987,32144,8,0x108f9740
20988,31696,8,0x10995480
20989,32678,8,0x10a311c0
20990,34479,8,0x10accf00
20991,31724,8,0x10b68c40
20992,31919,8,0x10c04980
20993,33250,8,0x10ca06c0
20994,31018,8,0x10d3c400
20995,32486,8,0x10dd8140
20996,31531,8,0x10e73e80
20997,33654,8,0x10f0fbc0
20998,31706,8,0x10fab900
20999,31755,8,0x11047640
21000,33151,8,0x110e3380
21001,32609,8,0x1117f0c0
21002,30408,8,0x1121ae00
21003,31557,8,0x112b6b40
21004,31656,8,0x11352880
21005,33251,8,0x113ee5c0
21006,32620,8,0x1148a300
21007,31770,8,0x11526040
21008,31377,8,0x115c1d80
21009,32398,8,0x1165dac0
21010,30894,8,0x116f9800
21011,32113,8,0x11795540
21012,32312,8,0x11831280
21013,33587,8,0x118ccfc0
21014,33445,8,0x11968d00
21015,31943,8,0x11a04a40
21016,32574,8,0x11aa0780
21017,33125,8,0x11b3c4c0
21018,31524,8,0x11bd8200
21019,31560,8,0x11c73f40
21020,32237,8,0x11d0fc80
21021,33389,8,0x11dab9c0
21022,31788,8,0x11e47700
21023,31057,8,0x11ee3440
21024,32688,8,0x11f7f180
21025,32451,8,0x1201aec0
21026,31827,8,0x120b6c00
21027,49530,8,0x12152940
21028,31411,8,0x121ee680
21029,33795,8,0x1228a3c0
21030,29603,8,0x12326100
21031,30083,8,0x123c1e40
21032,32214,8,0x1245db80
21033,32369,8,0x124f98c0
21034,30803,8,0x12595600
21035,30786,8,0x12631340
21036,30854,8,0x126cd080
21037,31577,8,0x12768dc0
21038,30534,8,0x12804b00
21039,30438,8,0x128a0840
21040,31711,8,0x1293c580
21041,31095,8,0x129d82c0
21042,30890,8,0x12a74000
21043,31010,8,0x12b0fd40
21044,32553,8,0x12baba80
21045,31541,8,0x12c477c0
21046,29653,8,0x12ce3500
21047,30427,8,0x12d7f240
21048,31459,8,0x12e1af80
21049,30573,8,0x12eb6cc0
21050,30757,8,0x12f52a00
21051,30943,8,0x12fee740
21052,34255,8,0x1308a480
21053,31445,8,0x131261c0
21054,31176,8,0x131c1f00
21055,30724,8,0x1325dc40
21056,31861,8,0x132f9980
21057,31028,8,0x133956c0
21058,31379,8,0x13431400
21059,32390,8,0x134cd140
21060,32374,8,0x13568e80
21061,32689,8,0x13604bc0
21062,29655,8,0x136a0900
21063,30593,8,0x1373c640
21064,31470,8,0x137d8380
21065,37568,8,0x138740c0
21066,31704,8,0x1390fe00
21067,32809,8,0x139abb40
21068,124806,8,0x13a47880
21069,53751,8,0x13ae35c0
21070,47094,8,0x13b7f300
21071,46922,8,0x13c1b040
21072,47336,8,0x13cb6d80
21073,45403,8,0x13d52ac0
21074,52708,8,0x13dee800
21075,46428,8,0x13e8a540
21076,47486,8,0x13f26280
21077,51041,8,0x13fc1fc0
21078,46702,8,0x1405dd00
21079,46776,8,0x140f9a40
21080,46350,8,0x14195780
21081,45765,8,0x142314c0
21082,46303,8,0x142cd200
21083,46157,8,0x14368f40
21084,73082,8,0x14404c80
21085,55971,8,0x144a09c0
21086,48102,8,0x1453c700
21087,47042,8,0x145d8440
21088,49545,8,0x14674180
21089,46904,8,0x1470fec0
21090,46051,8,0x147abc00
21091,46571,8,0x14847940
21092,46170,8,0x148e3680
21093,46723,8,0x1497f3c0
21094,51151,8,0x14a1b100
21095,45621,8,0x14ab6e40
21096,45708,8,0x14b52b80
21097,46264,8,0x14bee8c0
21098,45916,8,0x14c8a600
21099,45643,8,0x14d26340
21100,46506,8,0x14dc2080
21101,47397,8,0x14e5ddc0
21102,46995,8,0x14ef9b00
21103,49172,8,0x14f95840
21104,46252,8,0x15031580
21105,47388,8,0x150cd2c0
21106,47072,8,0x15169000
21107,45984,8,0x15204d40
21108,46134,8,0x152a0a80
21109,47611,8,0x1533c7c0
21110,46261,8,0x153d8500
21111,45177,8,0x15474240
21112,46525,8,0x1550ff80
21113,47210,8,0x155abcc0
21114,46029,8,0x15647a00
21115,46098,8,0x156e3740
21116,47699,8,0x1577f480
21117,46639,8,0x1581b1c0
21118,48967,8,0x158b6f00
21119,46300,8,0x15952c40
21120,49417,8,0x159ee980
21121,56447,8,0x15a8a6c0
21122,46539,8,0x15b26400
21123,46049,8,0x15bc2140
21124,46751,8,0x15c5de80
21125,47413,8,0x15cf9bc0
21126,47347,8,0x15d95900
21127,46093,8,0x15e31640
21128,47267,8,0x15ecd380
21129,46085,8,0x15f690c0
21130,45475,8,0x16004e00
21131,46594,8,0x160a0b40
21132,47345,8,0x1613c880
21133,49745,8,0x161d85c0
21134,46086,8,0x16274300
21135,45662,8,0x16310040
21136,47244,8,0x163abd80
21137,47122,8,0x16447ac0
21138,45263,8,0x164e3800
21139,49268,8,0x1657f540
21140,46604,8,0x1661b280
21141,51458,8,0x166b6fc0
21142,44813,8,0x16752d00
21143,47076,8,0x167eea40
21144,46825,8,0x1688a780
21145,46643,8,0x169264c0
21146,58095,8,0x169c2200
21147,49737,8,0x16a5df40
21148,46625,8,0x16af9c80
21149,47183,8,0x16b959c0
21150,45359,8,0x16c31700
21151,47020,8,0x16ccd440
21152,46746,8,0x16d69180
21153,46403,8,0x16e04ec0
21154,46265,8,0x16ea0c00
21155,45999,8,0x16f3c940
21156,49256,8,0x16fd8680
21157,47398,8,0x170743c0
21158,45886,8,0x17110100
21159,46665,8,0x171abe40
21160,46316,8,0x17247b80
21161,46009,8,0x172e38c0
21162,49466,8,0x1737f600
21163,48027,8,0x1741b340
21164,46046,8,0x174b7080
21165,46160,8,0x17552dc0
21166,46616,8,0x175eeb00
21167,46307,8,0x1768a840
21168,46333,8,0x17726580
21169,47115,8,0x177c22c0
21170,46688,8,0x1785e000
21171,47175,8,0x178f9d40
21172,45866,8,0x17995a80
21173,46541,8,0x17a317c0
21174,45604,8,0x17acd500
21175,46803,8,0x17b69240
21176,47229,8,0x17c04f80
21177,48197,8,0x17ca0cc0
21178,45892,8,0x17d3ca00
21179,47402,8,0x17dd8740
21180,45549,8,0x17e74480
21181,47151,8,0x17f101c0
21182,47009,8,0x17fabf00
21183,46496,8,0x18047c40
21184,53706,8,0x180e3980
21185,47613,8,0x1817f6c0
21186,47011,8,0x1821b400
21187,47530,8,0x182b7140
21188,46243,8,0x18352e80
21189,49330,8,0x183eebc0
21190,47204,8,0x1848a900
21191,47795,8,0x18526640
21192,50070,8,0x185c2380
21193,47705,8,0x1865e0c0
21194,47402,8,0x186f9e00
21195,48046,8,0x18795b40
21196,47317,8,0x18831880
21197,48011,8,0x188cd5c0
21198,47387,8,0x18969300
21199,48284,8,0x18a05040
21200,48095,8,0x18aa0d80
21201,48669,8,0x18b3cac0
21202,46682,8,0x18bd8800
21203,46702,8,0x18c74540
21204,46926,8,0x18d10280
21205,51777,8,0x18dabfc0
21206,50075,8,0x18e47d00
21207,47802,8,0x18ee3a40
21208,46813,8,0x18f7f780
21209,48178,8,0x1901b4c0
21210,46852,8,0x190b7200
21211,47725,8,0x19152f40
21212,47589,8,0x191eec80
21213,47762,8,0x1928a9c0
21214,46676,8,0x19326700
21215,48181,8,0x193c2440
21216,46553,8,0x1945e180
21217,47131,8,0x194f9ec0
21218,49695,8,0x19595c00
21219,46814,8,0x19631940
21220,47467,8,0x196cd680
21221,51101,8,0x197693c0
21222,45900,8,0x19805100
21223,47998,8,0x198a0e40
21224,47570,8,0x1993cb80
21225,47253,8,0x199d88c0
21226,47440,8,0x19a74600
21227,48023,8,0x19b10340
21228,55240,8,0x19bac080
21229,48984,8,0x19c47dc0
21230,47267,8,0x19ce3b00
21231,47424,8,0x19d7f840
21232,48381,8,0x19e1b580
21233,46725,8,0x19eb72c0
21234,47472,8,0x19f53000
21235,48492,8,0x19feed40
21236,50645,8,0x1a08aa80
21237,46473,8,0x1a1267c0
21238,47486,8,0x1a1c2500
21239,47829,8,0x1a25e240
21240,46440,8,0x1a2f9f80
21241,45893,8,0x1a395cc0
21242,47292,8,0x1a431a00
21243,47621,8,0x1a4cd740
21244,46655,8,0x1a569480
21245,46749,8,0x1a6051c0
21246,45653,8,0x1a6a0f00
21247,47496,8,0x1a73cc40
21248,47721,8,0x1a7d8980
21249,46919,8,0x1a8746c0
21250,47180,8,0x1a910400
21251,49883,8,0x1a9ac140
21252,46562,8,0x1aa47e80
21253,49208,8,0x1aae3bc0
21254,48644,8,0x1ab7f900
21255,48216,8,0x1ac1b640
21256,46925,8,0x1acb7380
21257,47646,8,0x1ad530c0
21258,47989,8,0x1adeee00
21259,47285,8,0x1ae8ab40
21260,46234,8,0x1af26880
21261,47376,8,0x1afc25c0
21262,46580,8,0x1b05e300
21263,48234,8,0x1b0fa040
21264,46164,8,0x1b195d80
21265,46414,8,0x1b231ac0
21266,50877,8,0x1b2cd800
21267,47256,8,0x1b369540
21268,46565,8,0x1b405280
21269,49941,8,0x1b4a0fc0
21270,46999,8,0x1b53cd00
21271,47849,8,0x1b5d8a40
21272,46583,8,0x1b674780
21273,47151,8,0x1b7104c0
21274,47805,8,0x1b7ac200
21275,47386,8,0x1b847f40
21276,45976,8,0x1b8e3c80
21277,46934,8,0x1b97f9c0
21278,47075,8,0x1ba1b700
21279,47690,8,0x1bab7440
21280,54291,8,0x1bb53180
21281,48416,8,0x1bbeeec0
21282,47113,8,0x1bc8ac00
21283,46352,8,0x1bd26940
21284,47581,8,0x1bdc2680
21285,47615,8,0x1be5e3c0
21286,46937,8,0x1befa100
21287,47513,8,0x1bf95e40
21288,46784,8,0x1c031b80
21289,46515,8,0x1c0cd8c0
21290,47760,8,0x1c169600
21291,46737,8,0x1c205340
21292,46523,8,0x1c2a1080
21293,47754,8,0x1c33cdc0
21294,46836,8,0x1c3d8b00
21295,50294,8,0x1c474840
21296,48185,8,0x1c510580
21297,48282,8,0x1c5ac2c0
21298,47178,8,0x1c648000
21299,47029,8,0x1c6e3d40
21300,48045,8,0x1c77fa80
21301,48073,8,0x1c81b7c0
21302,48799,8,0x1c8b7500
21303,47168,8,0x1c953240
21304,46708,8,0x1c9eef80
21305,47311,8,0x1ca8acc0
21306,47638,8,0x1cb26a00
21307,46461,8,0x1cbc2740
21308,47464,8,0x1cc5e480
21309,47970,8,0x1ccfa1c0
21310,58537,8,0x1cd95f00
21311,48008,8,0x1ce31c40
21312,47631,8,0x1cecd980
21313,48349,8,0x1cf696c0
21314,47339,8,0x1d005400
21315,46240,8,0x1d0a1140
21316,46732,8,0x1d13ce80
21317,49049,8,0x1d1d8bc0
21318,47229,8,0x1d274900
21319,48007,8,0x1d310640
21320,46925,8,0x1d3ac380
21321,49562,8,0x1d4480c0
21322,47303,8,0x1d4e3e00
21323,45808,8,0x1d57fb40
21324,46189,8,0x1d61b880
21325,50697,8,0x1d6b75c0
21326,46393,8,0x1d753300
21327,46376,8,0x1d7ef040
21328,46112,8,0x1d88ad80
21329,47603,8,0x1d926ac0
21330,45734,8,0x1d9c2800
21331,46819,8,0x1da5e540
21332,47194,8,0x1dafa280
21333,51667,8,0x1db95fc0
21334,47974,8,0x1dc31d00
21335,48640,8,0x1dccda40
21336,46508,8,0x1dd69780
21337,48231,8,0x1de054c0
21338,46833,8,0x1dea1200
21339,50784,8,0x1df3cf40
21340,46688,8,0x1dfd8c80
21341,47444,8,0x1e0749c0
21342,51539,8,0x1e110700
21343,47304,8,0x1e1ac440
21344,46526,8,0x1e248180
21345,47162,8,0x1e2e3ec0
21346,46728,8,0x1e37fc00
21347,47143,8,0x1e41b940
21348,47222,8,0x1e4b7680
21349,46447,8,0x1e5533c0
21350,47483,8,0x1e5ef100
21351,47813,8,0x1e68ae40
21352,46102,8,0x1e726b80
21353,47542,8,0x1e7c28c0
21354,49706,8,0x1e85e600
21355,47063,8,0x1e8fa340
21356,45618,8,0x1e996080
21357,47737,8,0x1ea31dc0
21358,47964,8,0x1eacdb00
21359,47818,8,0x1eb69840
21360,47553,8,0x1ec05580
21361,47542,8,0x1eca12c0
21362,46681,8,0x1ed3d000
21363,46841,8,0x1edd8d40
21364,46399,8,0x1ee74a80
21365,48221,8,0x1ef107c0
21366,47770,8,0x1efac500
21367,48266,8,0x1f048240
21368,46224,8,0x1f0e3f80
21369,50625,8,0x1f17fcc0
21370,47340,8,0x1f21ba00
21371,46963,8,0x1f2b7740
21372,46307,8,0x1f353480
21373,47125,8,0x1f3ef1c0
21374,47232,8,0x1f48af00
21375,47054,8,0x1f526c40
21376,46240,8,0x1f5c2980
21377,48188,8,0x1f65e6c0
21378,48255,8,0x1f6fa400
21379,46170,8,0x1f796140
21380,47297,8,0x1f831e80
21381,49344,8,0x1f8cdbc0
21382,46916,8,0x1f969900
21383,47357,8,0x1fa05640
21384,48953,8,0x1faa1380
21385,47848,8,0x1fb3d0c0
21386,48481,8,0x1fbd8e00
21387,47475,8,0x1fc74b40
21388,46148,8,0x1fd10880
21389,47398,8,0x1fdac5c0
21390,46696,8,0x1fe48300
21391,45974,8,0x1fee4040
21392,55094,8,0x1ff7fd80
21393,48674,8,0x2001bac0
21394,47320,8,0x200b7800
21395,47548,8,0x20153540
21396,68756,8,0x201ef280
21397,46785,8,0x2028afc0
21398,44208,8,0x20326d00
21399,43381,8,0x203c2a40
21400,43424,8,0x2045e780
21401,44284,8,0x204fa4c0
21402,43336,8,0x20596200
21403,43165,8,0x20631f40
21404,46955,8,0x206cdc80
21405,44208,8,0x207699c0
21406,43180,8,0x20805700
21407,41270,8,0x208a1440
21408,42454,8,0x2093d180
21409,43790,8,0x209d8ec0
21410,42166,8,0x20a74c00
21411,43869,8,0x20b10940
21412,42911,8,0x20bac680
21413,46370,8,0x20c483c0
21414,41685,8,0x20ce4100
21415,42140,8,0x20d7fe40
21416,41804,8,0x20e1bb80
21417,42879,8,0x20eb78c0
21418,42060,8,0x20f53600
21419,43898,8,0x20fef340
21420,43515,8,0x2108b080
21421,43257,8,0x21126dc0
21422,42112,8,0x211c2b00
21423,42372,8,0x2125e840
21424,43174,8,0x212fa580
21425,43464,8,0x213962c0
21426,43144,8,0x21432000
21427,42254,8,0x214cdd40
21428,45007,8,0x21569a80
21429,43308,8,0x216057c0
21430,42339,8,0x216a1500
21431,43505,8,0x2173d240
21432,42732,8,0x217d8f80
21433,43064,8,0x21874cc0
21434,42216,8,0x21910a00
21435,43192,8,0x219ac740
21436,43030,8,0x21a48480
21437,43024,8,0x21ae41c0
21438,43322,8,0x21b7ff00
21439,42748,8,0x21c1bc40
21440,42437,8,0x21cb7980
21441,42849,8,0x21d536c0
21442,43095,8,0x21def400
21443,44757,8,0x21e8b140
21444,41652,8,0x21f26e80
21445,43446,8,0x21fc2bc0
21446,42501,8,0x2205e900
21447,41619,8,0x220fa640
21448,41861,8,0x22196380
21449,42680,8,0x222320c0
21450,41856,8,0x222cde00
21451,41460,8,0x22369b40
21452,42269,8,0x22405880
21453,43655,8,0x224a15c0
21454,43221,8,0x2253d300
21455,42541,8,0x225d9040
21456,42025,8,0x22674d80
21457,43108,8,0x22710ac0
21458,44611,8,0x227ac800
21459,41747,8,0x22848540
21460,41361,8,0x228e4280
21461,47354,8,0x2297ffc0
21462,42892,8,0x22a1bd00
21463,42342,8,0x22ab7a40
21464,41344,8,0x22b53780
21465,43847,8,0x22bef4c0
21466,47821,8,0x22c8b200
21467,41597,8,0x22d26f40
21468,42702,8,0x22dc2c80
21469,42894,8,0x22e5e9c0
21470,42158,8,0x22efa700
21471,41444,8,0x22f96440
21472,44553,8,0x23032180
21473,42735,8,0x230cdec0
21474,43185,8,0x23169c00
21475,42669,8,0x23205940
21476,41204,8,0x232a1680
21477,43410,8,0x2333d3c0
21478,41663,8,0x233d9100
21479,42715,8,0x23474e40
21480,43190,8,0x23510b80
21481,49383,8,0x235ac8c0
21482,44248,8,0x23648600
21483,41595,8,0x236e4340
21484,42060,8,0x23780080
21485,43632,8,0x2381bdc0
21486,40893,8,0x238b7b00
21487,44487,8,0x23953840
21488,42134,8,0x239ef580
21489,42592,8,0x23a8b2c0
21490,42705,8,0x23b27000
21491,42045,8,0x23bc2d40
21492,42888,8,0x23c5ea80
21493,43580,8,0x23cfa7c0
21494,42229,8,0x23d96500
21495,42547,8,0x23e32240
21496,42698,8,0x23ecdf80
21497,42537,8,0x23f69cc0
21498,42642,8,0x24005a00
21499,42598,8,0x240a1740
21500,41710,8,0x2413d480
21501,43714,8,0x241d91c0
21502,44003,8,0x24274f00
21503,42038,8,0x24310c40
21504,42553,8,0x243ac980
21505,43165,8,0x244486c0
21506,42399,8,0x244e4400
21507,42546,8,0x24580140
21508,42325,8,0x2461be80
21509,45017,8,0x246b7bc0
21510,41716,8,0x24753900
21511,42878,8,0x247ef640
21512,42840,8,0x2488b380
21513,42808,8,0x249270c0
21514,42423,8,0x249c2e00
21515,42970,8,0x24a5eb40
21516,42407,8,0x24afa880
21517,45532,8,0x24b965c0
21518,41664,8,0x24c32300
21519,42826,8,0x24cce040
21520,42835,8,0x24d69d80
21521,42595,8,0x24e05ac0
21522,41714,8,0x24ea1800
21523,43010,8,0x24f3d540
21524,42332,8,0x24fd9280
21525,46833,8,0x25074fc0
21526,41845,8,0x25110d00
21527,42820,8,0x251aca40
21528,46956,8,0x25248780
21529,42715,8,0x252e44c0
21530,42746,8,0x25380200
21531,43949,8,0x2541bf40
21532,42585,8,0x254b7c80
21533,42275,8,0x255539c0
21534,42184,8,0x255ef700
21535,43008,8,0x2568b440
21536,42443,8,0x25727180
21537,42275,8,0x257c2ec0
21538,42200,8,0x2585ec00
21539,42041,8,0x258fa940
21540,42722,8,0x25996680
21541,43217,8,0x25a323c0
21542,42042,8,0x25ace100
21543,42535,8,0x25b69e40
21544,42764,8,0x25c05b80
21545,42127,8,0x25ca18c0
21546,45618,8,0x25d3d600
21547,42375,8,0x25dd9340
21548,42794,8,0x25e75080
21549,43611,8,0x25f10dc0
21550,42782,8,0x25facb00
21551,42027,8,0x26048840
21552,42449,8,0x260e4580
21553,42736,8,0x261802c0
21554,42341,8,0x2621c000
21555,41306,8,0x262b7d40
21556,42917,8,0x26353a80
21557,43193,8,0x263ef7c0
21558,41819,8,0x2648b500
21559,42079,8,0x26527240
21560,42397,8,0x265c2f80
21561,44888,8,0x2665ecc0
21562,42411,8,0x266faa00
21563,41064,8,0x26796740
21564,43984,8,0x26832480
21565,42419,8,0x268ce1c0
21566,41345,8,0x26969f00
21567,42671,8,0x26a05c40
21568,42449,8,0x26aa1980
21569,42228,8,0x26b3d6c0
21570,42435,8,0x26bd9400
21571,41475,8,0x26c75140
21572,48865,8,0x26d10e80
21573,45820,8,0x26dacbc0
21574,42349,8,0x26e48900
21575,42517,8,0x26ee4640
21576,44566,8,0x26f80380
21577,42074,8,0x2701c0c0
21578,41031,8,0x270b7e00
21579,41449,8,0x27153b40
21580,42900,8,0x271ef880
21581,43455,8,0x2728b5c0
21582,42416,8,0x27327300
21583,42258,8,0x273c3040
21584,41794,8,0x2745ed80
21585,42388,8,0x274faac0
21586,41448,8,0x27596800
21587,42281,8,0x27632540
21588,43172,8,0x276ce280
21589,45676,8,0x27769fc0
21590,50391,8,0x27805d00
21591,42685,8,0x278a1a40
21592,41881,8,0x2793d780
21593,42250,8,0x279d94c0
21594,40889,8,0x27a75200
21595,43166,8,0x27b10f40
21596,42714,8,0x27bacc80
21597,42331,8,0x27c489c0
21598,42889,8,0x27ce4700
21599,42715,8,0x27d80440
21600,41872,8,0x27e1c180
21601,41840,8,0x27eb7ec0
21602,41114,8,0x27f53c00
21603,42069,8,0x27fef940
21604,43198,8,0x2808b680
21605,44512,8,0x281273c0
21606,42494,8,0x281c3100
21607,42354,8,0x2825ee40
21608,42928,8,0x282fab80
21609,42502,8,0x283968c0
21610,41841,8,0x28432600
21611,42218,8,0x284ce340
21612,42869,8,0x2856a080
21613,42069,8,0x28605dc0
21614,41664,8,0x286a1b00
21615,43292,8,0x2873d840
21616,41785,8,0x287d9580
21617,43040,8,0x288752c0
21618,41611,8,0x28911000
21619,43485,8,0x289acd40
21620,45946,8,0x28a48a80
21621,43363,8,0x28ae47c0
21622,46611,8,0x28b80500
21623,39215,8,0x28c1c240
21624,38615,8,0x28cb7f80
21625,38964,8,0x28d53cc0
21626,38305,8,0x28defa00
21627,40093,8,0x28e8b740
21628,38529,8,0x28f27480
21629,38540,8,0x28fc31c0
21630,40310,8,0x2905ef00
21631,39544,8,0x290fac40
21632,38455,8,0x29196980
21633,38419,8,0x292326c0
21634,39050,8,0x292ce400
21635,40763,8,0x2936a140
21636,39191,8,0x29405e80
21637,40160,8,0x294a1bc0
21638,38601,8,0x2953d900
21639,38621,8,0x295d9640
21640,38430,8,0x29675380
21641,38200,8,0x297110c0
21642,39251,8,0x297ace00
21643,39592,8,0x29848b40
21644,39190,8,0x298e4880
21645,39953,8,0x299805c0
21646,39064,8,0x29a1c300
21647,39412,8,0x29ab8040
21648,38429,8,0x29b53d80
21649,38745,8,0x29befac0
21650,40319,8,0x29c8b800
21651,38364,8,0x29d27540
21652,39064,8,0x29dc3280
21653,47873,8,0x29e5efc0
21654,40293,8,0x29efad00
21655,39072,8,0x29f96a40
21656,38396,8,0x2a032780
21657,38889,8,0x2a0ce4c0
21658,37924,8,0x2a16a200
21659,39630,8,0x2a205f40
21660,38632,8,0x2a2a1c80
21661,39120,8,0x2a33d9c0
21662,38916,8,0x2a3d9700
21663,39483,8,0x2a475440
21664,40764,8,0x2a511180
21665,39445,8,0x2a5acec0
21666,37684,8,0x2a648c00
21667,45413,8,0x2a6e4940
21668,42052,8,0x2a780680
21669,40539,8,0x2a81c3c0
21670,39014,8,0x2a8b8100
21671,38174,8,0x2a953e40
21672,38497,8,0x2a9efb80
21673,39995,8,0x2aa8b8c0
21674,39316,8,0x2ab27600
21675,38928,8,0x2abc3340
21676,38627,8,0x2ac5f080
21677,39612,8,0x2acfadc0
21678,39660,8,0x2ad96b00
21679,40884,8,0x2ae32840
21680,39763,8,0x2aece580
21681,38936,8,0x2af6a2c0
21682,39291,8,0x2b006000
21683,39185,8,0x2b0a1d40
21684,38948,8,0x2b13da80
21685,39564,8,0x2b1d97c0
21686,38995,8,0x2b275500
21687,38945,8,0x2b311240
21688,39608,8,0x2b3acf80
21689,39757,8,0x2b448cc0
21690,38866,8,0x2b4e4a00
21691,39512,8,0x2b580740
21692,38532,8,0x2b61c480
21693,39217,8,0x2b6b81c0
21694,41117,8,0x2b753f00
21695,39018,8,0x2b7efc40
21696,39225,8,0x2b88b980
21697,38798,8,0x2b9276c0
21698,38674,8,0x2b9c3400
21699,40151,8,0x2ba5f140
21700,40024,8,0x2bafae80
21701,38779,8,0x2bb96bc0
21702,38706,8,0x2bc32900
21703,39003,8,0x2bcce640
21704,38028,8,0x2bd6a380
21705,39635,8,0x2be060c0
21706,39049,8,0x2bea1e00
21707,39592,8,0x2bf3db40
21708,38580,8,0x2bfd9880
21709,40934,8,0x2c0755c0
21710,39053,8,0x2c111300
21711,38748,8,0x2c1ad040
21712,38479,8,0x2c248d80
21713,38319,8,0x2c2e4ac0
21714,39580,8,0x2c380800
21715,44104,8,0x2c41c540
21716,40433,8,0x2c4b8280
21717,41965,8,0x2c553fc0
21718,38521,8,0x2c5efd00
21719,39095,8,0x2c68ba40
21720,37336,8,0x2c727780
21721,39070,8,0x2c7c34c0
21722,39223,8,0x2c85f200
21723,41694,8,0x2c8faf40
21724,38844,8,0x2c996c80
21725,39683,8,0x2ca329c0
21726,39471,8,0x2cace700
21727,58359,8,0x2cb6a440
21728,39181,8,0x2cc06180
21729,40080,8,0x2cca1ec0
21730,39839,8,0x2cd3dc00
21731,40436,8,0x2cdd9940
21732,39849,8,0x2ce75680
21733,41240,8,0x2cf113c0
21734,40400,8,0x2cfad100
21735,40324,8,0x2d048e40
21736,38351,8,0x2d0e4b80
21737,39425,8,0x2d1808c0
21738,43078,8,0x2d21c600
21739,39944,8,0x2d2b8340
21740,39553,8,0x2d354080
21741,40896,8,0x2d3efdc0
21742,39936,8,0x2d48bb00
21743,39533,8,0x2d527840
21744,40578,8,0x2d5c3580
21745,39917,8,0x2d65f2c0
21746,40223,8,0x2d6fb000
21747,40854,8,0x2d796d40
21748,40148,8,0x2d832a80
21749,40761,8,0x2d8ce7c0
21750,40394,8,0x2d96a500
21751,41619,8,0x2da06240
21752,39970,8,0x2daa1f80
21753,41571,8,0x2db3dcc0
21754,41065,8,0x2dbd9a00
21755,39651,8,0x2dc75740
21756,40034,8,0x2dd11480
21757,40337,8,0x2ddad1c0
21758,40612,8,0x2de48f00
21759,40307,8,0x2dee4c40
21760,39298,8,0x2df80980
21761,40189,8,0x2e01c6c0
21762,40024,8,0x2e0b8400
21763,39794,8,0x2e154140
21764,46856,8,0x2e1efe80
21765,42396,8,0x2e28bbc0
21766,39798,8,0x2e327900
21767,40469,8,0x2e3c3640
21768,42761,8,0x2e45f380
21769,39797,8,0x2e4fb0c0
21770,40910,8,0x2e596e00
21771,41127,8,0x2e632b40
21772,40905,8,0x2e6ce880
21773,40979,8,0x2e76a5c0
21774,41197,8,0x2e806300
21775,39903,8,0x2e8a2040
21776,38654,8,0x2e93dd80
21777,43485,8,0x2e9d9ac0
21778,40580,8,0x2ea75800
21779,40669,8,0x2eb11540
21780,40507,8,0x2ebad280
21781,45531,8,0x2ec48fc0
21782,42153,8,0x2ece4d00
21783,40554,8,0x2ed80a40
21784,40033,8,0x2ee1c780
21785,39174,8,0x2eeb84c0
21786,40628,8,0x2ef54200
21787,40253,8,0x2efeff40
21788,40199,8,0x2f08bc80
21789,39392,8,0x2f1279c0
21790,40624,8,0x2f1c3700
21791,41142,8,0x2f25f440
21792,39937,8,0x2f2fb180
21793,39245,8,0x2f396ec0
21794,42146,8,0x2f432c00
21795,42165,8,0x2f4ce940
21796,40245,8,0x2f56a680
21797,44496,8,0x2f6063c0
21798,38965,8,0x2f6a2100
21799,40767,8,0x2f73de40
21800,40122,8,0x2f7d9b80
21801,41377,8,0x2f8758c0
21802,40783,8,0x2f911600
21803,40500,8,0x2f9ad340
21804,40741,8,0x2fa49080
21805,40988,8,0x2fae4dc0
21806,39038,8,0x2fb80b00
21807,40304,8,0x2fc1c840
21808,41093,8,0x2fcb8580
21809,40043,8,0x2fd542c0
21810,41224,8,0x2fdf0000
21811,39860,8,0x2fe8bd40
21812,41347,8,0x2ff27a80
21813,41875,8,0x2ffc37c0
21814,39602,8,0x3005f500
21815,40029,8,0x300fb240
21816,39847,8,0x30196f80
21817,40324,8,0x30232cc0
21818,40484,8,0x302cea00
21819,39635,8,0x3036a740
21820,40510,8,0x30406480
21821,40002,8,0x304a21c0
21822,40472,8,0x3053df00
21823,39732,8,0x305d9c40
21824,39503,8,0x30675980
21825,40683,8,0x307116c0
21826,40357,8,0x307ad400
21827,42126,8,0x30849140
21828,39979,8,0x308e4e80
21829,41829,8,0x30980bc0
21830,39665,8,0x30a1c900
21831,40195,8,0x30ab8640
21832,39591,8,0x30b54380
21833,40644,8,0x30bf00c0
21834,40100,8,0x30c8be00
21835,40160,8,0x30d27b40
21836,40906,8,0x30dc3880
21837,40659,8,0x30e5f5c0
21838,39448,8,0x30efb300
21839,44167,8,0x30f97040
21840,39455,8,0x31032d80
21841,41193,8,0x310ceac0
21842,42703,8,0x3116a800
21843,39625,8,0x31206540
21844,40999,8,0x312a2280
21845,44667,8,0x3133dfc0
21846,39511,8,0x313d9d00
21847,39855,8,0x31475a40
21848,39316,8,0x31511780
21849,40807,8,0x315ad4c0
21850,40116,8,0x31649200
21851,39229,8,0x316e4f40
21852,39923,8,0x31780c80
21853,40487,8,0x3181c9c0
21854,40066,8,0x318b8700
21855,39697,8,0x31954440
21856,41829,8,0x319f0180
21857,40143,8,0x31a8bec0
21858,39515,8,0x31b27c00
21859,40330,8,0x31bc3940
21860,50241,8,0x31c5f680
21861,40948,8,0x31cfb3c0
21862,40240,8,0x31d97100
21863,39859,8,0x31e32e40
21864,50825,8,0x31eceb80
21865,37662,8,0x31f6a8c0
21866,37233,8,0x32006600
21867,37711,8,0x320a2340
21868,37212,8,0x3213e080
21869,39727,8,0x321d9dc0
21870,37562,8,0x32275b00
21871,38451,8,0x32311840
21872,37058,8,0x323ad580
21873,38527,8,0x324492c0
21874,37528,8,0x324e5000
21875,37970,8,0x32580d40
21876,37469,8,0x3261ca80
21877,38232,8,0x326b87c0
21878,38155,8,0x32754500
21879,38585,8,0x327f0240
21880,37692,8,0x3288bf80
21881,37948,8,0x32927cc0
21882,37300,8,0x329c3a00
21883,37197,8,0x32a5f740
21884,36982,8,0x32afb480
21885,39043,8,0x32b971c0
21886,39950,8,0x32c32f00
21887,38036,8,0x32ccec40
21888,37274,8,0x32d6a980
21889,38156,8,0x32e066c0
21890,37377,8,0x32ea2400
21891,37798,8,0x32f3e140
21892,38879,8,0x32fd9e80
21893,38991,8,0x33075bc0
21894,38233,8,0x33111900
21895,38312,8,0x331ad640
21896,37267,8,0x33249380
21897,38831,8,0x332e50c0
21898,37097,8,0x33380e00
21899,37781,8,0x3341cb40
21900,36876,8,0x334b8880
21901,46141,8,0x335545c0
21902,38455,8,0x335f0300
21903,37666,8,0x3368c040
21904,37361,8,0x33727d80
21905,38571,8,0x337c3ac0
21906,37829,8,0x3385f800
21907,37552,8,0x338fb540
21908,37184,8,0x33997280
21909,41193,8,0x33a32fc0
21910,38588,8,0x33aced00
21911,38135,8,0x33b6aa40
21912,36391,8,0x33c06780
21913,38491,8,0x33ca24c0
21914,37418,8,0x33d3e200
21915,39072,8,0x33dd9f40
21916,36003,8,0x33e75c80
21917,38645,8,0x33f119c0
21918,38182,8,0x33fad700
21919,37936,8,0x34049440
21920,37136,8,0x340e5180
21921,39137,8,0x34180ec0
21922,37479,8,0x3421cc00
21923,37562,8,0x342b8940
21924,36504,8,0x34354680
21925,38629,8,0x343f03c0
21926,38635,8,0x3448c100
21927,37529,8,0x34527e40
21928,37031,8,0x345c3b80
21929,39140,8,0x3465f8c0
21930,40288,8,0x346fb600
21931,36900,8,0x34797340
21932,36173,8,0x34833080
21933,39123,8,0x348cedc0
21934,38361,8,0x3496ab00
21935,38088,8,0x34a06840
21936,36674,8,0x34aa2580
21937,38622,8,0x34b3e2c0
21938,37995,8,0x34bda000
21939,36963,8,0x34c75d40
21940,37070,8,0x34d11a80
21941,38124,8,0x34dad7c0
21942,38369,8,0x34e49500
21943,37440,8,0x34ee5240
21944,37769,8,0x34f80f80
21945,40123,8,0x3501ccc0
21946,37506,8,0x350b8a00
21947,38390,8,0x35154740
21948,37549,8,0x351f0480
21949,37836,8,0x3528c1c0
21950,38466,8,0x35327f00
21951,38821,8,0x353c3c40
21952,36645,8,0x3545f980
21953,38803,8,0x354fb6c0
21954,37381,8,0x35597400
21955,37693,8,0x35633140
21956,38320,8,0x356cee80
21957,39312,8,0x3576abc0
21958,40664,8,0x35806900
21959,37498,8,0x358a2640
21960,40298,8,0x3593e380
21961,46211,8,0x359da0c0
21962,179091,8,0x35a75e00
21963,63443,8,0x35b11b40
21964,56166,8,0x35bad880
21965,55814,8,0x35c495c0
21966,53670,8,0x35ce5300
21967,51214,8,0x35d81040
21968,56189,8,0x35e1cd80
21969,50639,8,0x35eb8ac0
21970,49335,8,0x35f54800
21971,51569,8,0x35ff0540
21972,49382,8,0x3608c280
21973,53772,8,0x36127fc0
21974,49209,8,0x361c3d00
21975,48842,8,0x3625fa40
21976,50793,8,0x362fb780
21977,49634,8,0x363974c0
21978,47322,8,0x36433200
21979,47960,8,0x364cef40
21980,49063,8,0x3656ac80
21981,49830,8,0x366069c0
21982,53778,8,0x366a2700
21983,50518,8,0x3673e440
21984,48310,8,0x367da180
21985,48420,8,0x36875ec0
21986,48313,8,0x36911c00
21987,47928,8,0x369ad940
21988,48903,8,0x36a49680
21989,49392,8,0x36ae53c0
21990,48227,8,0x36b81100
21991,48876,8,0x36c1ce40
21992,50324,8,0x36cb8b80
21993,48736,8,0x36d548c0
21994,47590,8,0x36df0600
21995,47872,8,0x36e8c340
21996,49353,8,0x36f28080
21997,52308,8,0x36fc3dc0
21998,48694,8,0x3705fb00
21999,48871,8,0x370fb840
22000,48315,8,0x37197580
22001,49250,8,0x372332c0
22002,47893,8,0x372cf000
22003,47840,8,0x3736ad40
22004,49354,8,0x37406a80
22005,49532,8,0x374a27c0
22006,48089,8,0x3753e500
22007,49206,8,0x375da240
22008,53998,8,0x37675f80
22009,48351,8,0x37711cc0
22010,54391,8,0x377ada00
22011,48168,8,0x37849740
22012,52575,8,0x378e5480
22013,50076,8,0x379811c0
22014,48659,8,0x37a1cf00
22015,48462,8,0x37ab8c40
22016,48402,8,0x37b54980
22017,50108,8,0x37bf06c0
22018,47959,8,0x37c8c400
22019,48195,8,0x37d28140
22020,49414,8,0x37dc3e80
22021,49813,8,0x37e5fbc0
22022,49114,8,0x37efb900
22023,48264,8,0x37f97640
22024,47987,8,0x38033380
22025,50670,8,0x380cf0c0
22026,49198,8,0x3816ae00
22027,52177,8,0x38206b40
22028,49250,8,0x382a2880
22029,50017,8,0x3833e5c0
22030,48560,8,0x383da300
22031,47868,8,0x38476040
22032,47905,8,0x38511d80
22033,50264,8,0x385adac0
22034,48947,8,0x38649800
22035,48265,8,0x386e5540
22036,49382,8,0x38781280
22037,67636,8,0x3881cfc0
22038,49843,8,0x388b8d00
22039,49129,8,0x38954a40
22040,49917,8,0x389f0780
22041,51847,8,0x38a8c4c0
22042,47388,8,0x38b28200
22043,49169,8,0x38bc3f40
22044,49159,8,0x38c5fc80
22045,48485,8,0x38cfb9c0
22046,48955,8,0x38d97700
22047,49259,8,0x38e33440
22048,48530,8,0x38ecf180
22049,48434,8,0x38f6aec0
22050,48382,8,0x39006c00
22051,49118,8,0x390a2940
22052,48898,8,0x3913e680
22053,50332,8,0x391da3c0
22054,49699,8,0x39276100
22055,47627,8,0x39311e40
22056,52377,8,0x393adb80
22057,48500,8,0x394498c0
22058,48034,8,0x394e5600
22059,49221,8,0x39581340
22060,49072,8,0x3961d080
22061,49075,8,0x396b8dc0
22062,49025,8,0x39754b00
22063,49117,8,0x397f0840
22064,49462,8,0x3988c580
22065,48432,8,0x399282c0
22066,47878,8,0x399c4000
22067,49651,8,0x39a5fd40
22068,49712,8,0x39afba80
22069,49805,8,0x39b977c0
22070,52308,8,0x39c33500
22071,52318,8,0x39ccf240
22072,49213,8,0x39d6af80
22073,48121,8,0x39e06cc0
22074,48509,8,0x39ea2a00
22075,50146,8,0x39f3e740
22076,50322,8,0x39fda480
22077,48966,8,0x3a0761c0
22078,48791,8,0x3a111f00
22079,49103,8,0x3a1adc40
22080,49151,8,0x3a249980
22081,48955,8,0x3a2e56c0
22082,48150,8,0x3a381400
22083,49275,8,0x3a41d140
22084,48944,8,0x3a4b8e80
22085,49644,8,0x3a554bc0
22086,51860,8,0x3a5f0900
22087,48958,8,0x3a68c640
22088,48645,8,0x3a728380
22089,48237,8,0x3a7c40c0
22090,48141,8,0x3a85fe00
22091,48864,8,0x3a8fbb40
22092,48409,8,0x3a997880
22093,49088,8,0x3aa335c0
22094,48649,8,0x3aacf300
22095,48843,8,0x3ab6b040
22096,48503,8,0x3ac06d80
22097,47294,8,0x3aca2ac0
22098,48432,8,0x3ad3e800
22099,49439,8,0x3adda540
22100,49964,8,0x3ae76280
22101,56654,8,0x3af11fc0
22102,49036,8,0x3afadd00
22103,49291,8,0x3b049a40
22104,48651,8,0x3b0e5780
22105,48786,8,0x3b1814c0
22106,48360,8,0x3b21d200
22107,48356,8,0x3b2b8f40
22108,47876,8,0x3b354c80
22109,48632,8,0x3b3f09c0
22110,48338,8,0x3b48c700
22111,48316,8,0x3b528440
22112,48819,8,0x3b5c4180
22113,48195,8,0x3b65fec0
22114,47257,8,0x3b6fbc00
22115,51497,8,0x3b797940
22116,131764,8,0x3b833680
22117,83883,8,0x3b8cf3c0
22118,53830,8,0x3b96b100
22119,50239,8,0x3ba06e40
22120,51221,8,0x3baa2b80
22121,334586,8,0x3bb3e8c0
22122,67553,8,0x3bbda600
22123,49698,8,0x3bc76340
22124,47718,8,0x3bd12080
22125,50106,8,0x3bdaddc0
22126,49100,8,0x3be49b00
22127,48935,8,0x3bee5840
22128,49779,8,0x3bf81580
22129,48798,8,0x3c01d2c0
22130,52934,8,0x3c0b9000
22131,47887,8,0x3c154d40
22132,50846,8,0x3c1f0a80
22133,49156,8,0x3c28c7c0
22134,49643,8,0x3c328500
22135,49586,8,0x3c3c4240
22136,49578,8,0x3c45ff80
22137,49614,8,0x3c4fbcc0
22138,48416,8,0x3c597a00
22139,48487,8,0x3c633740
22140,47651,8,0x3c6cf480
22141,58099,8,0x3c76b1c0
22142,64985,8,0x3c806f00
22143,47785,8,0x3c8a2c40
22144,49349,8,0x3c93e980
22145,51988,8,0x3c9da6c0
22146,50413,8,0x3ca76400
22147,55225,8,0x3cb12140
22148,57255,8,0x3cbade80
22149,53579,8,0x3cc49bc0
22150,49264,8,0x3cce5900
22151,48459,8,0x3cd81640
22152,49083,8,0x3ce1d380
22153,49259,8,0x3ceb90c0
22154,48679,8,0x3cf54e00
22155,48507,8,0x3cff0b40
22156,47991,8,0x3d08c880
22157,48474,8,0x3d1285c0
22158,49040,8,0x3d1c4300
22159,49277,8,0x3d260040
22160,52360,8,0x3d2fbd80
22161,48199,8,0x3d397ac0
22162,49085,8,0x3d433800
22163,48948,8,0x3d4cf540
22164,48051,8,0x3d56b280
22165,54548,8,0x3d606fc0
22166,49058,8,0x3d6a2d00
22167,48770,8,0x3d73ea40
22168,48072,8,0x3d7da780
22169,47877,8,0x3d8764c0
22170,49278,8,0x3d912200
22171,49162,8,0x3d9adf40
22172,47876,8,0x3da49c80
22173,49143,8,0x3dae59c0
22174,52112,8,0x3db81700
22175,50129,8,0x3dc1d440
22176,47666,8,0x3dcb9180
22177,47434,8,0x3dd54ec0
22178,49353,8,0x3ddf0c00
22179,48762,8,0x3de8c940
22180,47163,8,0x3df28680
22181,50551,8,0x3dfc43c0
22182,49753,8,0x3e060100
22183,49245,8,0x3e0fbe40
22184,47284,8,0x3e197b80
22185,55208,8,0x3e2338c0
22186,50629,8,0x3e2cf600
22187,49005,8,0x3e36b340
22188,48086,8,0x3e407080
22189,52100,8,0x3e4a2dc0
22190,49184,8,0x3e53eb00
22191,48913,8,0x3e5da840
22192,48148,8,0x3e676580
22193,48509,8,0x3e7122c0
22194,53872,8,0x3e7ae000
22195,47749,8,0x3e849d40
22196,48095,8,0x3e8e5a80
22197,50579,8,0x3e9817c0
22198,48567,8,0x3ea1d500
22199,49521,8,0x3eab9240
22200,48520,8,0x3eb54f80
22201,48101,8,0x3ebf0cc0
22202,49597,8,0x3ec8ca00
22203,48250,8,0x3ed28740
22204,51473,8,0x3edc4480
22205,49622,8,0x3ee601c0
22206,48271,8,0x3eefbf00
22207,49148,8,0x3ef97c40
22208,48544,8,0x3f033980
22209,48769,8,0x3f0cf6c0
22210,49855,8,0x3f16b400
22211,49930,8,0x3f207140
22212,47941,8,0x3f2a2e80
22213,49686,8,0x3f33ebc0
22214,49091,8,0x3f3da900
22215,48089,8,0x3f476640
22216,47831,8,0x3f512380
22217,49001,8,0x3f5ae0c0
22218,49010,8,0x3f649e00
22219,51502,8,0x3f6e5b40
22220,48425,8,0x3f781880
22221,51280,8,0x3f81d5c0
22222,48417,8,0x3f8b9300
22223,48342,8,0x3f955040
22224,48867,8,0x3f9f0d80
22225,48643,8,0x3fa8cac0
22226,48967,8,0x3fb28800
22227,49758,8,0x3fbc4540
22228,48296,8,0x3fc60280
22229,53885,8,0x3fcfbfc0
22230,47934,8,0x3fd97d00
22231,48576,8,0x3fe33a40
22232,48409,8,0x3fecf780
22233,52905,8,0x3ff6b4c0
22234,52186,8,0x7240
22235,43008,8,0xa2f80
22236,43091,8,0x13ecc0
22237,45369,8,0x1daa00
22238,43559,8,0x276740
22239,42607,8,0x312480
22240,40805,8,0x3ae1c0
22241,44273,8,0x449f00
22242,43439,8,0x4e5c40
22243,42536,8,0x581980
22244,42880,8,0x61d6c0
22245,43144,8,0x6b9400
22246,43724,8,0x755140
22247,41633,8,0x7f0e80
22248,41049,8,0x88cbc0
22249,44529,8,0x928900
22250,44518,8,0x9c4640
22251,42820,8,0xa60380
22252,49280,58,0xafc0c0
22253,51098,58,0xb97e00
22254,51681,58,0xc33b40
22255,49402,58,0xccf880
22256,46721,58,0xd6b5c0
22257,49656,58,0xe07300
22258,50693,58,0xea3040
22259,49147,58,0xf3ed80
22260,47278,58,0xfdaac0
22261,52586,58,0x1076800
22262,48515,58,0x1112540
22263,48176,58,0x11ae280
22264,50608,58,0x1249fc0
22265,50216,58,0x12e5d00
22266,57273,58,0x1381a40
22267,50336,58,0x141d780
22268,48206,8,0x14b94c0
22269,44742,8,0x1555200
22270,42755,8,0x15f0f40
22271,48523,8,0x168cc80
22272,39471,8,0x17289c0
22273,42555,8,0x17c4700
22274,40549,8,0x1860440
22275,41535,8,0x18fc180
22276,41192,8,0x1997ec0
22277,41420,8,0x1a33c00
22278,40714,8,0x1acf940
22279,45430,58,0x1b6b680
22280,45291,58,0x1c073c0
22281,46970,58,0x1ca3100
22282,45986,58,0x1d3ee40
22283,43923,58,0x1ddab80
22284,44063,58,0x1e768c0
22285,47853,58,0x1f12600
22286,43921,58,0x1fae340
22287,45335,58,0x204a080
22288,46915,58,0x20e5dc0
22289,44887,58,0x2181b00
22290,46247,58,0x221d840
22291,45598,58,0x22b9580
22292,46035,58,0x23552c0
22293,46270,58,0x23f1000
22294,45385,58,0x248cd40
22295,39663,8,0x2528a80
22296,51283,8,0x25c47c0
22297,46231,8,0x2660500
22298,45228,8,0x26fc240
22299,44732,8,0x2797f80
22300,46917,8,0x2833cc0
22301,44866,8,0x28cfa00
22302,45213,8,0x296b740
22303,45716,8,0x2a07480
22304,47096,8,0x2aa31c0
22305,43993,8,0x2b3ef00
22306,44867,8,0x2bdac40
22307,44774,8,0x2c76980
22308,45221,8,0x2d126c0
22309,44216,8,0x2dae400
22310,48499,8,0x2e4a140
22311,44884,8,0x2ee5e80
22312,46319,8,0x2f81bc0
22313,45635,8,0x301d900
22314,44553,8,0x30b9640
22315,46242,8,0x3155380
22316,45763,8,0x31f10c0
22317,45601,8,0x328ce00
22318,50003,8,0x3328b40
22319,47071,8,0x33c4880
22320,47222,8,0x34605c0
22321,44403,8,0x34fc300
22322,44396,8,0x3598040
22323,45012,8,0x3633d80
22324,45801,8,0x36cfac0
22325,48475,8,0x376b800
22326,45798,8,0x3807540
22327,44730,8,0x38a3280
22328,49791,8,0x393efc0
22329,45926,8,0x39dad00
22330,44214,8,0x3a76a40
22331,44791,8,0x3b12780
22332,44890,8,0x3bae4c0
22333,45541,8,0x3c4a200
22334,43678,8,0x3ce5f40
22335,45264,8,0x3d81c80
22336,44782,8,0x3e1d9c0
22337,44981,8,0x3eb9700
22338,45299,8,0x3f55440
22339,47618,8,0x3ff1180
22340,44655,8,0x408cec0
22341,45531,8,0x4128c00
22342,45443,8,0x41c4940
22343,45011,8,0x4260680
22344,45770,8,0x42fc3c0
22345,44233,8,0x4398100
22346,44536,8,0x4433e40
22347,44475,8,0x44cfb80
22348,45719,8,0x456b8c0
22349,45166,8,0x4607600
22350,43880,8,0x46a3340
22351,43777,8,0x473f080
22352,54465,8,0x47dadc0
22353,46849,8,0x4876b00
22354,47310,8,0x4912840
22355,44458,8,0x49ae580
22356,43958,8,0x4a4a2c0
22357,44857,8,0x4ae6000
22358,44411,8,0x4b81d40
22359,45410,8,0x4c1da80
22360,45264,8,0x4cb97c0
22361,44551,8,0x4d55500
22362,45111,8,0x4df1240
22363,45695,8,0x4e8cf80
22364,45438,8,0x4f28cc0
22365,50928,8,0x4fc4a00
22366,45714,8,0x5060740
22367,46068,8,0x50fc480
22368,45295,8,0x51981c0
22369,48173,8,0x5233f00
22370,44625,8,0x52cfc40
22371,44257,8,0x536b980
22372,44852,8,0x54076c0
22373,45491,8,0x54a3400
22374,44751,8,0x553f140
22375,46121,8,0x55dae80
22376,44713,8,0x5676bc0
22377,43369,8,0x5712900
22378,44519,8,0x57ae640
22379,44975,8,0x584a380
22380,49994,8,0x58e60c0
22381,46480,8,0x5981e00
22382,44919,8,0x5a1db40
22383,45739,8,0x5ab9880
22384,48098,8,0x5b555c0
22385,43958,8,0x5bf1300
22386,44472,8,0x5c8d040
22387,45434,8,0x5d28d80
22388,45564,8,0x5dc4ac0
22389,45816,8,0x5e60800
22390,45496,8,0x5efc540
22391,45440,8,0x5f98280
22392,49360,8,0x6033fc0
22393,43508,8,0x60cfd00
22394,44990,8,0x616ba40
22395,45777,8,0x6207780
22396,44628,8,0x62a34c0
22397,45343,8,0x633f200
22398,47745,8,0x63daf40
22399,46024,8,0x6476c80
22400,45193,8,0x65129c0
22401,43576,8,0x65ae700
22402,44254,8,0x664a440
22403,46010,8,0x66e6180
22404,45032,8,0x6781ec0
22405,45138,8,0x681dc00
22406,45466,8,0x68b9940
22407,46506,8,0x6955680
22408,45732,8,0x69f13c0
22409,43654,8,0x6a8d100
22410,45636,8,0x6b28e40
22411,46072,8,0x6bc4b80
22412,45121,8,0x6c608c0
22413,47595,8,0x6cfc600
22414,44991,8,0x6d98340
22415,46203,8,0x6e34080
22416,45061,8,0x6ecfdc0
22417,43847,8,0x6f6bb00
22418,45101,8,0x7007840
22419,45586,8,0x70a3580
22420,44708,8,0x713f2c0
22421,44500,8,0x71db000
22422,44521,8,0x7276d40
22423,46565,8,0x7312a80
22424,45597,8,0x73ae7c0
22425,44838,8,0x744a500
22426,44860,8,0x74e6240
22427,47010,8,0x7581f80
22428,47521,8,0x761dcc0
22429,45078,8,0x76b9a00
22430,45199,8,0x7755740
22431,46378,8,0x77f1480
22432,44782,8,0x788d1c0
22433,44754,8,0x7928f00
22434,45963,8,0x79c4c40
22435,45694,8,0x7a60980
22436,44848,8,0x7afc6c0
22437,44545,8,0x7b98400
22438,53243,8,0x7c34140
22439,46784,8,0x7ccfe80
22440,45090,8,0x7d6bbc0
22441,44716,8,0x7e07900
22442,49229,8,0x7ea3640
22443,47958,8,0x7f3f380
22444,45930,8,0x7fdb0c0
22445,43515,8,0x8076e00
22446,44349,8,0x8112b40
22447,46330,8,0x81ae880
22448,45954,8,0x824a5c0
22449,44925,8,0x82e6300
22450,45018,8,0x8382040
22451,45631,8,0x841dd80
22452,45837,8,0x84b9ac0
22453,45030,8,0x8555800
22454,44806,8,0x85f1540
22455,46209,8,0x868d280
22456,49489,8,0x8728fc0
22457,47555,8,0x87c4d00
22458,46716,8,0x8860a40
22459,44842,8,0x88fc780
22460,44113,8,0x89984c0
22461,44627,8,0x8a34200
22462,45439,8,0x8acff40
22463,64225,8,0x8b6bc80
22464,44105,8,0x8c079c0
22465,44503,8,0x8ca3700
22466,45411,8,0x8d3f440
22467,43936,8,0x8ddb180
22468,43521,8,0x8e76ec0
22469,43406,8,0x8f12c00
22470,44147,8,0x8fae940
22471,45080,8,0x904a680
22472,45575,8,0x90e63c0
22473,43917,8,0x9182100
22474,44208,8,0x921de40
22475,44393,8,0x92b9b80
22476,44839,8,0x93558c0
22477,44878,8,0x93f1600
22478,45110,8,0x948d340
22479,46236,8,0x9529080
22480,43489,8,0x95c4dc0
22481,44205,8,0x9660b00
22482,44535,8,0x96fc840
22483,44028,8,0x9798580
22484,196831,8,0x98342c0
22485,64149,8,0x98d0000
22486,54446,8,0x996bd40
22487,61400,8,0x9a07a80
22488,51565,8,0x9aa37c0
22489,49800,8,0x9b3f500
22490,55787,8,0x9bdb240
22491,51057,8,0x9c76f80
22492,49427,8,0x9d12cc0
22493,48104,8,0x9daea00
22494,48646,8,0x9e4a740
22495,49606,8,0x9ee6480
22496,47993,8,0x9f821c0
22497,47727,8,0xa01df00
22498,50206,8,0xa0b9c40
22499,47569,8,0xa155980
22500,50528,8,0xa1f16c0
22501,47877,8,0xa28d400
22502,49029,8,0xa329140
22503,50231,8,0xa3c4e80
22504,47729,8,0xa460bc0
22505,51822,8,0xa4fc900
22506,47992,8,0xa598640
22507,49538,8,0xa634380
22508,48607,8,0xa6d00c0
22509,47519,8,0xa76be00
22510,48564,8,0xa807b40
22511,49471,8,0xa8a3880
22512,48505,8,0xa93f5c0
22513,48832,8,0xa9db300
22514,47593,8,0xaa77040
22515,48923,8,0xab12d80
22516,49129,8,0xabaeac0
22517,61283,8,0xac4a800
22518,49517,8,0xace6540
22519,48312,8,0xad82280
22520,55119,8,0xae1dfc0
22521,47456,8,0xaeb9d00
22522,46710,8,0xaf55a40
22523,48309,8,0xaff1780
22524,48400,8,0xb08d4c0
22525,46463,8,0xb129200
22526,48727,8,0xb1c4f40
22527,48155,8,0xb260c80
22528,48285,8,0xb2fc9c0
22529,47349,8,0xb398700
22530,47066,8,0xb434440
22531,48814,8,0xb4d0180
22532,47434,8,0xb56bec0
22533,49130,8,0xb607c00
22534,51320,8,0xb6a3940
22535,50659,8,0xb73f680
22536,47323,8,0xb7db3c0
22537,48794,8,0xb877100
22538,47979,8,0xb912e40
22539,50114,8,0xb9aeb80
22540,48569,8,0xba4a8c0
22541,47068,8,0xbae6600
22542,48526,8,0xbb82340
22543,48744,8,0xbc1e080
22544,48184,8,0xbcb9dc0
22545,47378,8,0xbd55b00
22546,48358,8,0xbdf1840
22547,49894,8,0xbe8d580
22548,47147,8,0xbf292c0
22549,56561,8,0xbfc5000
22550,49147,8,0xc060d40
22551,49663,8,0xc0fca80
22552,47540,8,0xc1987c0
22553,47132,8,0xc234500
22554,47782,8,0xc2d0240
22555,48645,8,0xc36bf80
22556,48494,8,0xc407cc0
22557,47635,8,0xc4a3a00
22558,48791,8,0xc53f740
22559,48557,8,0xc5db480
22560,46884,8,0xc6771c0
22561,47336,8,0xc712f00
22562,47130,8,0xc7aec40
22563,49035,8,0xc84a980
22564,50370,8,0xc8e66c0
22565,47716,8,0xc982400
22566,49415,8,0xca1e140
22567,47421,8,0xcab9e80
22568,47481,8,0xcb55bc0
22569,47472,8,0xcbf1900
22570,46733,8,0xcc8d640
22571,49471,8,0xcd29380
22572,47534,8,0xcdc50c0
22573,47442,8,0xce60e00
22574,48373,8,0xcefcb40
22575,48473,8,0xcf98880
22576,47705,8,0xd0345c0
22577,47266,8,0xd0d0300
22578,47768,8,0xd16c040
22579,52607,8,0xd207d80
22580,47214,8,0xd2a3ac0
22581,47310,8,0xd33f800
22582,48671,8,0xd3db540
22583,48437,8,0xd477280
22584,51281,8,0xd512fc0
22585,47819,8,0xd5aed00
22586,48314,8,0xd64aa40
22587,48890,8,0xd6e6780
22588,48041,8,0xd7824c0
22589,48450,8,0xd81e200
22590,48041,8,0xd8b9f40
22591,48450,8,0xd955c80
22592,48130,8,0xd9f19c0
22593,50532,8,0xda8d700
22594,48455,8,0xdb29440
22595,48183,8,0xdbc5180
22596,46515,8,0xdc60ec0
22597,136414,8,0xdcfcc00
22598,81862,8,0xdd98940
22599,54345,8,0xde34680
22600,50710,8,0xded03c0
22601,51337,8,0xdf6c100
22602,50738,8,0xe007e40
22603,50428,8,0xe0a3b80
22604,49357,8,0xe13f8c0
22605,48579,8,0xe1db600
22606,49210,8,0xe277340
22607,48434,8,0xe313080
22608,50929,8,0xe3aedc0
22609,46720,8,0xe44ab00
22610,50890,8,0xe4e6840
22611,52440,8,0xe582580
22612,46974,8,0xe61e2c0
22613,48453,8,0xe6ba000
22614,48289,8,0xe755d40
22615,49639,8,0xe7f1a80
22616,48388,8,0xe88d7c0
22617,47905,8,0xe929500
22618,47968,8,0xe9c5240
22619,48083,8,0xea60f80
22620,47397,8,0xeafccc0
22621,48654,8,0xeb98a00
22622,48775,8,0xec34740
22623,51145,8,0xecd0480
22624,47437,8,0xed6c1c0
22625,47856,8,0xee07f00
22626,48982,8,0xeea3c40
22627,48258,8,0xef3f980
22628,47558,8,0xefdb6c0
22629,52466,8,0xf077400
22630,49116,8,0xf113140
22631,48077,8,0xf1aee80
22632,48254,8,0xf24abc0
22633,47619,8,0xf2e6900
22634,48269,8,0xf382640
22635,47437,8,0xf41e380
22636,48189,8,0xf4ba0c0
22637,48280,8,0xf555e00
22638,52288,8,0xf5f1b40
22639,48228,8,0xf68d880
22640,47679,8,0xf7295c0
22641,47932,8,0xf7c5300
22642,49213,8,0xf861040
22643,48367,8,0xf8fcd80
22644,47026,8,0xf998ac0
22645,48260,8,0xfa34800
22646,47900,8,0xfad0540
22647,47785,8,0xfb6c280
22648,51416,8,0xfc07fc0
22649,48091,8,0xfca3d00
22650,154626,8,0xfd3fa40
22651,54959,8,0xfddb780
22652,43340,8,0xfe774c0
22653,46164,8,0xff13200
22654,42881,8,0xffaef40
22655,43319,8,0x1004ac80
22656,40664,8,0x100e69c0
22657,41305,8,0x10182700
22658,43149,8,0x1021e440
22659,42611,8,0x102ba180
22660,39377,8,0x10355ec0
22661,40193,8,0x103f1c00
22662,40348,8,0x1048d940
22663,41223,8,0x10529680
22664,39884,8,0x105c53c0
22665,39747,8,0x10661100
22666,40979,8,0x106fce40
22667,40764,8,0x10798b80
22668,42202,8,0x108348c0
22669,41255,8,0x108d0600
22670,45637,8,0x1096c340
22671,42020,8,0x10a08080
22672,40386,8,0x10aa3dc0
22673,40026,8,0x10b3fb00
22674,39789,8,0x10bdb840
22675,50035,8,0x10c77580
22676,36783,8,0x10d132c0
22677,39833,8,0x10daf000
22678,40347,8,0x10e4ad40
22679,41405,8,0x10ee6a80
22680,39934,8,0x10f827c0
22681,40871,8,0x1101e500
22682,40274,8,0x110ba240
22683,43033,8,0x11155f80
22684,39770,8,0x111f1cc0
22685,39955,8,0x1128da00
22686,39092,8,0x11329740
22687,40672,8,0x113c5480
22688,40108,8,0x114611c0
22689,40471,8,0x114fcf00
22690,40882,8,0x11598c40
22691,39768,8,0x11634980
22692,40615,8,0x116d06c0
22693,40252,8,0x1176c400
22694,40263,8,0x11808140
22695,42881,8,0x118a3e80
22696,40134,8,0x1193fbc0
22697,40882,8,0x119db900
22698,42971,8,0x11a77640
22699,39979,8,0x11b13380
22700,40117,8,0x11baf0c0
22701,40903,8,0x11c4ae00
22702,39193,8,0x11ce6b40
22703,40175,8,0x11d82880
22704,39976,8,0x11e1e5c0
22705,40496,8,0x11eba300
22706,40776,8,0x11f56040
22707,57767,8,0x11ff1d80
22708,49093,8,0x1208dac0
22709,47783,8,0x12129800
22710,48604,8,0x121c5540
22711,48697,8,0x12261280
22712,54605,8,0x122fcfc0
22713,48650,8,0x12398d00
22714,47568,8,0x12434a40
22715,47349,8,0x124d0780
22716,48478,8,0x1256c4c0
22717,48650,8,0x12608200
22718,47340,8,0x126a3f40
22719,47581,8,0x1273fc80
22720,47083,8,0x127db9c0
22721,47896,8,0x12877700
22722,47482,8,0x12913440
22723,47688,8,0x129af180
22724,47902,8,0x12a4aec0
22725,49531,8,0x12ae6c00
22726,47744,8,0x12b82940
22727,51652,8,0x12c1e680
22728,47269,8,0x12cba3c0
22729,48975,8,0x12d56100
22730,47326,8,0x12df1e40
22731,48941,8,0x12e8db80
22732,51634,8,0x12f298c0
22733,48997,8,0x12fc5600
22734,46861,8,0x13061340
22735,49137,8,0x130fd080
22736,46972,8,0x13198dc0
22737,48141,8,0x13234b00
22738,47132,8,0x132d0840
22739,47091,8,0x1336c580
22740,48679,8,0x134082c0
22741,49770,8,0x134a4000
22742,49945,8,0x1353fd40
22743,49246,8,0x135dba80
22744,47528,8,0x136777c0
22745,48968,8,0x13713500
22746,48095,8,0x137af240
22747,47565,8,0x1384af80
22748,48896,8,0x138e6cc0
22749,49175,8,0x13982a00
22750,48155,8,0x13a1e740
22751,47480,8,0x13aba480
22752,47095,8,0x13b561c0
22753,48280,8,0x13bf1f00
22754,48188,8,0x13c8dc40
22755,47556,8,0x13d29980
22756,48514,8,0x13dc56c0
22757,50950,8,0x13e61400
22758,47564,8,0x13efd140
22759,48237,8,0x13f98e80
22760,47088,8,0x14034bc0
22761,62283,8,0x140d0900
22762,48473,8,0x1416c640
22763,47438,8,0x14208380
22764,48277,8,0x142a40c0
22765,47215,8,0x1433fe00
22766,47526,8,0x143dbb40
22767,47767,8,0x14477880
22768,47672,8,0x145135c0
22769,48424,8,0x145af300
22770,47983,8,0x1464b040
22771,46875,8,0x146e6d80
22772,51371,8,0x14782ac0
22773,48773,8,0x1481e800
22774,47223,8,0x148ba540
22775,49763,8,0x14956280
22776,51212,8,0x149f1fc0
22777,47972,8,0x14a8dd00
22778,47923,8,0x14b29a40
22779,48669,8,0x14bc5780
22780,48376,8,0x14c614c0
22781,48586,8,0x14cfd200
22782,47972,8,0x14d98f40
22783,47340,8,0x14e34c80
22784,48093,8,0x14ed09c0
22785,66865,8,0x14f6c700
22786,52669,8,0x15008440
22787,48509,8,0x150a4180
22788,50441,8,0x1513fec0
22789,48675,8,0x151dbc00
22790,48553,8,0x15277940
22791,48882,8,0x15313680
22792,48929,8,0x153af3c0
22793,48883,8,0x1544b100
22794,55268,8,0x154e6e40
22795,49303,8,0x15582b80
22796,49698,8,0x1561e8c0
22797,47916,8,0x156ba600
22798,48332,8,0x15756340
22799,49137,8,0x157f2080
22800,48799,8,0x1588ddc0
22801,51918,8,0x15929b00
22802,49038,8,0x159c5840
22803,49065,8,0x15a61580
22804,48853,8,0x15afd2c0
22805,47187,8,0x15b99000
22806,48464,8,0x15c34d40
22807,50316,8,0x15cd0a80
22808,48733,8,0x15d6c7c0
22809,49156,8,0x15e08500
22810,49162,8,0x15ea4240
22811,48648,8,0x15f3ff80
22812,49021,8,0x15fdbcc0
22813,48428,8,0x16077a00
22814,48503,8,0x16113740
22815,48985,8,0x161af480
22816,51601,8,0x1624b1c0
22817,48923,8,0x162e6f00
22818,47862,8,0x16382c40
22819,49708,8,0x1641e980
22820,48968,8,0x164ba6c0
22821,48171,8,0x16556400
22822,47982,8,0x165f2140
22823,49576,8,0x1668de80
22824,47952,8,0x16729bc0
22825,49524,8,0x167c5900
22826,49034,8,0x16861640
22827,49810,8,0x168fd380
22828,48547,8,0x169990c0
22829,47586,8,0x16a34e00
22830,48179,8,0x16ad0b40
22831,52573,8,0x16b6c880
22832,49531,8,0x16c085c0
22833,49823,8,0x16ca4300
22834,48285,8,0x16d40040
22835,49108,8,0x16ddbd80
22836,49523,8,0x16e77ac0
22837,46929,8,0x16f13800
22838,47987,8,0x16faf540
22839,49305,8,0x1704b280
22840,83983,8,0x170e6fc0
22841,49977,8,0x17182d00
22842,48266,8,0x1721ea40
22843,50264,8,0x172ba780
22844,47777,8,0x173564c0
22845,51477,8,0x173f2200
22846,47553,8,0x1748df40
22847,48739,8,0x17529c80
22848,49839,8,0x175c59c0
22849,50464,8,0x17661700
22850,49548,8,0x176fd440
22851,49907,8,0x17799180
22852,48036,8,0x17834ec0
22853,48208,8,0x178d0c00
22854,48465,8,0x1796c940
22855,50475,8,0x17a08680
22856,53098,8,0x17aa43c0
22857,49921,8,0x17b40100
22858,47295,8,0x17bdbe40
22859,50423,8,0x17c77b80
22860,52044,8,0x17d138c0
22861,48321,8,0x17daf600
22862,47195,8,0x17e4b340
22863,49053,8,0x17ee7080
22864,48814,8,0x17f82dc0
22865,48700,8,0x1801eb00
22866,46904,8,0x180ba840
22867,50188,8,0x18156580
22868,47809,8,0x181f22c0
22869,48324,8,0x1828e000
22870,49128,8,0x18329d40
22871,50589,8,0x183c5a80
22872,48298,8,0x184617c0
22873,48595,8,0x184fd500
22874,46961,8,0x18599240
22875,53051,8,0x18634f80
22876,49266,8,0x186d0cc0
22877,48587,8,0x1876ca00
22878,47829,8,0x18808740
22879,49258,8,0x188a4480
22880,49806,8,0x189401c0
22881,49329,8,0x189dbf00
22882,47973,8,0x18a77c40
22883,50854,8,0x18b13980
22884,48611,8,0x18baf6c0
22885,47925,8,0x18c4b400
22886,47753,8,0x18ce7140
22887,50685,8,0x18d82e80
22888,49445,8,0x18e1ebc0
22889,49365,8,0x18eba900
22890,50086,8,0x18f56640
22891,49296,8,0x18ff2380
22892,49080,8,0x1908e0c0
22893,49005,8,0x19129e00
22894,47335,8,0x191c5b40
22895,48344,8,0x19261880
22896,49380,8,0x192fd5c0
22897,48695,8,0x19399300
22898,48128,8,0x19435040
22899,49683,8,0x194d0d80
22900,47995,8,0x1956cac0
22901,48651,8,0x19608800
22902,47906,8,0x196a4540
22903,49964,8,0x19740280
22904,61315,8,0x197dbfc0
22905,49444,8,0x19877d00
22906,47202,8,0x19913a40
22907,54318,8,0x199af780
22908,43164,8,0x19a4b4c0
22909,44752,8,0x19ae7200
22910,43891,8,0x19b82f40
22911,47066,8,0x19c1ec80
22912,44181,8,0x19cba9c0
22913,44110,8,0x19d56700
22914,44219,8,0x19df2440
22915,46286,8,0x19e8e180
22916,45572,8,0x19f29ec0
22917,44787,8,0x19fc5c00
22918,48220,8,0x1a061940
22919,47696,8,0x1a0fd680
22920,52803,8,0x1a1993c0
22921,46451,8,0x1a235100
22922,44205,8,0x1a2d0e40
22923,44723,8,0x1a36cb80
22924,45021,8,0x1a4088c0
22925,43858,8,0x1a4a4600
22926,43485,8,0x1a540340
22927,45755,8,0x1a5dc080
22928,45510,8,0x1a677dc0
22929,43903,8,0x1a713b00
22930,44087,8,0x1a7af840
22931,44851,8,0x1a84b580
22932,44796,8,0x1a8e72c0
22933,43861,8,0x1a983000
22934,45998,8,0x1aa1ed40
22935,48791,8,0x1aabaa80
22936,44705,8,0x1ab567c0
22937,44708,8,0x1abf2500
22938,44410,8,0x1ac8e240
22939,43875,8,0x1ad29f80
22940,46083,8,0x1adc5cc0
22941,43982,8,0x1ae61a00
22942,44408,8,0x1aefd740
22943,45264,8,0x1af99480
22944,45597,8,0x1b0351c0
22945,44354,8,0x1b0d0f00
22946,44062,8,0x1b16cc40
22947,45211,8,0x1b208980
22948,44594,8,0x1b2a46c0
22949,46822,8,0x1b340400
22950,43006,8,0x1b3dc140
22951,45250,8,0x1b477e80
22952,44993,8,0x1b513bc0
22953,43791,8,0x1b5af900
22954,44214,8,0x1b64b640
22955,45304,8,0x1b6e7380
22956,44814,8,0x1b7830c0
22957,44947,8,0x1b81ee00
22958,43677,8,0x1b8bab40
22959,45443,8,0x1b956880
22960,44196,8,0x1b9f25c0
22961,43893,8,0x1ba8e300
22962,45999,8,0x1bb2a040
22963,44526,8,0x1bbc5d80
22964,47364,8,0x1bc61ac0
22965,44926,8,0x1bcfd800
22966,44465,8,0x1bd99540
22967,45485,8,0x1be35280
22968,46771,8,0x1bed0fc0
22969,44333,8,0x1bf6cd00
22970,46426,8,0x1c008a40
22971,44289,8,0x1c0a4780
22972,45325,8,0x1c1404c0
22973,45144,8,0x1c1dc200
22974,44641,8,0x1c277f40
22975,44635,8,0x1c313c80
22976,43446,8,0x1c3af9c0
22977,44511,8,0x1c44b700
22978,47111,8,0x1c4e7440
22979,43816,8,0x1c583180
22980,48895,8,0x1c61eec0
22981,44061,8,0x1c6bac00
22982,45663,8,0x1c756940
22983,45494,8,0x1c7f2680
22984,43614,8,0x1c88e3c0
22985,44870,8,0x1c92a100
22986,44952,8,0x1c9c5e40
22987,45024,8,0x1ca61b80
22988,45926,8,0x1cafd8c0
22989,44000,8,0x1cb99600
22990,63618,8,0x1cc35340
22991,45947,8,0x1ccd1080
22992,43862,8,0x1cd6cdc0
22993,49052,8,0x1ce08b00
22994,46190,8,0x1cea4840
22995,45510,8,0x1cf40580
22996,45685,8,0x1cfdc2c0
22997,45866,8,0x1d078000
22998,45072,8,0x1d113d40
22999,47476,8,0x1d1afa80
23000,45260,8,0x1d24b7c0
23001,45879,8,0x1d2e7500
23002,45937,8,0x1d383240
23003,46809,8,0x1d41ef80
23004,46274,8,0x1d4bacc0
23005,45662,8,0x1d556a00
23006,201036,8,0x1d5f2740
23007,68148,8,0x1d68e480
23008,60386,8,0x1d72a1c0
23009,55276,8,0x1d7c5f00
23010,57791,8,0x1d861c40
23011,57016,8,0x1d8fd980
23012,51768,8,0x1d9996c0
23013,50818,8,0x1da35400
23014,50885,8,0x1dad1140
23015,51293,8,0x1db6ce80
23016,50983,8,0x1dc08bc0
23017,49968,8,0x1dca4900
23018,50646,8,0x1dd40640
23019,51970,8,0x1dddc380
23020,49580,8,0x1de780c0
23021,49654,8,0x1df13e00
23022,51513,8,0x1dfafb40
23023,53616,8,0x1e04b880
23024,49851,8,0x1e0e75c0
23025,50503,8,0x1e183300
23026,50153,8,0x1e21f040
23027,50636,8,0x1e2bad80
23028,49812,8,0x1e356ac0
23029,55951,8,0x1e3f2800
23030,51075,8,0x1e48e540
23031,51220,8,0x1e52a280
23032,54538,8,0x1e5c5fc0
23033,49184,8,0x1e661d00
23034,50189,8,0x1e6fda40
23035,50714,8,0x1e799780
23036,49625,8,0x1e8354c0
23037,53937,8,0x1e8d1200
23038,49899,8,0x1e96cf40
23039,51321,8,0x1ea08c80
23040,50101,8,0x1eaa49c0
23041,50653,8,0x1eb40700
23042,49603,8,0x1ebdc440
23043,50867,8,0x1ec78180
23044,49139,8,0x1ed13ec0
23045,50045,8,0x1edafc00
23046,51485,8,0x1ee4b940
23047,50388,8,0x1eee7680
23048,51907,8,0x1ef833c0
23049,50275,8,0x1f01f100
23050,50294,8,0x1f0bae40
23051,50593,8,0x1f156b80
23052,53496,8,0x1f1f28c0
23053,50282,8,0x1f28e600
23054,49556,8,0x1f32a340
23055,50854,8,0x1f3c6080
23056,49273,8,0x1f461dc0
23057,49073,8,0x1f4fdb00
23058,49522,8,0x1f599840
23059,51420,8,0x1f635580
23060,49828,8,0x1f6d12c0
23061,49789,8,0x1f76d000
23062,50958,8,0x1f808d40
23063,55002,8,0x1f8a4a80
23064,50897,8,0x1f9407c0
23065,49544,8,0x1f9dc500
23066,50457,8,0x1fa78240
23067,54920,8,0x1fb13f80
23068,51301,8,0x1fbafcc0
23069,49148,8,0x1fc4ba00
23070,50083,8,0x1fce7740
23071,50704,8,0x1fd83480
23072,50417,8,0x1fe1f1c0
23073,49184,8,0x1febaf00
23074,50070,8,0x1ff56c40
23075,51162,8,0x1fff2980
23076,50688,8,0x2008e6c0
23077,49826,8,0x2012a400
23078,50378,8,0x201c6140
23079,68092,8,0x20261e80
23080,51594,8,0x202fdbc0
23081,50837,8,0x20399900
23082,51967,8,0x20435640
23083,51618,8,0x204d1380
23084,48856,8,0x2056d0c0
23085,50471,8,0x20608e00
23086,49144,8,0x206a4b40
23087,49423,8,0x20740880
23088,50556,8,0x207dc5c0
23089,49991,8,0x20878300
23090,48467,8,0x20914040
23091,54912,8,0x209afd80
23092,49015,8,0x20a4bac0
23093,51090,8,0x20ae7800
23094,48823,8,0x20b83540
23095,51082,8,0x20c1f280
23096,56705,8,0x20cbafc0
23097,50500,8,0x20d56d00
23098,49830,8,0x20df2a40
23099,49054,8,0x20e8e780
23100,48393,8,0x20f2a4c0
23101,51266,8,0x20fc6200
23102,50177,8,0x21061f40
23103,52833,8,0x210fdc80
23104,49455,8,0x211999c0
23105,50167,8,0x21235700
23106,49639,8,0x212d1440
23107,50329,8,0x2136d180
23108,49572,8,0x21408ec0
23109,50176,8,0x214a4c00
23110,51311,8,0x21540940
23111,53181,8,0x215dc680
23112,49294,8,0x216783c0
23113,51101,8,0x21714100
23114,49431,8,0x217afe40
23115,49788,8,0x2184bb80
23116,48536,8,0x218e78c0
23117,51251,8,0x21983600
23118,50515,8,0x21a1f340
23119,49833,8,0x21abb080
23120,49980,8,0x21b56dc0
23121,51173,8,0x21bf2b00
23122,49473,8,0x21c8e840
23123,50839,8,0x21d2a580
23124,48602,8,0x21dc62c0
23125,50802,8,0x21e62000
23126,53398,8,0x21efdd40
23127,50051,8,0x21f99a80
23128,50530,8,0x220357c0
23129,50941,8,0x220d1500
23130,49422,8,0x2216d240
23131,49768,8,0x22208f80
23132,47776,8,0x222a4cc0
23133,51198,8,0x22340a00
23134,50428,8,0x223dc740
23135,50551,8,0x22478480
23136,50035,8,0x225141c0
23137,49541,8,0x225aff00
23138,50200,8,0x2264bc40
23139,49692,8,0x226e7980
23140,48837,8,0x227836c0
23141,53974,8,0x2281f400
23142,50640,8,0x228bb140
23143,51541,8,0x22956e80
23144,50807,8,0x229f2bc0
23145,51125,8,0x22a8e900
23146,49887,8,0x22b2a640
23147,50833,8,0x22bc6380
23148,48581,8,0x22c620c0
23149,49831,8,0x22cfde00
23150,49536,8,0x22d99b40
23151,49731,8,0x22e35880
23152,49372,8,0x22ed15c0
23153,54051,8,0x22f6d300
23154,49834,8,0x23009040
23155,51025,8,0x230a4d80
23156,64788,8,0x23140ac0
23157,52268,8,0x231dc800
23158,49445,8,0x23278540
23159,50128,8,0x23314280
23160,54958,8,0x233affc0
23161,49304,8,0x2344bd00
23162,49794,8,0x234e7a40
23163,50242,8,0x23583780
23164,50562,8,0x2361f4c0
23165,49848,8,0x236bb200
23166,49485,8,0x23756f40
23167,49690,8,0x237f2c80
23168,50484,8,0x2388e9c0
23169,50842,8,0x2392a700
23170,52506,8,0x239c6440
23171,49524,8,0x23a62180
23172,50978,8,0x23afdec0
23173,50642,8,0x23b99c00
23174,48916,8,0x23c35940
23175,50115,8,0x23cd1680
23176,50368,8,0x23d6d3c0
23177,49693,8,0x23e09100
23178,49822,8,0x23ea4e40
23179,50462,8,0x23f40b80
23180,51125,8,0x23fdc8c0
23181,49406,8,0x24078600
23182,48758,8,0x24114340
23183,51108,8,0x241b0080
23184,51244,8,0x2424bdc0
23185,52111,8,0x242e7b00
23186,50428,8,0x24383840
23187,70097,8,0x2441f580
23188,51857,8,0x244bb2c0
23189,50365,8,0x24557000
23190,49684,8,0x245f2d40
23191,52942,8,0x2468ea80
23192,52170,8,0x2472a7c0
23193,51849,8,0x247c6500
23194,49956,8,0x24862240
23195,50642,8,0x248fdf80
23196,51304,8,0x24999cc0
23197,51887,8,0x24a35a00
23198,51155,8,0x24ad1740
23199,51616,8,0x24b6d480
23200,56083,8,0x24c091c0
23201,50212,8,0x24ca4f00
23202,51821,8,0x24d40c40
23203,51159,8,0x24ddc980
23204,52087,8,0x24e786c0
23205,49996,8,0x24f14400
23206,50950,8,0x24fb0140
23207,51881,8,0x2504be80
23208,52663,8,0x250e7bc0
23209,51959,8,0x25183900
23210,51818,8,0x2521f640
23211,51158,8,0x252bb380
23212,52169,8,0x253570c0
23213,51984,8,0x253f2e00
23214,50083,8,0x2548eb40
23215,59864,8,0x2552a880
23216,52536,8,0x255c65c0
23217,50426,8,0x25662300
23218,50661,8,0x256fe040
23219,50345,8,0x25799d80
23220,52029,8,0x25835ac0
23221,51470,8,0x258d1800
23222,51834,8,0x2596d540
23223,52213,8,0x25a09280
23224,56573,8,0x25aa4fc0
23225,51756,8,0x25b40d00
23226,49884,8,0x25bdca40
23227,50226,8,0x25c78780
23228,51217,8,0x25d144c0
23229,55025,8,0x25db0200
23230,50518,8,0x25e4bf40
23231,51171,8,0x25ee7c80
23232,62549,8,0x25f839c0
23233,60364,8,0x2601f700
23234,83520,8,0x260bb440
23235,58061,8,0x26157180
23236,53859,8,0x261f2ec0
23237,52857,8,0x2628ec00
23238,52688,8,0x2632a940
23239,53930,8,0x263c6680
23240,51384,8,0x264623c0
23241,52327,8,0x264fe100
23242,52244,8,0x26599e40
23243,53215,8,0x26635b80
23244,55369,8,0x266d18c0
23245,50596,8,0x2676d600
23246,51461,8,0x26809340
23247,51778,8,0x268a5080
23248,50360,8,0x26940dc0
23249,51896,8,0x269dcb00
23250,50946,8,0x26a78840
23251,51983,8,0x26b14580
23252,50835,8,0x26bb02c0
23253,50054,8,0x26c4c000
23254,51018,8,0x26ce7d40
23255,52878,8,0x26d83a80
23256,51997,8,0x26e1f7c0
23257,52925,8,0x26ebb500
23258,51048,8,0x26f57240
23259,53797,8,0x26ff2f80
23260,50958,8,0x2708ecc0
23261,50817,8,0x2712aa00
23262,51055,8,0x271c6740
23263,51614,8,0x27262480
23264,50349,8,0x272fe1c0
23265,51326,8,0x27399f00
23266,50960,8,0x27435c40
23267,51725,8,0x274d1980
23268,49906,8,0x2756d6c0
23269,49058,8,0x27609400
23270,49278,8,0x276a5140
23271,51455,8,0x27740e80
23272,50639,8,0x277dcbc0
23273,51674,8,0x27878900
23274,54126,8,0x27914640
23275,50260,8,0x279b0380
23276,50715,8,0x27a4c0c0
23277,54909,8,0x27ae7e00
23278,50563,8,0x27b83b40
23279,51598,8,0x27c1f880
23280,49977,8,0x27cbb5c0
23281,52471,8,0x27d57300
23282,50722,8,0x27df3040
23283,51308,8,0x27e8ed80
23284,50238,8,0x27f2aac0
23285,229264,8,0x27fc6800
23286,79423,8,0x28062540
23287,66067,8,0x280fe280
23288,62491,8,0x28199fc0
23289,57985,8,0x28235d00
23290,53762,8,0x282d1a40
23291,58534,8,0x2836d780
23292,53820,8,0x284094c0
23293,50572,8,0x284a5200
23294,51285,8,0x28540f40
23295,52289,8,0x285dcc80
23296,51679,8,0x286789c0
23297,51022,8,0x28714700
23298,51733,8,0x287b0440
23299,52017,8,0x2884c180
23300,50597,8,0x288e7ec0
23301,69308,8,0x28983c00
23302,49000,8,0x28a1f940
23303,52949,8,0x28abb680
23304,50735,8,0x28b573c0
23305,50141,8,0x28bf3100
23306,53032,8,0x28c8ee40
23307,51886,8,0x28d2ab80
23308,51535,8,0x28dc68c0
23309,50396,8,0x28e62600
23310,52698,8,0x28efe340
23311,52873,8,0x28f9a080
23312,50680,8,0x29035dc0
23313,50142,8,0x290d1b00
23314,51176,8,0x2916d840
23315,52451,8,0x29209580
23316,54934,8,0x292a52c0
23317,53081,8,0x29341000
23318,51889,8,0x293dcd40
23319,53542,8,0x29478a80
23320,51096,8,0x295147c0
23321,57865,8,0x295b0500
23322,51808,8,0x2964c240
23323,51661,8,0x296e7f80
23324,52382,8,0x29783cc0
23325,51065,8,0x2981fa00
23326,52499,8,0x298bb740
23327,51512,8,0x29957480
23328,51971,8,0x299f31c0
23329,50137,8,0x29a8ef00
23330,51570,8,0x29b2ac40
23331,55786,8,0x29bc6980
23332,52321,8,0x29c626c0
23333,50703,8,0x29cfe400
23334,51691,8,0x29d9a140
23335,51586,8,0x29e35e80
23336,51665,8,0x29ed1bc0
23337,51518,8,0x29f6d900
23338,52764,8,0x2a009640
23339,51454,8,0x2a0a5380
23340,52153,8,0x2a1410c0
23341,50485,8,0x2a1dce00
23342,52003,8,0x2a278b40
23343,51560,8,0x2a314880
23344,52178,8,0x2a3b05c0
23345,50376,8,0x2a44c300
23346,54417,8,0x2a4e8040
23347,52376,8,0x2a583d80
23348,51820,8,0x2a61fac0
23349,51414,8,0x2a6bb800
23350,51670,8,0x2a757540
23351,51825,8,0x2a7f3280
23352,54286,8,0x2a88efc0
23353,50659,8,0x2a92ad00
23354,51274,8,0x2a9c6a40
23355,52084,8,0x2aa62780
23356,50752,8,0x2aafe4c0
23357,52558,8,0x2ab9a200
23358,50417,8,0x2ac35f40
23359,51003,8,0x2acd1c80
23360,55467,8,0x2ad6d9c0
23361,50915,8,0x2ae09700
23362,50822,8,0x2aea5440
23363,52564,8,0x2af41180
23364,50208,8,0x2afdcec0
23365,52127,8,0x2b078c00
23366,51100,8,0x2b114940
23367,51943,8,0x2b1b0680
23368,52306,8,0x2b24c3c0
23369,51910,8,0x2b2e8100
23370,51002,8,0x2b383e40
23371,52480,8,0x2b41fb80
23372,50903,8,0x2b4bb8c0
23373,50386,8,0x2b557600
23374,52606,8,0x2b5f3340
23375,55202,8,0x2b68f080
23376,52723,8,0x2b72adc0
23377,70269,8,0x2b7c6b00
23378,51716,8,0x2b862840
23379,52112,8,0x2b8fe580
23380,48884,8,0x2b99a2c0
23381,51969,8,0x2ba36000
23382,52593,8,0x2bad1d40
23383,57758,8,0x2bb6da80
23384,51521,8,0x2bc097c0
23385,49703,8,0x2bca5500
23386,52358,8,0x2bd41240
23387,52864,8,0x2bddcf80
23388,50065,8,0x2be78cc0
23389,51834,8,0x2bf14a00
23390,55115,8,0x2bfb0740
23391,51725,8,0x2c04c480
23392,50641,8,0x2c0e81c0
23393,50782,8,0x2c183f00
23394,51524,8,0x2c21fc40
23395,51550,8,0x2c2bb980
23396,51653,8,0x2c3576c0
23397,51681,8,0x2c3f3400
23398,52855,8,0x2c48f140
23399,52930,8,0x2c52ae80
23400,51854,8,0x2c5c6bc0
23401,51524,8,0x2c662900
23402,52481,8,0x2c6fe640
23403,52502,8,0x2c79a380
23404,50035,8,0x2c8360c0
23405,53874,8,0x2c8d1e00
23406,52330,8,0x2c96db40
23407,51653,8,0x2ca09880
23408,50853,8,0x2caa55c0
23409,51384,8,0x2cb41300
23410,52456,8,0x2cbdd040
23411,51098,8,0x2cc78d80
23412,49753,8,0x2cd14ac0
23413,51673,8,0x2cdb0800
23414,51304,8,0x2ce4c540
23415,52023,8,0x2cee8280
23416,56082,8,0x2cf83fc0
23417,49884,8,0x2d01fd00
23418,52490,8,0x2d0bba40
23419,54949,8,0x2d157780
23420,52505,8,0x2d1f34c0
23421,51555,8,0x2d28f200
23422,51220,8,0x2d32af40
23423,52159,8,0x2d3c6c80
23424,50409,8,0x2d4629c0
23425,51559,8,0x2d4fe700
23426,52343,8,0x2d59a440
23427,52388,8,0x2d636180
23428,50139,8,0x2d6d1ec0
23429,50423,8,0x2d76dc00
23430,51585,8,0x2d809940
23431,52031,8,0x2d8a5680
23432,52465,8,0x2d9413c0
23433,50945,8,0x2d9dd100
23434,55153,8,0x2da78e40
23435,53815,8,0x2db14b80
23436,50496,8,0x2dbb08c0
23437,52426,8,0x2dc4c600
23438,52063,8,0x2dce8340
23439,52625,8,0x2dd84080
23440,50924,8,0x2de1fdc0
23441,50191,8,0x2debbb00
23442,52627,8,0x2df57840
23443,52020,8,0x2dff3580
23444,50788,8,0x2e08f2c0
23445,55328,8,0x2e12b000
23446,52137,8,0x2e1c6d40
23447,54129,8,0x2e262a80
23448,51101,8,0x2e2fe7c0
23449,56051,8,0x2e39a500
23450,52592,8,0x2e436240
23451,60252,8,0x2e4d1f80
23452,53806,8,0x2e56dcc0
23453,51313,8,0x2e609a00
23454,50870,8,0x2e6a5740
23455,53549,8,0x2e741480
23456,51925,8,0x2e7dd1c0
23457,52027,8,0x2e878f00
23458,51207,8,0x2e914c40
23459,50632,8,0x2e9b0980
23460,51661,8,0x2ea4c6c0
23461,51718,8,0x2eae8400
23462,50969,8,0x2eb84140
23463,52604,8,0x2ec1fe80
23464,55686,8,0x2ecbbbc0
23465,51464,8,0x2ed57900
23466,51753,8,0x2edf3640
23467,51659,8,0x2ee8f380
23468,52056,8,0x2ef2b0c0
23469,51893,8,0x2efc6e00
23470,51651,8,0x2f062b40
23471,53182,8,0x2f0fe880
23472,51693,8,0x2f19a5c0
23473,51011,8,0x2f236300
23474,53070,8,0x2f2d2040
23475,56332,8,0x2f36dd80
23476,47727,8,0x2f409ac0
23477,48331,8,0x2f4a5800
23478,47658,8,0x2f541540
23479,51048,8,0x2f5dd280
23480,51482,8,0x2f678fc0
23481,48557,8,0x2f714d00
23482,46579,8,0x2f7b0a40
23483,47108,8,0x2f84c780
23484,47313,8,0x2f8e84c0
23485,51223,8,0x2f984200
23486,53594,8,0x2fa1ff40
23487,54440,8,0x2fabbc80
23488,52905,8,0x2fb579c0
23489,52600,8,0x2fbf3700
23490,47816,8,0x2fc8f440
23491,46538,8,0x2fd2b180
23492,45758,8,0x2fdc6ec0
23493,50437,8,0x2fe62c00
23494,47559,8,0x2fefe940
23495,49240,8,0x2ff9a680
23496,47991,8,0x300363c0
23497,48609,8,0x300d2100
23498,46064,8,0x3016de40
23499,46936,8,0x30209b80
23500,47147,8,0x302a58c0
23501,47494,8,0x30341600
23502,47614,8,0x303dd340
23503,48032,8,0x30479080
23504,47305,8,0x30514dc0
23505,48030,8,0x305b0b00
23506,45902,8,0x3064c840
23507,50738,8,0x306e8580
23508,48979,8,0x307842c0
23509,48406,8,0x30820000
23510,46421,8,0x308bbd40
23511,48712,8,0x30957a80
23512,46569,8,0x309f37c0
23513,48256,8,0x30a8f500
23514,45988,8,0x30b2b240
23515,47526,8,0x30bc6f80
23516,47868,8,0x30c62cc0
23517,48495,8,0x30cfea00
23518,47390,8,0x30d9a740
23519,47603,8,0x30e36480
23520,48246,8,0x30ed21c0
23521,48075,8,0x30f6df00
23522,46685,8,0x31009c40
23523,50072,8,0x310a5980
23524,47951,8,0x311416c0
23525,47684,8,0x311dd400
23526,47488,8,0x31279140
23527,49447,8,0x31314e80
23528,45837,8,0x313b0bc0
23529,48072,8,0x3144c900
23530,56275,8,0x314e8640
23531,49497,8,0x31584380
23532,47966,8,0x316200c0
23533,47727,8,0x316bbe00
23534,46246,8,0x31757b40
23535,46481,8,0x317f3880
23536,46836,8,0x3188f5c0
23537,49396,8,0x3192b300
23538,50646,8,0x319c7040
23539,47789,8,0x31a62d80
23540,47576,8,0x31afeac0
23541,47235,8,0x31b9a800
23542,47200,8,0x31c36540
23543,47132,8,0x31cd2280
23544,50313,8,0x31d6dfc0
23545,47953,8,0x31e09d00
23546,47324,8,0x31ea5a40
23547,48014,8,0x31f41780
23548,47289,8,0x31fdd4c0
23549,47550,8,0x32079200
23550,47542,8,0x32114f40
23551,46998,8,0x321b0c80
23552,50297,8,0x3224c9c0
23553,48208,8,0x322e8700
23554,46985,8,0x32384440
23555,47578,8,0x32420180
23556,47631,8,0x324bbec0
23557,47387,8,0x32557c00
23558,47514,8,0x325f3940
23559,48872,8,0x3268f680
23560,47251,8,0x3272b3c0
23561,48140,8,0x327c7100
23562,46628,8,0x32862e40
23563,46613,8,0x328feb80
23564,47592,8,0x3299a8c0
23565,47353,8,0x32a36600
23566,46872,8,0x32ad2340
23567,49995,8,0x32b6e080
23568,47499,8,0x32c09dc0
23569,52047,8,0x32ca5b00
23570,47717,8,0x32d41840
23571,48101,8,0x32ddd580
23572,48262,8,0x32e792c0
23573,47190,8,0x32f15000
23574,46627,8,0x32fb0d40
23575,49482,8,0x3304ca80
23576,47571,8,0x330e87c0
23577,48395,8,0x33184500
23578,48447,8,0x33220240
23579,48086,8,0x332bbf80
23580,48319,8,0x33357cc0
23581,47601,8,0x333f3a00
23582,50675,8,0x3348f740
23583,48492,8,0x3352b480
23584,48881,8,0x335c71c0
23585,48581,8,0x33662f00
23586,46563,8,0x336fec40
23587,47383,8,0x3379a980
23588,47660,8,0x338366c0
23589,46889,8,0x338d2400
23590,46545,8,0x3396e140
23591,47180,8,0x33a09e80
23592,49609,8,0x33aa5bc0
23593,55204,8,0x33b41900
23594,124209,8,0x33bdd640
23595,88713,8,0x33c79380
23596,58554,8,0x33d150c0
23597,52445,8,0x33db0e00
23598,50076,8,0x33e4cb40
23599,51068,8,0x33ee8880
23600,50736,8,0x33f845c0
23601,49653,8,0x34020300
23602,47455,8,0x340bc040
23603,47956,8,0x34157d80
23604,47362,8,0x341f3ac0
23605,46555,8,0x3428f800
23606,47155,8,0x3432b540
23607,47972,8,0x343c7280
23608,67065,8,0x34462fc0
23609,52773,8,0x344fed00
23610,48230,8,0x3459aa40
23611,52208,8,0x34636780
23612,46782,8,0x346d24c0
23613,55268,8,0x3476e200
23614,49759,8,0x34809f40
23615,47324,8,0x348a5c80
23616,47498,8,0x349419c0
23617,47634,8,0x349dd700
23618,48069,8,0x34a79440
23619,48490,8,0x34b15180
23620,45906,8,0x34bb0ec0
23621,47624,8,0x34c4cc00
23622,49669,8,0x34ce8940
23623,54449,8,0x34d84680
23624,56262,8,0x34e203c0
23625,49658,8,0x34ebc100
23626,50303,8,0x34f57e40
23627,48835,8,0x34ff3b80
23628,47558,8,0x3508f8c0
23629,47662,8,0x3512b600
23630,47517,8,0x351c7340
23631,52228,8,0x35263080
23632,50449,8,0x352fedc0
23633,53633,8,0x3539ab00
23634,48094,8,0x35436840
23635,47874,8,0x354d2580
23636,46711,8,0x3556e2c0
23637,47263,8,0x3560a000
23638,47029,8,0x356a5d40
23639,50443,8,0x35741a80
23640,48944,8,0x357dd7c0
23641,49692,8,0x35879500
23642,47208,8,0x35915240
23643,49900,8,0x359b0f80
23644,47659,8,0x35a4ccc0
23645,47804,8,0x35ae8a00
23646,47718,8,0x35b84740
23647,47820,8,0x35c20480
23648,47446,8,0x35cbc1c0
23649,47484,8,0x35d57f00
23650,47380,8,0x35df3c40
23651,47923,8,0x35e8f980
23652,49838,8,0x35f2b6c0
23653,54739,8,0x35fc7400
23654,49235,8,0x36063140
23655,49829,8,0x360fee80
23656,49736,8,0x3619abc0
23657,46502,8,0x36236900
23658,47874,8,0x362d2640
23659,48731,8,0x3636e380
23660,47203,8,0x3640a0c0
23661,47553,8,0x364a5e00
23662,47887,8,0x36541b40
23663,48607,8,0x365dd880
23664,47283,8,0x366795c0
23665,46721,8,0x36715300
23666,48592,8,0x367b1040
23667,48404,8,0x3684cd80
23668,47112,8,0x368e8ac0
23669,47552,8,0x36984800
23670,47843,8,0x36a20540
23671,51053,8,0x36abc280
23672,52497,8,0x36b57fc0
23673,53253,8,0x36bf3d00
23674,49318,8,0x36c8fa40
23675,47392,8,0x36d2b780
23676,60278,8,0x36dc74c0
23677,63496,8,0x36e63200
23678,50492,8,0x36efef40
23679,48495,8,0x36f9ac80
23680,47812,8,0x370369c0
23681,46504,8,0x370d2700
23682,47782,8,0x3716e440
23683,48497,8,0x3720a180
23684,47871,8,0x372a5ec0
23685,50391,8,0x37341c00
23686,47996,8,0x373dd940
23687,63477,8,0x37479680
23688,49241,8,0x375153c0
23689,46532,8,0x375b1100
23690,47924,8,0x3764ce40
23691,47787,8,0x376e8b80
23692,67956,8,0x377848c0
23693,61571,8,0x37820600
23694,46949,8,0x378bc340
23695,43587,8,0x37958080
23696,43495,8,0x379f3dc0
23697,43085,8,0x37a8fb00
23698,43545,8,0x37b2b840
23699,44556,8,0x37bc7580
23700,47008,8,0x37c632c0
23701,44705,8,0x37cff000
23702,44813,8,0x37d9ad40
23703,46379,8,0x37e36a80
23704,43083,8,0x37ed27c0
23705,43297,8,0x37f6e500
23706,43669,8,0x3800a240
23707,43691,8,0x380a5f80
23708,43973,8,0x38141cc0
23709,43246,8,0x381dda00
23710,43836,8,0x38279740
23711,45618,8,0x38315480
23712,43282,8,0x383b11c0
23713,46428,8,0x3844cf00
23714,49064,8,0x384e8c40
23715,47533,8,0x38584980
23716,45114,8,0x386206c0
23717,43028,8,0x386bc400
23718,42665,8,0x38758140
23719,46537,8,0x387f3e80
23720,43494,8,0x3888fbc0
23721,43262,8,0x3892b900
23722,45148,8,0x389c7640
23723,44771,8,0x38a63380
23724,44875,8,0x38aff0c0
23725,43927,8,0x38b9ae00
23726,44428,8,0x38c36b40
23727,45344,8,0x38cd2880
23728,43581,8,0x38d6e5c0
23729,43698,8,0x38e0a300
23730,46367,8,0x38ea6040
23731,44502,8,0x38f41d80
23732,43858,8,0x38fddac0
23733,44924,8,0x39079800
23734,43540,8,0x39115540
23735,51153,8,0x391b1280
23736,49454,8,0x3924cfc0
23737,44277,8,0x392e8d00
23738,44460,8,0x39384a40
23739,43796,8,0x39420780
23740,43051,8,0x394bc4c0
23741,43068,8,0x39558200
23742,44344,8,0x395f3f40
23743,43867,8,0x3968fc80
23744,63440,8,0x3972b9c0
23745,46272,8,0x397c7700
23746,45785,8,0x39863440
23747,46766,8,0x398ff180
23748,45285,8,0x3999aec0
23749,46594,8,0x39a36c00
23750,44482,8,0x39ad2940
23751,48163,8,0x39b6e680
23752,45261,8,0x39c0a3c0
23753,45116,8,0x39ca6100
23754,46808,8,0x39d41e40
23755,52398,8,0x39dddb80
23756,51571,8,0x39e798c0
23757,46713,8,0x39f15600
23758,45427,8,0x39fb1340
23759,48426,8,0x3a04d080
23760,44707,8,0x3a0e8dc0
23761,46670,8,0x3a184b00
23762,45088,8,0x3a220840
23763,45669,8,0x3a2bc580
23764,45322,8,0x3a3582c0
23765,45991,8,0x3a3f4000
23766,45485,8,0x3a48fd40
23767,47371,8,0x3a52ba80
23768,44369,8,0x3a5c77c0
23769,44967,8,0x3a663500
23770,46801,8,0x3a6ff240
23771,53673,8,0x3a79af80
23772,49454,8,0x3a836cc0
23773,46978,8,0x3a8d2a00
23774,48272,8,0x3a96e740
23775,45499,8,0x3aa0a480
23776,53011,8,0x3aaa61c0
23777,48664,8,0x3ab41f00
23778,46554,8,0x3abddc40
23779,45964,8,0x3ac79980
23780,46593,8,0x3ad156c0
23781,46167,8,0x3adb1400
23782,45256,8,0x3ae4d140
23783,46829,8,0x3aee8e80
23784,44055,8,0x3af84bc0
23785,45850,8,0x3b020900
23786,46481,8,0x3b0bc640
23787,44950,8,0x3b158380
23788,45471,8,0x3b1f40c0
23789,48631,8,0x3b28fe00
23790,46818,8,0x3b32bb40
23791,45459,8,0x3b3c7880
23792,44809,8,0x3b4635c0
23793,46883,8,0x3b4ff300
23794,45741,8,0x3b59b040
23795,46095,8,0x3b636d80
23796,45430,8,0x3b6d2ac0
23797,50715,8,0x3b76e800
23798,48906,8,0x3b80a540
23799,47702,8,0x3b8a6280
23800,48116,8,0x3b941fc0
23801,46193,8,0x3b9ddd00
23802,45645,8,0x3ba79a40
23803,47399,8,0x3bb15780
23804,44789,8,0x3bbb14c0
23805,45422,8,0x3bc4d200
23806,46233,8,0x3bce8f40
23807,45448,8,0x3bd84c80
23808,44174,8,0x3be209c0
23809,46398,8,0x3bebc700
23810,45837,8,0x3bf58440
23811,46078,8,0x3bff4180
23812,44481,8,0x3c08fec0
23813,45738,8,0x3c12bc00
23814,46617,8,0x3c1c7940
23815,46333,8,0x3c263680
23816,44923,8,0x3c2ff3c0
23817,50897,8,0x3c39b100
23818,51545,8,0x3c436e40
23819,48245,8,0x3c4d2b80
23820,45631,8,0x3c56e8c0
23821,46325,8,0x3c60a600
23822,45889,8,0x3c6a6340
23823,46457,8,0x3c742080
23824,44963,8,0x3c7dddc0
23825,46023,8,0x3c879b00
23826,45563,8,0x3c915840
23827,47012,8,0x3c9b1580
23828,45575,8,0x3ca4d2c0
23829,46385,8,0x3cae9000
23830,45538,8,0x3cb84d40
23831,46328,8,0x3cc20a80
23832,44939,8,0x3ccbc7c0
23833,49103,8,0x3cd58500
23834,45216,8,0x3cdf4240
23835,46214,8,0x3ce8ff80
23836,45171,8,0x3cf2bcc0
23837,45468,8,0x3cfc7a00
23838,45803,8,0x3d063740
23839,50307,8,0x3d0ff480
23840,49604,8,0x3d19b1c0
23841,55031,8,0x3d236f00
23842,53429,8,0x3d2d2c40
23843,46044,8,0x3d36e980
23844,46625,8,0x3d40a6c0
23845,45441,8,0x3d4a6400
23846,46414,8,0x3d542140
23847,46964,8,0x3d5dde80
23848,46534,8,0x3d679bc0
23849,45345,8,0x3d715900
23850,46198,8,0x3d7b1640
23851,46705,8,0x3d84d380
23852,45485,8,0x3d8e90c0
23853,46042,8,0x3d984e00
23854,53862,8,0x3da20b40
23855,48208,8,0x3dabc880
23856,47042,8,0x3db585c0
23857,46714,8,0x3dbf4300
23858,43780,8,0x3dc90040
23859,48934,8,0x3dd2bd80
23860,53465,8,0x3ddc7ac0
23861,48344,8,0x3de63800
23862,46228,8,0x3deff540
23863,48815,8,0x3df9b280
23864,49363,8,0x3e036fc0
23865,47099,8,0x3e0d2d00
23866,44602,8,0x3e16ea40
23867,45861,8,0x3e20a780
23868,47209,8,0x3e2a64c0
23869,47840,8,0x3e342200
23870,44894,8,0x3e3ddf40
23871,45494,8,0x3e479c80
23872,46867,8,0x3e5159c0
23873,45960,8,0x3e5b1700
23874,45295,8,0x3e64d440
23875,45944,8,0x3e6e9180
23876,45484,8,0x3e784ec0
23877,47710,8,0x3e820c00
23878,45218,8,0x3e8bc940
23879,49877,8,0x3e958680
23880,51499,8,0x3e9f43c0
23881,51208,8,0x3ea90100
23882,45933,8,0x3eb2be40
23883,47632,8,0x3ebc7b80
23884,47827,8,0x3ec638c0
23885,53860,8,0x3ecff600
23886,47506,8,0x3ed9b340
23887,45219,8,0x3ee37080
23888,45788,8,0x3eed2dc0
23889,45449,8,0x3ef6eb00
23890,45419,8,0x3f00a840
23891,45109,8,0x3f0a6580
23892,48044,8,0x3f1422c0
23893,45764,8,0x3f1de000
23894,45423,8,0x3f279d40
23895,45940,8,0x3f315a80
23896,45759,8,0x3f3b17c0
23897,45230,8,0x3f44d500
23898,43685,8,0x3f4e9240
23899,57347,8,0x3f584f80
23900,44421,8,0x3f620cc0
23901,50170,8,0x3f6bca00
23902,44175,8,0x3f758740
23903,44631,8,0x3f7f4480
23904,43301,8,0x3f8901c0
23905,42171,8,0x3f92bf00
23906,42419,8,0x3f9c7c40
23907,45341,8,0x3fa63980
23908,42749,8,0x3faff6c0
23909,42808,8,0x3fb9b400
23910,42094,8,0x3fc37140
23911,43132,8,0x3fcd2e80
23912,43032,8,0x3fd6ebc0
23913,44360,8,0x3fe0a900
23914,43339,8,0x3fea6640
23915,43877,8,0x3ff42380
23916,43314,8,0x3ffde0c0
23917,49310,8,0x79e40
23918,42104,8,0x115b80
23919,40767,8,0x1b18c0
23920,40044,8,0x24d600
23921,40442,8,0x2e9340
23922,41010,8,0x385080
23923,43874,8,0x420dc0
23924,47604,8,0x4bcb00
23925,42254,8,0x558840
23926,40469,8,0x5f4580
23927,41230,8,0x6902c0
23928,39841,8,0x72c000
23929,39355,8,0x7c7d40
23930,42056,8,0x863a80
23931,40310,8,0x8ff7c0
23932,41035,8,0x99b500
23933,41061,8,0xa37240
23934,47360,58,0xad2f80
23935,46490,58,0xb6ecc0
23936,46372,58,0xc0aa00
23937,46107,58,0xca6740
23938,50550,58,0xd42480
23939,44613,58,0xdde1c0
23940,55102,58,0xe79f00
23941,46682,58,0xf15c40
23942,48921,58,0xfb1980
23943,49865,58,0x104d6c0
23944,50241,58,0x10e9400
23945,52357,58,0x1185140
23946,49113,58,0x1220e80
23947,48167,58,0x12bcbc0
23948,46899,58,0x1358900
23949,46006,58,0x13f4640
23950,47845,8,0x1490380
23951,62326,8,0x152c0c0
23952,37296,8,0x15c7e00
23953,39587,8,0x1663b40
23954,37570,8,0x16ff880
23955,37916,8,0x179b5c0
23956,38031,8,0x1837300
23957,36910,8,0x18d3040
23958,38199,8,0x196ed80
23959,40493,8,0x1a0aac0
23960,38496,8,0x1aa6800
23961,42528,58,0x1b42540
23962,42605,58,0x1bde280
23963,43351,58,0x1c79fc0
23964,42696,58,0x1d15d00
23965,41627,58,0x1db1a40
23966,46268,58,0x1e4d780
23967,46365,58,0x1ee94c0
23968,45810,58,0x1f85200
23969,45497,58,0x2020f40
23970,42870,58,0x20bcc80
23971,44121,58,0x21589c0
23972,44410,58,0x21f4700
23973,44084,58,0x2290440
23974,43600,58,0x232c180
23975,42845,58,0x23c7ec0
23976,44066,58,0x2463c00
23977,38237,8,0x24ff940
23978,46433,8,0x259b680
23979,41649,8,0x26373c0
23980,41452,8,0x26d3100
23981,40827,8,0x276ee40
23982,41176,8,0x280ab80
23983,43970,8,0x28a68c0
23984,41184,8,0x2942600
23985,42684,8,0x29de340
23986,40905,8,0x2a7a080
23987,40601,8,0x2b15dc0
23988,41996,8,0x2bb1b00
23989,42812,8,0x2c4d840
23990,47387,8,0x2ce9580
23991,43062,8,0x2d852c0
23992,41188,8,0x2e21000
23993,43354,8,0x2ebcd40
23994,41780,8,0x2f58a80
23995,42906,8,0x2ff47c0
23996,41618,8,0x3090500
23997,40746,8,0x312c240
23998,43181,8,0x31c7f80
23999,40974,8,0x3263cc0
24000,41734,8,0x32ffa00
24001,41154,8,0x339b740
24002,41297,8,0x3437480
24003,46134,8,0x34d31c0
24004,42172,8,0x356ef00
24005,41358,8,0x360ac40
24006,40591,8,0x36a6980
24007,41092,8,0x37426c0
24008,40267,8,0x37de400
24009,40934,8,0x387a140
24010,42861,8,0x3915e80
24011,43129,8,0x39b1bc0
24012,42026,8,0x3a4d900
24013,46868,8,0x3ae9640
24014,42916,8,0x3b85380
24015,40996,8,0x3c210c0
24016,41183,8,0x3cbce00
24017,41378,8,0x3d58b40
24018,40937,8,0x3df4880
24019,40486,8,0x3e905c0
24020,41706,8,0x3f2c300
24021,42015,8,0x3fc8040
24022,41434,8,0x4063d80
24023,40622,8,0x40ffac0
24024,40315,8,0x419b800
24025,40335,8,0x4237540
24026,40685,8,0x42d3280
24027,46769,8,0x436efc0
24028,42580,8,0x440ad00
24029,41117,8,0x44a6a40
24030,46895,8,0x4542780
24031,43265,8,0x45de4c0
24032,41909,8,0x467a200
24033,40754,8,0x4715f40
24034,40286,8,0x47b1c80
24035,41309,8,0x484d9c0
24036,43457,8,0x48e9700
24037,46394,8,0x4985440
24038,43201,8,0x4a21180
24039,40685,8,0x4abcec0
24040,40983,8,0x4b58c00
24041,41873,8,0x4bf4940
24042,44481,8,0x4c90680
24043,42455,8,0x4d2c3c0
24044,41124,8,0x4dc8100
24045,40336,8,0x4e63e40
24046,40800,8,0x4effb80
24047,39832,8,0x4f9b8c0
24048,41232,8,0x5037600
24049,40957,8,0x50d3340
24050,40640,8,0x516f080
24051,41435,8,0x520adc0
24052,41620,8,0x52a6b00
24053,41142,8,0x5342840
24054,41575,8,0x53de580
24055,40918,8,0x547a2c0
24056,41000,8,0x5516000
24057,42268,8,0x55b1d40
24058,41115,8,0x564da80
24059,44397,8,0x56e97c0
24060,47187,8,0x5785500
24061,42357,8,0x5821240
24062,41826,8,0x58bcf80
24063,41489,8,0x5958cc0
24064,41648,8,0x59f4a00
24065,46172,8,0x5a90740
24066,40530,8,0x5b2c480
24067,42462,8,0x5bc81c0
24068,42125,8,0x5c63f00
24069,40191,8,0x5cffc40
24070,40513,8,0x5d9b980
24071,41850,8,0x5e376c0
24072,43805,8,0x5ed3400
24073,40592,8,0x5f6f140
24074,41101,8,0x600ae80
24075,41150,8,0x60a6bc0
24076,42253,8,0x6142900
24077,39753,8,0x61de640
24078,42217,8,0x627a380
24079,40799,8,0x63160c0
24080,41021,8,0x63b1e00
24081,40524,8,0x644db40
24082,40840,8,0x64e9880
24083,47310,8,0x65855c0
24084,42453,8,0x6621300
24085,41448,8,0x66bd040
24086,41086,8,0x6758d80
24087,43076,8,0x67f4ac0
24088,42349,8,0x6890800
24089,40466,8,0x692c540
24090,41352,8,0x69c8280
24091,45796,8,0x6a63fc0
24092,41501,8,0x6affd00
24093,40528,8,0x6b9ba40
24094,40735,8,0x6c37780
24095,41743,8,0x6cd34c0
24096,41149,8,0x6d6f200
24097,42530,8,0x6e0af40
24098,39898,8,0x6ea6c80
24099,41481,8,0x6f429c0
24100,40731,8,0x6fde700
24101,42273,8,0x707a440
24102,40765,8,0x7116180
24103,41565,8,0x71b1ec0
24104,40674,8,0x724dc00
24105,41926,8,0x72e9940
24106,44612,8,0x7385680
24107,45613,8,0x74213c0
24108,41533,8,0x74bd100
24109,41318,8,0x7558e40
24110,41232,8,0x75f4b80
24111,40402,8,0x76908c0
24112,43319,8,0x772c600
24113,41474,8,0x77c8340
24114,41563,8,0x7864080
24115,42309,8,0x78ffdc0
24116,42506,8,0x799bb00
24117,42386,8,0x7a37840
24118,41698,8,0x7ad3580
24119,40596,8,0x7b6f2c0
24120,41034,8,0x7c0b000
24121,41028,8,0x7ca6d40
24122,41900,8,0x7d42a80
24123,54471,8,0x7dde7c0
24124,42888,8,0x7e7a500
24125,41645,8,0x7f16240
24126,42091,8,0x7fb1f80
24127,46294,8,0x804dcc0
24128,44686,8,0x80e9a00
24129,47250,8,0x8185740
24130,42973,8,0x8221480
24131,42444,8,0x82bd1c0
24132,40684,8,0x8358f00
24133,54525,8,0x83f4c40
24134,39593,8,0x8490980
24135,39251,8,0x852c6c0
24136,40231,8,0x85c8400
24137,39169,8,0x8664140
24138,41356,8,0x86ffe80
24139,40370,8,0x879bbc0
24140,39134,8,0x8837900
24141,39685,8,0x88d3640
24142,39627,8,0x896f380
24143,39648,8,0x8a0b0c0
24144,38827,8,0x8aa6e00
24145,38341,8,0x8b42b40
24146,41769,8,0x8bde880
24147,39480,8,0x8c7a5c0
24148,38798,8,0x8d16300
24149,39635,8,0x8db2040
24150,40456,8,0x8e4dd80
24151,39344,8,0x8ee9ac0
24152,42362,8,0x8f85800
24153,46733,8,0x9021540
24154,42805,8,0x90bd280
24155,43176,8,0x9158fc0
24156,39364,8,0x91f4d00
24157,40194,8,0x9290a40
24158,40284,8,0x932c780
24159,40524,8,0x93c84c0
24160,41792,8,0x9464200
24161,38745,8,0x94fff40
24162,40289,8,0x959bc80
24163,40136,8,0x96379c0
24164,40402,8,0x96d3700
24165,39356,8,0x976f440
24166,40000,8,0x980b180
24167,39298,8,0x98a6ec0
24168,38690,8,0x9942c00
24169,39195,8,0x99de940
24170,40864,8,0x9a7a680
24171,40781,8,0x9b163c0
24172,39312,8,0x9bb2100
24173,39218,8,0x9c4de40
24174,40043,8,0x9ce9b80
24175,40873,8,0x9d858c0
24176,41524,8,0x9e21600
24177,45443,8,0x9ebd340
24178,40800,8,0x9f59080
24179,41098,8,0x9ff4dc0
24180,40279,8,0xa090b00
24181,39313,8,0xa12c840
24182,40086,8,0xa1c8580
24183,40267,8,0xa2642c0
24184,39639,8,0xa300000
24185,39583,8,0xa39bd40
24186,40393,8,0xa437a80
24187,39919,8,0xa4d37c0
24188,41296,8,0xa56f500
24189,45098,8,0xa60b240
24190,42015,8,0xa6a6f80
24191,40163,8,0xa742cc0
24192,39680,8,0xa7dea00
24193,39509,8,0xa87a740
24194,40180,8,0xa916480
24195,41358,8,0xa9b21c0
24196,40382,8,0xaa4df00
24197,40056,8,0xaae9c40
24198,39728,8,0xab85980
24199,59320,8,0xac216c0
24200,45003,8,0xacbd400
24201,39038,8,0xad59140
24202,40424,8,0xadf4e80
24203,38604,8,0xae90bc0
24204,38275,8,0xaf2c900
24205,40945,8,0xafc8640
24206,39370,8,0xb064380
24207,37595,8,0xb1000c0
24208,36716,8,0xb19be00
24209,37122,8,0xb237b40
24210,38456,8,0xb2d3880
24211,38938,8,0xb36f5c0
24212,37822,8,0xb40b300
24213,39088,8,0xb4a7040
24214,38785,8,0xb542d80
24215,37874,8,0xb5deac0
24216,37389,8,0xb67a800
24217,37117,8,0xb716540
24218,45516,8,0xb7b2280
24219,44681,8,0xb84dfc0
24220,38368,8,0xb8e9d00
24221,38143,8,0xb985a40
24222,37494,8,0xba21780
24223,37427,8,0xbabd4c0
24224,39065,8,0xbb59200
24225,43690,8,0xbbf4f40
24226,39760,8,0xbc90c80
24227,37693,8,0xbd2c9c0
24228,38490,8,0xbdc8700
24229,38065,8,0xbe64440
24230,37751,8,0xbf00180
24231,37530,8,0xbf9bec0
24232,37315,8,0xc037c00
24233,39346,8,0xc0d3940
24234,41106,8,0xc16f680
24235,38007,8,0xc20b3c0
24236,38579,8,0xc2a7100
24237,39551,8,0xc342e40
24238,39154,8,0xc3deb80
24239,37665,8,0xc47a8c0
24240,39246,8,0xc516600
24241,39688,8,0xc5b2340
24242,38810,8,0xc64e080
24243,37664,8,0xc6e9dc0
24244,38511,8,0xc785b00
24245,39038,8,0xc821840
24246,38334,8,0xc8bd580
24247,38140,8,0xc9592c0
24248,38191,8,0xc9f5000
24249,43876,8,0xca90d40
24250,44808,8,0xcb2ca80
24251,42570,8,0xcbc87c0
24252,38909,8,0xcc64500
24253,39483,8,0xcd00240
24254,38258,8,0xcd9bf80
24255,37711,8,0xce37cc0
24256,36995,8,0xced3a00
24257,39659,8,0xcf6f740
24258,38869,8,0xd00b480
24259,38177,8,0xd0a71c0
24260,38657,8,0xd142f00
24261,38210,8,0xd1dec40
24262,37461,8,0xd27a980
24263,38262,8,0xd3166c0
24264,39320,8,0xd3b2400
24265,39099,8,0xd44e140
24266,39649,8,0xd4e9e80
24267,38987,8,0xd585bc0
24268,37115,8,0xd621900
24269,38402,8,0xd6bd640
24270,39646,8,0xd759380
24271,37495,8,0xd7f50c0
24272,36411,8,0xd890e00
24273,38766,8,0xd92cb40
24274,40938,8,0xd9c8880
24275,44566,8,0xda645c0
24276,40067,8,0xdb00300
24277,38622,8,0xdb9c040
24278,38462,8,0xdc37d80
24279,39714,8,0xdcd3ac0
24280,37740,8,0xdd6f800
24281,39503,8,0xde0b540
24282,40711,8,0xdea7280
24283,40624,8,0xdf42fc0
24284,37622,8,0xdfded00
24285,38740,8,0xe07aa40
24286,38971,8,0xe116780
24287,37464,8,0xe1b24c0
24288,37644,8,0xe24e200
24289,39010,8,0xe2e9f40
24290,38796,8,0xe385c80
24291,38976,8,0xe4219c0
24292,38681,8,0xe4bd700
24293,39242,8,0xe559440
24294,38939,8,0xe5f5180
24295,37673,8,0xe690ec0
24296,37268,8,0xe72cc00
24297,39007,8,0xe7c8940
24298,39842,8,0xe864680
24299,41568,8,0xe9003c0
24300,43375,8,0xe99c100
24301,39023,8,0xea37e40
24302,39115,8,0xead3b80
24303,37721,8,0xeb6f8c0
24304,37917,8,0xec0b600
24305,38785,8,0xeca7340
24306,39735,8,0xed43080
24307,38143,8,0xeddedc0
24308,40296,8,0xee7ab00
24309,38735,8,0xef16840
24310,38129,8,0xefb2580
24311,39088,8,0xf04e2c0
24312,37632,8,0xf0ea000
24313,43340,8,0xf185d40
24314,39161,8,0xf221a80
24315,38729,8,0xf2bd7c0
24316,38139,8,0xf359500
24317,43889,8,0xf3f5240
24318,39454,8,0xf490f80
24319,39878,8,0xf52ccc0
24320,38769,8,0xf5c8a00
24321,37452,8,0xf664740
24322,38091,8,0xf700480
24323,39705,8,0xf79c1c0
24324,46019,8,0xf837f00
24325,39886,8,0xf8d3c40
24326,39480,8,0xf96f980
24327,38204,8,0xfa0b6c0
24328,39051,8,0xfaa7400
24329,38116,8,0xfb43140
24330,37759,8,0xfbdee80
24331,38521,8,0xfc7abc0
24332,37847,8,0xfd16900
24333,38279,8,0xfdb2640
24334,39288,8,0xfe4e380
24335,38169,8,0xfeea0c0
24336,38454,8,0xff85e00
24337,37617,8,0x10021b40
24338,39477,8,0x100bd880
24339,38562,8,0x101595c0
24340,38906,8,0x101f5300
24341,38152,8,0x10291040
24342,38365,8,0x1032cd80
24343,39191,8,0x103c8ac0
24344,38616,8,0x10464800
24345,38539,8,0x10500540
24346,38208,8,0x1059c280
24347,40071,8,0x10637fc0
24348,38138,8,0x106d3d00
24349,45002,8,0x1076fa40
24350,40940,8,0x1080b780
24351,38708,8,0x108a74c0
24352,39767,8,0x10943200
24353,37324,8,0x109def40
24354,38799,8,0x10a7ac80
24355,37938,8,0x10b169c0
24356,39024,8,0x10bb2700
24357,38820,8,0x10c4e440
24358,38309,8,0x10cea180
24359,38293,8,0x10d85ec0
24360,39281,8,0x10e21c00
24361,38128,8,0x10ebd940
24362,38349,8,0x10f59680
24363,38277,8,0x10ff53c0
24364,38765,8,0x11091100
24365,37808,8,0x1112ce40
24366,38735,8,0x111c8b80
24367,39759,8,0x112648c0
24368,39564,8,0x11300600
24369,37963,8,0x1139c340
24370,37158,8,0x11438080
24371,38374,8,0x114d3dc0
24372,37993,8,0x1156fb00
24373,39080,8,0x1160b840
24374,45466,8,0x116a7580
24375,44759,8,0x117432c0
24376,38984,8,0x117df000
24377,37911,8,0x1187ad40
24378,37440,8,0x11916a80
24379,38635,8,0x119b27c0
24380,52645,8,0x11a4e500
24381,37590,8,0x11aea240
24382,39759,8,0x11b85f80
24383,37595,8,0x11c21cc0
24384,39173,8,0x11cbda00
24385,36777,8,0x11d59740
24386,36955,8,0x11df5480
24387,37355,8,0x11e911c0
24388,37646,8,0x11f2cf00
24389,38367,8,0x11fc8c40
24390,38011,8,0x12064980
24391,37510,8,0x121006c0
24392,37197,8,0x1219c400
24393,37156,8,0x12238140
24394,37492,8,0x122d3e80
24395,37674,8,0x1236fbc0
24396,38131,8,0x1240b900
24397,40090,8,0x124a7640
24398,38280,8,0x12543380
24399,45006,8,0x125df0c0
24400,39742,8,0x1267ae00
24401,36473,8,0x12716b40
24402,37445,8,0x127b2880
24403,38402,8,0x1284e5c0
24404,38060,8,0x128ea300
24405,37658,8,0x12986040
24406,38294,8,0x12a21d80
24407,37714,8,0x12abdac0
24408,37986,8,0x12b59800
24409,37267,8,0x12bf5540
24410,37865,8,0x12c91280
24411,41031,8,0x12d2cfc0
24412,38531,8,0x12dc8d00
24413,37644,8,0x12e64a40
24414,38434,8,0x12f00780
24415,37225,8,0x12f9c4c0
24416,39559,8,0x13038200
24417,44727,8,0x130d3f40
24418,42501,8,0x1316fc80
24419,38440,8,0x1320b9c0
24420,37180,8,0x132a7700
24421,37809,8,0x13343440
24422,36796,8,0x133df180
24423,38263,8,0x1347aec0
24424,45503,8,0x13516c00
24425,39142,8,0x135b2940
24426,39974,8,0x1364e680
24427,39766,8,0x136ea3c0
24428,36951,8,0x13786100
24429,38339,8,0x13821e40
24430,36964,8,0x138bdb80
24431,37593,8,0x139598c0
24432,37887,8,0x139f5600
24433,37078,8,0x13a91340
24434,37918,8,0x13b2d080
24435,39497,8,0x13bc8dc0
24436,37800,8,0x13c64b00
24437,43414,8,0x13d00840
24438,37514,8,0x13d9c580
24439,38047,8,0x13e382c0
24440,37664,8,0x13ed4000
24441,38378,8,0x13f6fd40
24442,37581,8,0x1400ba80
24443,38003,8,0x140a77c0
24444,37302,8,0x14143500
24445,37708,8,0x141df240
24446,36550,8,0x1427af80
24447,37310,8,0x14316cc0
24448,40457,8,0x143b2a00
24449,45529,8,0x1444e740
24450,39645,8,0x144ea480
24451,38229,8,0x145861c0
24452,38255,8,0x14621f00
24453,37986,8,0x146bdc40
24454,36482,8,0x14759980
24455,37571,8,0x147f56c0
24456,39411,8,0x14891400
24457,37832,8,0x1492d140
24458,38609,8,0x149c8e80
24459,38517,8,0x14a64bc0
24460,37042,8,0x14b00900
24461,37099,8,0x14b9c640
24462,36926,8,0x14c38380
24463,38649,8,0x14cd40c0
24464,37723,8,0x14d6fe00
24465,38250,8,0x14e0bb40
24466,37889,8,0x14ea7880
24467,37228,8,0x14f435c0
24468,37354,8,0x14fdf300
24469,38354,8,0x1507b040
24470,37329,8,0x15116d80
24471,39214,8,0x151b2ac0
24472,38598,8,0x1524e800
24473,37624,8,0x152ea540
24474,41417,8,0x15386280
24475,46338,8,0x15421fc0
24476,38952,8,0x154bdd00
24477,37353,8,0x15559a40
24478,36561,8,0x155f5780
24479,39175,8,0x156914c0
24480,37734,8,0x1572d200
24481,37768,8,0x157c8f40
24482,37654,8,0x15864c80
24483,38296,8,0x159009c0
24484,36902,8,0x1599c700
24485,39840,8,0x15a38440
24486,37309,8,0x15ad4180
24487,38718,8,0x15b6fec0
24488,38218,8,0x15c0bc00
24489,38519,8,0x15ca7940
24490,39633,8,0x15d43680
24491,38356,8,0x15ddf3c0
24492,37304,8,0x15e7b100
24493,37629,8,0x15f16e40
24494,37452,8,0x15fb2b80
24495,38283,8,0x1604e8c0
24496,37764,8,0x160ea600
24497,37980,8,0x16186340
24498,37820,8,0x16222080
24499,44177,8,0x162bddc0
24500,45167,8,0x16359b00
24501,39086,8,0x163f5840
24502,38789,8,0x16491580
24503,38601,8,0x1652d2c0
24504,38223,8,0x165c9000
24505,37203,8,0x16664d40
24506,37997,8,0x16700a80
24507,38093,8,0x1679c7c0
24508,38410,8,0x16838500
24509,36808,8,0x168d4240
24510,36892,8,0x1696ff80
24511,37683,8,0x16a0bcc0
24512,38230,8,0x16aa7a00
24513,37386,8,0x16b43740
24514,37677,8,0x16bdf480
24515,40233,8,0x16c7b1c0
24516,37427,8,0x16d16f00
24517,36898,8,0x16db2c40
24518,42704,8,0x16e4e980
24519,41097,8,0x16eea6c0
24520,38176,8,0x16f86400
24521,36970,8,0x17022140
24522,39423,8,0x170bde80
24523,36624,8,0x17159bc0
24524,38691,8,0x171f5900
24525,42787,8,0x17291640
24526,40467,8,0x1732d380
24527,37584,8,0x173c90c0
24528,37986,8,0x17464e00
24529,37871,8,0x17500b40
24530,39391,8,0x1759c880
24531,36465,8,0x176385c0
24532,37655,8,0x176d4300
24533,37548,8,0x17770040
24534,38173,8,0x1780bd80
24535,37041,8,0x178a7ac0
24536,37134,8,0x17943800
24537,37212,8,0x179df540
24538,38978,8,0x17a7b280
24539,39210,8,0x17b16fc0
24540,38071,8,0x17bb2d00
24541,38775,8,0x17c4ea40
24542,38593,8,0x17cea780
24543,38219,8,0x17d864c0
24544,40096,8,0x17e22200
24545,37896,8,0x17ebdf40
24546,37596,8,0x17f59c80
24547,36590,8,0x17ff59c0
24548,37257,8,0x18091700
24549,36595,8,0x1812d440
24550,42162,8,0x181c9180
24551,41351,8,0x18264ec0
24552,37589,8,0x18300c00
24553,37684,8,0x1839c940
24554,38991,8,0x18438680
24555,36608,8,0x184d43c0
24556,38060,8,0x18570100
24557,36655,8,0x1860be40
24558,37927,8,0x186a7b80
24559,40345,8,0x187438c0
24560,38682,8,0x187df600
24561,41917,8,0x1887b340
24562,38023,8,0x18917080
24563,36871,8,0x189b2dc0
24564,36771,8,0x18a4eb00
24565,37244,8,0x18aea840
24566,37891,8,0x18b86580
24567,37946,8,0x18c222c0
24568,38077,8,0x18cbe000
24569,37657,8,0x18d59d40
24570,39015,8,0x18df5a80
24571,37243,8,0x18e917c0
24572,37411,8,0x18f2d500
24573,36836,8,0x18fc9240
24574,39223,8,0x19064f80
24575,40054,8,0x19100cc0
24576,43354,8,0x1919ca00
24577,39230,8,0x19238740
24578,37885,8,0x192d4480
24579,36866,8,0x193701c0
24580,36866,8,0x1940bf00
24581,37541,8,0x194a7c40
24582,39364,8,0x19543980
24583,37561,8,0x195df6c0
24584,37911,8,0x1967b400
24585,37142,8,0x19717140
24586,38852,8,0x197b2e80
24587,38160,8,0x1984ebc0
24588,36986,8,0x198ea900
24589,39843,8,0x19986640
24590,38907,8,0x19a22380
24591,38742,8,0x19abe0c0
24592,37033,8,0x19b59e00
24593,37934,8,0x19bf5b40
24594,38333,8,0x19c91880
24595,38218,8,0x19d2d5c0
24596,36701,8,0x19dc9300
24597,37382,8,0x19e65040
24598,39369,8,0x19f00d80
24599,39016,8,0x19f9cac0
24600,39377,8,0x1a038800
24601,43082,8,0x1a0d4540
24602,41550,8,0x1a170280
24603,42836,8,0x1a20bfc0
24604,37110,8,0x1a2a7d00
24605,37540,8,0x1a343a40
24606,39888,8,0x1a3df780
24607,38636,8,0x1a47b4c0
24608,38263,8,0x1a517200
24609,38156,8,0x1a5b2f40
24610,39021,8,0x1a64ec80
24611,37900,8,0x1a6ea9c0
24612,39061,8,0x1a786700
24613,37185,8,0x1a822440
24614,38486,8,0x1a8be180
24615,38051,8,0x1a959ec0
24616,37618,8,0x1a9f5c00
24617,37409,8,0x1aa91940
24618,51844,8,0x1ab2d680
24619,42490,8,0x1abc93c0
24620,37534,8,0x1ac65100
24621,36896,8,0x1ad00e40
24622,50694,8,0x1ad9cb80
24623,40662,8,0x1ae388c0
24624,37566,8,0x1aed4600
24625,44157,8,0x1af70340
24626,39601,8,0x1b00c080
24627,37785,8,0x1b0a7dc0
24628,36981,8,0x1b143b00
24629,37892,8,0x1b1df840
24630,38483,8,0x1b27b580
24631,37012,8,0x1b3172c0
24632,36599,8,0x1b3b3000
24633,40734,8,0x1b44ed40
24634,39151,8,0x1b4eaa80
24635,37229,8,0x1b5867c0
24636,37694,8,0x1b622500
24637,37558,8,0x1b6be240
24638,38682,8,0x1b759f80
24639,37059,8,0x1b7f5cc0
24640,36067,8,0x1b891a00
24641,38903,8,0x1b92d740
24642,37462,8,0x1b9c9480
24643,37932,8,0x1ba651c0
24644,37557,8,0x1bb00f00
24645,36821,8,0x1bb9cc40
24646,37482,8,0x1bc38980
24647,36541,8,0x1bcd46c0
24648,38177,8,0x1bd70400
24649,38758,8,0x1be0c140
24650,41052,8,0x1bea7e80
24651,44644,8,0x1bf43bc0
24652,36515,8,0x1bfdf900
24653,37518,8,0x1c07b640
24654,37878,8,0x1c117380
24655,36689,8,0x1c1b30c0
24656,36484,8,0x1c24ee00
24657,37556,8,0x1c2eab40
24658,38100,8,0x1c386880
24659,37526,8,0x1c4225c0
24660,36318,8,0x1c4be300
24661,37611,8,0x1c55a040
24662,36891,8,0x1c5f5d80
24663,38403,8,0x1c691ac0
24664,36330,8,0x1c72d800
24665,37545,8,0x1c7c9540
24666,37814,8,0x1c865280
24667,40557,8,0x1c900fc0
24668,35891,8,0x1c99cd00
24669,36879,8,0x1ca38a40
24670,36735,8,0x1cad4780
24671,37277,8,0x1cb704c0
24672,36912,8,0x1cc0c200
24673,37303,8,0x1cca7f40
24674,37101,8,0x1cd43c80
24675,37243,8,0x1cddf9c0
24676,42038,8,0x1ce7b700
24677,43760,8,0x1cf17440
24678,36461,8,0x1cfb3180
24679,36713,8,0x1d04eec0
24680,36036,8,0x1d0eac00
24681,37511,8,0x1d186940
24682,37702,8,0x1d222680
24683,38580,8,0x1d2be3c0
24684,37940,8,0x1d35a100
24685,41170,8,0x1d3f5e40
24686,37749,8,0x1d491b80
24687,37076,8,0x1d52d8c0
24688,36804,8,0x1d5c9600
24689,37058,8,0x1d665340
24690,37554,8,0x1d701080
24691,38463,8,0x1d79cdc0
24692,38507,8,0x1d838b00
24693,37557,8,0x1d8d4840
24694,38894,8,0x1d970580
24695,36139,8,0x1da0c2c0
24696,37075,8,0x1daa8000
24697,37463,8,0x1db43d40
24698,39578,8,0x1dbdfa80
24699,37236,8,0x1dc7b7c0
24700,37842,8,0x1dd17500
24701,39730,8,0x1ddb3240
24702,44068,8,0x1de4ef80
24703,39380,8,0x1deeacc0
24704,36398,8,0x1df86a00
24705,37933,8,0x1e022740
24706,37340,8,0x1e0be480
24707,38871,8,0x1e15a1c0
24708,36688,8,0x1e1f5f00
24709,36618,8,0x1e291c40
24710,36868,8,0x1e32d980
24711,37323,8,0x1e3c96c0
24712,36831,8,0x1e465400
24713,54905,8,0x1e501140
24714,37837,8,0x1e59ce80
24715,36938,8,0x1e638bc0
24716,35970,8,0x1e6d4900
24717,36929,8,0x1e770640
24718,36377,8,0x1e80c380
24719,35511,8,0x1e8a80c0
24720,41691,8,0x1e943e00
24721,38437,8,0x1e9dfb40
24722,38249,8,0x1ea7b880
24723,36571,8,0x1eb175c0
24724,36137,8,0x1ebb3300
24725,35950,8,0x1ec4f040
24726,35856,8,0x1ecead80
24727,41753,8,0x1ed86ac0
24728,39305,8,0x1ee22800
24729,35855,8,0x1eebe540
24730,36700,8,0x1ef5a280
24731,39361,8,0x1eff5fc0
24732,36213,8,0x1f091d00
24733,36718,8,0x1f12da40
24734,35838,8,0x1f1c9780
24735,34640,8,0x1f2654c0
24736,38388,8,0x1f301200
24737,36233,8,0x1f39cf40
24738,36451,8,0x1f438c80
24739,36274,8,0x1f4d49c0
24740,37080,8,0x1f570700
24741,36846,8,0x1f60c440
24742,36409,8,0x1f6a8180
24743,35885,8,0x1f743ec0
24744,36450,8,0x1f7dfc00
24745,36573,8,0x1f87b940
24746,38318,8,0x1f917680
24747,41285,8,0x1f9b33c0
24748,36486,8,0x1fa4f100
24749,35310,8,0x1faeae40
24750,35478,8,0x1fb86b80
24751,36059,8,0x1fc228c0
24752,36641,8,0x1fcbe600
24753,38134,8,0x1fd5a340
24754,43267,8,0x1fdf6080
24755,37219,8,0x1fe91dc0
24756,36500,8,0x1ff2db00
24757,36454,8,0x1ffc9840
24758,36768,8,0x20065580
24759,36281,8,0x201012c0
24760,36270,8,0x2019d000
24761,37125,8,0x20238d40
24762,35955,8,0x202d4a80
24763,35653,8,0x203707c0
24764,37227,8,0x2040c500
24765,35528,8,0x204a8240
24766,36746,8,0x20543f80
24767,36025,8,0x205dfcc0
24768,36833,8,0x2067ba00
24769,35979,8,0x20717740
24770,36869,8,0x207b3480
24771,34878,8,0x2084f1c0
24772,36020,8,0x208eaf00
24773,36412,8,0x20986c40
24774,35368,8,0x20a22980
24775,35086,8,0x20abe6c0
24776,38246,8,0x20b5a400
24777,35913,8,0x20bf6140
24778,37440,8,0x20c91e80
24779,37770,8,0x20d2dbc0
24780,42358,8,0x20dc9900
24781,38625,8,0x20e65640
24782,36985,8,0x20f01380
24783,35101,8,0x20f9d0c0
24784,36518,8,0x21038e00
24785,36816,8,0x210d4b40
24786,35757,8,0x21170880
24787,35339,8,0x2120c5c0
24788,36046,8,0x212a8300
24789,36193,8,0x21344040
24790,35802,8,0x213dfd80
24791,35943,8,0x2147bac0
24792,36266,8,0x21517800
24793,35258,8,0x215b3540
24794,38022,8,0x2164f280
24795,39006,8,0x216eafc0
24796,35911,8,0x21786d00
24797,36472,8,0x21822a40
24798,36385,8,0x218be780
24799,35364,8,0x2195a4c0
24800,37162,8,0x219f6200
24801,35994,8,0x21a91f40
24802,37398,8,0x21b2dc80
24803,36350,8,0x21bc99c0
24804,36150,8,0x21c65700
24805,38492,8,0x21d01440
24806,41100,8,0x21d9d180
24807,36484,8,0x21e38ec0
24808,36764,8,0x21ed4c00
24809,39008,8,0x21f70940
24810,39269,8,0x2200c680
24811,35625,8,0x220a83c0
24812,36842,8,0x22144100
24813,36211,8,0x221dfe40
24814,35108,8,0x2227bb80
24815,35381,8,0x223178c0
24816,42944,8,0x223b3600
24817,46281,8,0x2244f340
24818,36551,8,0x224eb080
24819,36317,8,0x22586dc0
24820,36087,8,0x22622b00
24821,36060,8,0x226be840
24822,36650,8,0x2275a580
24823,36401,8,0x227f62c0
24824,42179,8,0x22892000
24825,40231,8,0x2292dd40
24826,38254,8,0x229c9a80
24827,37024,8,0x22a657c0
24828,35782,8,0x22b01500
24829,34747,8,0x22b9d240
24830,35658,8,0x22c38f80
24831,38934,8,0x22cd4cc0
24832,41925,8,0x22d70a00
24833,37213,8,0x22e0c740
24834,35039,8,0x22ea8480
24835,36360,8,0x22f441c0
24836,36579,8,0x22fdff00
24837,35105,8,0x2307bc40
24838,35623,8,0x23117980
24839,36208,8,0x231b36c0
24840,37494,8,0x2324f400
24841,35953,8,0x232eb140
24842,35946,8,0x23386e80
24843,36543,8,0x23422bc0
24844,37323,8,0x234be900
24845,35605,8,0x2355a640
24846,35788,8,0x235f6380
24847,35648,8,0x236920c0
24848,36750,8,0x2372de00
24849,35232,8,0x237c9b40
24850,35972,8,0x23865880
24851,36084,8,0x239015c0
24852,36398,8,0x2399d300
24853,36337,8,0x23a39040
24854,36464,8,0x23ad4d80
24855,37433,8,0x23b70ac0
24856,36371,8,0x23c0c800
24857,34520,8,0x23ca8540
24858,40579,8,0x23d44280
24859,42851,8,0x23ddffc0
24860,36603,8,0x23e7bd00
24861,36163,8,0x23f17a40
24862,35868,8,0x23fb3780
24863,36796,8,0x2404f4c0
24864,35837,8,0x240eb200
24865,35565,8,0x24186f40
24866,34932,8,0x24222c80
24867,36697,8,0x242be9c0
24868,35957,8,0x2435a700
24869,37822,8,0x243f6440
24870,35252,8,0x24492180
24871,39425,8,0x2452dec0
24872,35610,8,0x245c9c00
24873,36063,8,0x24665940
24874,37453,8,0x24701680
24875,36059,8,0x2479d3c0
24876,43686,8,0x24839100
24877,36256,8,0x248d4e40
24878,35947,8,0x24970b80
24879,36725,8,0x24a0c8c0
24880,35604,8,0x24aa8600
24881,35763,8,0x24b44340
24882,35629,8,0x24be0080
24883,36768,8,0x24c7bdc0
24884,39690,8,0x24d17b00
24885,42245,8,0x24db3840
24886,36942,8,0x24e4f580
24887,36197,8,0x24eeb2c0
24888,35249,8,0x24f87000
24889,37024,8,0x25022d40
24890,36800,8,0x250bea80
24891,35906,8,0x2515a7c0
24892,36965,8,0x251f6500
24893,48144,8,0x25292240
24894,35099,8,0x2532df80
24895,35886,8,0x253c9cc0
24896,34785,8,0x25465a00
24897,35474,8,0x25501740
24898,34431,8,0x2559d480
24899,37940,8,0x256391c0
24900,36416,8,0x256d4f00
24901,35505,8,0x25770c40
24902,36662,8,0x2580c980
24903,35361,8,0x258a86c0
24904,36117,8,0x25944400
24905,35404,8,0x259e0140
24906,37970,8,0x25a7be80
24907,36648,8,0x25b17bc0
24908,36184,8,0x25bb3900
24909,35936,8,0x25c4f640
24910,38079,8,0x25ceb380
24911,41614,8,0x25d870c0
24912,36270,8,0x25e22e00
24913,35525,8,0x25ebeb40
24914,37905,8,0x25f5a880
24915,35769,8,0x25ff65c0
24916,36601,8,0x26092300
24917,35733,8,0x2612e040
24918,35413,8,0x261c9d80
24919,36794,8,0x26265ac0
24920,34718,8,0x26301800
24921,35380,8,0x2639d540
24922,36114,8,0x26439280
24923,37623,8,0x264d4fc0
24924,35471,8,0x26570d00
24925,35301,8,0x2660ca40
24926,35439,8,0x266a8780
24927,35157,8,0x267444c0
24928,36263,8,0x267e0200
24929,34897,8,0x2687bf40
24930,42804,8,0x26917c80
24931,38214,8,0x269b39c0
24932,36508,8,0x26a4f700
24933,38686,8,0x26aeb440
24934,35931,8,0x26b87180
24935,35656,8,0x26c22ec0
24936,35003,8,0x26cbec00
24937,38448,8,0x26d5a940
24938,42821,8,0x26df6680
24939,36971,8,0x26e923c0
24940,36729,8,0x26f2e100
24941,35002,8,0x26fc9e40
24942,36303,8,0x27065b80
24943,37971,8,0x271018c0
24944,34309,8,0x2719d600
24945,35422,8,0x27239340
24946,36890,8,0x272d5080
24947,34880,8,0x27370dc0
24948,34925,8,0x2740cb00
24949,34970,8,0x274a8840
24950,36729,8,0x27544580
24951,35069,8,0x275e02c0
24952,34677,8,0x2767c000
24953,35840,8,0x27717d40
24954,36236,8,0x277b3a80
24955,35448,8,0x2784f7c0
24956,35390,8,0x278eb500
24957,34962,8,0x27987240
24958,37686,8,0x27a22f80
24959,35156,8,0x27abecc0
24960,35141,8,0x27b5aa00
24961,34691,8,0x27bf6740
24962,35795,8,0x27c92480
24963,37654,8,0x27d2e1c0
24964,40565,8,0x27dc9f00
24965,36486,8,0x27e65c40
24966,35927,8,0x27f01980
24967,34906,8,0x27f9d6c0
24968,35001,8,0x28039400
24969,34924,8,0x280d5140
24970,35936,8,0x28170e80
24971,35859,8,0x2820cbc0
24972,34766,8,0x282a8900
24973,37005,8,0x28344640
24974,38424,8,0x283e0380
24975,37783,8,0x2847c0c0
24976,41745,8,0x28517e00
24977,44471,8,0x285b3b40
24978,35892,8,0x2864f880
24979,35446,8,0x286eb5c0
24980,35050,8,0x28787300
24981,35748,8,0x28823040
24982,37360,8,0x288bed80
24983,34955,8,0x2895aac0
24984,35513,8,0x289f6800
24985,35274,8,0x28a92540
24986,36157,8,0x28b2e280
24987,39600,8,0x28bc9fc0
24988,35432,8,0x28c65d00
24989,34968,8,0x28d01a40
24990,42177,8,0x28d9d780
24991,40584,8,0x28e394c0
24992,35026,8,0x28ed5200
24993,35310,8,0x28f70f40
24994,36054,8,0x2900cc80
24995,39702,8,0x290a89c0
24996,35623,8,0x29144700
24997,35106,8,0x291e0440
24998,35458,8,0x2927c180
24999,35836,8,0x29317ec0
25000,34940,8,0x293b3c00
25001,35191,8,0x2944f940
25002,37529,8,0x294eb680
25003,37812,8,0x295873c0
25004,36033,8,0x29623100
25005,35635,8,0x296bee40
25006,35929,8,0x2975ab80
25007,35303,8,0x297f68c0
25008,34600,8,0x29892600
25009,34525,8,0x2992e340
25010,35648,8,0x299ca080
25011,35163,8,0x29a65dc0
25012,35169,8,0x29b01b00
25013,34855,8,0x29b9d840
25014,37096,8,0x29c39580
25015,35233,8,0x29cd52c0
25016,35520,8,0x29d71000
25017,43708,8,0x29e0cd40
25018,38440,8,0x29ea8a80
25019,36693,8,0x29f447c0
25020,35443,8,0x29fe0500
25021,35687,8,0x2a07c240
25022,36118,8,0x2a117f80
25023,34627,8,0x2a1b3cc0
25024,35292,8,0x2a24fa00
25025,39042,8,0x2a2eb740
25026,44430,8,0x2a387480
25027,42983,8,0x2a4231c0
25028,36073,8,0x2a4bef00
25029,34257,8,0x2a55ac40
25030,36323,8,0x2a5f6980
25031,35763,8,0x2a6926c0
25032,36511,8,0x2a72e400
25033,35181,8,0x2a7ca140
25034,36791,8,0x2a865e80
25035,36057,8,0x2a901bc0
25036,39491,8,0x2a99d900
25037,37399,8,0x2aa39640
25038,36272,8,0x2aad5380
25039,35302,8,0x2ab710c0
25040,35238,8,0x2ac0ce00
25041,35593,8,0x2aca8b40
25042,36371,8,0x2ad44880
25043,48519,8,0x2ade05c0
25044,53535,8,0x2ae7c300
25045,47921,8,0x2af18040
25046,69600,8,0x2afb3d80
25047,71118,8,0x2b04fac0
25048,40281,8,0x2b0eb800
25049,39560,8,0x2b187540
25050,38867,8,0x2b223280
25051,42158,8,0x2b2befc0
25052,38203,8,0x2b35ad00
25053,38115,8,0x2b3f6a40
25054,36026,8,0x2b492780
25055,36241,8,0x2b52e4c0
25056,36314,8,0x2b5ca200
25057,38645,8,0x2b665f40
25058,37130,8,0x2b701c80
25059,36075,8,0x2b79d9c0
25060,35954,8,0x2b839700
25061,43341,8,0x2b8d5440
25062,40636,8,0x2b971180
25063,37393,8,0x2ba0cec0
25064,36736,8,0x2baa8c00
25065,36083,8,0x2bb44940
25066,36951,8,0x2bbe0680
25067,36806,8,0x2bc7c3c0
25068,37666,8,0x2bd18100
25069,36622,8,0x2bdb3e40
25070,36747,8,0x2be4fb80
25071,36907,8,0x2beeb8c0
25072,35816,8,0x2bf87600
25073,36597,8,0x2c023340
25074,36865,8,0x2c0bf080
25075,36691,8,0x2c15adc0
25076,36889,8,0x2c1f6b00
25077,36619,8,0x2c292840
25078,36300,8,0x2c32e580
25079,36495,8,0x2c3ca2c0
25080,35965,8,0x2c466000
25081,35497,8,0x2c501d40
25082,38229,8,0x2c59da80
25083,43482,8,0x2c6397c0
25084,42876,8,0x2c6d5500
25085,38345,8,0x2c771240
25086,36506,8,0x2c80cf80
25087,36151,8,0x2c8a8cc0
25088,36632,8,0x2c944a00
25089,37110,8,0x2c9e0740
25090,36446,8,0x2ca7c480
25091,37257,8,0x2cb181c0
25092,36572,8,0x2cbb3f00
25093,36318,8,0x2cc4fc40
25094,35171,8,0x2cceb980
25095,37193,8,0x2cd876c0
25096,35683,8,0x2ce23400
25097,35009,8,0x2cebf140
25098,36702,8,0x2cf5ae80
25099,35111,8,0x2cff6bc0
25100,35757,8,0x2d092900
25101,35806,8,0x2d12e640
25102,36766,8,0x2d1ca380
25103,36645,8,0x2d2660c0
25104,46903,8,0x2d301e00
25105,45030,8,0x2d39db40
25106,41809,8,0x2d439880
25107,36145,8,0x2d4d55c0
25108,35603,8,0x2d571300
25109,35690,8,0x2d60d040
25110,36993,8,0x2d6a8d80
25111,36061,8,0x2d744ac0
25112,36856,8,0x2d7e0800
25113,35930,8,0x2d87c540
25114,37343,8,0x2d918280
25115,37929,8,0x2d9b3fc0
25116,35573,8,0x2da4fd00
25117,35302,8,0x2daeba40
25118,36880,8,0x2db87780
25119,39980,8,0x2dc234c0
25120,37450,8,0x2dcbf200
25121,34774,8,0x2dd5af40
25122,36692,8,0x2ddf6c80
25123,36541,8,0x2de929c0
25124,35202,8,0x2df2e700
25125,35396,8,0x2dfca440
25126,36354,8,0x2e066180
25127,36901,8,0x2e101ec0
25128,34787,8,0x2e19dc00
25129,35277,8,0x2e239940
25130,38698,8,0x2e2d5680
25131,35754,8,0x2e3713c0
25132,36291,8,0x2e40d100
25133,35502,8,0x2e4a8e40
25134,35582,8,0x2e544b80
25135,37952,8,0x2e5e08c0
25136,47372,8,0x2e67c600
25137,38123,8,0x2e718340
25138,38893,8,0x2e7b4080
25139,36706,8,0x2e84fdc0
25140,35841,8,0x2e8ebb00
25141,35272,8,0x2e987840
25142,36565,8,0x2ea23580
25143,35232,8,0x2eabf2c0
25144,34576,8,0x2eb5b000
25145,35464,8,0x2ebf6d40
25146,36336,8,0x2ec92a80
25147,36453,8,0x2ed2e7c0
25148,36635,8,0x2edca500
25149,35231,8,0x2ee66240
25150,38977,8,0x2ef01f80
25151,35913,8,0x2ef9dcc0
25152,35866,8,0x2f039a00
25153,35229,8,0x2f0d5740
25154,35852,8,0x2f171480
25155,36444,8,0x2f20d1c0
25156,36265,8,0x2f2a8f00
25157,36319,8,0x2f344c40
25158,35705,8,0x2f3e0980
25159,35963,8,0x2f47c6c0
25160,35402,8,0x2f518400
25161,34875,8,0x2f5b4140
25162,38035,8,0x2f64fe80
25163,35777,8,0x2f6ebbc0
25164,35986,8,0x2f787900
25165,37374,8,0x2f823640
25166,36988,8,0x2f8bf380
25167,36385,8,0x2f95b0c0
25168,35665,8,0x2f9f6e00
25169,36184,8,0x2fa92b40
25170,37719,8,0x2fb2e880
25171,36820,8,0x2fbca5c0
25172,36490,8,0x2fc66300
25173,35637,8,0x2fd02040
25174,36753,8,0x2fd9dd80
25175,36036,8,0x2fe39ac0
25176,36099,8,0x2fed5800
25177,34866,8,0x2ff71540
25178,38167,8,0x3000d280
25179,40134,8,0x300a8fc0
25180,35382,8,0x30144d00
25181,39926,8,0x301e0a40
25182,36194,8,0x3027c780
25183,35803,8,0x303184c0
25184,35599,8,0x303b4200
25185,35863,8,0x3044ff40
25186,36311,8,0x304ebc80
25187,35598,8,0x305879c0
25188,35556,8,0x30623700
25189,35865,8,0x306bf440
25190,36287,8,0x3075b180
25191,35876,8,0x307f6ec0
25192,33962,8,0x30892c00
25193,34938,8,0x3092e940
25194,38653,8,0x309ca680
25195,35515,8,0x30a663c0
25196,35945,8,0x30b02100
25197,36048,8,0x30b9de40
25198,36232,8,0x30c39b80
25199,36091,8,0x30cd58c0
25200,34614,8,0x30d71600
25201,36173,8,0x30e0d340
25202,36238,8,0x30ea9080
25203,36025,8,0x30f44dc0
25204,36182,8,0x30fe0b00
25205,35568,8,0x3107c840
25206,36737,8,0x31118580
25207,36614,8,0x311b42c0
25208,35742,8,0x31250000
25209,36405,8,0x312ebd40
25210,37136,8,0x31387a80
25211,35468,8,0x314237c0
25212,36688,8,0x314bf500
25213,35848,8,0x3155b240
25214,35708,8,0x315f6f80
25215,35706,8,0x31692cc0
25216,34903,8,0x3172ea00
25217,35654,8,0x317ca740
25218,36511,8,0x31866480
25219,36531,8,0x319021c0
25220,35114,8,0x3199df00
25221,35140,8,0x31a39c40
25222,36368,8,0x31ad5980
25223,35861,8,0x31b716c0
25224,36853,8,0x31c0d400
25225,35833,8,0x31ca9140
25226,36911,8,0x31d44e80
25227,36759,8,0x31de0bc0
25228,35621,8,0x31e7c900
25229,35546,8,0x31f18640
25230,36259,8,0x31fb4380
25231,36255,8,0x320500c0
25232,34222,8,0x320ebe00
25233,35130,8,0x32187b40
25234,36455,8,0x32223880
25235,35976,8,0x322bf5c0
25236,35223,8,0x3235b300
25237,35638,8,0x323f7040
25238,35926,8,0x32492d80
25239,37404,8,0x3252eac0
25240,35141,8,0x325ca800
25241,35003,8,0x32666540
25242,37458,8,0x32702280
25243,41495,8,0x3279dfc0
25244,51961,8,0x32839d00
25245,47009,8,0x328d5a40
25246,37380,8,0x32971780
25247,44350,8,0x32a0d4c0
25248,37205,8,0x32aa9200
25249,38009,8,0x32b44f40
25250,37072,8,0x32be0c80
25251,36072,8,0x32c7c9c0
25252,35284,8,0x32d18700
25253,135276,8,0x32db4440
25254,61729,8,0x32e50180
25255,54342,8,0x32eebec0
25256,53266,8,0x32f87c00
25257,52680,8,0x33023940
25258,54822,8,0x330bf680
25259,51693,8,0x3315b3c0
25260,49056,8,0x331f7100
25261,49191,8,0x33292e40
25262,49196,8,0x3332eb80
25263,49037,8,0x333ca8c0
25264,48569,8,0x33466600
25265,48258,8,0x33502340
25266,50154,8,0x3359e080
25267,54212,8,0x33639dc0
25268,51816,8,0x336d5b00
25269,50848,8,0x33771840
25270,49770,8,0x3380d580
25271,49860,8,0x338a92c0
25272,49266,8,0x33945000
25273,49096,8,0x339e0d40
25274,50959,8,0x33a7ca80
25275,49982,8,0x33b187c0
25276,50008,8,0x33bb4500
25277,50068,8,0x33c50240
25278,49766,8,0x33cebf80
25279,48744,8,0x33d87cc0
25280,48856,8,0x33e23a00
25281,49122,8,0x33ebf740
25282,53684,8,0x33f5b480
25283,49431,8,0x33ff71c0
25284,50460,8,0x34092f00
25285,51733,8,0x3412ec40
25286,48768,8,0x341ca980
25287,48716,8,0x342666c0
25288,49471,8,0x34302400
25289,47826,8,0x3439e140
25290,50824,8,0x34439e80
25291,50104,8,0x344d5bc0
25292,48467,8,0x34571900
25293,49815,8,0x3460d640
25294,48628,8,0x346a9380
25295,51222,8,0x347450c0
25296,48637,8,0x347e0e00
25297,53325,8,0x3487cb40
25298,49667,8,0x34918880
25299,50548,8,0x349b45c0
25300,49516,8,0x34a50300
25301,50473,8,0x34aec040
25302,49656,8,0x34b87d80
25303,49545,8,0x34c23ac0
25304,49922,8,0x34cbf800
25305,48207,8,0x34d5b540
25306,51064,8,0x34df7280
25307,53023,8,0x34e92fc0
25308,48560,8,0x34f2ed00
25309,48785,8,0x34fcaa40
25310,48864,8,0x35066780
25311,52694,8,0x351024c0
25312,49356,8,0x3519e200
25313,49275,8,0x35239f40
25314,60093,8,0x352d5c80
25315,57814,8,0x353719c0
25316,60926,8,0x3540d700
25317,60006,8,0x354a9440
25318,58267,8,0x35545180
25319,57533,8,0x355e0ec0
25320,88894,8,0x3567cc00
25321,38825,8,0x35718940
25322,37141,8,0x357b4680
25323,35449,8,0x358503c0
25324,34469,8,0x358ec100
25325,36869,8,0x35987e40
25326,36486,8,0x35a23b80
25327,35947,8,0x35abf8c0
25328,34651,8,0x35b5b600
25329,35870,8,0x35bf7340
25330,36553,8,0x35c93080
25331,35667,8,0x35d2edc0
25332,35008,8,0x35dcab00
25333,36617,8,0x35e66840
25334,36930,8,0x35f02580
25335,36962,8,0x35f9e2c0
25336,35583,8,0x3603a000
25337,35956,8,0x360d5d40
25338,36730,8,0x36171a80
25339,34944,8,0x3620d7c0
25340,34311,8,0x362a9500
25341,36726,8,0x36345240
25342,36569,8,0x363e0f80
25343,35581,8,0x3647ccc0
25344,34420,8,0x36518a00
25345,35638,8,0x365b4740
25346,36698,8,0x36650480
25347,35516,8,0x366ec1c0
25348,34346,8,0x36787f00
25349,35883,8,0x36823c40
25350,37674,8,0x368bf980
25351,35132,8,0x3695b6c0
25352,34568,8,0x369f7400
25353,35156,8,0x36a93140
25354,37314,8,0x36b2ee80
25355,35593,8,0x36bcabc0
25356,34903,8,0x36c66900
25357,36208,8,0x36d02640
25358,36410,8,0x36d9e380
25359,36045,8,0x36e3a0c0
25360,35365,8,0x36ed5e00
25361,36826,8,0x36f71b40
25362,36737,8,0x3700d880
25363,37371,8,0x370a95c0
25364,35054,8,0x37145300
25365,38503,8,0x371e1040
25366,35248,8,0x3727cd80
25367,36716,8,0x37318ac0
25368,36367,8,0x373b4800
25369,36658,8,0x37450540
25370,36445,8,0x374ec280
25371,37924,8,0x37587fc0
25372,39160,8,0x37623d00
25373,35490,8,0x376bfa40
25374,36096,8,0x3775b780
25375,35047,8,0x377f74c0
25376,35763,8,0x37893200
25377,36103,8,0x3792ef40
25378,36770,8,0x379cac80
25379,37287,8,0x37a669c0
25380,35479,8,0x37b02700
25381,36319,8,0x37b9e440
25382,35337,8,0x37c3a180
25383,35753,8,0x37cd5ec0
25384,35659,8,0x37d71c00
25385,35686,8,0x37e0d940
25386,39311,8,0x37ea9680
25387,35868,8,0x37f453c0
25388,35999,8,0x37fe1100
25389,36916,8,0x3807ce40
25390,36184,8,0x38118b80
25391,36376,8,0x381b48c0
25392,34967,8,0x38250600
25393,35439,8,0x382ec340
25394,38264,8,0x38388080
25395,35799,8,0x38423dc0
25396,35874,8,0x384bfb00
25397,36586,8,0x3855b840
25398,35641,8,0x385f7580
25399,35670,8,0x386932c0
25400,35576,8,0x3872f000
25401,36275,8,0x387cad40
25402,36356,8,0x38866a80
25403,36305,8,0x389027c0
25404,36124,8,0x3899e500
25405,35901,8,0x38a3a240
25406,35922,8,0x38ad5f80
25407,50485,8,0x38b71cc0
25408,40811,8,0x38c0da00
25409,43778,8,0x38ca9740
25410,41111,8,0x38d45480
25411,39626,8,0x38de11c0
25412,40615,8,0x38e7cf00
25413,40490,8,0x38f18c40
25414,39321,8,0x38fb4980
25415,40204,8,0x390506c0
25416,47167,8,0x390ec400
25417,43761,8,0x39188140
25418,43242,8,0x39223e80
25419,40465,8,0x392bfbc0
25420,39785,8,0x3935b900
25421,42282,8,0x393f7640
25422,40443,8,0x39493380
25423,40612,8,0x3952f0c0
25424,64356,8,0x395cae00
25425,70187,8,0x39666b40
25426,51322,8,0x39702880
25427,41039,8,0x3979e5c0
25428,43030,8,0x3983a300
25429,75391,8,0x398d6040
25430,45412,8,0x39971d80
25431,50256,8,0x39a0dac0
25432,49234,8,0x39aa9800
25433,42027,8,0x39b45540
25434,40962,8,0x39be1280
25435,47931,8,0x39c7cfc0
25436,40723,8,0x39d18d00
25437,40889,8,0x39db4a40
25438,42624,8,0x39e50780
25439,39942,8,0x39eec4c0
25440,44716,8,0x39f88200
25441,39286,8,0x3a023f40
25442,41035,8,0x3a0bfc80
25443,40173,8,0x3a15b9c0
25444,40175,8,0x3a1f7700
25445,40803,8,0x3a293440
25446,41872,8,0x3a32f180
25447,41337,8,0x3a3caec0
25448,39941,8,0x3a466c00
25449,39288,8,0x3a502940
25450,46428,8,0x3a59e680
25451,41756,8,0x3a63a3c0
25452,40873,8,0x3a6d6100
25453,41360,8,0x3a771e40
25454,42642,8,0x3a80db80
25455,40883,8,0x3a8a98c0
25456,39125,8,0x3a945600
25457,40335,8,0x3a9e1340
25458,40804,8,0x3aa7d080
25459,39933,8,0x3ab18dc0
25460,39668,8,0x3abb4b00
25461,39598,8,0x3ac50840
25462,41007,8,0x3acec580
25463,40036,8,0x3ad882c0
25464,39562,8,0x3ae24000
25465,40276,8,0x3aebfd40
25466,40632,8,0x3af5ba80
25467,39426,8,0x3aff77c0
25468,42426,8,0x3b093500
25469,40386,8,0x3b12f240
25470,40540,8,0x3b1caf80
25471,39992,8,0x3b266cc0
25472,40693,8,0x3b302a00
25473,40579,8,0x3b39e740
25474,41345,8,0x3b43a480
25475,39413,8,0x3b4d61c0
25476,39831,8,0x3b571f00
25477,39137,8,0x3b60dc40
25478,40338,8,0x3b6a9980
25479,39616,8,0x3b7456c0
25480,39073,8,0x3b7e1400
25481,41224,8,0x3b87d140
25482,41105,8,0x3b918e80
25483,42210,8,0x3b9b4bc0
25484,39680,8,0x3ba50900
25485,39296,8,0x3baec640
25486,39541,8,0x3bb88380
25487,39673,8,0x3bc240c0
25488,38821,8,0x3bcbfe00
25489,41219,8,0x3bd5bb40
25490,40665,8,0x3bdf7880
25491,39522,8,0x3be935c0
25492,39112,8,0x3bf2f300
25493,39350,8,0x3bfcb040
25494,41122,8,0x3c066d80
25495,40743,8,0x3c102ac0
25496,39252,8,0x3c19e800
25497,44597,8,0x3c23a540
25498,42875,8,0x3c2d6280
25499,42308,8,0x3c371fc0
25500,39452,8,0x3c40dd00
25501,38816,8,0x3c4a9a40
25502,41770,8,0x3c545780
25503,40105,8,0x3c5e14c0
25504,39568,8,0x3c67d200
25505,39514,8,0x3c718f40
25506,40876,8,0x3c7b4c80
25507,39231,8,0x3c8509c0
25508,39879,8,0x3c8ec700
25509,39521,8,0x3c988440
25510,41732,8,0x3ca24180
25511,39867,8,0x3cabfec0
25512,41663,8,0x3cb5bc00
25513,39513,8,0x3cbf7940
25514,43322,8,0x3cc93680
25515,55508,8,0x3cd2f3c0
25516,186246,8,0x3cdcb100
25517,70130,8,0x3ce66e40
25518,54465,8,0x3cf02b80
25519,54602,8,0x3cf9e8c0
25520,53480,8,0x3d03a600
25521,53361,8,0x3d0d6340
25522,57540,8,0x3d172080
25523,49435,8,0x3d20ddc0
25524,48724,8,0x3d2a9b00
25525,49775,8,0x3d345840
25526,48698,8,0x3d3e1580
25527,53255,8,0x3d47d2c0
25528,48040,8,0x3d519000
25529,50323,8,0x3d5b4d40
25530,49716,8,0x3d650a80
25531,48546,8,0x3d6ec7c0
25532,49038,8,0x3d788500
25533,49629,8,0x3d824240
25534,49057,8,0x3d8bff80
25535,47541,8,0x3d95bcc0
25536,47837,8,0x3d9f7a00
25537,54725,8,0x3da93740
25538,49337,8,0x3db2f480
25539,49157,8,0x3dbcb1c0
25540,50045,8,0x3dc66f00
25541,50006,8,0x3dd02c40
25542,68366,8,0x3dd9e980
25543,49647,8,0x3de3a6c0
25544,50436,8,0x3ded6400
25545,51619,8,0x3df72140
25546,53638,8,0x3e00de80
25547,49544,8,0x3e0a9bc0
25548,50433,8,0x3e145900
25549,51797,8,0x3e1e1640
25550,50319,8,0x3e27d380
25551,49595,8,0x3e3190c0
25552,52977,8,0x3e3b4e00
25553,50210,8,0x3e450b40
25554,51003,8,0x3e4ec880
25555,48408,8,0x3e5885c0
25556,49423,8,0x3e624300
25557,51552,8,0x3e6c0040
25558,50019,8,0x3e75bd80
25559,50300,8,0x3e7f7ac0
25560,48436,8,0x3e893800
25561,49918,8,0x3e92f540
25562,50649,8,0x3e9cb280
25563,53326,8,0x3ea66fc0
25564,49468,8,0x3eb02d00
25565,50933,8,0x3eb9ea40
25566,53819,8,0x3ec3a780
25567,48778,8,0x3ecd64c0
25568,49356,8,0x3ed72200
25569,50954,8,0x3ee0df40
25570,50140,8,0x3eea9c80
25571,49984,8,0x3ef459c0
25572,49554,8,0x3efe1700
25573,50473,8,0x3f07d440
25574,49689,8,0x3f119180
25575,50520,8,0x3f1b4ec0
25576,49011,8,0x3f250c00
25577,51074,8,0x3f2ec940
25578,52709,8,0x3f388680
25579,49643,8,0x3f4243c0
25580,49923,8,0x3f4c0100
25581,53411,8,0x3f55be40
25582,50935,8,0x3f5f7b80
25583,49200,8,0x3f6938c0
25584,49472,8,0x3f72f600
25585,50641,8,0x3f7cb340
25586,51403,8,0x3f867080
25587,49385,8,0x3f902dc0
25588,48583,8,0x3f99eb00
25589,55184,8,0x3fa3a840
25590,61510,8,0x3fad6580
25591,51579,8,0x3fb722c0
25592,49991,8,0x3fc0e000
25593,50240,8,0x3fca9d40
25594,49785,8,0x3fd45a80
25595,58811,8,0x3fde17c0
25596,56221,8,0x3fe7d500
25597,49656,8,0x3ff19240
25598,50164,8,0x3ffb4f80
25599,52402,8,0x50d00
25600,45395,8,0xeca40
25601,43760,8,0x188780
25602,44195,8,0x2244c0
25603,43566,8,0x2c0200
25604,44622,8,0x35bf40
25605,44064,8,0x3f7c80
25606,43416,8,0x4939c0
25607,43142,8,0x52f700
25608,56107,8,0x5cb440
25609,51572,8,0x667180
25610,45440,8,0x702ec0
25611,43585,8,0x79ec00
25612,44784,8,0x83a940
25613,44031,8,0x8d6680
25614,45311,8,0x9723c0
25615,45741,8,0xa0e100
25616,52299,58,0xaa9e40
25617,52357,58,0xb45b80
25618,50736,58,0xbe18c0
25619,52816,58,0xc7d600
25620,50766,58,0xd19340
25621,49003,58,0xdb5080
25622,52897,58,0xe50dc0
25623,49528,58,0xeecb00
25624,49592,58,0xf88840
25625,51624,58,0x1024580
25626,47958,58,0x10c02c0
25627,51827,58,0x115c000
25628,48412,58,0x11f7d40
25629,49899,58,0x1293a80
25630,49847,58,0x132f7c0
25631,49000,58,0x13cb500
25632,53646,8,0x1467240
25633,46419,8,0x1502f80
25634,43807,8,0x159ecc0
25635,45241,8,0x163aa00
25636,43655,8,0x16d6740
25637,44471,8,0x1772480
25638,44519,8,0x180e1c0
25639,44401,8,0x18a9f00
25640,43501,8,0x1945c40
25641,46059,8,0x19e1980
25642,43839,8,0x1a7d6c0
25643,44093,8,0x1b19400
25644,48975,58,0x1bb5140
25645,50413,58,0x1c50e80
25646,49433,58,0x1cecbc0
25647,49370,58,0x1d88900
25648,51556,58,0x1e24640
25649,49266,58,0x1ec0380
25650,49107,58,0x1f5c0c0
25651,49364,58,0x1ff7e00
25652,49230,58,0x2093b40
25653,49059,58,0x212f880
25654,47470,58,0x21cb5c0
25655,50787,58,0x2267300
25656,50222,58,0x2303040
25657,51526,58,0x239ed80
25658,49223,58,0x243aac0
25659,46626,58,0x24d6800
25660,54783,8,0x2572540
25661,50993,8,0x260e280
25662,53973,8,0x26a9fc0
25663,50369,8,0x2745d00
25664,49381,8,0x27e1a40
25665,49130,8,0x287d780
25666,49906,8,0x29194c0
25667,51404,8,0x29b5200
25668,50089,8,0x2a50f40
25669,60809,8,0x2aecc80
25670,53335,8,0x2b889c0
25671,54090,8,0x2c24700
25672,51026,8,0x2cc0440
25673,49333,8,0x2d5c180
25674,50688,8,0x2df7ec0
25675,49505,8,0x2e93c00
25676,50350,8,0x2f2f940
25677,49861,8,0x2fcb680
25678,50232,8,0x30673c0
25679,50659,8,0x3103100
25680,49828,8,0x319ee40
25681,50483,8,0x323ab80
25682,49762,8,0x32d68c0
25683,48991,8,0x3372600
25684,50634,8,0x340e340
25685,48979,8,0x34aa080
25686,53731,8,0x3545dc0
25687,50688,8,0x35e1b00
25688,48669,8,0x367d840
25689,49548,8,0x3719580
25690,49906,8,0x37b52c0
25691,49171,8,0x3851000
25692,51516,8,0x38ecd40
25693,48810,8,0x3988a80
25694,49861,8,0x3a247c0
25695,50922,8,0x3ac0500
25696,49483,8,0x3b5c240
25697,49188,8,0x3bf7f80
25698,49192,8,0x3c93cc0
25699,50297,8,0x3d2fa00
25700,51196,8,0x3dcb740
25701,52766,8,0x3e67480
25702,50454,8,0x3f031c0
25703,49403,8,0x3f9ef00
25704,49070,8,0x403ac40
25705,49758,8,0x40d6980
25706,49932,8,0x41726c0
25707,49769,8,0x420e400
25708,50409,8,0x42aa140
25709,48595,8,0x4345e80
25710,50565,8,0x43e1bc0
25711,51172,8,0x447d900
25712,54264,8,0x4519640
25713,49281,8,0x45b5380
25714,49901,8,0x46510c0
25715,49398,8,0x46ece00
25716,55154,8,0x4788b40
25717,48903,8,0x4824880
25718,50961,8,0x48c05c0
25719,49974,8,0x495c300
25720,50371,8,0x49f8040
25721,48373,8,0x4a93d80
25722,51336,8,0x4b2fac0
25723,49976,8,0x4bcb800
25724,51834,8,0x4c67540
25725,49830,8,0x4d03280
25726,53591,8,0x4d9efc0
25727,50512,8,0x4e3ad00
25728,49573,8,0x4ed6a40
25729,48464,8,0x4f72780
25730,53714,8,0x500e4c0
25731,49378,8,0x50aa200
25732,50180,8,0x5145f40
25733,48516,8,0x51e1c80
25734,50266,8,0x527d9c0
25735,50301,8,0x5319700
25736,50218,8,0x53b5440
25737,49170,8,0x5451180
25738,49757,8,0x54ecec0
25739,49631,8,0x5588c00
25740,51481,8,0x5624940
25741,49754,8,0x56c0680
25742,50295,8,0x575c3c0
25743,49431,8,0x57f8100
25744,49396,8,0x5893e40
25745,51856,8,0x592fb80
25746,50762,8,0x59cb8c0
25747,60711,8,0x5a67600
25748,52511,8,0x5b03340
25749,48567,8,0x5b9f080
25750,51414,8,0x5c3adc0
25751,50530,8,0x5cd6b00
25752,49504,8,0x5d72840
25753,49811,8,0x5e0e580
25754,59489,8,0x5eaa2c0
25755,56099,8,0x5f46000
25756,50514,8,0x5fe1d40
25757,49067,8,0x607da80
25758,50473,8,0x61197c0
25759,50357,8,0x61b5500
25760,52710,8,0x6251240
25761,49064,8,0x62ecf80
25762,51622,8,0x6388cc0
25763,49783,8,0x6424a00
25764,61874,8,0x64c0740
25765,50031,8,0x655c480
25766,66751,8,0x65f81c0
25767,60979,8,0x6693f00
25768,50403,8,0x672fc40
25769,50707,8,0x67cb980
25770,49130,8,0x68676c0
25771,48989,8,0x6903400
25772,179657,8,0x699f140
25773,67980,8,0x6a3ae80
25774,56291,8,0x6ad6bc0
25775,53594,8,0x6b72900
25776,53977,8,0x6c0e640
25777,52506,8,0x6caa380
25778,53722,8,0x6d460c0
25779,54278,8,0x6de1e00
25780,50601,8,0x6e7db40
25781,48002,8,0x6f19880
25782,48987,8,0x6fb55c0
25783,53334,8,0x7051300
25784,49581,8,0x70ed040
25785,48447,8,0x7188d80
25786,49508,8,0x7224ac0
25787,47425,8,0x72c0800
25788,51056,8,0x735c540
25789,48728,8,0x73f8280
25790,53110,8,0x7493fc0
25791,48796,8,0x752fd00
25792,47830,8,0x75cba40
25793,49436,8,0x7667780
25794,48693,8,0x77034c0
25795,48161,8,0x779f200
25796,49126,8,0x783af40
25797,51964,8,0x78d6c80
25798,47449,8,0x79729c0
25799,48474,8,0x7a0e700
25800,47782,8,0x7aaa440
25801,50221,8,0x7b46180
25802,48304,8,0x7be1ec0
25803,47148,8,0x7c7dc00
25804,49345,8,0x7d19940
25805,50345,8,0x7db5680
25806,47092,8,0x7e513c0
25807,48296,8,0x7eed100
25808,48958,8,0x7f88e40
25809,48768,8,0x8024b80
25810,58548,8,0x80c08c0
25811,49783,8,0x815c600
25812,54258,8,0x81f8340
25813,50755,8,0x8294080
25814,57182,8,0x832fdc0
25815,50154,8,0x83cbb00
25816,49668,8,0x8467840
25817,50097,8,0x8503580
25818,50583,8,0x859f2c0
25819,49856,8,0x863b000
25820,63657,8,0x86d6d40
25821,50836,8,0x8772a80
25822,51840,8,0x880e7c0
25823,49341,8,0x88aa500
25824,49002,8,0x8946240
25825,51853,8,0x89e1f80
25826,50547,8,0x8a7dcc0
25827,52903,8,0x8b19a00
25828,51003,8,0x8bb5740
25829,50945,8,0x8c51480
25830,50701,8,0x8ced1c0
25831,49837,8,0x8d88f00
25832,50195,8,0x8e24c40
25833,53216,8,0x8ec0980
25834,50512,8,0x8f5c6c0
25835,49789,8,0x8ff8400
25836,50746,8,0x9094140
25837,51093,8,0x912fe80
25838,51439,8,0x91cbbc0
25839,48676,8,0x9267900
25840,51522,8,0x9303640
25841,51026,8,0x939f380
25842,55926,8,0x943b0c0
25843,50767,8,0x94d6e00
25844,50756,8,0x9572b40
25845,50368,8,0x960e880
25846,51065,8,0x96aa5c0
25847,49486,8,0x9746300
25848,49717,8,0x97e2040
25849,51552,8,0x987dd80
25850,50334,8,0x9919ac0
25851,49130,8,0x99b5800
25852,51449,8,0x9a51540
25853,51071,8,0x9aed280
25854,55253,8,0x9b88fc0
25855,48592,8,0x9c24d00
25856,53288,8,0x9cc0a40
25857,50752,8,0x9d5c780
25858,51630,8,0x9df84c0
25859,51316,8,0x9e94200
25860,51583,8,0x9f2ff40
25861,50250,8,0x9fcbc80
25862,51394,8,0xa0679c0
25863,51070,8,0xa103700
25864,50773,8,0xa19f440
25865,51050,8,0xa23b180
25866,52514,8,0xa2d6ec0
25867,49710,8,0xa372c00
25868,50666,8,0xa40e940
25869,50835,8,0xa4aa680
25870,51166,8,0xa5463c0
25871,54395,8,0xa5e2100
25872,51409,8,0xa67de40
25873,50467,8,0xa719b80
25874,50764,8,0xa7b58c0
25875,50421,8,0xa851600
25876,54832,8,0xa8ed340
25877,50354,8,0xa989080
25878,50680,8,0xaa24dc0
25879,50301,8,0xaac0b00
25880,50720,8,0xab5c840
25881,49814,8,0xabf8580
25882,50021,8,0xac942c0
25883,49135,8,0xad30000
25884,50631,8,0xadcbd40
25885,49854,8,0xae67a80
25886,54470,8,0xaf037c0
25887,49868,8,0xaf9f500
25888,50368,8,0xb03b240
25889,49945,8,0xb0d6f80
25890,49855,8,0xb172cc0
25891,49466,8,0xb20ea00
25892,49580,8,0xb2aa740
25893,50423,8,0xb346480
25894,50803,8,0xb3e21c0
25895,50242,8,0xb47df00
25896,50643,8,0xb519c40
25897,66231,8,0xb5b5980
25898,52459,8,0xb6516c0
25899,49898,8,0xb6ed400
25900,50702,8,0xb789140
25901,52809,8,0xb824e80
25902,50704,8,0xb8c0bc0
25903,49861,8,0xb95c900
25904,52286,8,0xb9f8640
25905,49604,8,0xba94380
25906,50726,8,0xbb300c0
25907,49960,8,0xbbcbe00
25908,51628,8,0xbc67b40
25909,51099,8,0xbd03880
25910,50750,8,0xbd9f5c0
25911,49881,8,0xbe3b300
25912,50777,8,0xbed7040
25913,50308,8,0xbf72d80
25914,50812,8,0xc00eac0
25915,50243,8,0xc0aa800
25916,56254,8,0xc146540
25917,48443,8,0xc1e2280
25918,54666,8,0xc27dfc0
25919,49288,8,0xc319d00
25920,51580,8,0xc3b5a40
25921,50231,8,0xc451780
25922,49395,8,0xc4ed4c0
25923,50555,8,0xc589200
25924,52073,8,0xc624f40
25925,49390,8,0xc6c0c80
25926,48805,8,0xc75c9c0
25927,49635,8,0xc7f8700
25928,50282,8,0xc894440
25929,50289,8,0xc930180
25930,52931,8,0xc9cbec0
25931,50707,8,0xca67c00
25932,49620,8,0xcb03940
25933,49378,8,0xcb9f680
25934,50393,8,0xcc3b3c0
25935,49384,8,0xccd7100
25936,52698,8,0xcd72e40
25937,51620,8,0xce0eb80
25938,54455,8,0xceaa8c0
25939,51062,8,0xcf46600
25940,50649,8,0xcfe2340
25941,51133,8,0xd07e080
25942,50014,8,0xd119dc0
25943,49518,8,0xd1b5b00
25944,51334,8,0xd251840
25945,52930,8,0xd2ed580
25946,49905,8,0xd3892c0
25947,49262,8,0xd425000
25948,51866,8,0xd4c0d40
25949,50385,8,0xd55ca80
25950,48865,8,0xd5f87c0
25951,48891,8,0xd694500
25952,51615,8,0xd730240
25953,49543,8,0xd7cbf80
25954,50556,8,0xd867cc0
25955,51025,8,0xd903a00
25956,50679,8,0xd99f740
25957,49995,8,0xda3b480
25958,50449,8,0xdad71c0
25959,48703,8,0xdb72f00
25960,54059,8,0xdc0ec40
25961,51162,8,0xdcaa980
25962,51578,8,0xdd466c0
25963,49251,8,0xdde2400
25964,51068,8,0xde7e140
25965,50133,8,0xdf19e80
25966,49614,8,0xdfb5bc0
25967,48533,8,0xe051900
25968,51524,8,0xe0ed640
25969,50449,8,0xe189380
25970,50433,8,0xe2250c0
25971,49215,8,0xe2c0e00
25972,50556,8,0xe35cb40
25973,49716,8,0xe3f8880
25974,65715,8,0xe4945c0
25975,55553,8,0xe530300
25976,50875,8,0xe5cc040
25977,49181,8,0xe667d80
25978,49786,8,0xe703ac0
25979,49995,8,0xe79f800
25980,52100,8,0xe83b540
25981,51903,8,0xe8d7280
25982,54355,8,0xe972fc0
25983,50447,8,0xea0ed00
25984,49874,8,0xeaaaa40
25985,49323,8,0xeb46780
25986,49771,8,0xebe24c0
25987,50896,8,0xec7e200
25988,50294,8,0xed19f40
25989,53755,8,0xedb5c80
25990,49952,8,0xee519c0
25991,50732,8,0xeeed700
25992,50088,8,0xef89440
25993,48671,8,0xf025180
25994,50261,8,0xf0c0ec0
25995,50160,8,0xf15cc00
25996,51615,8,0xf1f8940
25997,50363,8,0xf294680
25998,52773,8,0xf3303c0
25999,47282,8,0xf3cc100
26000,51321,8,0xf467e40
26001,45587,8,0xf503b80
26002,45790,8,0xf59f8c0
26003,46173,8,0xf63b600
26004,49053,8,0xf6d7340
26005,45963,8,0xf773080
26006,46137,8,0xf80edc0
26007,46491,8,0xf8aab00
26008,46015,8,0xf946840
26009,45110,8,0xf9e2580
26010,46744,8,0xfa7e2c0
26011,46559,8,0xfb1a000
26012,47833,8,0xfbb5d40
26013,48339,8,0xfc51a80
26014,45434,8,0xfced7c0
26015,47203,8,0xfd89500
26016,47478,8,0xfe25240
26017,45573,8,0xfec0f80
26018,47369,8,0xff5ccc0
26019,50535,8,0xfff8a00
26020,46769,8,0x10094740
26021,47175,8,0x10130480
26022,46849,8,0x101cc1c0
26023,47447,8,0x10267f00
26024,46634,8,0x10303c40
26025,45186,8,0x1039f980
26026,47186,8,0x1043b6c0
26027,46046,8,0x104d7400
26028,47340,8,0x10573140
26029,45499,8,0x1060ee80
26030,46507,8,0x106aabc0
26031,46714,8,0x10746900
26032,46844,8,0x107e2640
26033,45534,8,0x1087e380
26034,48297,8,0x1091a0c0
26035,46699,8,0x109b5e00
26036,46564,8,0x10a51b40
26037,46286,8,0x10aed880
26038,46753,8,0x10b895c0
26039,46618,8,0x10c25300
26040,47658,8,0x10cc1040
26041,45709,8,0x10d5cd80
26042,47663,8,0x10df8ac0
26043,46815,8,0x10e94800
26044,47629,8,0x10f30540
26045,46516,8,0x10fcc280
26046,48714,8,0x11067fc0
26047,45842,8,0x11103d00
26048,49508,8,0x1119fa40
26049,46223,8,0x1123b780
26050,47011,8,0x112d74c0
26051,45998,8,0x11373200
26052,47243,8,0x1140ef40
26053,46398,8,0x114aac80
26054,45149,8,0x115469c0
26055,55283,8,0x115e2700
26056,49562,8,0x1167e440
26057,47630,8,0x1171a180
26058,45051,8,0x117b5ec0
26059,46516,8,0x11851c00
26060,48325,8,0x118ed940
26061,47114,8,0x11989680
26062,50939,8,0x11a253c0
26063,49383,8,0x11ac1100
26064,47417,8,0x11b5ce40
26065,46960,8,0x11bf8b80
26066,45838,8,0x11c948c0
26067,46793,8,0x11d30600
26068,47504,8,0x11dcc340
26069,45977,8,0x11e68080
26070,46490,8,0x11f03dc0
26071,47400,8,0x11f9fb00
26072,46172,8,0x1203b840
26073,46421,8,0x120d7580
26074,45422,8,0x121732c0
26075,46380,8,0x1220f000
26076,47021,8,0x122aad40
26077,45758,8,0x12346a80
26078,48433,8,0x123e27c0
26079,47326,8,0x1247e500
26080,46496,8,0x1251a240
26081,45796,8,0x125b5f80
26082,45975,8,0x12651cc0
26083,56750,8,0x126eda00
26084,53733,8,0x12789740
26085,46748,8,0x12825480
26086,46136,8,0x128c11c0
26087,47254,8,0x1295cf00
26088,48005,8,0x129f8c40
26089,46895,8,0x12a94980
26090,45803,8,0x12b306c0
26091,46297,8,0x12bcc400
26092,48035,8,0x12c68140
26093,48424,8,0x12d03e80
26094,45184,8,0x12d9fbc0
26095,47159,8,0x12e3b900
26096,48244,8,0x12ed7640
26097,46095,8,0x12f73380
26098,46096,8,0x1300f0c0
26099,46619,8,0x130aae00
26100,47473,8,0x13146b40
26101,46688,8,0x131e2880
26102,45413,8,0x1327e5c0
26103,58822,8,0x1331a300
26104,49063,8,0x133b6040
26105,45521,8,0x13451d80
26106,46441,8,0x134edac0
26107,46656,8,0x13589800
26108,50822,8,0x13625540
26109,46854,8,0x136c1280
26110,51192,8,0x1375cfc0
26111,46758,8,0x137f8d00
26112,46555,8,0x13894a40
26113,45927,8,0x13930780
26114,47254,8,0x139cc4c0
26115,46248,8,0x13a68200
26116,47833,8,0x13b03f40
26117,45480,8,0x13b9fc80
26118,47669,8,0x13c3b9c0
26119,45735,8,0x13cd7700
26120,45368,8,0x13d73440
26121,46533,8,0x13e0f180
26122,49129,8,0x13eaaec0
26123,47945,8,0x13f46c00
26124,61335,8,0x13fe2940
26125,46107,8,0x1407e680
26126,46538,8,0x1411a3c0
26127,47113,8,0x141b6100
26128,46467,8,0x14251e40
26129,46081,8,0x142edb80
26130,47295,8,0x143898c0
26131,46887,8,0x14425600
26132,48438,8,0x144c1340
26133,47151,8,0x1455d080
26134,47091,8,0x145f8dc0
26135,47018,8,0x14694b00
26136,46313,8,0x14730840
26137,62993,8,0x147cc580
26138,48719,8,0x148682c0
26139,47160,8,0x14904000
26140,45409,8,0x1499fd40
26141,46354,8,0x14a3ba80
26142,46369,8,0x14ad77c0
26143,45818,8,0x14b73500
26144,60590,8,0x14c0f240
26145,49176,8,0x14caaf80
26146,46517,8,0x14d46cc0
26147,49617,8,0x14de2a00
26148,47034,8,0x14e7e740
26149,45173,8,0x14f1a480
26150,48491,8,0x14fb61c0
26151,47066,8,0x15051f00
26152,49622,8,0x150edc40
26153,46971,8,0x15189980
26154,48073,8,0x152256c0
26155,46193,8,0x152c1400
26156,46782,8,0x1535d140
26157,46114,8,0x153f8e80
26158,46531,8,0x15494bc0
26159,46714,8,0x15530900
26160,46636,8,0x155cc640
26161,46141,8,0x15668380
26162,47003,8,0x157040c0
26163,45534,8,0x1579fe00
26164,50932,8,0x1583bb40
26165,51254,8,0x158d7880
26166,48438,8,0x159735c0
26167,50096,8,0x15a0f300
26168,47693,8,0x15aab040
26169,46708,8,0x15b46d80
26170,47436,8,0x15be2ac0
26171,46246,8,0x15c7e800
26172,48589,8,0x15d1a540
26173,46490,8,0x15db6280
26174,51593,8,0x15e51fc0
26175,47170,8,0x15eedd00
26176,46972,8,0x15f89a40
26177,46853,8,0x16025780
26178,46679,8,0x160c14c0
26179,47222,8,0x1615d200
26180,46878,8,0x161f8f40
26181,47723,8,0x16294c80
26182,47793,8,0x163309c0
26183,46492,8,0x163cc700
26184,48152,8,0x16468440
26185,58061,8,0x16504180
26186,52185,8,0x1659fec0
26187,47647,8,0x1663bc00
26188,46534,8,0x166d7940
26189,45745,8,0x16773680
26190,47402,8,0x1680f3c0
26191,46096,8,0x168ab100
26192,47035,8,0x16946e40
26193,46178,8,0x169e2b80
26194,46251,8,0x16a7e8c0
26195,45429,8,0x16b1a600
26196,49621,8,0x16bb6340
26197,45425,8,0x16c52080
26198,46833,8,0x16ceddc0
26199,46571,8,0x16d89b00
26200,47848,8,0x16e25840
26201,45470,8,0x16ec1580
26202,46070,8,0x16f5d2c0
26203,47575,8,0x16ff9000
26204,46884,8,0x17094d40
26205,49624,8,0x17130a80
26206,53293,8,0x171cc7c0
26207,45913,8,0x17268500
26208,46601,8,0x17304240
26209,54456,8,0x1739ff80
26210,42859,8,0x1743bcc0
26211,46714,8,0x174d7a00
26212,42758,8,0x17573740
26213,41723,8,0x1760f480
26214,43869,8,0x176ab1c0
26215,42988,8,0x17746f00
26216,43844,8,0x177e2c40
26217,41669,8,0x1787e980
26218,42521,8,0x1791a6c0
26219,43424,8,0x179b6400
26220,52210,8,0x17a52140
26221,45226,8,0x17aede80
26222,42744,8,0x17b89bc0
26223,41226,8,0x17c25900
26224,43230,8,0x17cc1640
26225,42074,8,0x17d5d380
26226,45811,8,0x17df90c0
26227,52012,8,0x17e94e00
26228,45257,8,0x17f30b40
26229,43940,8,0x17fcc880
26230,42812,8,0x180685c0
26231,41695,8,0x18104300
26232,42070,8,0x181a0040
26233,43014,8,0x1823bd80
26234,43830,8,0x182d7ac0
26235,42329,8,0x18373800
26236,43582,8,0x1840f540
26237,43165,8,0x184ab280
26238,46767,8,0x18546fc0
26239,41547,8,0x185e2d00
26240,44392,8,0x1867ea40
26241,42802,8,0x1871a780
26242,44597,8,0x187b64c0
26243,42387,8,0x18852200
26244,43045,8,0x188edf40
26245,42639,8,0x18989c80
26246,42310,8,0x18a259c0
26247,42486,8,0x18ac1700
26248,45826,8,0x18b5d440
26249,44464,8,0x18bf9180
26250,47845,8,0x18c94ec0
26251,42878,8,0x18d30c00
26252,43583,8,0x18dcc940
26253,43158,8,0x18e68680
26254,44468,8,0x18f043c0
26255,46338,8,0x18fa0100
26256,43695,8,0x1903be40
26257,42764,8,0x190d7b80
26258,43080,8,0x191738c0
26259,42775,8,0x1920f600
26260,42462,8,0x192ab340
26261,43117,8,0x19347080
26262,42752,8,0x193e2dc0
26263,41134,8,0x1947eb00
26264,41803,8,0x1951a840
26265,42763,8,0x195b6580
26266,42530,8,0x196522c0
26267,45053,8,0x196ee000
26268,43267,8,0x19789d40
26269,43178,8,0x19825a80
26270,44651,8,0x198c17c0
26271,43982,8,0x1995d500
26272,47817,8,0x199f9240
26273,42123,8,0x19a94f80
26274,43918,8,0x19b30cc0
26275,42688,8,0x19bcca00
26276,41680,8,0x19c68740
26277,42782,8,0x19d04480
26278,42804,8,0x19da01c0
26279,42064,8,0x19e3bf00
26280,42297,8,0x19ed7c40
26281,42137,8,0x19f73980
26282,43228,8,0x1a00f6c0
26283,43129,8,0x1a0ab400
26284,41849,8,0x1a147140
26285,45338,8,0x1a1e2e80
26286,43184,8,0x1a27ebc0
26287,43349,8,0x1a31a900
26288,42910,8,0x1a3b6640
26289,42559,8,0x1a452380
26290,43197,8,0x1a4ee0c0
26291,41645,8,0x1a589e00
26292,41585,8,0x1a625b40
26293,42375,8,0x1a6c1880
26294,49218,8,0x1a75d5c0
26295,45880,8,0x1a7f9300
26296,43890,8,0x1a895040
26297,41763,8,0x1a930d80
26298,42135,8,0x1a9ccac0
26299,42164,8,0x1aa68800
26300,47055,8,0x1ab04540
26301,42397,8,0x1aba0280
26302,45753,8,0x1ac3bfc0
26303,43821,8,0x1acd7d00
26304,43019,8,0x1ad73a40
26305,42752,8,0x1ae0f780
26306,43181,8,0x1aeab4c0
26307,43474,8,0x1af47200
26308,43993,8,0x1afe2f40
26309,57584,8,0x1b07ec80
26310,48735,8,0x1b11a9c0
26311,43530,8,0x1b1b6700
26312,42845,8,0x1b252440
26313,42521,8,0x1b2ee180
26314,45142,8,0x1b389ec0
26315,41870,8,0x1b425c00
26316,51043,8,0x1b4c1940
26317,45684,8,0x1b55d680
26318,42386,8,0x1b5f93c0
26319,42134,8,0x1b695100
26320,43320,8,0x1b730e40
26321,47762,8,0x1b7ccb80
26322,43926,8,0x1b8688c0
26323,41791,8,0x1b904600
26324,44063,8,0x1b9a0340
26325,43294,8,0x1ba3c080
26326,43596,8,0x1bad7dc0
26327,43913,8,0x1bb73b00
26328,44156,8,0x1bc0f840
26329,46298,8,0x1bcab580
26330,43178,8,0x1bd472c0
26331,41488,8,0x1bde3000
26332,43821,8,0x1be7ed40
26333,41757,8,0x1bf1aa80
26334,42818,8,0x1bfb67c0
26335,41792,8,0x1c052500
26336,42919,8,0x1c0ee240
26337,42725,8,0x1c189f80
26338,44562,8,0x1c225cc0
26339,47829,8,0x1c2c1a00
26340,43828,8,0x1c35d740
26341,42612,8,0x1c3f9480
26342,41483,8,0x1c4951c0
26343,41983,8,0x1c530f00
26344,45837,8,0x1c5ccc40
26345,43058,8,0x1c668980
26346,42765,8,0x1c7046c0
26347,42570,8,0x1c7a0400
26348,43414,8,0x1c83c140
26349,43021,8,0x1c8d7e80
26350,41573,8,0x1c973bc0
26351,42219,8,0x1ca0f900
26352,44574,8,0x1caab640
26353,42369,8,0x1cb47380
26354,42059,8,0x1cbe30c0
26355,41993,8,0x1cc7ee00
26356,43617,8,0x1cd1ab40
26357,42180,8,0x1cdb6880
26358,44580,8,0x1ce525c0
26359,44291,8,0x1ceee300
26360,42632,8,0x1cf8a040
26361,51233,8,0x1d025d80
26362,44794,8,0x1d0c1ac0
26363,42186,8,0x1d15d800
26364,44045,8,0x1d1f9540
26365,42231,8,0x1d295280
26366,43911,8,0x1d330fc0
26367,41551,8,0x1d3ccd00
26368,43307,8,0x1d468a40
26369,43374,8,0x1d504780
26370,42752,8,0x1d5a04c0
26371,42791,8,0x1d63c200
26372,47560,8,0x1d6d7f40
26373,43820,8,0x1d773c80
26374,42907,8,0x1d80f9c0
26375,41320,8,0x1d8ab700
26376,42500,8,0x1d947440
26377,42704,8,0x1d9e3180
26378,43243,8,0x1da7eec0
26379,41650,8,0x1db1ac00
26380,43910,8,0x1dbb6940
26381,42193,8,0x1dc52680
26382,42845,8,0x1dcee3c0
26383,41400,8,0x1dd8a100
26384,50513,8,0x1de25e40
26385,43138,8,0x1dec1b80
26386,41570,8,0x1df5d8c0
26387,42092,8,0x1dff9600
26388,45589,8,0x1e095340
26389,43597,8,0x1e131080
26390,42794,8,0x1e1ccdc0
26391,42614,8,0x1e268b00
26392,43218,8,0x1e304840
26393,42669,8,0x1e3a0580
26394,41600,8,0x1e43c2c0
26395,41221,8,0x1e4d8000
26396,44471,8,0x1e573d40
26397,44027,8,0x1e60fa80
26398,43741,8,0x1e6ab7c0
26399,53850,8,0x1e747500
26400,43835,8,0x1e7e3240
26401,42816,8,0x1e87ef80
26402,43480,8,0x1e91acc0
26403,44841,8,0x1e9b6a00
26404,43436,8,0x1ea52740
26405,42255,8,0x1eaee480
26406,52620,8,0x1eb8a1c0
26407,45942,8,0x1ec25f00
26408,43204,8,0x1ecc1c40
26409,43231,8,0x1ed5d980
26410,41993,8,0x1edf96c0
26411,42107,8,0x1ee95400
26412,43682,8,0x1ef31140
26413,44875,8,0x1efcce80
26414,43961,8,0x1f068bc0
26415,42846,8,0x1f104900
26416,42507,8,0x1f1a0640
26417,42833,8,0x1f23c380
26418,43457,8,0x1f2d80c0
26419,43715,8,0x1f373e00
26420,44268,8,0x1f40fb40
26421,42183,8,0x1f4ab880
26422,43146,8,0x1f5475c0
26423,42407,8,0x1f5e3300
26424,42449,8,0x1f67f040
26425,42369,8,0x1f71ad80
26426,42065,8,0x1f7b6ac0
26427,42892,8,0x1f852800
26428,47138,8,0x1f8ee540
26429,45773,8,0x1f98a280
26430,46006,8,0x1fa25fc0
26431,45936,8,0x1fac1d00
26432,45680,8,0x1fb5da40
26433,42619,8,0x1fbf9780
26434,55410,8,0x1fc954c0
26435,40577,8,0x1fd31200
26436,40971,8,0x1fdccf40
26437,39837,8,0x1fe68c80
26438,39408,8,0x1ff049c0
26439,39665,8,0x1ffa0700
26440,41814,8,0x2003c440
26441,39969,8,0x200d8180
26442,39958,8,0x20173ec0
26443,40843,8,0x2020fc00
26444,40862,8,0x202ab940
26445,39412,8,0x20347680
26446,39517,8,0x203e33c0
26447,42230,8,0x2047f100
26448,40575,8,0x2051ae40
26449,39614,8,0x205b6b80
26450,38643,8,0x206528c0
26451,49243,8,0x206ee600
26452,43438,8,0x2078a340
26453,39464,8,0x20826080
26454,39279,8,0x208c1dc0
26455,39365,8,0x2095db00
26456,41253,8,0x209f9840
26457,39181,8,0x20a95580
26458,38000,8,0x20b312c0
26459,40543,8,0x20bcd000
26460,41361,8,0x20c68d40
26461,39415,8,0x20d04a80
26462,42067,8,0x20da07c0
26463,39700,8,0x20e3c500
26464,40564,8,0x20ed8240
26465,39154,8,0x20f73f80
26466,39294,8,0x2100fcc0
26467,40036,8,0x210aba00
26468,39525,8,0x21147740
26469,39760,8,0x211e3480
26470,38879,8,0x2127f1c0
26471,39211,8,0x2131af00
26472,39734,8,0x213b6c40
26473,39397,8,0x21452980
26474,39209,8,0x214ee6c0
26475,45110,8,0x2158a400
26476,42860,8,0x21626140
26477,40708,8,0x216c1e80
26478,39638,8,0x2175dbc0
26479,40051,8,0x217f9900
26480,40971,8,0x21895640
26481,39247,8,0x21931380
26482,38928,8,0x219cd0c0
26483,40667,8,0x21a68e00
26484,41105,8,0x21b04b40
26485,39686,8,0x21ba0880
26486,40343,8,0x21c3c5c0
26487,40723,8,0x21cd8300
26488,41486,8,0x21d74040
26489,39802,8,0x21e0fd80
26490,41223,8,0x21eabac0
26491,49990,8,0x21f47800
26492,46120,8,0x21fe3540
26493,42289,8,0x2207f280
26494,43777,8,0x2211afc0
26495,39443,8,0x221b6d00
26496,43526,8,0x22252a40
26497,39341,8,0x222ee780
26498,40643,8,0x2238a4c0
26499,47220,8,0x22426200
26500,40022,8,0x224c1f40
26501,40119,8,0x2255dc80
26502,40908,8,0x225f99c0
26503,38110,8,0x22695700
26504,38493,8,0x22731440
26505,39717,8,0x227cd180
26506,42467,8,0x22868ec0
26507,40212,8,0x22904c00
26508,40173,8,0x229a0940
26509,39946,8,0x22a3c680
26510,40074,8,0x22ad83c0
26511,38428,8,0x22b74100
26512,40002,8,0x22c0fe40
26513,40024,8,0x22cabb80
26514,41573,8,0x22d478c0
26515,39511,8,0x22de3600
26516,39678,8,0x22e7f340
26517,39392,8,0x22f1b080
26518,39977,8,0x22fb6dc0
26519,40692,8,0x23052b00
26520,40088,8,0x230ee840
26521,40394,8,0x2318a580
26522,40711,8,0x232262c0
26523,48650,8,0x232c2000
26524,41959,8,0x2335dd40
26525,39799,8,0x233f9a80
26526,41776,8,0x234957c0
26527,38672,8,0x23531500
26528,39887,8,0x235cd240
26529,40294,8,0x23668f80
26530,40363,8,0x23704cc0
26531,38837,8,0x237a0a00
26532,39815,8,0x2383c740
26533,39107,8,0x238d8480
26534,40657,8,0x239741c0
26535,40253,8,0x23a0ff00
26536,42765,8,0x23aabc40
26537,39280,8,0x23b47980
26538,41151,8,0x23be36c0
26539,39391,8,0x23c7f400
26540,40242,8,0x23d1b140
26541,40364,8,0x23db6e80
26542,39961,8,0x23e52bc0
26543,38384,8,0x23eee900
26544,39666,8,0x23f8a640
26545,39603,8,0x24026380
26546,39850,8,0x240c20c0
26547,46131,8,0x2415de00
26548,41646,8,0x241f9b40
26549,39808,8,0x24295880
26550,40010,8,0x243315c0
26551,41112,8,0x243cd300
26552,39835,8,0x24469040
26553,39768,8,0x24504d80
26554,40171,8,0x245a0ac0
26555,39940,8,0x2463c800
26556,40710,8,0x246d8540
26557,39456,8,0x24774280
26558,47908,8,0x2480ffc0
26559,40075,8,0x248abd00
26560,40256,8,0x24947a40
26561,39509,8,0x249e3780
26562,41160,8,0x24a7f4c0
26563,39586,8,0x24b1b200
26564,39680,8,0x24bb6f40
26565,40505,8,0x24c52c80
26566,39356,8,0x24cee9c0
26567,40067,8,0x24d8a700
26568,40563,8,0x24e26440
26569,40260,8,0x24ec2180
26570,41574,8,0x24f5dec0
26571,68579,8,0x24ff9c00
26572,44193,8,0x25095940
26573,40631,8,0x25131680
26574,43815,8,0x251cd3c0
26575,42183,8,0x25269100
26576,43432,8,0x25304e40
26577,41632,8,0x253a0b80
26578,42908,8,0x2543c8c0
26579,41489,8,0x254d8600
26580,42769,8,0x25574340
26581,40677,8,0x25610080
26582,41914,8,0x256abdc0
26583,42091,8,0x25747b00
26584,42303,8,0x257e3840
26585,40142,8,0x2587f580
26586,52188,8,0x2591b2c0
26587,42826,8,0x259b7000
26588,41898,8,0x25a52d40
26589,40953,8,0x25aeea80
26590,42073,8,0x25b8a7c0
26591,41733,8,0x25c26500
26592,41527,8,0x25cc2240
26593,43063,8,0x25d5df80
26594,46443,8,0x25df9cc0
26595,44902,8,0x25e95a00
26596,42280,8,0x25f31740
26597,41711,8,0x25fcd480
26598,42020,8,0x260691c0
26599,40817,8,0x26104f00
26600,41690,8,0x261a0c40
26601,41590,8,0x2623c980
26602,42342,8,0x262d86c0
26603,40586,8,0x26374400
26604,42509,8,0x26410140
26605,41649,8,0x264abe80
26606,40358,8,0x26547bc0
26607,40721,8,0x265e3900
26608,42718,8,0x2667f640
26609,41652,8,0x2671b380
26610,44461,8,0x267b70c0
26611,41549,8,0x26852e00
26612,42705,8,0x268eeb40
26613,41186,8,0x2698a880
26614,40784,8,0x26a265c0
26615,41333,8,0x26ac2300
26616,48341,8,0x26b5e040
26617,44370,8,0x26bf9d80
26618,43049,8,0x26c95ac0
26619,41763,8,0x26d31800
26620,43614,8,0x26dcd540
26621,47393,8,0x26e69280
26622,43663,8,0x26f04fc0
26623,41496,8,0x26fa0d00
26624,44061,8,0x2703ca40
26625,42484,8,0x270d8780
26626,41426,8,0x271744c0
26627,42398,8,0x27210200
26628,42599,8,0x272abf40
26629,41683,8,0x27347c80
26630,41076,8,0x273e39c0
26631,41221,8,0x2747f700
26632,41194,8,0x2751b440
26633,43430,8,0x275b7180
26634,42034,8,0x27652ec0
26635,41288,8,0x276eec00
26636,42941,8,0x2778a940
26637,42437,8,0x27826680
26638,41160,8,0x278c23c0
26639,50412,8,0x2795e100
26640,43842,8,0x279f9e40
26641,42347,8,0x27a95b80
26642,42122,8,0x27b318c0
26643,41275,8,0x27bcd600
26644,42555,8,0x27c69340
26645,41207,8,0x27d05080
26646,41154,8,0x27da0dc0
26647,41483,8,0x27e3cb00
26648,41340,8,0x27ed8840
26649,41859,8,0x27f74580
26650,43355,8,0x280102c0
26651,40897,8,0x280ac000
26652,42830,8,0x28147d40
26653,41579,8,0x281e3a80
26654,44581,8,0x2827f7c0
26655,40378,8,0x2831b500
26656,41215,8,0x283b7240
26657,41609,8,0x28452f80
26658,41778,8,0x284eecc0
26659,44208,8,0x2858aa00
26660,41152,8,0x28626740
26661,42183,8,0x286c2480
26662,50419,8,0x2875e1c0
26663,42447,8,0x287f9f00
26664,42316,8,0x28895c40
26665,41907,8,0x28931980
26666,57906,8,0x289cd6c0
26667,39669,8,0x28a69400
26668,40953,8,0x28b05140
26669,41985,8,0x28ba0e80
26670,41476,8,0x28c3cbc0
26671,40466,8,0x28cd8900
26672,39591,8,0x28d74640
26673,41026,8,0x28e10380
26674,40672,8,0x28eac0c0
26675,41658,8,0x28f47e00
26676,40385,8,0x28fe3b40
26677,55145,8,0x2907f880
26678,42608,8,0x2911b5c0
26679,39981,8,0x291b7300
26680,39946,8,0x29253040
26681,40897,8,0x292eed80
26682,39396,8,0x2938aac0
26683,43566,8,0x29426800
26684,43177,8,0x294c2540
26685,49173,8,0x2955e280
26686,43689,8,0x295f9fc0
26687,41003,8,0x29695d00
26688,40698,8,0x29731a40
26689,41256,8,0x297cd780
26690,39469,8,0x298694c0
26691,40006,8,0x29905200
26692,41457,8,0x299a0f40
26693,40481,8,0x29a3cc80
26694,40863,8,0x29ad89c0
26695,40543,8,0x29b74700
26696,40654,8,0x29c10440
26697,40370,8,0x29cac180
26698,41791,8,0x29d47ec0
26699,39377,8,0x29de3c00
26700,41421,8,0x29e7f940
26701,40358,8,0x29f1b680
26702,41222,8,0x29fb73c0
26703,39358,8,0x2a053100
26704,39749,8,0x2a0eee40
26705,40199,8,0x2a18ab80
26706,40330,8,0x2a2268c0
26707,40426,8,0x2a2c2600
26708,40889,8,0x2a35e340
26709,45731,8,0x2a3fa080
26710,40129,8,0x2a495dc0
26711,38792,8,0x2a531b00
26712,40478,8,0x2a5cd840
26713,41195,8,0x2a669580
26714,40344,8,0x2a7052c0
26715,39529,8,0x2a7a1000
26716,41464,8,0x2a83cd40
26717,40679,8,0x2a8d8a80
26718,39529,8,0x2a9747c0
26719,39513,8,0x2aa10500
26720,40754,8,0x2aaac240
26721,40205,8,0x2ab47f80
26722,39948,8,0x2abe3cc0
26723,40433,8,0x2ac7fa00
26724,40917,8,0x2ad1b740
26725,39664,8,0x2adb7480
26726,39632,8,0x2ae531c0
26727,39179,8,0x2aeeef00
26728,41815,8,0x2af8ac40
26729,40860,8,0x2b026980
26730,39744,8,0x2b0c26c0
26731,39731,8,0x2b15e400
26732,41585,8,0x2b1fa140
26733,46190,8,0x2b295e80
26734,39887,8,0x2b331bc0
26735,40117,8,0x2b3cd900
26736,40779,8,0x2b469640
26737,39961,8,0x2b505380
26738,39583,8,0x2b5a10c0
26739,39253,8,0x2b63ce00
26740,40886,8,0x2b6d8b40
26741,40865,8,0x2b774880
26742,40299,8,0x2b8105c0
26743,40565,8,0x2b8ac300
26744,40573,8,0x2b948040
26745,43171,8,0x2b9e3d80
26746,40334,8,0x2ba7fac0
26747,40239,8,0x2bb1b800
26748,41346,8,0x2bbb7540
26749,39109,8,0x2bc53280
26750,41928,8,0x2bceefc0
26751,39024,8,0x2bd8ad00
26752,40894,8,0x2be26a40
26753,39336,8,0x2bec2780
26754,39438,8,0x2bf5e4c0
26755,39871,8,0x2bffa200
26756,42458,8,0x2c095f40
26757,47456,8,0x2c131c80
26758,40073,8,0x2c1cd9c0
26759,40560,8,0x2c269700
26760,40661,8,0x2c305440
26761,40281,8,0x2c3a1180
26762,40427,8,0x2c43cec0
26763,39757,8,0x2c4d8c00
26764,40840,8,0x2c574940
26765,39821,8,0x2c610680
26766,39451,8,0x2c6ac3c0
26767,39496,8,0x2c748100
26768,40507,8,0x2c7e3e40
26769,40393,8,0x2c87fb80
26770,39455,8,0x2c91b8c0
26771,39620,8,0x2c9b7600
26772,52134,8,0x2ca53340
26773,42419,8,0x2caef080
26774,40985,8,0x2cb8adc0
26775,40003,8,0x2cc26b00
26776,40579,8,0x2ccc2840
26777,38213,8,0x2cd5e580
26778,40558,8,0x2cdfa2c0
26779,40752,8,0x2ce96000
26780,47573,8,0x2cf31d40
26781,41709,8,0x2cfcda80
26782,41736,8,0x2d0697c0
26783,39555,8,0x2d105500
26784,39194,8,0x2d1a1240
26785,38586,8,0x2d23cf80
26786,38988,8,0x2d2d8cc0
26787,41626,8,0x2d374a00
26788,40037,8,0x2d410740
26789,41008,8,0x2d4ac480
26790,41559,8,0x2d5481c0
26791,41037,8,0x2d5e3f00
26792,39329,8,0x2d67fc40
26793,39435,8,0x2d71b980
26794,39652,8,0x2d7b76c0
26795,40594,8,0x2d853400
26796,42599,8,0x2d8ef140
26797,40330,8,0x2d98ae80
26798,40610,8,0x2da26bc0
26799,39470,8,0x2dac2900
26800,40931,8,0x2db5e640
26801,39644,8,0x2dbfa380
26802,42063,8,0x2dc960c0
26803,40720,8,0x2dd31e00
26804,48585,8,0x2ddcdb40
26805,42355,8,0x2de69880
26806,40604,8,0x2df055c0
26807,43852,8,0x2dfa1300
26808,60309,8,0x2e03d040
26809,37559,8,0x2e0d8d80
26810,37905,8,0x2e174ac0
26811,38885,8,0x2e210800
26812,39382,8,0x2e2ac540
26813,38980,8,0x2e348280
26814,41456,8,0x2e3e3fc0
26815,38426,8,0x2e47fd00
26816,39614,8,0x2e51ba40
26817,38588,8,0x2e5b7780
26818,39321,8,0x2e6534c0
26819,39389,8,0x2e6ef200
26820,39530,8,0x2e78af40
26821,38966,8,0x2e826c80
26822,38577,8,0x2e8c29c0
26823,38730,8,0x2e95e700
26824,37815,8,0x2e9fa440
26825,38399,8,0x2ea96180
26826,38273,8,0x2eb31ec0
26827,38130,8,0x2ebcdc00
26828,45963,8,0x2ec69940
26829,41178,8,0x2ed05680
26830,37749,8,0x2eda13c0
26831,40107,8,0x2ee3d100
26832,40125,8,0x2eed8e40
26833,38701,8,0x2ef74b80
26834,37399,8,0x2f0108c0
26835,37845,8,0x2f0ac600
26836,39028,8,0x2f148340
26837,38402,8,0x2f1e4080
26838,38136,8,0x2f27fdc0
26839,38453,8,0x2f31bb00
26840,39796,8,0x2f3b7840
26841,39191,8,0x2f453580
26842,37727,8,0x2f4ef2c0
26843,38521,8,0x2f58b000
26844,39577,8,0x2f626d40
26845,38149,8,0x2f6c2a80
26846,40608,8,0x2f75e7c0
26847,38769,8,0x2f7fa500
26848,39171,8,0x2f896240
26849,39196,8,0x2f931f80
26850,38414,8,0x2f9cdcc0
26851,39183,8,0x2fa69a00
26852,38941,8,0x2fb05740
26853,43844,8,0x2fba1480
26854,40107,8,0x2fc3d1c0
26855,38469,8,0x2fcd8f00
26856,39941,8,0x2fd74c40
26857,38015,8,0x2fe10980
26858,38514,8,0x2feac6c0
26859,38283,8,0x2ff48400
26860,39583,8,0x2ffe4140
26861,40153,8,0x3007fe80
26862,39218,8,0x3011bbc0
26863,38558,8,0x301b7900
26864,39460,8,0x30253640
26865,38338,8,0x302ef380
26866,38752,8,0x3038b0c0
26867,38867,8,0x30426e00
26868,39537,8,0x304c2b40
26869,47018,8,0x3055e880
26870,41432,8,0x305fa5c0
26871,38605,8,0x30696300
26872,38458,8,0x30732040
26873,38729,8,0x307cdd80
26874,38203,8,0x30869ac0
26875,39315,8,0x30905800
26876,43370,8,0x309a1540
26877,38803,8,0x30a3d280
26878,46901,8,0x30ad8fc0
26879,38564,8,0x30b74d00
26880,38322,8,0x30c10a40
26881,38490,8,0x30cac780
26882,38314,8,0x30d484c0
26883,39299,8,0x30de4200
26884,39854,8,0x30e7ff40
26885,37900,8,0x30f1bc80
26886,37630,8,0x30fb79c0
26887,38574,8,0x31053700
26888,39253,8,0x310ef440
26889,38323,8,0x3118b180
26890,38998,8,0x31226ec0
26891,38172,8,0x312c2c00
26892,41114,8,0x3135e940
26893,37655,8,0x313fa680
26894,37348,8,0x314963c0
26895,38306,8,0x31532100
26896,38593,8,0x315cde40
26897,38567,8,0x31669b80
26898,38521,8,0x317058c0
26899,38628,8,0x317a1600
26900,41601,8,0x3183d340
26901,37900,8,0x318d9080
26902,37997,8,0x31974dc0
26903,44986,8,0x31a10b00
26904,39185,8,0x31aac840
26905,40931,8,0x31b48580
26906,38098,8,0x31be42c0
26907,38555,8,0x31c80000
26908,39239,8,0x31d1bd40
26909,37833,8,0x31db7a80
26910,36917,8,0x31e537c0
26911,38999,8,0x31eef500
26912,52224,8,0x31f8b240
26913,38019,8,0x32026f80
26914,36801,8,0x320c2cc0
26915,36991,8,0x3215ea00
26916,39186,8,0x321fa740
26917,37660,8,0x32296480
26918,36973,8,0x323321c0
26919,37378,8,0x323cdf00
26920,40921,8,0x32469c40
26921,38241,8,0x32505980
26922,37594,8,0x325a16c0
26923,39077,8,0x3263d400
26924,39238,8,0x326d9140
26925,37231,8,0x32774e80
26926,37233,8,0x32810bc0
26927,41558,8,0x328ac900
26928,39222,8,0x32948640
26929,37137,8,0x329e4380
26930,38437,8,0x32a800c0
26931,40007,8,0x32b1be00
26932,38336,8,0x32bb7b40
26933,36261,8,0x32c53880
26934,37220,8,0x32cef5c0
26935,38982,8,0x32d8b300
26936,38163,8,0x32e27040
26937,37906,8,0x32ec2d80
26938,38098,8,0x32f5eac0
26939,37598,8,0x32ffa800
26940,38888,8,0x33096540
26941,37164,8,0x33132280
26942,39191,8,0x331cdfc0
26943,36965,8,0x33269d00
26944,37783,8,0x33305a40
26945,37716,8,0x333a1780
26946,38176,8,0x3343d4c0
26947,36320,8,0x334d9200
26948,38726,8,0x33574f40
26949,37825,8,0x33610c80
26950,37595,8,0x336ac9c0
26951,37944,8,0x33748700
26952,37190,8,0x337e4440
26953,43662,8,0x33880180
26954,38039,8,0x3391bec0
26955,37057,8,0x339b7c00
26956,37788,8,0x33a53940
26957,38189,8,0x33aef680
26958,37096,8,0x33b8b3c0
26959,37197,8,0x33c27100
26960,38960,8,0x33cc2e40
26961,37637,8,0x33d5eb80
26962,37633,8,0x33dfa8c0
26963,36771,8,0x33e96600
26964,38775,8,0x33f32340
26965,36907,8,0x33fce080
26966,38999,8,0x34069dc0
26967,37354,8,0x34105b00
26968,37555,8,0x341a1840
26969,37208,8,0x3423d580
26970,47354,8,0x342d92c0
26971,39187,8,0x34375000
26972,38746,8,0x34410d40
26973,37534,8,0x344aca80
26974,38533,8,0x345487c0
26975,37269,8,0x345e4500
26976,36193,8,0x34680240
26977,36475,8,0x3471bf80
26978,41078,8,0x347b7cc0
26979,40698,8,0x34853a00
26980,38348,8,0x348ef740
26981,36460,8,0x3498b480
26982,38670,8,0x34a271c0
26983,36810,8,0x34ac2f00
26984,36723,8,0x34b5ec40
26985,39431,8,0x34bfa980
26986,37663,8,0x34c966c0
26987,37549,8,0x34d32400
26988,38868,8,0x34dce140
26989,36760,8,0x34e69e80
26990,37000,8,0x34f05bc0
26991,37231,8,0x34fa1900
26992,37243,8,0x3503d640
26993,40646,8,0x350d9380
26994,39395,8,0x351750c0
26995,37546,8,0x35210e00
26996,37406,8,0x352acb40
26997,37523,8,0x35348880
26998,38615,8,0x353e45c0
26999,37017,8,0x35480300
27000,36825,8,0x3551c040
27001,36408,8,0x355b7d80
27002,37833,8,0x35653ac0
27003,36909,8,0x356ef800
27004,47565,8,0x3578b540
27005,38961,8,0x35827280
27006,40022,8,0x358c2fc0
27007,37078,8,0x3595ed00
27008,38975,8,0x359faa40
27009,36493,8,0x35a96780
27010,37869,8,0x35b324c0
27011,37395,8,0x35bce200
27012,37579,8,0x35c69f40
27013,37450,8,0x35d05c80
27014,38498,8,0x35da19c0
27015,37246,8,0x35e3d700
27016,37338,8,0x35ed9440
27017,37891,8,0x35f75180
27018,38671,8,0x36010ec0
27019,37181,8,0x360acc00
27020,38453,8,0x36148940
27021,36255,8,0x361e4680
27022,37877,8,0x362803c0
27023,38162,8,0x3631c100
27024,37440,8,0x363b7e40
27025,37489,8,0x36453b80
27026,37725,8,0x364ef8c0
27027,37291,8,0x3658b600
27028,37878,8,0x36627340
27029,37423,8,0x366c3080
27030,41359,8,0x3675edc0
27031,37221,8,0x367fab00
27032,36869,8,0x36896840
27033,36104,8,0x36932580
27034,38063,8,0x369ce2c0
27035,37524,8,0x36a6a000
27036,37931,8,0x36b05d40
27037,37287,8,0x36ba1a80
27038,40252,8,0x36c3d7c0
27039,36979,8,0x36cd9500
27040,37492,8,0x36d75240
27041,36920,8,0x36e10f80
27042,37219,8,0x36eaccc0
27043,38792,8,0x36f48a00
27044,38097,8,0x36fe4740
27045,37892,8,0x37080480
27046,37973,8,0x3711c1c0
27047,37675,8,0x371b7f00
27048,36563,8,0x37253c40
27049,37153,8,0x372ef980
27050,37925,8,0x3738b6c0
27051,38478,8,0x37427400
27052,37924,8,0x374c3140
27053,38403,8,0x3755ee80
27054,38046,8,0x375fabc0
27055,47721,8,0x37696900
27056,39164,8,0x37732640
27057,37011,8,0x377ce380
27058,37110,8,0x3786a0c0
27059,37455,8,0x37905e00
27060,37144,8,0x379a1b40
27061,36404,8,0x37a3d880
27062,38042,8,0x37ad95c0
27063,36961,8,0x37b75300
27064,36934,8,0x37c11040
27065,36781,8,0x37cacd80
27066,37931,8,0x37d48ac0
27067,37327,8,0x37de4800
27068,40035,8,0x37e80540
27069,35996,8,0x37f1c280
27070,40590,8,0x37fb7fc0
27071,37756,8,0x38053d00
27072,45066,8,0x380efa40
27073,39962,8,0x3818b780
27074,37445,8,0x382274c0
27075,36677,8,0x382c3200
27076,37074,8,0x3835ef40
27077,38041,8,0x383fac80
27078,36590,8,0x384969c0
27079,36844,8,0x38532700
27080,38006,8,0x385ce440
27081,43043,8,0x3866a180
27082,39309,8,0x38705ec0
27083,37450,8,0x387a1c00
27084,37992,8,0x3883d940
27085,37709,8,0x388d9680
27086,38765,8,0x389753c0
27087,37960,8,0x38a11100
27088,36490,8,0x38aace40
27089,38891,8,0x38b48b80
27090,36964,8,0x38be48c0
27091,36568,8,0x38c80600
27092,36549,8,0x38d1c340
27093,37866,8,0x38db8080
27094,37206,8,0x38e53dc0
27095,126325,8,0x38eefb00
27096,75343,8,0x38f8b840
27097,45965,8,0x39027580
27098,45352,8,0x390c32c0
27099,44280,8,0x3915f000
27100,45178,8,0x391fad40
27101,44663,8,0x39296a80
27102,45833,8,0x393327c0
27103,44321,8,0x393ce500
27104,45696,8,0x3946a240
27105,43559,8,0x39505f80
27106,44328,8,0x395a1cc0
27107,46994,8,0x3963da00
27108,43635,8,0x396d9740
27109,44046,8,0x39775480
27110,41900,8,0x398111c0
27111,43066,8,0x398acf00
27112,45488,8,0x39948c40
27113,43513,8,0x399e4980
27114,37423,8,0x39a806c0
27115,37735,8,0x39b1c400
27116,38384,8,0x39bb8140
27117,41039,8,0x39c53e80
27118,35970,8,0x39cefbc0
27119,44541,8,0x39d8b900
27120,40323,8,0x39e27640
27121,38747,8,0x39ec3380
27122,42818,8,0x39f5f0c0
27123,46113,8,0x39ffae00
27124,48925,8,0x3a096b40
27125,44951,8,0x3a132880
27126,42941,8,0x3a1ce5c0
27127,46060,8,0x3a26a300
27128,44321,8,0x3a306040
27129,43132,8,0x3a3a1d80
27130,43107,8,0x3a43dac0
27131,38675,8,0x3a4d9800
27132,37733,8,0x3a575540
27133,37259,8,0x3a611280
27134,46163,8,0x3a6acfc0
27135,41114,8,0x3a748d00
27136,38438,8,0x3a7e4a40
27137,36493,8,0x3a880780
27138,36477,8,0x3a91c4c0
27139,38672,8,0x3a9b8200
27140,36931,8,0x3aa53f40
27141,38528,8,0x3aaefc80
27142,36553,8,0x3ab8b9c0
27143,36530,8,0x3ac27700
27144,38896,8,0x3acc3440
27145,36640,8,0x3ad5f180
27146,36520,8,0x3adfaec0
27147,37968,8,0x3ae96c00
27148,37559,8,0x3af32940
27149,41825,8,0x3afce680
27150,36435,8,0x3b06a3c0
27151,37399,8,0x3b106100
27152,37355,8,0x3b1a1e40
27153,37117,8,0x3b23db80
27154,36048,8,0x3b2d98c0
27155,36773,8,0x3b375600
27156,38596,8,0x3b411340
27157,36471,8,0x3b4ad080
27158,36658,8,0x3b548dc0
27159,36555,8,0x3b5e4b00
27160,38318,8,0x3b680840
27161,37241,8,0x3b71c580
27162,37592,8,0x3b7b82c0
27163,37925,8,0x3b854000
27164,37190,8,0x3b8efd40
27165,36768,8,0x3b98ba80
27166,49054,8,0x3ba277c0
27167,39949,8,0x3bac3500
27168,38123,8,0x3bb5f240
27169,37172,8,0x3bbfaf80
27170,37038,8,0x3bc96cc0
27171,38104,8,0x3bd32a00
27172,38070,8,0x3bdce740
27173,35872,8,0x3be6a480
27174,37279,8,0x3bf061c0
27175,40437,8,0x3bfa1f00
27176,38964,8,0x3c03dc40
27177,36006,8,0x3c0d9980
27178,37296,8,0x3c1756c0
27179,40448,8,0x3c211400
27180,37250,8,0x3c2ad140
27181,37387,8,0x3c348e80
27182,36777,8,0x3c3e4bc0
27183,37549,8,0x3c480900
27184,37076,8,0x3c51c640
27185,37814,8,0x3c5b8380
27186,38190,8,0x3c6540c0
27187,37899,8,0x3c6efe00
27188,38027,8,0x3c78bb40
27189,36678,8,0x3c827880
27190,36058,8,0x3c8c35c0
27191,37150,8,0x3c95f300
27192,36943,8,0x3c9fb040
27193,35796,8,0x3ca96d80
27194,36928,8,0x3cb32ac0
27195,38673,8,0x3cbce800
27196,38378,8,0x3cc6a540
27197,36823,8,0x3cd06280
27198,39016,8,0x3cda1fc0
27199,37735,8,0x3ce3dd00
27200,42452,8,0x3ced9a40
27201,39311,8,0x3cf75780
27202,37215,8,0x3d0114c0
27203,37215,8,0x3d0ad200
27204,38322,8,0x3d148f40
27205,36490,8,0x3d1e4c80
27206,36181,8,0x3d2809c0
27207,37724,8,0x3d31c700
27208,37061,8,0x3d3b8440
27209,36169,8,0x3d454180
27210,36701,8,0x3d4efec0
27211,37176,8,0x3d58bc00
27212,38129,8,0x3d627940
27213,36408,8,0x3d6c3680
27214,35876,8,0x3d75f3c0
27215,38409,8,0x3d7fb100
27216,37252,8,0x3d896e40
27217,35742,8,0x3d932b80
27218,36479,8,0x3d9ce8c0
27219,36691,8,0x3da6a600
27220,37687,8,0x3db06340
27221,36353,8,0x3dba2080
27222,35690,8,0x3dc3ddc0
27223,37558,8,0x3dcd9b00
27224,37273,8,0x3dd75840
27225,37187,8,0x3de11580
27226,36464,8,0x3dead2c0
27227,40985,8,0x3df49000
27228,38925,8,0x3dfe4d40
27229,36375,8,0x3e080a80
27230,39372,8,0x3e11c7c0
27231,36974,8,0x3e1b8500
27232,56297,8,0x3e254240
27233,35791,8,0x3e2eff80
27234,35595,8,0x3e38bcc0
27235,36064,8,0x3e427a00
27236,36474,8,0x3e4c3740
27237,35137,8,0x3e55f480
27238,35282,8,0x3e5fb1c0
27239,35691,8,0x3e696f00
27240,36327,8,0x3e732c40
27241,41133,8,0x3e7ce980
27242,35315,8,0x3e86a6c0
27243,35977,8,0x3e906400
27244,36770,8,0x3e9a2140
27245,37688,8,0x3ea3de80
27246,35543,8,0x3ead9bc0
27247,36415,8,0x3eb75900
27248,36586,8,0x3ec11640
27249,35898,8,0x3ecad380
27250,38968,8,0x3ed490c0
27251,38548,8,0x3ede4e00
27252,38327,8,0x3ee80b40
27253,35266,8,0x3ef1c880
27254,35915,8,0x3efb85c0
27255,36829,8,0x3f054300
27256,34927,8,0x3f0f0040
27257,34175,8,0x3f18bd80
27258,37492,8,0x3f227ac0
27259,36109,8,0x3f2c3800
27260,37803,8,0x3f35f540
27261,36116,8,0x3f3fb280
27262,39235,8,0x3f496fc0
27263,36349,8,0x3f532d00
27264,35485,8,0x3f5cea40
27265,33995,8,0x3f66a780
27266,36074,8,0x3f7064c0
27267,36586,8,0x3f7a2200
27268,37004,8,0x3f83df40
27269,44031,8,0x3f8d9c80
27270,37910,8,0x3f9759c0
27271,36121,8,0x3fa11700
27272,34950,8,0x3faad440
27273,35082,8,0x3fb49180
27274,38187,8,0x3fbe4ec0
27275,35643,8,0x3fc80c00
27276,37346,8,0x3fd1c940
27277,36206,8,0x3fdb8680
27278,42625,8,0x3fe543c0
27279,36051,8,0x3fef0100
27280,34623,8,0x3ff8be40
27281,40018,8,0x27bc0
27282,34198,8,0xc3900
27283,35848,8,0x15f640
27284,35618,8,0x1fb380
27285,33915,8,0x2970c0
27286,34061,8,0x332e00
27287,33063,8,0x3ceb40
27288,33353,8,0x46a880
27289,33310,8,0x5065c0
27290,33609,8,0x5a2300
27291,35181,8,0x63e040
27292,33949,8,0x6d9d80
27293,33020,8,0x775ac0
27294,35362,8,0x811800
27295,33089,8,0x8ad540
27296,34170,8,0x949280
27297,33734,8,0x9e4fc0
27298,35733,8,0xa80d00
27299,41169,58,0xb1ca40
27300,39231,58,0xbb8780
27301,41286,58,0xc544c0
27302,37940,58,0xcf0200
27303,39801,58,0xd8bf40
27304,41500,58,0xe27c80
27305,41543,58,0xec39c0
27306,39873,58,0xf5f700
27307,39004,58,0xffb440
27308,42166,58,0x1097180
27309,39463,58,0x1132ec0
27310,39385,58,0x11cec00
27311,40357,58,0x126a940
27312,39564,58,0x1306680
27313,40090,58,0x13a23c0
27314,40948,8,0x143e100
27315,34580,8,0x14d9e40
27316,34233,8,0x1575b80
27317,34499,8,0x16118c0
27318,34837,8,0x16ad600
27319,34598,8,0x1749340
27320,34460,8,0x17e5080
27321,34066,8,0x1880dc0
27322,34591,8,0x191cb00
27323,34294,8,0x19b8840
27324,34006,8,0x1a54580
27325,33717,8,0x1af02c0
27326,41120,58,0x1b8c000
27327,40104,58,0x1c27d40
27328,38389,58,0x1cc3a80
27329,37676,58,0x1d5f7c0
27330,38898,58,0x1dfb500
27331,44026,58,0x1e97240
27332,38683,58,0x1f32f80
27333,36729,58,0x1fcecc0
27334,39243,58,0x206aa00
27335,40042,58,0x2106740
27336,36208,58,0x21a2480
27337,44123,58,0x223e1c0
27338,45848,58,0x22d9f00
27339,46392,58,0x2375c40
27340,39773,58,0x2411980
27341,38034,58,0x24ad6c0
27342,44206,8,0x2549400
27343,37145,8,0x25e5140
27344,36237,8,0x2680e80
27345,34970,8,0x271cbc0
27346,36274,8,0x27b8900
27347,36711,8,0x2854640
27348,35570,8,0x28f0380
27349,35825,8,0x298c0c0
27350,40981,8,0x2a27e00
27351,35728,8,0x2ac3b40
27352,36374,8,0x2b5f880
27353,35826,8,0x2bfb5c0
27354,35801,8,0x2c97300
27355,35723,8,0x2d33040
27356,42906,8,0x2dced80
27357,36955,8,0x2e6aac0
27358,37348,8,0x2f06800
27359,36195,8,0x2fa2540
27360,36545,8,0x303e280
27361,37873,8,0x30d9fc0
27362,36411,8,0x3175d00
27363,38894,8,0x3211a40
27364,38464,8,0x32ad780
27365,35546,8,0x33494c0
27366,36996,8,0x33e5200
27367,35895,8,0x3480f40
27368,36182,8,0x351cc80
27369,35415,8,0x35b89c0
27370,36142,8,0x3654700
27371,35289,8,0x36f0440
27372,35858,8,0x378c180
27373,43592,8,0x3827ec0
27374,60618,8,0x38c3c00
27375,37200,8,0x395f940
27376,35865,8,0x39fb680
27377,36416,8,0x3a973c0
27378,35996,8,0x3b33100
27379,37222,8,0x3bcee40
27380,35474,8,0x3c6ab80
27381,36985,8,0x3d068c0
27382,41742,8,0x3da2600
27383,37622,8,0x3e3e340
27384,36928,8,0x3eda080
27385,43985,8,0x3f75dc0
27386,44743,8,0x4011b00
27387,35329,8,0x40ad840
27388,35250,8,0x4149580
27389,37546,8,0x41e52c0
27390,38327,8,0x4281000
27391,36380,8,0x431cd40
27392,35750,8,0x43b8a80
27393,36916,8,0x44547c0
27394,37835,8,0x44f0500
27395,35256,8,0x458c240
27396,35433,8,0x4627f80
27397,35670,8,0x46c3cc0
27398,36761,8,0x475fa00
27399,36725,8,0x47fb740
27400,35071,8,0x4897480
27401,37524,8,0x49331c0
27402,36830,8,0x49cef00
27403,35090,8,0x4a6ac40
27404,36291,8,0x4b06980
27405,37055,8,0x4ba26c0
27406,38527,8,0x4c3e400
27407,35872,8,0x4cda140
27408,40507,8,0x4d75e80
27409,39052,8,0x4e11bc0
27410,36618,8,0x4ead900
27411,35798,8,0x4f49640
27412,36475,8,0x4fe5380
27413,36743,8,0x50810c0
27414,36985,8,0x511ce00
27415,36282,8,0x51b8b40
27416,35093,8,0x5254880
27417,36741,8,0x52f05c0
27418,50171,8,0x538c300
27419,35452,8,0x5428040
27420,37242,8,0x54c3d80
27421,35378,8,0x555fac0
27422,36806,8,0x55fb800
27423,34663,8,0x5697540
27424,35872,8,0x5733280
27425,41298,8,0x57cefc0
27426,36634,8,0x586ad00
27427,34420,8,0x5906a40
27428,34943,8,0x59a2780
27429,36542,8,0x5a3e4c0
27430,36130,8,0x5ada200
27431,35481,8,0x5b75f40
27432,35032,8,0x5c11c80
27433,35955,8,0x5cad9c0
27434,37441,8,0x5d49700
27435,33887,8,0x5de5440
27436,34780,8,0x5e81180
27437,36349,8,0x5f1cec0
27438,37817,8,0x5fb8c00
27439,35368,8,0x6054940
27440,34869,8,0x60f0680
27441,35336,8,0x618c3c0
27442,35489,8,0x6228100
27443,34950,8,0x62c3e40
27444,35472,8,0x635fb80
27445,36016,8,0x63fb8c0
27446,35135,8,0x6497600
27447,35835,8,0x6533340
27448,35070,8,0x65cf080
27449,36133,8,0x666adc0
27450,35384,8,0x6706b00
27451,34856,8,0x67a2840
27452,34846,8,0x683e580
27453,36375,8,0x68da2c0
27454,36042,8,0x6976000
27455,35477,8,0x6a11d40
27456,35293,8,0x6aada80
27457,35871,8,0x6b497c0
27458,35906,8,0x6be5500
27459,35334,8,0x6c81240
27460,34878,8,0x6d1cf80
27461,41103,8,0x6db8cc0
27462,35418,8,0x6e54a00
27463,35564,8,0x6ef0740
27464,34387,8,0x6f8c480
27465,35914,8,0x70281c0
27466,35603,8,0x70c3f00
27467,35326,8,0x715fc40
27468,36271,8,0x71fb980
27469,35240,8,0x72976c0
27470,36653,8,0x7333400
27471,34569,8,0x73cf140
27472,35759,8,0x746ae80
27473,35375,8,0x7506bc0
27474,35684,8,0x75a2900
27475,34844,8,0x763e640
27476,35411,8,0x76da380
27477,34573,8,0x77760c0
27478,35954,8,0x7811e00
27479,51306,8,0x78adb40
27480,37503,8,0x7949880
27481,35573,8,0x79e55c0
27482,35393,8,0x7a81300
27483,37143,8,0x7b1d040
27484,36360,8,0x7bb8d80
27485,35822,8,0x7c54ac0
27486,36362,8,0x7cf0800
27487,34739,8,0x7d8c540
27488,43863,8,0x7e28280
27489,39566,8,0x7ec3fc0
27490,34016,8,0x7f5fd00
27491,35031,8,0x7ffba40
27492,36726,8,0x8097780
27493,35750,8,0x81334c0
27494,35758,8,0x81cf200
27495,34923,8,0x826af40
27496,36417,8,0x8306c80
27497,37374,8,0x83a29c0
27498,35279,8,0x843e700
27499,37105,8,0x84da440
27500,42630,8,0x8576180
27501,42425,8,0x8611ec0
27502,43363,8,0x86adc00
27503,38648,8,0x8749940
27504,43083,8,0x87e5680
27505,42803,8,0x88813c0
27506,40193,8,0x891d100
27507,41752,8,0x89b8e40
27508,42614,8,0x8a54b80
27509,41709,8,0x8af08c0
27510,41363,8,0x8b8c600
27511,40926,8,0x8c28340
27512,50590,8,0x8cc4080
27513,44242,8,0x8d5fdc0
27514,40270,8,0x8dfbb00
27515,36649,8,0x8e97840
27516,35724,8,0x8f33580
27517,35646,8,0x8fcf2c0
27518,35378,8,0x906b000
27519,40246,8,0x9106d40
27520,43497,8,0x91a2a80
27521,43176,8,0x923e7c0
27522,40600,8,0x92da500
27523,40929,8,0x9376240
27524,41895,8,0x9411f80
27525,41145,8,0x94adcc0
27526,39979,8,0x9549a00
27527,43232,8,0x95e5740
27528,43094,8,0x9681480
27529,43309,8,0x971d1c0
27530,35920,8,0x97b8f00
27531,34344,8,0x9854c40
27532,35946,8,0x98f0980
27533,38998,8,0x998c6c0
27534,41291,8,0x9a28400
27535,36309,8,0x9ac4140
27536,36249,8,0x9b5fe80
27537,39595,8,0x9bfbbc0
27538,35578,8,0x9c97900
27539,35448,8,0x9d33640
27540,37152,8,0x9dcf380
27541,35657,8,0x9e6b0c0
27542,36608,8,0x9f06e00
27543,34942,8,0x9fa2b40
27544,37918,8,0xa03e880
27545,35080,8,0xa0da5c0
27546,35178,8,0xa176300
27547,34818,8,0xa212040
27548,35486,8,0xa2add80
27549,35503,8,0xa349ac0
27550,39412,8,0xa3e5800
27551,34533,8,0xa481540
27552,36291,8,0xa51d280
27553,38601,8,0xa5b8fc0
27554,35695,8,0xa654d00
27555,34848,8,0xa6f0a40
27556,37190,8,0xa78c780
27557,36087,8,0xa8284c0
27558,35093,8,0xa8c4200
27559,34821,8,0xa95ff40
27560,35857,8,0xa9fbc80
27561,35727,8,0xaa979c0
27562,35003,8,0xab33700
27563,35433,8,0xabcf440
27564,39160,8,0xac6b180
27565,37112,8,0xad06ec0
27566,35966,8,0xada2c00
27567,35628,8,0xae3e940
27568,35762,8,0xaeda680
27569,35565,8,0xaf763c0
27570,35310,8,0xb012100
27571,36496,8,0xb0ade40
27572,36174,8,0xb149b80
27573,36516,8,0xb1e58c0
27574,36717,8,0xb281600
27575,35003,8,0xb31d340
27576,36936,8,0xb3b9080
27577,35654,8,0xb454dc0
27578,34980,8,0xb4f0b00
27579,34648,8,0xb58c840
27580,35237,8,0xb628580
27581,35001,8,0xb6c42c0
27582,138942,8,0xb760000
27583,38049,8,0xb7fbd40
27584,35687,8,0xb897a80
27585,34681,8,0xb9337c0
27586,37065,8,0xb9cf500
27587,35281,8,0xba6b240
27588,42331,8,0xbb06f80
27589,35512,8,0xbba2cc0
27590,37805,8,0xbc3ea00
27591,35255,8,0xbcda740
27592,35443,8,0xbd76480
27593,36217,8,0xbe121c0
27594,35867,8,0xbeadf00
27595,36446,8,0xbf49c40
27596,34872,8,0xbfe5980
27597,36282,8,0xc0816c0
27598,36287,8,0xc11d400
27599,36469,8,0xc1b9140
27600,35859,8,0xc254e80
27601,36453,8,0xc2f0bc0
27602,34723,8,0xc38c900
27603,36340,8,0xc428640
27604,37285,8,0xc4c4380
27605,35747,8,0xc5600c0
27606,36343,8,0xc5fbe00
27607,35918,8,0xc697b40
27608,35635,8,0xc733880
27609,33996,8,0xc7cf5c0
27610,35275,8,0xc86b300
27611,35725,8,0xc907040
27612,38683,8,0xc9a2d80
27613,36223,8,0xca3eac0
27614,43198,8,0xcada800
27615,37875,8,0xcb76540
27616,37689,8,0xcc12280
27617,37367,8,0xccadfc0
27618,34947,8,0xcd49d00
27619,36393,8,0xcde5a40
27620,36066,8,0xce81780
27621,36144,8,0xcf1d4c0
27622,36006,8,0xcfb9200
27623,36250,8,0xd054f40
27624,34938,8,0xd0f0c80
27625,34682,8,0xd18c9c0
27626,35700,8,0xd228700
27627,36616,8,0xd2c4440
27628,36009,8,0xd360180
27629,35596,8,0xd3fbec0
27630,37733,8,0xd497c00
27631,36910,8,0xd533940
27632,35733,8,0xd5cf680
27633,34242,8,0xd66b3c0
27634,35951,8,0xd707100
27635,36165,8,0xd7a2e40
27636,35560,8,0xd83eb80
27637,34630,8,0xd8da8c0
27638,35478,8,0xd976600
27639,36412,8,0xda12340
27640,35308,8,0xdaae080
27641,42732,8,0xdb49dc0
27642,36167,8,0xdbe5b00
27643,35362,8,0xdc81840
27644,36598,8,0xdd1d580
27645,36344,8,0xddb92c0
27646,36691,8,0xde55000
27647,36280,8,0xdef0d40
27648,35641,8,0xdf8ca80
27649,34913,8,0xe0287c0
27650,35267,8,0xe0c4500
27651,36123,8,0xe160240
27652,34788,8,0xe1fbf80
27653,35492,8,0xe297cc0
27654,35117,8,0xe333a00
27655,36092,8,0xe3cf740
27656,35478,8,0xe46b480
27657,35298,8,0xe5071c0
27658,35474,8,0xe5a2f00
27659,36289,8,0xe63ec40
27660,36694,8,0xe6da980
27661,34493,8,0xe7766c0
27662,36493,8,0xe812400
27663,36065,8,0xe8ae140
27664,34774,8,0xe949e80
27665,35869,8,0xe9e5bc0
27666,35546,8,0xea81900
27667,35472,8,0xeb1d640
27668,43388,8,0xebb9380
27669,36737,8,0xec550c0
27670,35693,8,0xecf0e00
27671,35374,8,0xed8cb40
27672,35692,8,0xee28880
27673,35058,8,0xeec45c0
27674,38161,8,0xef60300
27675,38156,8,0xeffc040
27676,34617,8,0xf097d80
27677,35741,8,0xf133ac0
27678,36093,8,0xf1cf800
27679,35714,8,0xf26b540
27680,35516,8,0xf307280
27681,36542,8,0xf3a2fc0
27682,34651,8,0xf43ed00
27683,34907,8,0xf4daa40
27684,35230,8,0xf576780
27685,34867,8,0xf6124c0
27686,44988,8,0xf6ae200
27687,36433,8,0xf749f40
27688,35820,8,0xf7e5c80
27689,37438,8,0xf8819c0
27690,35759,8,0xf91d700
27691,36300,8,0xf9b9440
27692,35250,8,0xfa55180
27693,34820,8,0xfaf0ec0
27694,36306,8,0xfb8cc00
27695,40134,8,0xfc28940
27696,35544,8,0xfcc4680
27697,35052,8,0xfd603c0
27698,35955,8,0xfdfc100
27699,34631,8,0xfe97e40
27700,36510,8,0xff33b80
27701,35423,8,0xffcf8c0
27702,37011,8,0x1006b600
27703,35213,8,0x10107340
27704,35599,8,0x101a3080
27705,35203,8,0x1023edc0
27706,34774,8,0x102dab00
27707,34903,8,0x10376840
27708,36324,8,0x10412580
27709,35256,8,0x104ae2c0
27710,36296,8,0x1054a000
27711,34978,8,0x105e5d40
27712,34700,8,0x10681a80
27713,35538,8,0x1071d7c0
27714,35474,8,0x107b9500
27715,35106,8,0x10855240
27716,35265,8,0x108f0f80
27717,34765,8,0x1098ccc0
27718,35843,8,0x10a28a00
27719,36273,8,0x10ac4740
27720,35052,8,0x10b60480
27721,34854,8,0x10bfc1c0
27722,41632,8,0x10c97f00
27723,37244,8,0x10d33c40
27724,36364,8,0x10dcf980
27725,35206,8,0x10e6b6c0
27726,36099,8,0x10f07400
27727,35675,8,0x10fa3140
27728,34820,8,0x1103ee80
27729,35119,8,0x110dabc0
27730,35566,8,0x11176900
27731,34975,8,0x11212640
27732,53326,8,0x112ae380
27733,34375,8,0x1134a0c0
27734,36174,8,0x113e5e00
27735,35111,8,0x11481b40
27736,38244,8,0x1151d880
27737,33936,8,0x115b95c0
27738,33634,8,0x11655300
27739,34108,8,0x116f1040
27740,33955,8,0x1178cd80
27741,34036,8,0x11828ac0
27742,35839,8,0x118c4800
27743,35481,8,0x11960540
27744,34610,8,0x119fc280
27745,35572,8,0x11a97fc0
27746,34286,8,0x11b33d00
27747,35199,8,0x11bcfa40
27748,35196,8,0x11c6b780
27749,39086,8,0x11d074c0
27750,36511,8,0x11da3200
27751,35049,8,0x11e3ef40
27752,34201,8,0x11edac80
27753,35165,8,0x11f769c0
27754,33860,8,0x12012700
27755,34140,8,0x120ae440
27756,33818,8,0x1214a180
27757,33785,8,0x121e5ec0
27758,37027,8,0x12281c00
27759,34478,8,0x1231d940
27760,34164,8,0x123b9680
27761,33691,8,0x124553c0
27762,34969,8,0x124f1100
27763,35773,8,0x1258ce40
27764,35264,8,0x12628b80
27765,33125,8,0x126c48c0
27766,35510,8,0x12760600
27767,34495,8,0x127fc340
27768,33697,8,0x12898080
27769,34184,8,0x12933dc0
27770,34583,8,0x129cfb00
27771,34952,8,0x12a6b840
27772,33840,8,0x12b07580
27773,33483,8,0x12ba32c0
27774,35126,8,0x12c3f000
27775,33799,8,0x12cdad40
27776,34213,8,0x12d76a80
27777,38406,8,0x12e127c0
27778,36267,8,0x12eae500
27779,35224,8,0x12f4a240
27780,34608,8,0x12fe5f80
27781,33057,8,0x13081cc0
27782,35081,8,0x1311da00
27783,34895,8,0x131b9740
27784,34177,8,0x13255480
27785,34390,8,0x132f11c0
27786,33952,8,0x1338cf00
27787,34725,8,0x13428c40
27788,35345,8,0x134c4980
27789,34214,8,0x135606c0
27790,35250,8,0x135fc400
27791,34533,8,0x13698140
27792,34011,8,0x13733e80
27793,35662,8,0x137cfbc0
27794,34394,8,0x1386b900
27795,42514,8,0x13907640
27796,36365,8,0x139a3380
27797,34241,8,0x13a3f0c0
27798,37370,8,0x13adae00
27799,33587,8,0x13b76b40
27800,34132,8,0x13c12880
27801,33250,8,0x13cae5c0
27802,33771,8,0x13d4a300
27803,34374,8,0x13de6040
27804,36148,8,0x13e81d80
27805,36743,8,0x13f1dac0
27806,35511,8,0x13fb9800
27807,34608,8,0x14055540
27808,34454,8,0x140f1280
27809,36583,8,0x1418cfc0
27810,35044,8,0x14228d00
27811,35583,8,0x142c4a40
27812,34219,8,0x14360780
27813,34656,8,0x143fc4c0
27814,34654,8,0x14498200
27815,34673,8,0x14533f40
27816,33786,8,0x145cfc80
27817,33720,8,0x1466b9c0
27818,34227,8,0x14707700
27819,33939,8,0x147a3440
27820,35554,8,0x1483f180
27821,33459,8,0x148daec0
27822,36413,8,0x14976c00
27823,34466,8,0x14a12940
27824,33636,8,0x14aae680
27825,33287,8,0x14b4a3c0
27826,34425,8,0x14be6100
27827,34184,8,0x14c81e40
27828,34527,8,0x14d1db80
27829,34110,8,0x14db98c0
27830,34073,8,0x14e55600
27831,33481,8,0x14ef1340
27832,33390,8,0x14f8d080
27833,38198,8,0x15028dc0
27834,34404,8,0x150c4b00
27835,34566,8,0x15160840
27836,35012,8,0x151fc580
27837,35331,8,0x152982c0
27838,34615,8,0x15334000
27839,33882,8,0x153cfd40
27840,33262,8,0x1546ba80
27841,33697,8,0x155077c0
27842,35559,8,0x155a3500
27843,34758,8,0x1563f240
27844,34233,8,0x156daf80
27845,33617,8,0x15776cc0
27846,35891,8,0x15812a00
27847,33696,8,0x158ae740
27848,34056,8,0x1594a480
27849,33744,8,0x159e61c0
27850,35090,8,0x15a81f00
27851,35105,8,0x15b1dc40
27852,35924,8,0x15bb9980
27853,33548,8,0x15c556c0
27854,36083,8,0x15cf1400
27855,34065,8,0x15d8d140
27856,34523,8,0x15e28e80
27857,34570,8,0x15ec4bc0
27858,34331,8,0x15f60900
27859,35073,8,0x15ffc640
27860,37437,8,0x16098380
27861,37703,8,0x161340c0
27862,35275,8,0x161cfe00
27863,34321,8,0x1626bb40
27864,33888,8,0x16307880
27865,33224,8,0x163a35c0
27866,34268,8,0x1643f300
27867,35777,8,0x164db040
27868,33638,8,0x16576d80
27869,33634,8,0x16612ac0
27870,36099,8,0x166ae800
27871,34451,8,0x1674a540
27872,34619,8,0x167e6280
27873,35534,8,0x16881fc0
27874,35255,8,0x1691dd00
27875,34186,8,0x169b9a40
27876,34142,8,0x16a55780
27877,34521,8,0x16af14c0
27878,35077,8,0x16b8d200
27879,35210,8,0x16c28f40
27880,34156,8,0x16cc4c80
27881,35235,8,0x16d609c0
27882,34167,8,0x16dfc700
27883,34122,8,0x16e98440
27884,33320,8,0x16f34180
27885,33737,8,0x16fcfec0
27886,35653,8,0x1706bc00
27887,34020,8,0x17107940
27888,34024,8,0x171a3680
27889,38127,8,0x1723f3c0
27890,35960,8,0x172db100
27891,33484,8,0x17376e40
27892,35074,8,0x17412b80
27893,33218,8,0x174ae8c0
27894,34282,8,0x1754a600
27895,34294,8,0x175e6340
27896,35115,8,0x17682080
27897,33737,8,0x1771ddc0
27898,35060,8,0x177b9b00
27899,34963,8,0x17855840
27900,34220,8,0x178f1580
27901,34086,8,0x1798d2c0
27902,35693,8,0x17a29000
27903,35072,8,0x17ac4d40
27904,33881,8,0x17b60a80
27905,33860,8,0x17bfc7c0
27906,34495,8,0x17c98500
27907,40496,8,0x17d34240
27908,35699,8,0x17dcff80
27909,35174,8,0x17e6bcc0
27910,34708,8,0x17f07a00
27911,34717,8,0x17fa3740
27912,34118,8,0x1803f480
27913,34228,8,0x180db1c0
27914,35290,8,0x18176f00
27915,34380,8,0x18212c40
27916,33932,8,0x182ae980
27917,38862,8,0x1834a6c0
27918,34212,8,0x183e6400
27919,34525,8,0x18482140
27920,33672,8,0x1851de80
27921,34342,8,0x185b9bc0
27922,39738,8,0x18655900
27923,34350,8,0x186f1640
27924,34603,8,0x1878d380
27925,35010,8,0x188290c0
27926,35388,8,0x188c4e00
27927,33632,8,0x18960b40
27928,35557,8,0x189fc880
27929,41202,8,0x18a985c0
27930,38821,8,0x18b34300
27931,40100,8,0x18bd0040
27932,38069,8,0x18c6bd80
27933,34793,8,0x18d07ac0
27934,37023,8,0x18da3800
27935,41520,8,0x18e3f540
27936,40873,8,0x18edb280
27937,42627,8,0x18f76fc0
27938,41319,8,0x19012d00
27939,39977,8,0x190aea40
27940,41732,8,0x1914a780
27941,41696,8,0x191e64c0
27942,44541,8,0x19282200
27943,34675,8,0x1931df40
27944,34625,8,0x193b9c80
27945,34034,8,0x194559c0
27946,33536,8,0x194f1700
27947,36164,8,0x1958d440
27948,53606,8,0x19629180
27949,37490,8,0x196c4ec0
27950,40784,8,0x19760c00
27951,39075,8,0x197fc940
27952,38542,8,0x19898680
27953,38763,8,0x199343c0
27954,39991,8,0x199d0100
27955,40725,8,0x19a6be40
27956,39092,8,0x19b07b80
27957,39309,8,0x19ba38c0
27958,35092,8,0x19c3f600
27959,33268,8,0x19cdb340
27960,33301,8,0x19d77080
27961,34236,8,0x19e12dc0
27962,38957,8,0x19eaeb00
27963,38575,8,0x19f4a840
27964,35924,8,0x19fe6580
27965,34281,8,0x1a0822c0
27966,34015,8,0x1a11e000
27967,33747,8,0x1a1b9d40
27968,38726,8,0x1a255a80
27969,35566,8,0x1a2f17c0
27970,36024,8,0x1a38d500
27971,33866,8,0x1a429240
27972,33450,8,0x1a4c4f80
27973,33738,8,0x1a560cc0
27974,33693,8,0x1a5fca00
27975,33594,8,0x1a698740
27976,34233,8,0x1a734480
27977,34213,8,0x1a7d01c0
27978,35180,8,0x1a86bf00
27979,33937,8,0x1a907c40
27980,34228,8,0x1a9a3980
27981,33765,8,0x1aa3f6c0
27982,35036,8,0x1aadb400
27983,33658,8,0x1ab77140
27984,37257,8,0x1ac12e80
27985,35428,8,0x1acaebc0
27986,34496,8,0x1ad4a900
27987,33574,8,0x1ade6640
27988,34037,8,0x1ae82380
27989,34081,8,0x1af1e0c0
27990,33613,8,0x1afb9e00
27991,33629,8,0x1b055b40
27992,33340,8,0x1b0f1880
27993,33390,8,0x1b18d5c0
27994,34208,8,0x1b229300
27995,33967,8,0x1b2c5040
27996,39377,8,0x1b360d80
27997,36173,8,0x1b3fcac0
27998,34534,8,0x1b498800
27999,33944,8,0x1b534540
28000,35041,8,0x1b5d0280
28001,36947,8,0x1b66bfc0
28002,34877,8,0x1b707d00
28003,34295,8,0x1b7a3a40
28004,34452,8,0x1b83f780
28005,34121,8,0x1b8db4c0
28006,34668,8,0x1b977200
28007,33573,8,0x1ba12f40
28008,33119,8,0x1baaec80
28009,35333,8,0x1bb4a9c0
28010,34871,8,0x1bbe6700
28011,33322,8,0x1bc82440
28012,33686,8,0x1bd1e180
28013,33782,8,0x1bdb9ec0
28014,35899,8,0x1be55c00
28015,66003,8,0x1bef1940
28016,132031,8,0x1bf8d680
28017,56020,8,0x1c0293c0
28018,51750,8,0x1c0c5100
28019,50918,8,0x1c160e40
28020,49261,8,0x1c1fcb80
28021,47807,8,0x1c2988c0
28022,52522,8,0x1c334600
28023,46562,8,0x1c3d0340
28024,48241,8,0x1c46c080
28025,46464,8,0x1c507dc0
28026,47193,8,0x1c5a3b00
28027,47990,8,0x1c63f840
28028,47291,8,0x1c6db580
28029,47241,8,0x1c7772c0
28030,47560,8,0x1c813000
28031,46566,8,0x1c8aed40
28032,46965,8,0x1c94aa80
28033,46741,8,0x1c9e67c0
28034,47035,8,0x1ca82500
28035,47527,8,0x1cb1e240
28036,48062,8,0x1cbb9f80
28037,50204,8,0x1cc55cc0
28038,47294,8,0x1ccf1a00
28039,45880,8,0x1cd8d740
28040,48044,8,0x1ce29480
28041,47143,8,0x1cec51c0
28042,46069,8,0x1cf60f00
28043,48269,8,0x1cffcc40
28044,47366,8,0x1d098980
28045,47181,8,0x1d1346c0
28046,48568,8,0x1d1d0400
28047,46282,8,0x1d26c140
28048,49401,8,0x1d307e80
28049,46009,8,0x1d3a3bc0
28050,46241,8,0x1d43f900
28051,46220,8,0x1d4db640
28052,50872,8,0x1d577380
28053,46917,8,0x1d6130c0
28054,47196,8,0x1d6aee00
28055,46840,8,0x1d74ab40
28056,48541,8,0x1d7e6880
28057,47090,8,0x1d8825c0
28058,47304,8,0x1d91e300
28059,47024,8,0x1d9ba040
28060,47330,8,0x1da55d80
28061,47271,8,0x1daf1ac0
28062,48762,8,0x1db8d800
28063,46706,8,0x1dc29540
28064,48432,8,0x1dcc5280
28065,50503,8,0x1dd60fc0
28066,50213,8,0x1ddfcd00
28067,46158,8,0x1de98a40
28068,50624,8,0x1df34780
28069,47944,8,0x1dfd04c0
28070,47853,8,0x1e06c200
28071,45861,8,0x1e107f40
28072,48047,8,0x1e1a3c80
28073,46707,8,0x1e23f9c0
28074,46756,8,0x1e2db700
28075,47015,8,0x1e377440
28076,46580,8,0x1e413180
28077,48069,8,0x1e4aeec0
28078,47474,8,0x1e54ac00
28079,45896,8,0x1e5e6940
28080,47585,8,0x1e682680
28081,49795,8,0x1e71e3c0
28082,47547,8,0x1e7ba100
28083,46217,8,0x1e855e40
28084,47361,8,0x1e8f1b80
28085,47362,8,0x1e98d8c0
28086,63726,8,0x1ea29600
28087,54621,8,0x1eac5340
28088,48223,8,0x1eb61080
28089,46641,8,0x1ebfcdc0
28090,47330,8,0x1ec98b00
28091,47108,8,0x1ed34840
28092,47209,8,0x1edd0580
28093,47817,8,0x1ee6c2c0
28094,57605,8,0x1ef08000
28095,50619,8,0x1efa3d40
28096,50283,8,0x1f03fa80
28097,45137,8,0x1f0db7c0
28098,46483,8,0x1f177500
28099,47193,8,0x1f213240
28100,46764,8,0x1f2aef80
28101,47729,8,0x1f34acc0
28102,47530,8,0x1f3e6a00
28103,47831,8,0x1f482740
28104,47166,8,0x1f51e480
28105,46061,8,0x1f5ba1c0
28106,48163,8,0x1f655f00
28107,49485,8,0x1f6f1c40
28108,46629,8,0x1f78d980
28109,47600,8,0x1f8296c0
28110,49311,8,0x1f8c5400
28111,50859,8,0x1f961140
28112,47887,8,0x1f9fce80
28113,46301,8,0x1fa98bc0
28114,46615,8,0x1fb34900
28115,47770,8,0x1fbd0640
28116,47488,8,0x1fc6c380
28117,48010,8,0x1fd080c0
28118,47392,8,0x1fda3e00
28119,48422,8,0x1fe3fb40
28120,47207,8,0x1fedb880
28121,45161,8,0x1ff775c0
28122,48073,8,0x20013300
28123,48639,8,0x200af040
28124,46567,8,0x2014ad80
28125,47270,8,0x201e6ac0
28126,50432,8,0x20282800
28127,47336,8,0x2031e540
28128,47826,8,0x203ba280
28129,49528,8,0x20455fc0
28130,52059,8,0x204f1d00
28131,47835,8,0x2058da40
28132,47615,8,0x20629780
28133,47961,8,0x206c54c0
28134,46483,8,0x20761200
28135,47432,8,0x207fcf40
28136,47537,8,0x20898c80
28137,46191,8,0x209349c0
28138,47676,8,0x209d0700
28139,47221,8,0x20a6c440
28140,50399,8,0x20b08180
28141,47202,8,0x20ba3ec0
28142,48437,8,0x20c3fc00
28143,47846,8,0x20cdb940
28144,47546,8,0x20d77680
28145,46547,8,0x20e133c0
28146,46646,8,0x20eaf100
28147,47334,8,0x20f4ae40
28148,47646,8,0x20fe6b80
28149,47725,8,0x210828c0
28150,46725,8,0x2111e600
28151,48805,8,0x211ba340
28152,46925,8,0x21256080
28153,45583,8,0x212f1dc0
28154,47382,8,0x2138db00
28155,51326,8,0x21429840
28156,48346,8,0x214c5580
28157,46367,8,0x215612c0
28158,47556,8,0x215fd000
28159,47726,8,0x21698d40
28160,48089,8,0x21734a80
28161,46453,8,0x217d07c0
28162,46916,8,0x2186c500
28163,46921,8,0x21908240
28164,47422,8,0x219a3f80
28165,48152,8,0x21a3fcc0
28166,47958,8,0x21adba00
28167,47773,8,0x21b77740
28168,47719,8,0x21c13480
28169,46308,8,0x21caf1c0
28170,52109,8,0x21d4af00
28171,43105,8,0x21de6c40
28172,42946,8,0x21e82980
28173,41636,8,0x21f1e6c0
28174,43534,8,0x21fba400
28175,42628,8,0x22056140
28176,50986,8,0x220f1e80
28177,43805,8,0x2218dbc0
28178,42085,8,0x22229900
28179,41684,8,0x222c5640
28180,41966,8,0x22361380
28181,41443,8,0x223fd0c0
28182,41304,8,0x22498e00
28183,42096,8,0x22534b40
28184,41315,8,0x225d0880
28185,44732,8,0x2266c5c0
28186,41403,8,0x22708300
28187,41731,8,0x227a4040
28188,42029,8,0x2283fd80
28189,41592,8,0x228dbac0
28190,43418,8,0x22977800
28191,42187,8,0x22a13540
28192,40940,8,0x22aaf280
28193,48207,8,0x22b4afc0
28194,42035,8,0x22be6d00
28195,41671,8,0x22c82a40
28196,42429,8,0x22d1e780
28197,43404,8,0x22dba4c0
28198,43249,8,0x22e56200
28199,44414,8,0x22ef1f40
28200,41889,8,0x22f8dc80
28201,40845,8,0x230299c0
28202,42759,8,0x230c5700
28203,42015,8,0x23161440
28204,42409,8,0x231fd180
28205,41986,8,0x23298ec0
28206,44179,8,0x23334c00
28207,43081,8,0x233d0940
28208,41039,8,0x2346c680
28209,41087,8,0x235083c0
28210,41234,8,0x235a4100
28211,41150,8,0x2363fe40
28212,42923,8,0x236dbb80
28213,41694,8,0x237778c0
28214,46487,8,0x23813600
28215,41603,8,0x238af340
28216,41435,8,0x2394b080
28217,41888,8,0x239e6dc0
28218,42607,8,0x23a82b00
28219,42181,8,0x23b1e840
28220,43490,8,0x23bba580
28221,40958,8,0x23c562c0
28222,43521,8,0x23cf2000
28223,42431,8,0x23d8dd40
28224,58285,8,0x23e29a80
28225,40732,8,0x23ec57c0
28226,41139,8,0x23f61500
28227,41066,8,0x23ffd240
28228,43926,8,0x24098f80
28229,44361,8,0x24134cc0
28230,42547,8,0x241d0a00
28231,41170,8,0x2426c740
28232,40663,8,0x24308480
28233,40874,8,0x243a41c0
28234,41797,8,0x2443ff00
28235,41991,8,0x244dbc40
28236,41821,8,0x24577980
28237,40972,8,0x246136c0
28238,43285,8,0x246af400
28239,41470,8,0x2474b140
28240,40956,8,0x247e6e80
28241,40990,8,0x24882bc0
28242,41072,8,0x2491e900
28243,41259,8,0x249ba640
28244,44596,8,0x24a56380
28245,40293,8,0x24af20c0
28246,40767,8,0x24b8de00
28247,40885,8,0x24c29b40
28248,41253,8,0x24cc5880
28249,42568,8,0x24d615c0
28250,56624,8,0x24dfd300
28251,43205,8,0x24e99040
28252,41809,8,0x24f34d80
28253,40308,8,0x24fd0ac0
28254,42617,8,0x2506c800
28255,46089,8,0x25108540
28256,41909,8,0x251a4280
28257,45658,8,0x2523ffc0
28258,44612,8,0x252dbd00
28259,40991,8,0x25377a40
28260,40823,8,0x25413780
28261,40535,8,0x254af4c0
28262,42152,8,0x2554b200
28263,41959,8,0x255e6f40
28264,42289,8,0x25682c80
28265,39991,8,0x2571e9c0
28266,42103,8,0x257ba700
28267,42645,8,0x25856440
28268,55146,8,0x258f2180
28269,40727,8,0x2598dec0
28270,43358,8,0x25a29c00
28271,40926,8,0x25ac5940
28272,40431,8,0x25b61680
28273,43598,8,0x25bfd3c0
28274,41256,8,0x25c99100
28275,42060,8,0x25d34e40
28276,41585,8,0x25dd0b80
28277,41223,8,0x25e6c8c0
28278,43248,8,0x25f08600
28279,41263,8,0x25fa4340
28280,41237,8,0x26040080
28281,40345,8,0x260dbdc0
28282,42056,8,0x26177b00
28283,42174,8,0x26213840
28284,41116,8,0x262af580
28285,40942,8,0x2634b2c0
28286,42281,8,0x263e7000
28287,41280,8,0x26482d40
28288,44772,8,0x2651ea80
28289,41663,8,0x265ba7c0
28290,41611,8,0x26656500
28291,44512,8,0x266f2240
28292,41216,8,0x2678df80
28293,39774,8,0x26829cc0
28294,43371,8,0x268c5a00
28295,42672,8,0x26961740
28296,42799,8,0x269fd480
28297,41179,8,0x26a991c0
28298,41165,8,0x26b34f00
28299,41974,8,0x26bd0c40
28300,42157,8,0x26c6c980
28301,41438,8,0x26d086c0
28302,42193,8,0x26da4400
28303,42920,8,0x26e40140
28304,41763,8,0x26edbe80
28305,40447,8,0x26f77bc0
28306,40963,8,0x27013900
28307,42493,8,0x270af640
28308,41700,8,0x2714b380
28309,40402,8,0x271e70c0
28310,43435,8,0x27282e00
28311,42498,8,0x2731eb40
28312,43113,8,0x273ba880
28313,41467,8,0x274565c0
28314,41726,8,0x274f2300
28315,41934,8,0x2758e040
28316,40952,8,0x27629d80
28317,44831,8,0x276c5ac0
28318,44736,8,0x27761800
28319,41677,8,0x277fd540
28320,41201,8,0x27899280
28321,44115,8,0x27934fc0
28322,41250,8,0x279d0d00
28323,41304,8,0x27a6ca40
28324,41233,8,0x27b08780
28325,40966,8,0x27ba44c0
28326,41689,8,0x27c40200
28327,39887,8,0x27cdbf40
28328,41633,8,0x27d77c80
28329,41073,8,0x27e139c0
28330,41196,8,0x27eaf700
28331,42500,8,0x27f4b440
28332,42886,8,0x27fe7180
28333,40676,8,0x28082ec0
28334,41625,8,0x2811ec00
28335,41261,8,0x281ba940
28336,41514,8,0x28256680
28337,41848,8,0x282f23c0
28338,41706,8,0x2838e100
28339,41592,8,0x28429e40
28340,41428,8,0x284c5b80
28341,40965,8,0x285618c0
28342,40975,8,0x285fd600
28343,40437,8,0x28699340
28344,40914,8,0x28735080
28345,40308,8,0x287d0dc0
28346,41710,8,0x2886cb00
28347,44049,8,0x28908840
28348,40697,8,0x289a4580
28349,43812,8,0x28a402c0
28350,48855,8,0x28adc000
28351,49357,8,0x28b77d40
28352,42785,8,0x28c13a80
28353,41125,8,0x28caf7c0
28354,41903,8,0x28d4b500
28355,41618,8,0x28de7240
28356,41585,8,0x28e82f80
28357,41194,8,0x28f1ecc0
28358,42513,8,0x28fbaa00
28359,42254,8,0x29056740
28360,49777,8,0x290f2480
28361,45409,8,0x2918e1c0
28362,44412,8,0x29229f00
28363,41883,8,0x292c5c40
28364,45721,8,0x29361980
28365,49813,8,0x293fd6c0
28366,44118,8,0x29499400
28367,40468,8,0x29535140
28368,40782,8,0x295d0e80
28369,41370,8,0x2966cbc0
28370,42242,8,0x29708900
28371,39961,8,0x297a4640
28372,41064,8,0x29840380
28373,41930,8,0x298dc0c0
28374,41880,8,0x29977e00
28375,41921,8,0x29a13b40
28376,40563,8,0x29aaf880
28377,43459,8,0x29b4b5c0
28378,41181,8,0x29be7300
28379,44153,8,0x29c83040
28380,39898,8,0x29d1ed80
28381,41748,8,0x29dbaac0
28382,42927,8,0x29e56800
28383,40088,8,0x29ef2540
28384,40572,8,0x29f8e280
28385,45722,8,0x2a029fc0
28386,41580,8,0x2a0c5d00
28387,40293,8,0x2a161a40
28388,41431,8,0x2a1fd780
28389,41767,8,0x2a2994c0
28390,41954,8,0x2a335200
28391,44745,8,0x2a3d0f40
28392,40663,8,0x2a46cc80
28393,40980,8,0x2a5089c0
28394,41805,8,0x2a5a4700
28395,40684,8,0x2a640440
28396,39944,8,0x2a6dc180
28397,40987,8,0x2a777ec0
28398,41449,8,0x2a813c00
28399,40979,8,0x2a8af940
28400,40148,8,0x2a94b680
28401,41451,8,0x2a9e73c0
28402,41861,8,0x2aa83100
28403,40477,8,0x2ab1ee40
28404,40798,8,0x2abbab80
28405,47615,8,0x2ac568c0
28406,40526,8,0x2acf2600
28407,37760,8,0x2ad8e340
28408,37275,8,0x2ae2a080
28409,38646,8,0x2aec5dc0
28410,37705,8,0x2af61b00
28411,38288,8,0x2affd840
28412,36391,8,0x2b099580
28413,38103,8,0x2b1352c0
28414,49854,8,0x2b1d1000
28415,39370,8,0x2b26cd40
28416,37097,8,0x2b308a80
28417,37155,8,0x2b3a47c0
28418,38330,8,0x2b440500
28419,37614,8,0x2b4dc240
28420,36253,8,0x2b577f80
28421,39603,8,0x2b613cc0
28422,38422,8,0x2b6afa00
28423,37629,8,0x2b74b740
28424,36985,8,0x2b7e7480
28425,37775,8,0x2b8831c0
28426,37992,8,0x2b91ef00
28427,37874,8,0x2b9bac40
28428,36340,8,0x2ba56980
28429,38361,8,0x2baf26c0
28430,38539,8,0x2bb8e400
28431,37232,8,0x2bc2a140
28432,37294,8,0x2bcc5e80
28433,36966,8,0x2bd61bc0
28434,37595,8,0x2bdfd900
28435,38249,8,0x2be99640
28436,39281,8,0x2bf35380
28437,38171,8,0x2bfd10c0
28438,37762,8,0x2c06ce00
28439,38296,8,0x2c108b40
28440,37793,8,0x2c1a4880
28441,42039,8,0x2c2405c0
28442,37334,8,0x2c2dc300
28443,37285,8,0x2c378040
28444,37296,8,0x2c413d80
28445,38455,8,0x2c4afac0
28446,38886,8,0x2c54b800
28447,36743,8,0x2c5e7540
28448,36377,8,0x2c683280
28449,40104,8,0x2c71efc0
28450,39934,8,0x2c7bad00
28451,53479,8,0x2c856a40
28452,36365,8,0x2c8f2780
28453,35982,8,0x2c98e4c0
28454,38372,8,0x2ca2a200
28455,36791,8,0x2cac5f40
28456,36763,8,0x2cb61c80
28457,149117,8,0x2cbfd9c0
28458,110539,8,0x2cc99700
28459,55756,8,0x2cd35440
28460,49669,8,0x2cdd1180
28461,49753,8,0x2ce6cec0
28462,50432,8,0x2cf08c00
28463,48849,8,0x2cfa4940
28464,53163,8,0x2d040680
28465,47222,8,0x2d0dc3c0
28466,45916,8,0x2d178100
28467,46581,8,0x2d213e40
28468,46251,8,0x2d2afb80
28469,47866,8,0x2d34b8c0
28470,46156,8,0x2d3e7600
28471,46794,8,0x2d483340
28472,45990,8,0x2d51f080
28473,47013,8,0x2d5badc0
28474,45957,8,0x2d656b00
28475,46738,8,0x2d6f2840
28476,45603,8,0x2d78e580
28477,46653,8,0x2d82a2c0
28478,47176,8,0x2d8c6000
28479,49101,8,0x2d961d40
28480,46884,8,0x2d9fda80
28481,46102,8,0x2da997c0
28482,47151,8,0x2db35500
28483,46123,8,0x2dbd1240
28484,47589,8,0x2dc6cf80
28485,47276,8,0x2dd08cc0
28486,46563,8,0x2dda4a00
28487,45581,8,0x2de40740
28488,46382,8,0x2dedc480
28489,46963,8,0x2df781c0
28490,46644,8,0x2e013f00
28491,45811,8,0x2e0afc40
28492,45374,8,0x2e14b980
28493,46786,8,0x2e1e76c0
28494,50250,8,0x2e283400
28495,45832,8,0x2e31f140
28496,47158,8,0x2e3bae80
28497,46799,8,0x2e456bc0
28498,46694,8,0x2e4f2900
28499,46895,8,0x2e58e640
28500,47719,8,0x2e62a380
28501,47033,8,0x2e6c60c0
28502,46639,8,0x2e761e00
28503,45863,8,0x2e7fdb40
28504,46151,8,0x2e899880
28505,47164,8,0x2e9355c0
28506,47246,8,0x2e9d1300
28507,46501,8,0x2ea6d040
28508,47049,8,0x2eb08d80
28509,49949,8,0x2eba4ac0
28510,46720,8,0x2ec40800
28511,44647,8,0x2ecdc540
28512,45715,8,0x2ed78280
28513,51330,8,0x2ee13fc0
28514,46940,8,0x2eeafd00
28515,46999,8,0x2ef4ba40
28516,44798,8,0x2efe7780
28517,47279,8,0x2f0834c0
28518,46661,8,0x2f11f200
28519,45889,8,0x2f1baf40
28520,45444,8,0x2f256c80
28521,45950,8,0x2f2f29c0
28522,46419,8,0x2f38e700
28523,49282,8,0x2f42a440
28524,46485,8,0x2f4c6180
28525,46756,8,0x2f561ec0
28526,46632,8,0x2f5fdc00
28527,44555,8,0x2f699940
28528,46333,8,0x2f735680
28529,47112,8,0x2f7d13c0
28530,47681,8,0x2f86d100
28531,46771,8,0x2f908e40
28532,45847,8,0x2f9a4b80
28533,46828,8,0x2fa408c0
28534,46186,8,0x2fadc600
28535,45823,8,0x2fb78340
28536,56204,8,0x2fc14080
28537,67769,8,0x2fcafdc0
28538,50178,8,0x2fd4bb00
28539,45544,8,0x2fde7840
28540,44687,8,0x2fe83580
28541,46727,8,0x2ff1f2c0
28542,49360,8,0x2ffbb000
28543,50346,8,0x30056d40
28544,44813,8,0x300f2a80
28545,44272,8,0x3018e7c0
28546,45106,8,0x3022a500
28547,45017,8,0x302c6240
28548,43616,8,0x30361f80
28549,45905,8,0x303fdcc0
28550,44914,8,0x30499a00
28551,45220,8,0x30535740
28552,44458,8,0x305d1480
28553,46863,8,0x3066d1c0
28554,45035,8,0x30708f00
28555,43570,8,0x307a4c40
28556,44306,8,0x30840980
28557,44573,8,0x308dc6c0
28558,46047,8,0x30978400
28559,44455,8,0x30a14140
28560,44353,8,0x30aafe80
28561,44776,8,0x30b4bbc0
28562,44982,8,0x30be7900
28563,44745,8,0x30c83640
28564,46588,8,0x30d1f380
28565,48044,8,0x30dbb0c0
28566,44566,8,0x30e56e00
28567,45399,8,0x30ef2b40
28568,47085,8,0x30f8e880
28569,43951,8,0x3102a5c0
28570,45089,8,0x310c6300
28571,43916,8,0x31162040
28572,43557,8,0x311fdd80
28573,44952,8,0x31299ac0
28574,45547,8,0x31335800
28575,44718,8,0x313d1540
28576,43639,8,0x3146d280
28577,48360,8,0x31508fc0
28578,49489,8,0x315a4d00
28579,45241,8,0x31640a40
28580,44448,8,0x316dc780
28581,43907,8,0x317784c0
28582,47233,8,0x31814200
28583,44813,8,0x318aff40
28584,44314,8,0x3194bc80
28585,47385,8,0x319e79c0
28586,47783,8,0x31a83700
28587,45355,8,0x31b1f440
28588,45117,8,0x31bbb180
28589,44742,8,0x31c56ec0
28590,44181,8,0x31cf2c00
28591,44633,8,0x31d8e940
28592,44266,8,0x31e2a680
28593,45336,8,0x31ec63c0
28594,45333,8,0x31f62100
28595,45424,8,0x31ffde40
28596,45044,8,0x32099b80
28597,48010,8,0x321358c0
28598,44983,8,0x321d1600
28599,44547,8,0x3226d340
28600,43874,8,0x32309080
28601,43778,8,0x323a4dc0
28602,46106,8,0x32440b00
28603,47263,8,0x324dc840
28604,46469,8,0x32578580
28605,44452,8,0x326142c0
28606,46817,8,0x326b0000
28607,50250,8,0x3274bd40
28608,44871,8,0x327e7a80
28609,44766,8,0x328837c0
28610,46919,8,0x3291f500
28611,45318,8,0x329bb240
28612,48933,8,0x32a56f80
28613,44292,8,0x32af2cc0
28614,44118,8,0x32b8ea00
28615,57149,8,0x32c2a740
28616,43092,8,0x32cc6480
28617,40868,8,0x32d621c0
28618,43445,8,0x32dfdf00
28619,42685,8,0x32e99c40
28620,54407,8,0x32f35980
28621,49030,8,0x32fd16c0
28622,44475,8,0x3306d400
28623,43330,8,0x33109140
28624,41791,8,0x331a4e80
28625,42366,8,0x33240bc0
28626,43940,8,0x332dc900
28627,45767,8,0x33378640
28628,49029,8,0x33414380
28629,44312,8,0x334b00c0
28630,43380,8,0x3354be00
28631,42907,8,0x335e7b40
28632,43200,8,0x33683880
28633,43648,8,0x3371f5c0
28634,43892,8,0x337bb300
28635,41643,8,0x33857040
28636,42343,8,0x338f2d80
28637,42547,8,0x3398eac0
28638,44298,8,0x33a2a800
28639,44389,8,0x33ac6540
28640,42078,8,0x33b62280
28641,48350,8,0x33bfdfc0
28642,42600,8,0x33c99d00
28643,41768,8,0x33d35a40
28644,42761,8,0x33dd1780
28645,42745,8,0x33e6d4c0
28646,42989,8,0x33f09200
28647,41908,8,0x33fa4f40
28648,42608,8,0x34040c80
28649,42246,8,0x340dc9c0
28650,46240,8,0x34178700
28651,49273,8,0x34214440
28652,42929,8,0x342b0180
28653,41170,8,0x3434bec0
28654,42825,8,0x343e7c00
28655,42822,8,0x34483940
28656,44470,8,0x3451f680
28657,42071,8,0x345bb3c0
28658,45094,8,0x34657100
28659,41552,8,0x346f2e40
28660,43119,8,0x3478eb80
28661,42202,8,0x3482a8c0
28662,43668,8,0x348c6600
28663,42108,8,0x34962340
28664,41432,8,0x349fe080
28665,42387,8,0x34a99dc0
28666,43966,8,0x34b35b00
28667,42116,8,0x34bd1840
28668,42558,8,0x34c6d580
28669,41229,8,0x34d092c0
28670,43405,8,0x34da5000
28671,45120,8,0x34e40d40
28672,41031,8,0x34edca80
28673,47695,8,0x34f787c0
28674,45606,8,0x35014500
28675,42038,8,0x350b0240
28676,43958,8,0x3514bf80
28677,42019,8,0x351e7cc0
28678,44527,8,0x35283a00
28679,43031,8,0x3531f740
28680,42369,8,0x353bb480
28681,42356,8,0x354571c0
28682,43108,8,0x354f2f00
28683,41480,8,0x3558ec40
28684,43336,8,0x3562a980
28685,42910,8,0x356c66c0
28686,46381,8,0x35762400
28687,41766,8,0x357fe140
28688,41136,8,0x35899e80
28689,42456,8,0x35935bc0
28690,44262,8,0x359d1900
28691,42371,8,0x35a6d640
28692,42993,8,0x35b09380
28693,43986,8,0x35ba50c0
28694,42721,8,0x35c40e00
28695,46063,8,0x35cdcb40
28696,48915,8,0x35d78880
28697,44314,8,0x35e145c0
28698,43148,8,0x35eb0300
28699,42205,8,0x35f4c040
28700,43482,8,0x35fe7d80
28701,45866,8,0x36083ac0
28702,45122,8,0x3611f800
28703,42981,8,0x361bb540
28704,42143,8,0x36257280
28705,46833,8,0x362f2fc0
28706,44210,8,0x3638ed00
28707,42552,8,0x3642aa40
28708,42856,8,0x364c6780
28709,42308,8,0x365624c0
28710,50378,8,0x365fe200
28711,191706,8,0x36699f40
28712,51156,8,0x36735c80
28713,42988,8,0x367d19c0
28714,46223,8,0x3686d700
28715,51798,8,0x36909440
28716,42672,8,0x369a5180
28717,41769,8,0x36a40ec0
28718,43718,8,0x36adcc00
28719,41547,8,0x36b78940
28720,42639,8,0x36c14680
28721,43045,8,0x36cb03c0
28722,43177,8,0x36d4c100
28723,42725,8,0x36de7e40
28724,42074,8,0x36e83b80
28725,42042,8,0x36f1f8c0
28726,43983,8,0x36fbb600
28727,43739,8,0x37057340
28728,42682,8,0x370f3080
28729,42434,8,0x3718edc0
28730,45811,8,0x3722ab00
28731,42022,8,0x372c6840
28732,41843,8,0x37362580
28733,42426,8,0x373fe2c0
28734,44414,8,0x3749a000
28735,42157,8,0x37535d40
28736,45458,8,0x375d1a80
28737,48687,8,0x3766d7c0
28738,44740,8,0x37709500
28739,41810,8,0x377a5240
28740,42110,8,0x37840f80
28741,43833,8,0x378dccc0
28742,43575,8,0x37978a00
28743,42702,8,0x37a14740
28744,42889,8,0x37ab0480
28745,44898,8,0x37b4c1c0
28746,43416,8,0x37be7f00
28747,41930,8,0x37c83c40
28748,42409,8,0x37d1f980
28749,41864,8,0x37dbb6c0
28750,45338,8,0x37e57400
28751,42214,8,0x37ef3140
28752,43406,8,0x37f8ee80
28753,41756,8,0x3802abc0
28754,42831,8,0x380c6900
28755,42835,8,0x38162640
28756,41880,8,0x381fe380
28757,41835,8,0x3829a0c0
28758,47123,8,0x38335e00
28759,47698,8,0x383d1b40
28760,46153,8,0x3846d880
28761,41846,8,0x385095c0
28762,41886,8,0x385a5300
28763,42796,8,0x38641040
28764,119567,8,0x386dcd80
28765,41119,8,0x38778ac0
28766,42847,8,0x38814800
28767,42238,8,0x388b0540
28768,43435,8,0x3894c280
28769,45772,8,0x389e7fc0
28770,41964,8,0x38a83d00
28771,42535,8,0x38b1fa40
28772,43282,8,0x38bbb780
28773,42354,8,0x38c574c0
28774,44576,8,0x38cf3200
28775,42311,8,0x38d8ef40
28776,43072,8,0x38e2ac80
28777,42545,8,0x38ec69c0
28778,41872,8,0x38f62700
28779,45895,8,0x38ffe440
28780,49022,8,0x3909a180
28781,42736,8,0x39135ec0
28782,43851,8,0x391d1c00
28783,41941,8,0x3926d940
28784,43431,8,0x39309680
28785,42756,8,0x393a53c0
28786,42563,8,0x39441100
28787,42738,8,0x394dce40
28788,42734,8,0x39578b80
28789,44045,8,0x396148c0
28790,43430,8,0x396b0600
28791,42819,8,0x3974c340
28792,43693,8,0x397e8080
28793,42890,8,0x39883dc0
28794,50973,8,0x3991fb00
28795,45071,8,0x399bb840
28796,40980,8,0x39a57580
28797,41753,8,0x39af32c0
28798,42634,8,0x39b8f000
28799,42467,8,0x39c2ad40
28800,43000,8,0x39cc6a80
28801,44158,8,0x39d627c0
28802,49143,8,0x39dfe500
28803,44388,8,0x39e9a240
28804,44390,8,0x39f35f80
28805,41546,8,0x39fd1cc0
28806,43279,8,0x3a06da00
28807,42241,8,0x3a109740
28808,42770,8,0x3a1a5480
28809,42826,8,0x3a2411c0
28810,43458,8,0x3a2dcf00
28811,41977,8,0x3a378c40
28812,41709,8,0x3a414980
28813,42360,8,0x3a4b06c0
28814,43910,8,0x3a54c400
28815,44204,8,0x3a5e8140
28816,43221,8,0x3a683e80
28817,41951,8,0x3a71fbc0
28818,43673,8,0x3a7bb900
28819,44606,8,0x3a857640
28820,41848,8,0x3a8f3380
28821,41868,8,0x3a98f0c0
28822,43562,8,0x3aa2ae00
28823,43064,8,0x3aac6b40
28824,45705,8,0x3ab62880
28825,47306,8,0x3abfe5c0
28826,43839,8,0x3ac9a300
28827,41960,8,0x3ad36040
28828,41585,8,0x3add1d80
28829,42074,8,0x3ae6dac0
28830,43718,8,0x3af09800
28831,43478,8,0x3afa5540
28832,42998,8,0x3b041280
28833,48093,8,0x3b0dcfc0
28834,43114,8,0x3b178d00
28835,42634,8,0x3b214a40
28836,41385,8,0x3b2b0780
28837,42603,8,0x3b34c4c0
28838,43458,8,0x3b3e8200
28839,43091,8,0x3b483f40
28840,42194,8,0x3b51fc80
28841,42070,8,0x3b5bb9c0
28842,43378,8,0x3b657700
28843,42356,8,0x3b6f3440
28844,42238,8,0x3b78f180
28845,42663,8,0x3b82aec0
28846,46173,8,0x3b8c6c00
28847,48807,8,0x3b962940
28848,47872,8,0x3b9fe680
28849,49708,8,0x3ba9a3c0
28850,39514,8,0x3bb36100
28851,39417,8,0x3bbd1e40
28852,37293,8,0x3bc6db80
28853,38334,8,0x3bd098c0
28854,38821,8,0x3bda5600
28855,38830,8,0x3be41340
28856,38613,8,0x3bedd080
28857,37714,8,0x3bf78dc0
28858,39407,8,0x3c014b00
28859,38211,8,0x3c0b0840
28860,36861,8,0x3c14c580
28861,38044,8,0x3c1e82c0
28862,38659,8,0x3c284000
28863,42185,8,0x3c31fd40
28864,39212,8,0x3c3bba80
28865,37325,8,0x3c4577c0
28866,40099,8,0x3c4f3500
28867,39226,8,0x3c58f240
28868,37572,8,0x3c62af80
28869,37749,8,0x3c6c6cc0
28870,39250,8,0x3c762a00
28871,43629,8,0x3c7fe740
28872,41594,8,0x3c89a480
28873,37833,8,0x3c9361c0
28874,40075,8,0x3c9d1f00
28875,38137,8,0x3ca6dc40
28876,37749,8,0x3cb09980
28877,39517,8,0x3cba56c0
28878,60656,8,0x3cc41400
28879,39202,8,0x3ccdd140
28880,39367,8,0x3cd78e80
28881,37727,8,0x3ce14bc0
28882,39785,8,0x3ceb0900
28883,39206,8,0x3cf4c640
28884,38734,8,0x3cfe8380
28885,38923,8,0x3d0840c0
28886,39691,8,0x3d11fe00
28887,46316,8,0x3d1bbb40
28888,41048,8,0x3d257880
28889,37972,8,0x3d2f35c0
28890,38720,8,0x3d38f300
28891,39359,8,0x3d42b040
28892,38167,8,0x3d4c6d80
28893,40516,8,0x3d562ac0
28894,39191,8,0x3d5fe800
28895,42166,8,0x3d69a540
28896,43689,8,0x3d736280
28897,42134,8,0x3d7d1fc0
28898,38722,8,0x3d86dd00
28899,39028,8,0x3d909a40
28900,38733,8,0x3d9a5780
28901,38812,8,0x3da414c0
28902,39743,8,0x3dadd200
28903,40365,8,0x3db78f40
28904,39776,8,0x3dc14c80
28905,41352,8,0x3dcb09c0
28906,39576,8,0x3dd4c700
28907,39747,8,0x3dde8440
28908,39203,8,0x3de84180
28909,40701,8,0x3df1fec0
28910,40187,8,0x3dfbbc00
28911,39826,8,0x3e057940
28912,38652,8,0x3e0f3680
28913,39323,8,0x3e18f3c0
28914,40114,8,0x3e22b100
28915,38486,8,0x3e2c6e40
28916,38483,8,0x3e362b80
28917,39969,8,0x3e3fe8c0
28918,39393,8,0x3e49a600
28919,46326,8,0x3e536340
28920,41256,8,0x3e5d2080
28921,39960,8,0x3e66ddc0
28922,42174,8,0x3e709b00
28923,37174,8,0x3e7a5840
28924,38974,8,0x3e841580
28925,39272,8,0x3e8dd2c0
28926,40366,8,0x3e979000
28927,41008,8,0x3ea14d40
28928,38345,8,0x3eab0a80
28929,39090,8,0x3eb4c7c0
28930,39032,8,0x3ebe8500
28931,39453,8,0x3ec84240
28932,39505,8,0x3ed1ff80
28933,39881,8,0x3edbbcc0
28934,39912,8,0x3ee57a00
28935,39790,8,0x3eef3740
28936,38901,8,0x3ef8f480
28937,41881,8,0x3f02b1c0
28938,39576,8,0x3f0c6f00
28939,38028,8,0x3f162c40
28940,41360,8,0x3f1fe980
28941,39640,8,0x3f29a6c0
28942,40592,8,0x3f336400
28943,41562,8,0x3f3d2140
28944,45564,8,0x3f46de80
28945,40083,8,0x3f509bc0
28946,38764,8,0x3f5a5900
28947,40413,8,0x3f641640
28948,38700,8,0x3f6dd380
28949,39941,8,0x3f7790c0
28950,40742,8,0x3f814e00
28951,38067,8,0x3f8b0b40
28952,39621,8,0x3f94c880
28953,39745,8,0x3f9e85c0
28954,39636,8,0x3fa84300
28955,38420,8,0x3fb20040
28956,38808,8,0x3fbbbd80
28957,39033,8,0x3fc57ac0
28958,39361,8,0x3fcf3800
28959,38730,8,0x3fd8f540
28960,39115,8,0x3fe2b280
28961,43100,8,0x3fec6fc0
28962,38769,8,0x3ff62d00
28963,38508,8,0x3fffea40
28964,40944,8,0x9a7c0
28965,35725,8,0x136500
28966,35417,8,0x1d2240
28967,34620,8,0x26df80
28968,38213,8,0x309cc0
28969,41990,8,0x3a5a00
28970,35697,8,0x441740
28971,34166,8,0x4dd480
28972,35463,8,0x5791c0
28973,36961,8,0x614f00
28974,34751,8,0x6b0c40
28975,34379,8,0x74c980
28976,34265,8,0x7e86c0
28977,36288,8,0x884400
28978,35027,8,0x920140
28979,34547,8,0x9bbe80
28980,35647,8,0xa57bc0
28981,42197,58,0xaf3900
28982,40288,58,0xb8f640
28983,39965,58,0xc2b380
28984,40911,58,0xcc70c0
28985,49526,58,0xd62e00
28986,41111,58,0xdfeb40
28987,41335,58,0xe9a880
28988,40826,58,0xf365c0
28989,39570,58,0xfd2300
28990,41935,58,0x106e040
28991,39292,58,0x1109d80
28992,41038,58,0x11a5ac0
28993,46472,58,0x1241800
28994,46252,58,0x12dd540
28995,40097,58,0x1379280
28996,40780,58,0x1414fc0
28997,40181,8,0x14b0d00
28998,35695,8,0x154ca40
28999,34711,8,0x15e8780
29000,36894,8,0x16844c0
29001,36355,8,0x1720200
29002,35259,8,0x17bbf40
29003,35064,8,0x1857c80
29004,36675,8,0x18f39c0
29005,34885,8,0x198f700
29006,35393,8,0x1a2b440
29007,36177,8,0x1ac7180
29008,41171,58,0x1b62ec0
29009,40242,58,0x1bfec00
29010,39382,58,0x1c9a940
29011,40160,58,0x1d36680
29012,39969,58,0x1dd23c0
29013,39755,58,0x1e6e100
29014,40427,58,0x1f09e40
29015,39339,58,0x1fa5b80
29016,40724,58,0x20418c0
29017,40038,58,0x20dd600
29018,43259,58,0x2179340
29019,45966,58,0x2215080
29020,39826,58,0x22b0dc0
29021,39128,58,0x234cb00
29022,38661,58,0x23e8840
29023,37639,58,0x2484580
29024,35700,8,0x25202c0
29025,45523,8,0x25bc000
29026,39528,8,0x2657d40
29027,42526,8,0x26f3a80
29028,38931,8,0x278f7c0
29029,38905,8,0x282b500
29030,38947,8,0x28c7240
29031,38032,8,0x2962f80
29032,40455,8,0x29fecc0
29033,39820,8,0x2a9aa00
29034,40560,8,0x2b36740
29035,39293,8,0x2bd2480
29036,39801,8,0x2c6e1c0
29037,39202,8,0x2d09f00
29038,37928,8,0x2da5c40
29039,39967,8,0x2e41980
29040,38838,8,0x2edd6c0
29041,40944,8,0x2f79400
29042,43979,8,0x3015140
29043,44800,8,0x30b0e80
29044,42799,8,0x314cbc0
29045,41064,8,0x31e8900
29046,38940,8,0x3284640
29047,38759,8,0x3320380
29048,40186,8,0x33bc0c0
29049,39649,8,0x3457e00
29050,39545,8,0x34f3b40
29051,39006,8,0x358f880
29052,39262,8,0x362b5c0
29053,39285,8,0x36c7300
29054,38056,8,0x3763040
29055,38902,8,0x37fed80
29056,40306,8,0x389aac0
29057,42163,8,0x3936800
29058,39007,8,0x39d2540
29059,38903,8,0x3a6e280
29060,41896,8,0x3b09fc0
29061,39853,8,0x3ba5d00
29062,38651,8,0x3c41a40
29063,38063,8,0x3cdd780
29064,39930,8,0x3d794c0
29065,40762,8,0x3e15200
29066,39106,8,0x3eb0f40
29067,43462,8,0x3f4cc80
29068,42322,8,0x3fe89c0
29069,40704,8,0x4084700
29070,38104,8,0x4120440
29071,42031,8,0x41bc180
29072,41048,8,0x4257ec0
29073,53559,8,0x42f3c00
29074,45730,8,0x438f940
29075,38794,8,0x442b680
29076,38961,8,0x44c73c0
29077,39558,8,0x4563100
29078,45470,8,0x45fee40
29079,34926,8,0x469ab80
29080,37571,8,0x47368c0
29081,36768,8,0x47d2600
29082,59448,8,0x486e340
29083,39711,8,0x490a080
29084,35431,8,0x49a5dc0
29085,36632,8,0x4a41b00
29086,37478,8,0x4add840
29087,38488,8,0x4b79580
29088,36562,8,0x4c152c0
29089,36945,8,0x4cb1000
29090,38195,8,0x4d4cd40
29091,43323,8,0x4de8a80
29092,38023,8,0x4e847c0
29093,36697,8,0x4f20500
29094,37262,8,0x4fbc240
29095,37132,8,0x5057f80
29096,36529,8,0x50f3cc0
29097,36781,8,0x518fa00
29098,36604,8,0x522b740
29099,37354,8,0x52c7480
29100,37009,8,0x53631c0
29101,38377,8,0x53fef00
29102,35401,8,0x549ac40
29103,36663,8,0x5536980
29104,38402,8,0x55d26c0
29105,36179,8,0x566e400
29106,36251,8,0x570a140
29107,37017,8,0x57a5e80
29108,36675,8,0x5841bc0
29109,36928,8,0x58dd900
29110,36114,8,0x5979640
29111,37003,8,0x5a15380
29112,36832,8,0x5ab10c0
29113,36773,8,0x5b4ce00
29114,36410,8,0x5be8b40
29115,38270,8,0x5c84880
29116,41519,8,0x5d205c0
29117,43447,8,0x5dbc300
29118,38240,8,0x5e58040
29119,37069,8,0x5ef3d80
29120,37362,8,0x5f8fac0
29121,36449,8,0x602b800
29122,36196,8,0x60c7540
29123,36603,8,0x6163280
29124,40321,8,0x61fefc0
29125,35259,8,0x629ad00
29126,36393,8,0x6336a40
29127,37128,8,0x63d2780
29128,36685,8,0x646e4c0
29129,35495,8,0x650a200
29130,37073,8,0x65a5f40
29131,37337,8,0x6641c80
29132,37179,8,0x66dd9c0
29133,37012,8,0x6779700
29134,36518,8,0x6815440
29135,37064,8,0x68b1180
29136,37851,8,0x694cec0
29137,37018,8,0x69e8c00
29138,36618,8,0x6a84940
29139,36723,8,0x6b20680
29140,38618,8,0x6bbc3c0
29141,36778,8,0x6c58100
29142,38728,8,0x6cf3e40
29143,44513,8,0x6d8fb80
29144,38813,8,0x6e2b8c0
29145,37961,8,0x6ec7600
29146,37397,8,0x6f63340
29147,38437,8,0x6fff080
29148,37783,8,0x709adc0
29149,36400,8,0x7136b00
29150,36965,8,0x71d2840
29151,37491,8,0x726e580
29152,36318,8,0x730a2c0
29153,36624,8,0x73a6000
29154,37431,8,0x7441d40
29155,38105,8,0x74dda80
29156,39130,8,0x75797c0
29157,36482,8,0x7615500
29158,37055,8,0x76b1240
29159,36618,8,0x774cf80
29160,38584,8,0x77e8cc0
29161,35776,8,0x7884a00
29162,36817,8,0x7920740
29163,36909,8,0x79bc480
29164,36322,8,0x7a581c0
29165,37160,8,0x7af3f00
29166,35618,8,0x7b8fc40
29167,36083,8,0x7c2b980
29168,39145,8,0x7cc76c0
29169,41613,8,0x7d63400
29170,38374,8,0x7dff140
29171,36475,8,0x7e9ae80
29172,37986,8,0x7f36bc0
29173,36340,8,0x7fd2900
29174,36793,8,0x806e640
29175,40414,8,0x810a380
29176,38314,8,0x81a60c0
29177,37328,8,0x8241e00
29178,36465,8,0x82ddb40
29179,36949,8,0x8379880
29180,36374,8,0x84155c0
29181,37088,8,0x84b1300
29182,35479,8,0x854d040
29183,38087,8,0x85e8d80
29184,35865,8,0x8684ac0
29185,36247,8,0x8720800
29186,922783,8,0x87bc540
29187,66549,8,0x8858280
29188,41424,8,0x88f3fc0
29189,39934,8,0x898fd00
29190,38437,8,0x8a2ba40
29191,37416,8,0x8ac7780
29192,36315,8,0x8b634c0
29193,37497,8,0x8bff200
29194,36859,8,0x8c9af40
29195,35671,8,0x8d36c80
29196,40989,8,0x8dd29c0
29197,41832,8,0x8e6e700
29198,38805,8,0x8f0a440
29199,36035,8,0x8fa6180
29200,36483,8,0x9041ec0
29201,36261,8,0x90ddc00
29202,36277,8,0x9179940
29203,37541,8,0x9215680
29204,38381,8,0x92b13c0
29205,36450,8,0x934d100
29206,37358,8,0x93e8e40
29207,36411,8,0x9484b80
29208,35918,8,0x95208c0
29209,37322,8,0x95bc600
29210,36887,8,0x9658340
29211,37427,8,0x96f4080
29212,37139,8,0x978fdc0
29213,36788,8,0x982bb00
29214,37283,8,0x98c7840
29215,35574,8,0x9963580
29216,36549,8,0x99ff2c0
29217,36575,8,0x9a9b000
29218,36325,8,0x9b36d40
29219,39183,8,0x9bd2a80
29220,36350,8,0x9c6e7c0
29221,37005,8,0x9d0a500
29222,38989,8,0x9da6240
29223,42718,8,0x9e41f80
29224,38740,8,0x9eddcc0
29225,36934,8,0x9f79a00
29226,36870,8,0xa015740
29227,37213,8,0xa0b1480
29228,36320,8,0xa14d1c0
29229,36377,8,0xa1e8f00
29230,36645,8,0xa284c40
29231,35916,8,0xa320980
29232,36079,8,0xa3bc6c0
29233,36443,8,0xa458400
29234,39174,8,0xa4f4140
29235,37111,8,0xa58fe80
29236,36136,8,0xa62bbc0
29237,36788,8,0xa6c7900
29238,36457,8,0xa763640
29239,35241,8,0xa7ff380
29240,35840,8,0xa89b0c0
29241,35842,8,0xa936e00
29242,37283,8,0xa9d2b40
29243,37007,8,0xaa6e880
29244,46365,8,0xab0a5c0
29245,40254,8,0xaba6300
29246,35987,8,0xac42040
29247,35810,8,0xacddd80
29248,38544,8,0xad79ac0
29249,44800,8,0xae15800
29250,37650,8,0xaeb1540
29251,36778,8,0xaf4d280
29252,38462,8,0xafe8fc0
29253,36489,8,0xb084d00
29254,36475,8,0xb120a40
29255,36762,8,0xb1bc780
29256,35501,8,0xb2584c0
29257,35286,8,0xb2f4200
29258,36728,8,0xb38ff40
29259,37043,8,0xb42bc80
29260,36382,8,0xb4c79c0
29261,37441,8,0xb563700
29262,37224,8,0xb5ff440
29263,37637,8,0xb69b180
29264,35331,8,0xb736ec0
29265,48080,8,0xb7d2c00
29266,40278,8,0xb86e940
29267,36943,8,0xb90a680
29268,36709,8,0xb9a63c0
29269,35952,8,0xba42100
29270,35068,8,0xbadde40
29271,36479,8,0xbb79b80
29272,35922,8,0xbc158c0
29273,36585,8,0xbcb1600
29274,43295,8,0xbd4d340
29275,40529,8,0xbde9080
29276,36665,8,0xbe84dc0
29277,37438,8,0xbf20b00
29278,37753,8,0xbfbc840
29279,37328,8,0xc058580
29280,36111,8,0xc0f42c0
29281,38142,8,0xc190000
29282,36339,8,0xc22bd40
29283,36651,8,0xc2c7a80
29284,36666,8,0xc3637c0
29285,36650,8,0xc3ff500
29286,36287,8,0xc49b240
29287,37231,8,0xc536f80
29288,36501,8,0xc5d2cc0
29289,37947,8,0xc66ea00
29290,36889,8,0xc70a740
29291,36185,8,0xc7a6480
29292,37793,8,0xc8421c0
29293,38270,8,0xc8ddf00
29294,35675,8,0xc979c40
29295,37288,8,0xca15980
29296,35763,8,0xcab16c0
29297,36987,8,0xcb4d400
29298,36537,8,0xcbe9140
29299,36354,8,0xcc84e80
29300,39305,8,0xcd20bc0
29301,42433,8,0xcdbc900
29302,36550,8,0xce58640
29303,35544,8,0xcef4380
29304,35750,8,0xcf900c0
29305,36826,8,0xd02be00
29306,36585,8,0xd0c7b40
29307,36547,8,0xd163880
29308,37924,8,0xd1ff5c0
29309,36511,8,0xd29b300
29310,49655,8,0xd337040
29311,33756,8,0xd3d2d80
29312,34124,8,0xd46eac0
29313,35227,8,0xd50a800
29314,34848,8,0xd5a6540
29315,35614,8,0xd642280
29316,36117,8,0xd6ddfc0
29317,35727,8,0xd779d00
29318,33896,8,0xd815a40
29319,34044,8,0xd8b1780
29320,35330,8,0xd94d4c0
29321,35800,8,0xd9e9200
29322,36333,8,0xda84f40
29323,34113,8,0xdb20c80
29324,34715,8,0xdbbc9c0
29325,35135,8,0xdc58700
29326,34914,8,0xdcf4440
29327,41159,8,0xdd90180
29328,36245,8,0xde2bec0
29329,36203,8,0xdec7c00
29330,34954,8,0xdf63940
29331,34898,8,0xdfff680
29332,33816,8,0xe09b3c0
29333,34189,8,0xe137100
29334,34206,8,0xe1d2e40
29335,33996,8,0xe26eb80
29336,33021,8,0xe30a8c0
29337,36177,8,0xe3a6600
29338,34512,8,0xe442340
29339,33261,8,0xe4de080
29340,33193,8,0xe579dc0
29341,35059,8,0xe615b00
29342,34357,8,0xe6b1840
29343,34855,8,0xe74d580
29344,33624,8,0xe7e92c0
29345,35514,8,0xe885000
29346,35417,8,0xe920d40
29347,34647,8,0xe9bca80
29348,35309,8,0xea587c0
29349,35442,8,0xeaf4500
29350,34111,8,0xeb90240
29351,34830,8,0xec2bf80
29352,35863,8,0xecc7cc0
29353,35517,8,0xed63a00
29354,36832,8,0xedff740
29355,38446,8,0xee9b480
29356,36413,8,0xef371c0
29357,35618,8,0xefd2f00
29358,34941,8,0xf06ec40
29359,33955,8,0xf10a980
29360,34480,8,0xf1a66c0
29361,35856,8,0xf242400
29362,34740,8,0xf2de140
29363,34216,8,0xf379e80
29364,34333,8,0xf415bc0
29365,35047,8,0xf4b1900
29366,33679,8,0xf54d640
29367,35137,8,0xf5e9380
29368,34761,8,0xf6850c0
29369,35832,8,0xf720e00
29370,35221,8,0xf7bcb40
29371,34481,8,0xf858880
29372,33507,8,0xf8f45c0
29373,45911,8,0xf990300
29374,36763,8,0xfa2c040
29375,34117,8,0xfac7d80
29376,32749,8,0xfb63ac0
29377,36048,8,0xfbff800
29378,34180,8,0xfc9b540
29379,33289,8,0xfd37280
29380,36719,8,0xfdd2fc0
29381,37091,8,0xfe6ed00
29382,43018,8,0xff0aa40
29383,39519,8,0xffa6780
29384,42034,8,0x100424c0
29385,41281,8,0x100de200
29386,35397,8,0x10179f40
29387,34349,8,0x10215c80
29388,33901,8,0x102b19c0
29389,34656,8,0x1034d700
29390,34483,8,0x103e9440
29391,34422,8,0x10485180
29392,33377,8,0x10520ec0
29393,35251,8,0x105bcc00
29394,34337,8,0x10658940
29395,33741,8,0x106f4680
29396,35690,8,0x107903c0
29397,34775,8,0x1082c100
29398,177661,8,0x108c7e40
29399,60702,8,0x10963b80
29400,51893,8,0x109ff8c0
29401,52940,8,0x10a9b600
29402,51323,8,0x10b37340
29403,55182,8,0x10bd3080
29404,53026,8,0x10c6edc0
29405,47459,8,0x10d0ab00
29406,47636,8,0x10da6840
29407,48659,8,0x10e42580
29408,47747,8,0x10ede2c0
29409,53197,8,0x10f7a000
29410,46791,8,0x11015d40
29411,47051,8,0x110b1a80
29412,46551,8,0x1114d7c0
29413,48452,8,0x111e9500
29414,47445,8,0x11285240
29415,47304,8,0x11320f80
29416,48559,8,0x113bccc0
29417,46482,8,0x11458a00
29418,46521,8,0x114f4740
29419,46428,8,0x11590480
29420,47505,8,0x1162c1c0
29421,47917,8,0x116c7f00
29422,47518,8,0x11763c40
29423,51841,8,0x117ff980
29424,52470,8,0x1189b6c0
29425,47357,8,0x11937400
29426,45393,8,0x119d3140
29427,47188,8,0x11a6ee80
29428,47887,8,0x11b0abc0
29429,47047,8,0x11ba6900
29430,48019,8,0x11c42640
29431,48916,8,0x11cde380
29432,47813,8,0x11d7a0c0
29433,46410,8,0x11e15e00
29434,46505,8,0x11eb1b40
29435,46784,8,0x11f4d880
29436,48504,8,0x11fe95c0
29437,48508,8,0x12085300
29438,48378,8,0x12121040
29439,50826,8,0x121bcd80
29440,48055,8,0x12258ac0
29441,47083,8,0x122f4800
29442,46606,8,0x12390540
29443,49830,8,0x1242c280
29444,56007,8,0x124c7fc0
29445,48081,8,0x12563d00
29446,47730,8,0x125ffa40
29447,47087,8,0x1269b780
29448,48023,8,0x127374c0
29449,53370,8,0x127d3200
29450,46274,8,0x1286ef40
29451,47273,8,0x1290ac80
29452,47577,8,0x129a69c0
29453,51121,8,0x12a42700
29454,47797,8,0x12ade440
29455,47345,8,0x12b7a180
29456,61895,8,0x12c15ec0
29457,50708,8,0x12cb1c00
29458,65868,8,0x12d4d940
29459,47525,8,0x12de9680
29460,47335,8,0x12e853c0
29461,47963,8,0x12f21100
29462,50701,8,0x12fbce40
29463,54086,8,0x13058b80
29464,49722,8,0x130f48c0
29465,46732,8,0x13190600
29466,46369,8,0x1322c340
29467,46243,8,0x132c8080
29468,50336,8,0x13363dc0
29469,48154,8,0x133ffb00
29470,47785,8,0x1349b840
29471,46715,8,0x13537580
29472,47060,8,0x135d32c0
29473,47956,8,0x1366f000
29474,46942,8,0x1370ad40
29475,46888,8,0x137a6a80
29476,48622,8,0x138427c0
29477,47562,8,0x138de500
29478,46143,8,0x1397a240
29479,48170,8,0x13a15f80
29480,47470,8,0x13ab1cc0
29481,46816,8,0x13b4da00
29482,47134,8,0x13be9740
29483,51980,8,0x13c85480
29484,49990,8,0x13d211c0
29485,48363,8,0x13dbcf00
29486,47194,8,0x13e58c40
29487,48397,8,0x13ef4980
29488,47163,8,0x13f906c0
29489,47230,8,0x1402c400
29490,46890,8,0x140c8140
29491,46860,8,0x14163e80
29492,47913,8,0x141ffbc0
29493,47666,8,0x1429b900
29494,47240,8,0x14337640
29495,47443,8,0x143d3380
29496,48020,8,0x1446f0c0
29497,46803,8,0x1450ae00
29498,49852,8,0x145a6b40
29499,47048,8,0x14642880
29500,47324,8,0x146de5c0
29501,49880,8,0x1477a300
29502,48567,8,0x14816040
29503,50172,8,0x148b1d80
29504,54372,8,0x1494dac0
29505,48135,8,0x149e9800
29506,47095,8,0x14a85540
29507,46393,8,0x14b21280
29508,52039,8,0x14bbcfc0
29509,47592,8,0x14c58d00
29510,48091,8,0x14cf4a40
29511,52990,8,0x14d90780
29512,51193,8,0x14e2c4c0
29513,47014,8,0x14ec8200
29514,47451,8,0x14f63f40
29515,47707,8,0x14fffc80
29516,48419,8,0x1509b9c0
29517,47566,8,0x15137700
29518,47451,8,0x151d3440
29519,47707,8,0x1526f180
29520,48342,8,0x1530aec0
29521,47566,8,0x153a6c00
29522,46840,8,0x15442940
29523,49259,8,0x154de680
29524,55163,8,0x1557a3c0
29525,48541,8,0x15616100
29526,46865,8,0x156b1e40
29527,52011,8,0x1574db80
29528,47885,8,0x157e98c0
29529,47204,8,0x15885600
29530,47520,8,0x15921340
29531,47016,8,0x159bd080
29532,48049,8,0x15a58dc0
29533,47734,8,0x15af4b00
29534,46637,8,0x15b90840
29535,54647,8,0x15c2c580
29536,48366,8,0x15cc82c0
29537,56108,8,0x15d64000
29538,47444,8,0x15dffd40
29539,47055,8,0x15e9ba80
29540,48268,8,0x15f377c0
29541,46652,8,0x15fd3500
29542,49990,8,0x1606f240
29543,51748,8,0x1610af80
29544,50840,8,0x161a6cc0
29545,47427,8,0x16242a00
29546,47700,8,0x162de740
29547,47252,8,0x1637a480
29548,48445,8,0x164161c0
29549,47989,8,0x164b1f00
29550,46400,8,0x1654dc40
29551,48440,8,0x165e9980
29552,47623,8,0x166856c0
29553,48144,8,0x16721400
29554,46515,8,0x167bd140
29555,47274,8,0x16858e80
29556,48454,8,0x168f4bc0
29557,51188,8,0x16990900
29558,49160,8,0x16a2c640
29559,47789,8,0x16ac8380
29560,46977,8,0x16b640c0
29561,48223,8,0x16bffe00
29562,47110,8,0x16c9bb40
29563,50038,8,0x16d37880
29564,54350,8,0x16dd35c0
29565,49793,8,0x16e6f300
29566,47438,8,0x16f0b040
29567,48005,8,0x16fa6d80
29568,48344,8,0x17042ac0
29569,47963,8,0x170de800
29570,46935,8,0x1717a540
29571,47051,8,0x17216280
29572,55489,8,0x172b1fc0
29573,52651,8,0x1734dd00
29574,48566,8,0x173e9a40
29575,47547,8,0x17485780
29576,45972,8,0x175214c0
29577,147100,8,0x175bd200
29578,56920,8,0x17658f40
29579,54089,8,0x176f4c80
29580,51847,8,0x177909c0
29581,48490,8,0x1782c700
29582,45106,8,0x178c8440
29583,42672,8,0x17964180
29584,40672,8,0x179ffec0
29585,39203,8,0x17a9bc00
29586,40825,8,0x17b37940
29587,39854,8,0x17bd3680
29588,39684,8,0x17c6f3c0
29589,40491,8,0x17d0b100
29590,43075,8,0x17da6e40
29591,42397,8,0x17e42b80
29592,39567,8,0x17ede8c0
29593,39954,8,0x17f7a600
29594,39318,8,0x18016340
29595,40265,8,0x180b2080
29596,39882,8,0x1814ddc0
29597,41136,8,0x181e9b00
29598,39782,8,0x18285840
29599,40448,8,0x18321580
29600,39781,8,0x183bd2c0
29601,39493,8,0x18459000
29602,38871,8,0x184f4d40
29603,40558,8,0x18590a80
29604,42078,8,0x1862c7c0
29605,49039,8,0x186c8500
29606,41474,8,0x18764240
29607,42391,8,0x187fff80
29608,38982,8,0x1889bcc0
29609,39273,8,0x18937a00
29610,38313,8,0x189d3740
29611,41542,8,0x18a6f480
29612,40114,8,0x18b0b1c0
29613,39728,8,0x18ba6f00
29614,39483,8,0x18c42c40
29615,39647,8,0x18cde980
29616,39649,8,0x18d7a6c0
29617,39344,8,0x18e16400
29618,39013,8,0x18eb2140
29619,39985,8,0x18f4de80
29620,52405,8,0x18fe9bc0
29621,43854,8,0x19085900
29622,39188,8,0x19121640
29623,41056,8,0x191bd380
29624,38673,8,0x192590c0
29625,39735,8,0x192f4e00
29626,39321,8,0x19390b40
29627,40587,8,0x1942c880
29628,42827,8,0x194c85c0
29629,45583,8,0x19564300
29630,39628,8,0x19600040
29631,39882,8,0x1969bd80
29632,39398,8,0x19737ac0
29633,39864,8,0x197d3800
29634,40344,8,0x1986f540
29635,41993,8,0x1990b280
29636,43513,8,0x199a6fc0
29637,40617,8,0x19a42d00
29638,39841,8,0x19adea40
29639,39849,8,0x19b7a780
29640,39063,8,0x19c164c0
29641,39363,8,0x19cb2200
29642,39667,8,0x19d4df40
29643,39313,8,0x19de9c80
29644,40749,8,0x19e859c0
29645,39598,8,0x19f21700
29646,40802,8,0x19fbd440
29647,38560,8,0x1a059180
29648,39760,8,0x1a0f4ec0
29649,41514,8,0x1a190c00
29650,40815,8,0x1a22c940
29651,40643,8,0x1a2c8680
29652,42405,8,0x1a3643c0
29653,46861,8,0x1a400100
29654,40617,8,0x1a49be40
29655,40040,8,0x1a537b80
29656,38833,8,0x1a5d38c0
29657,39707,8,0x1a66f600
29658,39746,8,0x1a70b340
29659,39697,8,0x1a7a7080
29660,40214,8,0x1a842dc0
29661,41063,8,0x1a8deb00
29662,40045,8,0x1a97a840
29663,39689,8,0x1aa16580
29664,40733,8,0x1aab22c0
29665,58339,8,0x1ab4e000
29666,41115,8,0x1abe9d40
29667,40477,8,0x1ac85a80
29668,41110,8,0x1ad217c0
29669,40759,8,0x1adbd500
29670,39973,8,0x1ae59240
29671,41041,8,0x1aef4f80
29672,39420,8,0x1af90cc0
29673,41027,8,0x1b02ca00
29674,40386,8,0x1b0c8740
29675,40776,8,0x1b164480
29676,45745,8,0x1b2001c0
29677,42366,8,0x1b29bf00
29678,40316,8,0x1b337c40
29679,43661,8,0x1b3d3980
29680,39799,8,0x1b46f6c0
29681,40616,8,0x1b50b400
29682,41826,8,0x1b5a7140
29683,39261,8,0x1b642e80
29684,40870,8,0x1b6debc0
29685,40600,8,0x1b77a900
29686,40785,8,0x1b816640
29687,40360,8,0x1b8b2380
29688,39993,8,0x1b94e0c0
29689,39930,8,0x1b9e9e00
29690,39796,8,0x1ba85b40
29691,40283,8,0x1bb21880
29692,40729,8,0x1bbbd5c0
29693,40551,8,0x1bc59300
29694,43371,8,0x1bcf5040
29695,40286,8,0x1bd90d80
29696,39677,8,0x1be2cac0
29697,40569,8,0x1bec8800
29698,41476,8,0x1bf64540
29699,42644,8,0x1c000280
29700,49019,8,0x1c09bfc0
29701,42372,8,0x1c137d00
29702,40457,8,0x1c1d3a40
29703,40516,8,0x1c26f780
29704,39073,8,0x1c30b4c0
29705,39840,8,0x1c3a7200
29706,41791,8,0x1c442f40
29707,40428,8,0x1c4dec80
29708,43024,8,0x1c57a9c0
29709,40221,8,0x1c616700
29710,40318,8,0x1c6b2440
29711,40206,8,0x1c74e180
29712,38145,8,0x1c7e9ec0
29713,40323,8,0x1c885c00
29714,40324,8,0x1c921940
29715,48116,8,0x1c9bd680
29716,43320,8,0x1ca593c0
29717,41321,8,0x1caf5100
29718,39767,8,0x1cb90e40
29719,39718,8,0x1cc2cb80
29720,39661,8,0x1ccc88c0
29721,40975,8,0x1cd64600
29722,40528,8,0x1ce00340
29723,46546,8,0x1ce9c080
29724,46142,8,0x1cf37dc0
29725,40067,8,0x1cfd3b00
29726,39601,8,0x1d06f840
29727,39169,8,0x1d10b580
29728,38657,8,0x1d1a72c0
29729,41872,8,0x1d243000
29730,40671,8,0x1d2ded40
29731,39069,8,0x1d37aa80
29732,39232,8,0x1d4167c0
29733,39625,8,0x1d4b2500
29734,40636,8,0x1d54e240
29735,40736,8,0x1d5e9f80
29736,39773,8,0x1d685cc0
29737,40519,8,0x1d721a00
29738,43693,8,0x1d7bd740
29739,39697,8,0x1d859480
29740,39092,8,0x1d8f51c0
29741,52873,8,0x1d990f00
29742,43053,8,0x1da2cc40
29743,40506,8,0x1dac8980
29744,39746,8,0x1db646c0
29745,41931,8,0x1dc00400
29746,42605,8,0x1dc9c140
29747,45572,8,0x1dd37e80
29748,42284,8,0x1ddd3bc0
29749,40864,8,0x1de6f900
29750,41197,8,0x1df0b640
29751,40000,8,0x1dfa7380
29752,39888,8,0x1e0430c0
29753,42528,8,0x1e0dee00
29754,39467,8,0x1e17ab40
29755,39808,8,0x1e216880
29756,39556,8,0x1e2b25c0
29757,40437,8,0x1e34e300
29758,41166,8,0x1e3ea040
29759,40443,8,0x1e485d80
29760,40262,8,0x1e521ac0
29761,40807,8,0x1e5bd800
29762,39387,8,0x1e659540
29763,84519,8,0x1e6f5280
29764,54995,8,0x1e790fc0
29765,48365,8,0x1e82cd00
29766,47731,8,0x1e8c8a40
29767,48576,8,0x1e964780
29768,51931,8,0x1ea004c0
29769,52871,8,0x1ea9c200
29770,48802,8,0x1eb37f40
29771,50593,8,0x1ebd3c80
29772,49823,8,0x1ec6f9c0
29773,49337,8,0x1ed0b700
29774,47815,8,0x1eda7440
29775,50964,8,0x1ee43180
29776,47773,8,0x1eedeec0
29777,48678,8,0x1ef7ac00
29778,48890,8,0x1f016940
29779,48097,8,0x1f0b2680
29780,48093,8,0x1f14e3c0
29781,47177,8,0x1f1ea100
29782,47752,8,0x1f285e40
29783,49525,8,0x1f321b80
29784,48154,8,0x1f3bd8c0
29785,47347,8,0x1f459600
29786,50166,8,0x1f4f5340
29787,46490,8,0x1f591080
29788,52243,8,0x1f62cdc0
29789,53875,8,0x1f6c8b00
29790,47419,8,0x1f764840
29791,48730,8,0x1f800580
29792,49076,8,0x1f89c2c0
29793,48436,8,0x1f938000
29794,48324,8,0x1f9d3d40
29795,47958,8,0x1fa6fa80
29796,48081,8,0x1fb0b7c0
29797,47272,8,0x1fba7500
29798,47750,8,0x1fc43240
29799,48811,8,0x1fcdef80
29800,49009,8,0x1fd7acc0
29801,58704,8,0x1fe16a00
29802,43718,8,0x1feb2740
29803,92545,8,0x1ff4e480
29804,49090,8,0x1ffea1c0
29805,49223,8,0x20085f00
29806,48253,8,0x20121c40
29807,50796,8,0x201bd980
29808,53622,8,0x202596c0
29809,47373,8,0x202f5400
29810,47913,8,0x20391140
29811,47897,8,0x2042ce80
29812,47531,8,0x204c8bc0
29813,48906,8,0x20564900
29814,49247,8,0x20600640
29815,49627,8,0x2069c380
29816,51285,8,0x207380c0
29817,48375,8,0x207d3e00
29818,46493,8,0x2086fb40
29819,47452,8,0x2090b880
29820,49677,8,0x209a75c0
29821,53016,8,0x20a43300
29822,47944,8,0x20adf040
29823,46962,8,0x20b7ad80
29824,48399,8,0x20c16ac0
29825,47862,8,0x20cb2800
29826,46659,8,0x20d4e540
29827,50001,8,0x20dea280
29828,59087,8,0x20e85fc0
29829,48859,8,0x20f21d00
29830,50931,8,0x20fbda40
29831,47215,8,0x21059780
29832,48486,8,0x210f54c0
29833,48368,8,0x21191200
29834,47191,8,0x2122cf40
29835,47428,8,0x212c8c80
29836,47551,8,0x213649c0
29837,50047,8,0x21400700
29838,47711,8,0x2149c440
29839,46357,8,0x21538180
29840,48919,8,0x215d3ec0
29841,48872,8,0x2166fc00
29842,47295,8,0x2170b940
29843,47083,8,0x217a7680
29844,48572,8,0x218433c0
29845,52053,8,0x218df100
29846,48842,8,0x2197ae40
29847,49548,8,0x21a16b80
29848,54804,8,0x21ab28c0
29849,48024,8,0x21b4e600
29850,47570,8,0x21bea340
29851,47304,8,0x21c86080
29852,47606,8,0x21d21dc0
29853,47919,8,0x21dbdb00
29854,47616,8,0x21e59840
29855,47423,8,0x21ef5580
29856,48208,8,0x21f912c0
29857,48740,8,0x2202d000
29858,46075,8,0x220c8d40
29859,48051,8,0x22164a80
29860,52788,8,0x222007c0
29861,48550,8,0x2229c500
29862,47768,8,0x22338240
29863,48239,8,0x223d3f80
29864,48033,8,0x2246fcc0
29865,48777,8,0x2250ba00
29866,47346,8,0x225a7740
29867,50576,8,0x22643480
29868,53777,8,0x226df1c0
29869,50175,8,0x2277af00
29870,48013,8,0x22816c40
29871,47157,8,0x228b2980
29872,48215,8,0x2294e6c0
29873,48618,8,0x229ea400
29874,47421,8,0x22a86140
29875,50727,8,0x22b21e80
29876,49156,8,0x22bbdbc0
29877,47931,8,0x22c59900
29878,47853,8,0x22cf5640
29879,46842,8,0x22d91380
29880,48824,8,0x22e2d0c0
29881,62095,8,0x22ec8e00
29882,48020,8,0x22f64b40
29883,52239,8,0x23000880
29884,67271,8,0x2309c5c0
29885,49276,8,0x23138300
29886,49331,8,0x231d4040
29887,55470,8,0x2326fd80
29888,50658,8,0x2330bac0
29889,49024,8,0x233a7800
29890,52788,8,0x23443540
29891,49290,8,0x234df280
29892,53583,8,0x2357afc0
29893,49129,8,0x23616d00
29894,47743,8,0x236b2a40
29895,50141,8,0x2374e780
29896,48880,8,0x237ea4c0
29897,48641,8,0x23886200
29898,49090,8,0x23921f40
29899,50148,8,0x239bdc80
29900,49125,8,0x23a599c0
29901,49435,8,0x23af5700
29902,48983,8,0x23b91440
29903,49443,8,0x23c2d180
29904,51729,8,0x23cc8ec0
29905,50254,8,0x23d64c00
29906,52151,8,0x23e00940
29907,51575,8,0x23e9c680
29908,49837,8,0x23f383c0
29909,49144,8,0x23fd4100
29910,47331,8,0x2406fe40
29911,50488,8,0x2410bb80
29912,49117,8,0x241a78c0
29913,48499,8,0x24243600
29914,48094,8,0x242df340
29915,49647,8,0x2437b080
29916,48263,8,0x24416dc0
29917,48807,8,0x244b2b00
29918,47279,8,0x2454e840
29919,52972,8,0x245ea580
29920,49049,8,0x246862c0
29921,50603,8,0x24722000
29922,48957,8,0x247bdd40
29923,49729,8,0x24859a80
29924,48312,8,0x248f57c0
29925,49389,8,0x24991500
29926,54368,8,0x24a2d240
29927,52317,8,0x24ac8f80
29928,48514,8,0x24b64cc0
29929,48953,8,0x24c00a00
29930,48782,8,0x24c9c740
29931,50220,8,0x24d38480
29932,48258,8,0x24dd41c0
29933,49421,8,0x24e6ff00
29934,51637,8,0x24f0bc40
29935,49771,8,0x24fa7980
29936,48098,8,0x250436c0
29937,49485,8,0x250df400
29938,49255,8,0x2517b140
29939,49623,8,0x25216e80
29940,48569,8,0x252b2bc0
29941,49559,8,0x2534e900
29942,47735,8,0x253ea640
29943,50637,8,0x25486380
29944,50406,8,0x255220c0
29945,55863,8,0x255bde00
29946,55242,8,0x25659b40
29947,83421,8,0x256f5880
29948,48544,8,0x257915c0
29949,51620,8,0x2582d300
29950,49089,8,0x258c9040
29951,49091,8,0x25964d80
29952,122625,8,0x25a00ac0
29953,54539,8,0x25a9c800
29954,49205,8,0x25b38540
29955,48295,8,0x25bd4280
29956,64644,8,0x25c6ffc0
29957,50532,8,0x25d0bd00
29958,49047,8,0x25da7a40
29959,47937,8,0x25e43780
29960,46096,8,0x25edf4c0
29961,46686,8,0x25f7b200
29962,51247,8,0x26016f40
29963,70319,8,0x260b2c80
29964,50429,8,0x2614e9c0
29965,48819,8,0x261ea700
29966,50994,8,0x26286440
29967,47974,8,0x26322180
29968,48281,8,0x263bdec0
29969,48547,8,0x26459c00
29970,48939,8,0x264f5940
29971,48639,8,0x26591680
29972,49486,8,0x2662d3c0
29973,49723,8,0x266c9100
29974,48916,8,0x26764e40
29975,60150,8,0x26800b80
29976,46137,8,0x2689c8c0
29977,44029,8,0x26938600
29978,45302,8,0x269d4340
29979,45580,8,0x26a70080
29980,44716,8,0x26b0bdc0
29981,45768,8,0x26ba7b00
29982,48819,8,0x26c43840
29983,51673,8,0x26cdf580
29984,45780,8,0x26d7b2c0
29985,45327,8,0x26e17000
29986,44786,8,0x26eb2d40
29987,45597,8,0x26f4ea80
29988,45203,8,0x26fea7c0
29989,46080,8,0x27086500
29990,47394,8,0x27122240
29991,44401,8,0x271bdf80
29992,44033,8,0x27259cc0
29993,44808,8,0x272f5a00
29994,45116,8,0x27391740
29995,45285,8,0x2742d480
29996,44262,8,0x274c91c0
29997,45015,8,0x27564f00
29998,45862,8,0x27600c40
29999,43914,8,0x2769c980
